regime,pkg,rep,h,est,se
varmiss,csdid,1,0,1.969224845280286,.1011700569154874
varmiss,csdid,1,1,2.404425636439118,.1056744109477313
varmiss,csdid,1,2,2.924342357368332,.1047366776116006
varmiss,jwdid,1,0,1.770437887539348,.0666775257266123
varmiss,jwdid,1,1,2.547071904153433,.0807252002828589
varmiss,jwdid,1,2,3.214178241243215,.076559985572065
varmiss,jwdid_uc,1,0,1.770437887539346,.0773727323439892
varmiss,jwdid_uc,1,1,2.547071904153446,.0943155382712988
varmiss,jwdid_uc,1,2,3.214178241243235,.0884230720413859
varmiss,bjs,1,0,1.761867560328028,.0690044914077804
varmiss,bjs,1,1,2.530959126041125,.0824946462029238
varmiss,bjs,1,2,3.211744593878393,.0784008633146564
varmiss,bjs_wtr,1,0,1.92414963459305,.0723299086572987
varmiss,bjs_wtr,1,1,2.459306086631841,.0828313705437148
varmiss,bjs_wtr,1,2,2.947681765224843,.0816180381194476
varmiss,dcdh,1,0,1.633142764487111,.0918220813987018
varmiss,dcdh,1,1,2.118218855605599,.1233931813801556
varmiss,dcdh,1,2,2.789968857521171,.1259364102768435
varmiss,lpdid,1,0,1.54071229006583,.0939914672485057
varmiss,lpdid,1,1,1.988518777113851,.1388357408008947
varmiss,lpdid,1,2,2.767550527408934,.141201424144035
varmiss,lpdid_rw,1,0,1.633142097756841,.0961918678602392
varmiss,lpdid_rw,1,1,2.109842335376921,.1414871224545263
varmiss,lpdid_rw,1,2,2.663703179869765,.1418833302544845
varmiss,sa,1,0,1.751965882946533,.0842083132774262
varmiss,sa,1,1,2.528363487245313,.0986287270701105
varmiss,sa,1,2,3.17150830435307,.1022622234228869
varmiss,csdid,2,0,1.892450220756602,.1001826504454112
varmiss,csdid,2,1,2.520225383740662,.1084957191382323
varmiss,csdid,2,2,2.984436276686588,.1035962759201233
varmiss,jwdid,2,0,1.794383760890325,.0687888324662599
varmiss,jwdid,2,1,2.603344694781261,.0824706410666315
varmiss,jwdid,2,2,3.21635461412521,.0782902242886677
varmiss,jwdid_uc,2,0,1.794383760890332,.0769984561056565
varmiss,jwdid_uc,2,1,2.603344694781255,.0914840722307992
varmiss,jwdid_uc,2,2,3.216354614125199,.0856707960755687
varmiss,bjs,2,0,1.797533438308164,.0696876809827587
varmiss,bjs,2,1,2.602748751229228,.0845609695061817
varmiss,bjs,2,2,3.212746769844671,.0792547852122897
varmiss,bjs_wtr,2,0,1.972573686762189,.0723307513068593
varmiss,bjs_wtr,2,1,2.531050548837811,.0860614997090021
varmiss,bjs_wtr,2,2,3.023276534375327,.0833371983912373
varmiss,dcdh,2,0,1.746949210692126,.088054762494758
varmiss,dcdh,2,1,2.128669150473733,.1274108373074388
varmiss,dcdh,2,2,2.939230045726946,.1211429045407269
varmiss,lpdid,2,0,1.672423788824684,.0911734976683546
varmiss,lpdid,2,1,2.137262228255653,.1440567020383721
varmiss,lpdid,2,2,2.808573549471326,.1420268324523347
varmiss,lpdid_rw,2,0,1.746948788469586,.0917303598233193
varmiss,lpdid_rw,2,1,2.186133337716206,.1464463174138304
varmiss,lpdid_rw,2,2,2.696828563753467,.146440632140144
varmiss,sa,2,0,1.828562644286138,.0837320411451263
varmiss,sa,2,1,2.625574029014958,.0962047337471736
varmiss,sa,2,2,3.228764528641588,.0977094277744537
varmiss,csdid,3,0,1.750604432145483,.1061026562826756
varmiss,csdid,3,1,2.314171535840815,.1142050252075127
varmiss,csdid,3,2,2.907170556404727,.1110979390513776
varmiss,jwdid,3,0,1.816244491548779,.0695137718321512
varmiss,jwdid,3,1,2.619054706643157,.0808713239760915
varmiss,jwdid,3,2,3.333200434139305,.0773746468169794
varmiss,jwdid_uc,3,0,1.816244491548785,.0773049021841895
varmiss,jwdid_uc,3,1,2.619054706643182,.09024483019934
varmiss,jwdid_uc,3,2,3.333200434139345,.0840927451457058
varmiss,bjs,3,0,1.804925233412632,.0709869193465822
varmiss,bjs,3,1,2.584516221552349,.0826220227105481
varmiss,bjs,3,2,3.339325842185644,.0780189919902935
varmiss,bjs_wtr,3,0,1.891125863215052,.0724512184557773
varmiss,bjs_wtr,3,1,2.523556260755527,.0839032490975355
varmiss,bjs_wtr,3,2,3.097813779888384,.0814452695953615
varmiss,dcdh,3,0,1.680382945093863,.099818110167044
varmiss,dcdh,3,1,2.23904350156538,.139574044108421
varmiss,dcdh,3,2,3.058937777353146,.1344416371160187
varmiss,lpdid,3,0,1.565317200542833,.1023698097098072
varmiss,lpdid,3,1,2.195809877447629,.1554066275904988
varmiss,lpdid,3,2,3.076211330099007,.1578486727853897
varmiss,lpdid_rw,3,0,1.680382625339763,.1034463712303864
varmiss,lpdid_rw,3,1,2.28374365183551,.1579137925669637
varmiss,lpdid_rw,3,2,2.996548734620985,.1584481103017568
varmiss,sa,3,0,1.817076465470056,.0844324190045469
varmiss,sa,3,1,2.552078012602699,.0972655737269144
varmiss,sa,3,2,3.218089919413284,.1055416156251761
varmiss,csdid,4,0,2.013114941859411,.1034246272493275
varmiss,csdid,4,1,2.445187296113452,.1113003039549981
varmiss,csdid,4,2,2.941518060608614,.1083066009393802
varmiss,jwdid,4,0,1.843667794836063,.0695104548263556
varmiss,jwdid,4,1,2.580796650987295,.0809474625658898
varmiss,jwdid,4,2,3.208920833050425,.0794182005088132
varmiss,jwdid_uc,4,0,1.843667794836066,.0774579346631922
varmiss,jwdid_uc,4,1,2.58079665098731,.0951636217507599
varmiss,jwdid_uc,4,2,3.208920833050433,.0867291241910913
varmiss,bjs,4,0,1.830981989827023,.0712412801250306
varmiss,bjs,4,1,2.555794207564759,.082835970494765
varmiss,bjs,4,2,3.214001834952796,.0806976747349788
varmiss,bjs_wtr,4,0,1.992503520943046,.0758683948771302
varmiss,bjs_wtr,4,1,2.500862154531205,.0839515444863449
varmiss,bjs_wtr,4,2,3.023627968792425,.0848288816782615
varmiss,dcdh,4,0,1.610302114069888,.0923598089410454
varmiss,dcdh,4,1,2.051300792324328,.1236813236760699
varmiss,dcdh,4,2,2.813732662006051,.1202536797688885
varmiss,lpdid,4,0,1.529554661738918,.0930735755114089
varmiss,lpdid,4,1,2.006683563009236,.1353032861291205
varmiss,lpdid,4,2,2.768862827601617,.133291211078788
varmiss,lpdid_rw,4,0,1.610301968435818,.0952541502902836
varmiss,lpdid_rw,4,1,2.102737238673972,.1403053718705869
varmiss,lpdid_rw,4,2,2.599925727952319,.1350994957072054
varmiss,sa,4,0,1.860029899234712,.082658188997067
varmiss,sa,4,1,2.569366514656741,.1014587051468813
varmiss,sa,4,2,3.189715399489863,.1026290136264313
varmiss,csdid,5,0,2.142938224522532,.1025498123145641
varmiss,csdid,5,1,2.647594293318606,.1157472103026722
varmiss,csdid,5,2,2.9942681892077,.1093831432635271
varmiss,jwdid,5,0,1.865841747409832,.0712810888237242
varmiss,jwdid,5,1,2.565014398090124,.0813798581911243
varmiss,jwdid,5,2,3.174202564121033,.0767385771574452
varmiss,jwdid_uc,5,0,1.865841747409846,.0802714343851532
varmiss,jwdid_uc,5,1,2.565014398090134,.0942667408607988
varmiss,jwdid_uc,5,2,3.174202564121053,.0859246152023413
varmiss,bjs,5,0,1.885798354520375,.0726015227010301
varmiss,bjs,5,1,2.593130143133749,.0830767494188381
varmiss,bjs,5,2,3.176922148810377,.0771916369186635
varmiss,bjs_wtr,5,0,2.02720395432334,.0757841117306139
varmiss,bjs_wtr,5,1,2.515128080613067,.0851906357359684
varmiss,bjs_wtr,5,2,2.883914492816984,.0832338551233708
varmiss,dcdh,5,0,1.792961548019074,.0968377857396936
varmiss,dcdh,5,1,2.232347670623394,.1325564332876417
varmiss,dcdh,5,2,2.890705279080208,.1242136288626436
varmiss,lpdid,5,0,1.657841206605955,.0983330864587655
varmiss,lpdid,5,1,2.032939570913699,.1563792154538854
varmiss,lpdid,5,2,2.773226156468015,.1435105408553151
varmiss,lpdid_rw,5,0,1.792960959250654,.1014471072478421
varmiss,lpdid_rw,5,1,2.249424696935322,.1583836914241323
varmiss,lpdid_rw,5,2,2.673563327115045,.145909820192903
varmiss,sa,5,0,1.920073397471473,.088118537905143
varmiss,sa,5,1,2.622168358079958,.1021142441750228
varmiss,sa,5,2,3.266119698771895,.1025383006619786
varmiss,csdid,6,0,1.837520206144958,.0981496405427077
varmiss,csdid,6,1,2.380813541405298,.1039527126695213
varmiss,csdid,6,2,2.8533050513223,.1044991663157342
varmiss,jwdid,6,0,1.77169090317672,.0652300858531672
varmiss,jwdid,6,1,2.517025315309386,.076666131855611
varmiss,jwdid,6,2,3.161951734717299,.0779117934000833
varmiss,jwdid_uc,6,0,1.771690903176701,.0791151617387929
varmiss,jwdid_uc,6,1,2.517025315309386,.088934050008321
varmiss,jwdid_uc,6,2,3.161951734717277,.0878409479016582
varmiss,bjs,6,0,1.764115686268269,.0668367259958555
varmiss,bjs,6,1,2.490438919972803,.078318808358575
varmiss,bjs,6,2,3.166515805700328,.0791397646071796
varmiss,bjs_wtr,6,0,1.90549683057543,.0683229488160489
varmiss,bjs_wtr,6,1,2.420694867600105,.0787901743320241
varmiss,bjs_wtr,6,2,2.938408192276256,.0814266015744821
varmiss,dcdh,6,0,1.529196385085748,.0930569461014692
varmiss,dcdh,6,1,2.060223376053901,.1271135474646733
varmiss,dcdh,6,2,2.863136634790527,.1217617931175313
varmiss,lpdid,6,0,1.40902162611621,.0961657050158822
varmiss,lpdid,6,1,1.951112665309432,.1426737886450816
varmiss,lpdid,6,2,2.93480023077469,.1389258741075081
varmiss,lpdid_rw,6,0,1.529195698829573,.0982188369492999
varmiss,lpdid_rw,6,1,2.07922420923086,.1449509221736805
varmiss,lpdid_rw,6,2,2.819980185845684,.1398875044426997
varmiss,sa,6,0,1.696909705786617,.0849270116038292
varmiss,sa,6,1,2.445429540025707,.0960882719089355
varmiss,sa,6,2,3.080612509981482,.1030086026997688
varmiss,csdid,7,0,2.004390039303896,.1026626614591794
varmiss,csdid,7,1,2.643393518804124,.1149791561838912
varmiss,csdid,7,2,2.962663338132731,.1143660654399205
varmiss,jwdid,7,0,1.807253478666086,.0714665775519223
varmiss,jwdid,7,1,2.692848893885324,.0843661697143285
varmiss,jwdid,7,2,3.210285914541996,.0835913239567195
varmiss,jwdid_uc,7,0,1.807253478666077,.0834310771880276
varmiss,jwdid_uc,7,1,2.692848893885325,.0960363165803116
varmiss,jwdid_uc,7,2,3.210285914541998,.0915417488916112
varmiss,bjs,7,0,1.80903407461301,.0715550074162765
varmiss,bjs,7,1,2.713045817894454,.0863130612390688
varmiss,bjs,7,2,3.225798464041873,.0848950707420589
varmiss,bjs_wtr,7,0,1.967371627141802,.0749660464710465
varmiss,bjs_wtr,7,1,2.599035475970595,.0892520206950752
varmiss,bjs_wtr,7,2,2.983918095793342,.0907323856457402
varmiss,dcdh,7,0,1.809579414689172,.0962573689254044
varmiss,dcdh,7,1,2.503541346504881,.1203616883215847
varmiss,dcdh,7,2,2.945720672237508,.1292211567382987
varmiss,lpdid,7,0,1.64352984026837,.0997862920803603
varmiss,lpdid,7,1,2.347116897897561,.1461430630390967
varmiss,lpdid,7,2,2.7959741023014,.1582385228320576
varmiss,lpdid_rw,7,0,1.809579265228994,.1026309820757942
varmiss,lpdid_rw,7,1,2.621204577961413,.1571531691311022
varmiss,lpdid_rw,7,2,2.749461311318015,.1590073366834619
varmiss,sa,7,0,1.820311625627476,.0883732115215449
varmiss,sa,7,1,2.694948680591175,.1024683181036321
varmiss,sa,7,2,3.20853044123758,.1069688999825877
varmiss,csdid,8,0,1.949200896182989,.1028670219733876
varmiss,csdid,8,1,2.438018481026116,.109780031135935
varmiss,csdid,8,2,3.024145526644401,.1061388336441411
varmiss,jwdid,8,0,1.81409781687547,.0688497858111103
varmiss,jwdid,8,1,2.576435435020421,.080785178453833
varmiss,jwdid,8,2,3.214831558034011,.0799261565969455
varmiss,jwdid_uc,8,0,1.814097816875483,.0779407107886059
varmiss,jwdid_uc,8,1,2.576435435020418,.0897857924041361
varmiss,jwdid_uc,8,2,3.214831558034042,.085439324147914
varmiss,bjs,8,0,1.795973465621501,.0709304284679633
varmiss,bjs,8,1,2.578018457919825,.0819163587524643
varmiss,bjs,8,2,3.232258448319044,.0808818514312719
varmiss,bjs_wtr,8,0,1.994791170938242,.0762837152172831
varmiss,bjs_wtr,8,1,2.508197906667192,.0833447424641253
varmiss,bjs_wtr,8,2,3.048283295953297,.0842650816840227
varmiss,dcdh,8,0,1.68204881047983,.0932304702859225
varmiss,dcdh,8,1,1.878460744080434,.1339803581653313
varmiss,dcdh,8,2,2.826173764550853,.1249112959833745
varmiss,lpdid,8,0,1.586596546464306,.0969139250040852
varmiss,lpdid,8,1,1.799483946234502,.1494558078405465
varmiss,lpdid,8,2,2.822603682932031,.1482487888368589
varmiss,lpdid_rw,8,0,1.682048283376829,.0976713531835201
varmiss,lpdid_rw,8,1,1.910965643432469,.1567666422173479
varmiss,lpdid_rw,8,2,2.699838455404115,.1484460598240672
varmiss,sa,8,0,1.831781745147627,.0828567292617311
varmiss,sa,8,1,2.550140655160863,.0947517609076737
varmiss,sa,8,2,3.153108294743522,.0993916813469851
varmiss,csdid,9,0,1.946107788495997,.1019536419878072
varmiss,csdid,9,1,2.429639518116032,.1088559411801824
varmiss,csdid,9,2,3.023199837235468,.1081753653270573
varmiss,jwdid,9,0,1.85720658812949,.0701047450307516
varmiss,jwdid,9,1,2.536193599307081,.079217776098961
varmiss,jwdid,9,2,3.364382018214092,.0783105880285488
varmiss,jwdid_uc,9,0,1.857206588129488,.0809162220022822
varmiss,jwdid_uc,9,1,2.536193599307083,.0915794649858473
varmiss,jwdid_uc,9,2,3.36438201821412,.0882009501779107
varmiss,bjs,9,0,1.847703387073125,.0720437818697351
varmiss,bjs,9,1,2.552525137522025,.0808574567640378
varmiss,bjs,9,2,3.374966561968904,.0793704475967182
varmiss,bjs_wtr,9,0,2.023725442879368,.0767134476091631
varmiss,bjs_wtr,9,1,2.494474059611093,.0832659178188841
varmiss,bjs_wtr,9,2,3.109993652324192,.0841791447757037
varmiss,dcdh,9,0,1.585330916637364,.095962222431853
varmiss,dcdh,9,1,2.098322342184511,.1291399088013019
varmiss,dcdh,9,2,2.840647136425996,.1328338917053797
varmiss,lpdid,9,0,1.497075734449191,.0980233352921699
varmiss,lpdid,9,1,1.941548588882589,.1443186313252157
varmiss,lpdid,9,2,2.905511658432195,.1502649543207707
varmiss,lpdid_rw,9,0,1.585330716095523,.1006256719212209
varmiss,lpdid_rw,9,1,2.046866592260105,.1472757055294815
varmiss,lpdid_rw,9,2,2.726848055228678,.1508741849716478
varmiss,sa,9,0,1.825123262323881,.0872937636375009
varmiss,sa,9,1,2.47956083694966,.0984886861905649
varmiss,sa,9,2,3.303720375424989,.1044025334746802
varmiss,csdid,10,0,1.883993683083796,.1030492549936695
varmiss,csdid,10,1,2.479770547624991,.1096692333288045
varmiss,csdid,10,2,2.853933906799225,.1026623898979561
varmiss,jwdid,10,0,1.701161517162262,.0701097901654897
varmiss,jwdid,10,1,2.544277603914781,.0798790539138579
varmiss,jwdid,10,2,3.106582336394036,.0766989347594762
varmiss,jwdid_uc,10,0,1.701161517162254,.0807438926979204
varmiss,jwdid_uc,10,1,2.544277603914785,.0885577587066302
varmiss,jwdid_uc,10,2,3.106582336394013,.0839692092436595
varmiss,bjs,10,0,1.738726134850367,.0727618158510867
varmiss,bjs,10,1,2.560776816999351,.0814145973157795
varmiss,bjs,10,2,3.102511266795773,.0773333580891963
varmiss,bjs_wtr,10,0,1.931135607489523,.0733455637479866
varmiss,bjs_wtr,10,1,2.463884871365735,.0819668062570312
varmiss,bjs_wtr,10,2,2.906883935382211,.0811336650783642
varmiss,dcdh,10,0,1.452343786300355,.0936238246122976
varmiss,dcdh,10,1,2.095124548983696,.1274212879778659
varmiss,dcdh,10,2,2.769510815956117,.1160373040953789
varmiss,lpdid,10,0,1.35181562325317,.0981132777408045
varmiss,lpdid,10,1,1.950537935736056,.1394951082805552
varmiss,lpdid,10,2,2.771166130978252,.1342778044783245
varmiss,lpdid_rw,10,0,1.452343759251117,.0983363714868644
varmiss,lpdid_rw,10,1,2.066240504311149,.1382537088391676
varmiss,lpdid_rw,10,2,2.597357201552664,.1362056726175134
varmiss,sa,10,0,1.679055467928587,.0875519773189132
varmiss,sa,10,1,2.498659502945442,.0944166323167903
varmiss,sa,10,2,3.036203209322379,.0964151832783718
varmiss,csdid,11,0,2.095406406179292,.1065946859556454
varmiss,csdid,11,1,2.43022118330376,.109817546863705
varmiss,csdid,11,2,3.022546481841164,.1012444444122905
varmiss,jwdid,11,0,1.868384305487847,.0699291703224211
varmiss,jwdid,11,1,2.495031419962864,.0796986795284268
varmiss,jwdid,11,2,3.171024078962133,.0752299391904896
varmiss,jwdid_uc,11,0,1.868384305487863,.0820769500761602
varmiss,jwdid_uc,11,1,2.495031419962887,.0914768760416206
varmiss,jwdid_uc,11,2,3.171024078962174,.0824815427725418
varmiss,bjs,11,0,1.874306904022887,.0714567030425515
varmiss,bjs,11,1,2.501577625414939,.0819467371430248
varmiss,bjs,11,2,3.167281759631805,.0762060043575834
varmiss,bjs_wtr,11,0,2.064472310268684,.0733791621009124
varmiss,bjs_wtr,11,1,2.473594442697504,.0827498909738772
varmiss,bjs_wtr,11,2,2.998859359120615,.0780914660054393
varmiss,dcdh,11,0,1.873542872833315,.0951238565848636
varmiss,dcdh,11,1,2.148697273081259,.1292156872065918
varmiss,dcdh,11,2,2.863205796836673,.1200948594628357
varmiss,lpdid,11,0,1.747852366653316,.099830899737625
varmiss,lpdid,11,1,2.093198996154328,.1401686563275831
varmiss,lpdid,11,2,2.880880786131771,.1341775445308999
varmiss,lpdid_rw,11,0,1.873543145150532,.1020891303717485
varmiss,lpdid_rw,11,1,2.245337345586685,.1432781494205124
varmiss,lpdid_rw,11,2,2.753775576479685,.1355462910560039
varmiss,sa,11,0,1.908401178853646,.0878612754875043
varmiss,sa,11,1,2.522685250231203,.0976875620137002
varmiss,sa,11,2,3.189083941088088,.0968903677923262
varmiss,csdid,12,0,1.818881177687897,.1053424541097771
varmiss,csdid,12,1,2.535245468586065,.1101143317094898
varmiss,csdid,12,2,3.034005361259521,.1057726114029563
varmiss,jwdid,12,0,1.802826852472339,.0716754615983724
varmiss,jwdid,12,1,2.640836728209975,.0789195306577034
varmiss,jwdid,12,2,3.282287376269803,.0777400799629775
varmiss,jwdid_uc,12,0,1.802826852472352,.0825722836280286
varmiss,jwdid_uc,12,1,2.640836728209996,.0895479865541272
varmiss,jwdid_uc,12,2,3.282287376269824,.0853162971560717
varmiss,bjs,12,0,1.813627367411129,.0734040410221722
varmiss,bjs,12,1,2.635794980560604,.0819519698859922
varmiss,bjs,12,2,3.277904500006116,.0784982428854937
varmiss,bjs_wtr,12,0,1.972429833808519,.0774273144522526
varmiss,bjs_wtr,12,1,2.564474326234631,.0835880264496531
varmiss,bjs_wtr,12,2,3.019106727500912,.0827355014377118
varmiss,dcdh,12,0,1.681866166646127,.0987893994243907
varmiss,dcdh,12,1,2.426576159607619,.1360366785426797
varmiss,dcdh,12,2,2.944103880506009,.1230451287143083
varmiss,lpdid,12,0,1.582928627174173,.0996726976776588
varmiss,lpdid,12,1,2.260911318567911,.1568867721678373
varmiss,lpdid,12,2,2.85320399455835,.1459227831480724
varmiss,lpdid_rw,12,0,1.681866432581047,.1025296694473522
varmiss,lpdid_rw,12,1,2.369289861043562,.1602364218584323
varmiss,lpdid_rw,12,2,2.71825991752839,.1460641568658751
varmiss,sa,12,0,1.806742270709579,.0869334319303068
varmiss,sa,12,1,2.615847083056403,.0947666680099492
varmiss,sa,12,2,3.235493477781297,.0995629454779794
varmiss,csdid,13,0,1.927207569282036,.108141623309816
varmiss,csdid,13,1,2.452447264574452,.1146909652838079
varmiss,csdid,13,2,2.888158510254402,.1098953463843021
varmiss,jwdid,13,0,1.792831015516572,.0680594651997719
varmiss,jwdid,13,1,2.563528725356628,.0806983355134484
varmiss,jwdid,13,2,3.13506706188206,.0783892313269418
varmiss,jwdid_uc,13,0,1.792831015516575,.0800684645338624
varmiss,jwdid_uc,13,1,2.563528725356654,.0915400908444258
varmiss,jwdid_uc,13,2,3.135067061882086,.0842327568426432
varmiss,bjs,13,0,1.795302656737476,.0701341076753234
varmiss,bjs,13,1,2.548730305308709,.0826908474710202
varmiss,bjs,13,2,3.159814777933207,.0796972993633163
varmiss,bjs_wtr,13,0,1.983594702767732,.0727370087488811
varmiss,bjs_wtr,13,1,2.505681854454451,.0840271646302956
varmiss,bjs_wtr,13,2,2.974777927953255,.0830366773220963
varmiss,dcdh,13,0,1.630920721797967,.099352121506516
varmiss,dcdh,13,1,2.157789947005933,.1391810791177261
varmiss,dcdh,13,2,2.822863072298751,.1196642468869855
varmiss,lpdid,13,0,1.506682558849779,.1004291780609179
varmiss,lpdid,13,1,2.037521302563497,.1595734049853745
varmiss,lpdid,13,2,2.888863722560628,.1367199924180199
varmiss,lpdid_rw,13,0,1.630920576830741,.104532900439409
varmiss,lpdid_rw,13,1,2.187384482326584,.1656745085125746
varmiss,lpdid_rw,13,2,2.769649180606503,.1386304707364584
varmiss,sa,13,0,1.792166293711488,.0865453102602238
varmiss,sa,13,1,2.503174739294927,.0965626157750791
varmiss,sa,13,2,3.06777676738858,.1018369312494617
varmiss,csdid,14,0,2.112004207143079,.1041255123383075
varmiss,csdid,14,1,2.616326487419462,.1062176035998982
varmiss,csdid,14,2,2.937303179191523,.1072137556847654
varmiss,jwdid,14,0,1.837048202240651,.067149509153864
varmiss,jwdid,14,1,2.557341831617391,.076256112320928
varmiss,jwdid,14,2,3.112239718125752,.0765653540279201
varmiss,jwdid_uc,14,0,1.837048202240643,.0767747498232895
varmiss,jwdid_uc,14,1,2.557341831617373,.0857322207137859
varmiss,jwdid_uc,14,2,3.112239718125744,.0831999082194783
varmiss,bjs,14,0,1.830318800625719,.0687769343903525
varmiss,bjs,14,1,2.53094877823969,.077872773242436
varmiss,bjs,14,2,3.105068109392732,.0771546768978376
varmiss,bjs_wtr,14,0,2.033261868119553,.0722071275767056
varmiss,bjs_wtr,14,1,2.469204567063571,.0797530806647402
varmiss,bjs_wtr,14,2,2.909939493473303,.080019532582292
varmiss,dcdh,14,0,1.655953046567476,.0887132382221865
varmiss,dcdh,14,1,2.300673636417073,.1186957217825019
varmiss,dcdh,14,2,2.793692899917217,.1255857716066999
varmiss,lpdid,14,0,1.571165429341783,.0923499711458932
varmiss,lpdid,14,1,2.152522437501624,.1398761197456928
varmiss,lpdid,14,2,2.800603263279268,.1451736235780416
varmiss,lpdid_rw,14,0,1.655952453926822,.0935368226424524
varmiss,lpdid_rw,14,1,2.242940592012215,.1417352422736454
varmiss,lpdid_rw,14,2,2.60775136441327,.1481275992665764
varmiss,sa,14,0,1.79698506796382,.0840773366323261
varmiss,sa,14,1,2.559538496797799,.0915883636324833
varmiss,sa,14,2,3.151936621438357,.096543158381429
varmiss,csdid,15,0,2.00115671070326,.103772242644195
varmiss,csdid,15,1,2.407526066204812,.1122755190674672
varmiss,csdid,15,2,2.99287035835124,.1112740387845571
varmiss,jwdid,15,0,1.856942223411469,.0700804295002594
varmiss,jwdid,15,1,2.560728439656793,.0762290985816235
varmiss,jwdid,15,2,3.263678423765922,.0796807938552141
varmiss,jwdid_uc,15,0,1.856942223411477,.0788703158003716
varmiss,jwdid_uc,15,1,2.560728439656799,.0851924843072332
varmiss,jwdid_uc,15,2,3.263678423765917,.0880559619549954
varmiss,bjs,15,0,1.868448586977593,.0730421233875824
varmiss,bjs,15,1,2.546288979312521,.079087033534647
varmiss,bjs,15,2,3.245546917033153,.080776573894515
varmiss,bjs_wtr,15,0,2.053119364003805,.0755139952770718
varmiss,bjs_wtr,15,1,2.472129178335308,.0798069126878778
varmiss,bjs_wtr,15,2,2.986328034880898,.0843466085382866
varmiss,dcdh,15,0,1.743583950657841,.0992943217102039
varmiss,dcdh,15,1,2.357767318062171,.1250309574277073
varmiss,dcdh,15,2,2.950296928317429,.1374408072313671
varmiss,lpdid,15,0,1.662632481046199,.1038554771318292
varmiss,lpdid,15,1,2.266451732517933,.1440088134146792
varmiss,lpdid,15,2,2.97425454660176,.1636964102750555
varmiss,lpdid_rw,15,0,1.743584255639871,.1047223380213955
varmiss,lpdid_rw,15,1,2.401350356771792,.1489012515847971
varmiss,lpdid_rw,15,2,2.855950532594068,.1678186961531138
varmiss,sa,15,0,1.895885130042602,.0869787565471922
varmiss,sa,15,1,2.566792583038279,.0929545588641963
varmiss,sa,15,2,3.266884971370389,.1042403679020527
varmiss,csdid,16,0,2.030759501520918,.1055554331077102
varmiss,csdid,16,1,2.534913949820926,.1105969033616002
varmiss,csdid,16,2,3.069406851907355,.1114433141220646
varmiss,jwdid,16,0,1.852806235911494,.0708057317111002
varmiss,jwdid,16,1,2.5678041606445,.0792527809684895
varmiss,jwdid,16,2,3.316540603177356,.0768535866466143
varmiss,jwdid_uc,16,0,1.852806235911487,.0818575008427041
varmiss,jwdid_uc,16,1,2.567804160644474,.0886767858999513
varmiss,jwdid_uc,16,2,3.316540603177343,.0840447488060634
varmiss,bjs,16,0,1.859452429962403,.0727145763956526
varmiss,bjs,16,1,2.550534792109829,.0809324613674933
varmiss,bjs,16,2,3.340879696454067,.0780225576933881
varmiss,bjs_wtr,16,0,2.076685088868544,.0762711812987179
varmiss,bjs_wtr,16,1,2.534393954978441,.0811652695831766
varmiss,bjs_wtr,16,2,3.086833611316251,.0820980579917875
varmiss,dcdh,16,0,1.677973391686229,.0940467913321699
varmiss,dcdh,16,1,2.278651891076338,.134431365222279
varmiss,dcdh,16,2,3.085149884124921,.1322195842761054
varmiss,lpdid,16,0,1.535894502262942,.0969278257487737
varmiss,lpdid,16,1,2.212935330181316,.1519668492213287
varmiss,lpdid,16,2,3.038228816113898,.1553103852087082
varmiss,lpdid_rw,16,0,1.677974115598316,.1008202644488728
varmiss,lpdid_rw,16,1,2.365650010766972,.1538123762378299
varmiss,lpdid_rw,16,2,2.889600796541575,.1591258331887293
varmiss,sa,16,0,1.871343365988439,.0894869553087627
varmiss,sa,16,1,2.58118379523339,.0966617679423801
varmiss,sa,16,2,3.369273328198869,.1032537429829064
varmiss,csdid,17,0,1.954384657019594,.1024697906111792
varmiss,csdid,17,1,2.482917514833775,.1110938680624714
varmiss,csdid,17,2,3.085741204441357,.1012167937157829
varmiss,jwdid,17,0,1.858519422468694,.0692592562888367
varmiss,jwdid,17,1,2.568464786155818,.07765661063865
varmiss,jwdid,17,2,3.317828414293531,.0771467108689989
varmiss,jwdid_uc,17,0,1.858519422468693,.0820492896787802
varmiss,jwdid_uc,17,1,2.568464786155817,.0887536233844085
varmiss,jwdid_uc,17,2,3.317828414293525,.084795959821926
varmiss,bjs,17,0,1.879702457265012,.0716142326846332
varmiss,bjs,17,1,2.571563182784303,.0792724886326262
varmiss,bjs,17,2,3.306846111914638,.0783405200392609
varmiss,bjs_wtr,17,0,2.048445841121065,.0740988164228859
varmiss,bjs_wtr,17,1,2.567272219625011,.0811536918245093
varmiss,bjs_wtr,17,2,3.085703461591038,.0818809519503712
varmiss,dcdh,17,0,1.740298820860885,.0939351489962543
varmiss,dcdh,17,1,2.177332029143745,.1273113589932471
varmiss,dcdh,17,2,3.096939768950763,.1288207287702748
varmiss,lpdid,17,0,1.61830198067109,.0984174982223325
varmiss,lpdid,17,1,2.057611575760133,.145542381914556
varmiss,lpdid,17,2,3.097704246134246,.1534387566191493
varmiss,lpdid_rw,17,0,1.740298280992733,.0992703575179433
varmiss,lpdid_rw,17,1,2.273999049801597,.1521451816724352
varmiss,lpdid_rw,17,2,2.954226750694331,.1562926020095874
varmiss,sa,17,0,1.860287444038528,.0871405868074619
varmiss,sa,17,1,2.572830218248749,.0915714538480519
varmiss,sa,17,2,3.261936560783801,.0969064424925925
varmiss,csdid,18,0,2.080964710467411,.0967729646737218
varmiss,csdid,18,1,2.530759261436374,.1041357556738672
varmiss,csdid,18,2,3.142187975540533,.1079372341988299
varmiss,jwdid,18,0,1.821006185750329,.0674677023345128
varmiss,jwdid,18,1,2.507403881913636,.080192228657527
varmiss,jwdid,18,2,3.328801328961339,.0789343379607996
varmiss,jwdid_uc,18,0,1.821006185750328,.0760882863339829
varmiss,jwdid_uc,18,1,2.507403881913628,.0855877227027642
varmiss,jwdid_uc,18,2,3.328801328961329,.0865407817589656
varmiss,bjs,18,0,1.827433160435248,.0691128889609257
varmiss,bjs,18,1,2.503229157518945,.0817095429875211
varmiss,bjs,18,2,3.307369298774574,.0803281101039245
varmiss,bjs_wtr,18,0,1.967722231045627,.071345600510834
varmiss,bjs_wtr,18,1,2.486463690911478,.0820129456357954
varmiss,bjs_wtr,18,2,2.988914975830994,.0856151860683944
varmiss,dcdh,18,0,1.829547603886926,.0908410785678285
varmiss,dcdh,18,1,2.465714894917046,.1236171227150557
varmiss,dcdh,18,2,3.232144248409341,.1242049768370491
varmiss,lpdid,18,0,1.713298640917864,.0916724175187837
varmiss,lpdid,18,1,2.300910708892006,.1350657463108846
varmiss,lpdid,18,2,3.040729672269397,.1452365695644805
varmiss,lpdid_rw,18,0,1.829547997132319,.094674792557957
varmiss,lpdid_rw,18,1,2.391194469657483,.1386849193474678
varmiss,lpdid_rw,18,2,3.002739507008621,.1450052449057098
varmiss,sa,18,0,1.848491696666315,.0837004292975811
varmiss,sa,18,1,2.542583663369081,.0917456531455033
varmiss,sa,18,2,3.380154476968825,.1011144765484374
varmiss,csdid,19,0,1.799670470474783,.1045870313397983
varmiss,csdid,19,1,2.354655766007268,.1130017975489442
varmiss,csdid,19,2,2.832187345424904,.1159589005951556
varmiss,jwdid,19,0,1.686460771578646,.0679370311169514
varmiss,jwdid,19,1,2.395921566694549,.0783803297605215
varmiss,jwdid,19,2,2.999727918539334,.0807959845089899
varmiss,jwdid_uc,19,0,1.686460771578649,.0768444158415235
varmiss,jwdid_uc,19,1,2.395921566694566,.0887202023416969
varmiss,jwdid_uc,19,2,2.999727918539343,.0886771535235937
varmiss,bjs,19,0,1.683861302505875,.0688557518691112
varmiss,bjs,19,1,2.398095261118215,.0801624035039478
varmiss,bjs,19,2,2.993182362319203,.0816377477691326
varmiss,bjs_wtr,19,0,1.852803124315642,.0729178473171694
varmiss,bjs_wtr,19,1,2.33844465985112,.0817381728565301
varmiss,bjs_wtr,19,2,2.791769785515498,.0848128230989689
varmiss,dcdh,19,0,1.629190737284526,.0957670662900382
varmiss,dcdh,19,1,2.16309947548041,.1166437998501734
varmiss,dcdh,19,2,2.658336514133012,.129562394518809
varmiss,lpdid,19,0,1.542224576459196,.0978010027596158
varmiss,lpdid,19,1,2.077256837598461,.1388668363602704
varmiss,lpdid,19,2,2.736390806087492,.1501273239920978
varmiss,lpdid_rw,19,0,1.629191070629066,.0995983203908255
varmiss,lpdid_rw,19,1,2.16943514977337,.1472245559696471
varmiss,lpdid_rw,19,2,2.601695080116488,.1547731542116356
varmiss,sa,19,0,1.651207389513602,.0885384115795188
varmiss,sa,19,1,2.402969100007807,.0981085382363786
varmiss,sa,19,2,3.030326506869976,.1048476634797209
varmiss,csdid,20,0,1.87254464196591,.101499878999034
varmiss,csdid,20,1,2.235282025114665,.1092083094141271
varmiss,csdid,20,2,2.76247586104532,.1056004623741622
varmiss,jwdid,20,0,1.75784563108208,.0679074548246109
varmiss,jwdid,20,1,2.407526231835754,.0778967548180813
varmiss,jwdid,20,2,2.993150222091433,.076336843751944
varmiss,jwdid_uc,20,0,1.757845631082076,.0794549008076181
varmiss,jwdid_uc,20,1,2.407526231835742,.087146481813749
varmiss,jwdid_uc,20,2,2.993150222091426,.0833604187424017
varmiss,bjs,20,0,1.803495755866606,.0695211675018005
varmiss,bjs,20,1,2.407445552922582,.08011105526427
varmiss,bjs,20,2,2.983766938330518,.0769131756491358
varmiss,bjs_wtr,20,0,1.962548132236407,.0709279384775771
varmiss,bjs_wtr,20,1,2.361615033874841,.08211338164412
varmiss,bjs_wtr,20,2,2.821540415221534,.0797070139714837
varmiss,dcdh,20,0,1.677080621396882,.093235805045413
varmiss,dcdh,20,1,2.235377053548969,.1147585070477858
varmiss,dcdh,20,2,2.675745653001631,.122125558362721
varmiss,lpdid,20,0,1.516334968336892,.0979016572229184
varmiss,lpdid,20,1,2.150657457919688,.1307575777671454
varmiss,lpdid,20,2,2.676630355277575,.144963736101178
varmiss,lpdid_rw,20,0,1.677080947836337,.0996632203330474
varmiss,lpdid_rw,20,1,2.335376173461062,.1365635846542063
varmiss,lpdid_rw,20,2,2.567174129960274,.1452575299971283
varmiss,sa,20,0,1.717261348595615,.0867977461240067
varmiss,sa,20,1,2.365038504887893,.0937338947072925
varmiss,sa,20,2,2.95481088155654,.0981843481392917
varmiss,csdid,21,0,1.941418327473111,.1073253852981784
varmiss,csdid,21,1,2.332392114201983,.1159184393166165
varmiss,csdid,21,2,2.806979081070285,.1169686919891569
varmiss,jwdid,21,0,1.795006870268599,.0661480381720716
varmiss,jwdid,21,1,2.472619506451827,.0798823955692326
varmiss,jwdid,21,2,3.054400499579291,.0763660997843054
varmiss,jwdid_uc,21,0,1.795006870268599,.074771986576904
varmiss,jwdid_uc,21,1,2.472619506451804,.0912678192539056
varmiss,jwdid_uc,21,2,3.054400499579281,.0850519467796768
varmiss,bjs,21,0,1.806369870145318,.0686481827418242
varmiss,bjs,21,1,2.485657544537389,.0819671594581129
varmiss,bjs,21,2,3.078265229334647,.0773506397681503
varmiss,bjs_wtr,21,0,1.989421361259247,.0709250470478746
varmiss,bjs_wtr,21,1,2.41777096118858,.0831416686107669
varmiss,bjs_wtr,21,2,2.879600356834999,.0825287189461943
varmiss,dcdh,21,0,1.523256487672665,.1031397735762605
varmiss,dcdh,21,1,2.181378833340517,.1283771759933526
varmiss,dcdh,21,2,2.654012784100285,.134353777908057
varmiss,lpdid,21,0,1.419913053062996,.1037960990273977
varmiss,lpdid,21,1,2.024939943474886,.1460769670197009
varmiss,lpdid,21,2,2.768610007723154,.1549232565187435
varmiss,lpdid_rw,21,0,1.523256080796445,.1065248948266611
varmiss,lpdid_rw,21,1,2.21528440128439,.1565509043641902
varmiss,lpdid_rw,21,2,2.65330569358689,.1549776799898709
varmiss,sa,21,0,1.744705717185025,.0845567056633289
varmiss,sa,21,1,2.424390055500842,.0986564315591915
varmiss,sa,21,2,3.011821722825391,.1054284407691091
varmiss,csdid,22,0,1.946081867040365,.1063113255624377
varmiss,csdid,22,1,2.464553719068991,.1146189762402451
varmiss,csdid,22,2,3.010824140923664,.112179888815013
varmiss,jwdid,22,0,1.762719721000139,.0725228110732113
varmiss,jwdid,22,1,2.500944517045775,.0806192791370992
varmiss,jwdid,22,2,3.214586360465503,.0814076428516224
varmiss,jwdid_uc,22,0,1.762719721000142,.081506852104197
varmiss,jwdid_uc,22,1,2.500944517045758,.0904549346660342
varmiss,jwdid_uc,22,2,3.214586360465499,.0902162013744367
varmiss,bjs,22,0,1.761441753562394,.0744884607536624
varmiss,bjs,22,1,2.475038179436524,.0821201000195839
varmiss,bjs,22,2,3.195389300963143,.0827084928551725
varmiss,bjs_wtr,22,0,1.897763339737139,.0760819414107558
varmiss,bjs_wtr,22,1,2.435666011093417,.0836346084614583
varmiss,bjs_wtr,22,2,2.959140516410116,.0868965460066223
varmiss,dcdh,22,0,1.708136110361022,.1018899656226017
varmiss,dcdh,22,1,2.247531047598543,.1263197808867804
varmiss,dcdh,22,2,2.964818965966528,.131897876770885
varmiss,lpdid,22,0,1.58212402057134,.1044027376261598
varmiss,lpdid,22,1,2.166287145908891,.1471063105205778
varmiss,lpdid,22,2,2.961960991652322,.1587689890899979
varmiss,lpdid_rw,22,0,1.708135860660761,.1059436832282041
varmiss,lpdid_rw,22,1,2.24410857001397,.1525900751594407
varmiss,lpdid_rw,22,2,2.835712483091084,.1599299459137275
varmiss,sa,22,0,1.787452372303873,.0905985823866759
varmiss,sa,22,1,2.530413739295638,.0966876910887334
varmiss,sa,22,2,3.26846582409505,.1068220084486315
varmiss,csdid,23,0,1.839662852048383,.100271096961004
varmiss,csdid,23,1,2.419539460677397,.1101320112662289
varmiss,csdid,23,2,2.864734457169399,.113037213049585
varmiss,jwdid,23,0,1.762596833145254,.0649737445236954
varmiss,jwdid,23,1,2.602665562661124,.0822536675086987
varmiss,jwdid,23,2,3.192686190079702,.0810291115284576
varmiss,jwdid_uc,23,0,1.762596833145266,.0775210074517998
varmiss,jwdid_uc,23,1,2.602665562661148,.0905008367055149
varmiss,jwdid_uc,23,2,3.192686190079725,.0898079491756985
varmiss,bjs,23,0,1.782528286268644,.0666649443127837
varmiss,bjs,23,1,2.620858474609122,.0836405436537702
varmiss,bjs,23,2,3.196452069251336,.0814082565939484
varmiss,bjs_wtr,23,0,1.982375465304358,.0710172059612161
varmiss,bjs_wtr,23,1,2.530049456854613,.0854580300823825
varmiss,bjs_wtr,23,2,2.950810825660483,.0859581276600501
varmiss,dcdh,23,0,1.59876348960791,.0921572174401453
varmiss,dcdh,23,1,2.287945801069314,.1362197495493109
varmiss,dcdh,23,2,2.881875863914678,.1338884661059281
varmiss,lpdid,23,0,1.48815524482205,.0971930014327669
varmiss,lpdid,23,1,2.113481414065007,.1569327348107525
varmiss,lpdid,23,2,2.924257027171884,.1553753919677245
varmiss,lpdid_rw,23,0,1.598762905606709,.0985967977432074
varmiss,lpdid_rw,23,1,2.301634759778042,.1667302627945484
varmiss,lpdid_rw,23,2,2.752339750549131,.1596360131925436
varmiss,sa,23,0,1.727260153389839,.0851640427907903
varmiss,sa,23,1,2.570389584911162,.0978426478157571
varmiss,sa,23,2,3.15477390959676,.1046427044928649
varmiss,csdid,24,0,1.9795896667447,.1030200179245824
varmiss,csdid,24,1,2.400124010253303,.1105910577388236
varmiss,csdid,24,2,2.964323183974567,.1196816289637757
varmiss,jwdid,24,0,1.789008744105431,.0701468950734805
varmiss,jwdid,24,1,2.359158636854034,.0791017650075112
varmiss,jwdid,24,2,3.246317621292042,.0835068444551003
varmiss,jwdid_uc,24,0,1.789008744105441,.0800158311023355
varmiss,jwdid_uc,24,1,2.359158636854043,.0864534342650633
varmiss,jwdid_uc,24,2,3.246317621292043,.0904536038564145
varmiss,bjs,24,0,1.773683019040618,.0721112958040931
varmiss,bjs,24,1,2.369074967031338,.080143869765843
varmiss,bjs,24,2,3.226749628171092,.0849399071645936
varmiss,bjs_wtr,24,0,1.946257649657127,.0747054992337762
varmiss,bjs_wtr,24,1,2.348766094059101,.0807513101872845
varmiss,bjs_wtr,24,2,2.965531886831741,.0911126529323192
varmiss,dcdh,24,0,1.709804105150048,.1001095737560296
varmiss,dcdh,24,1,2.302945071138442,.1368232253606933
varmiss,dcdh,24,2,2.922029018849134,.143940880298813
varmiss,lpdid,24,0,1.641162497032056,.1029739718256544
varmiss,lpdid,24,1,2.194476261005719,.1512638944806467
varmiss,lpdid,24,2,2.945635082705093,.1668224811154834
varmiss,lpdid_rw,24,0,1.709804257817914,.1038877212203475
varmiss,lpdid_rw,24,1,2.230938851835949,.1604436669028398
varmiss,lpdid_rw,24,2,2.818059083038496,.1695299201762653
varmiss,sa,24,0,1.854987237026325,.0865571192484898
varmiss,sa,24,1,2.39695415666033,.0933276713185944
varmiss,sa,24,2,3.25108238179414,.1095625587953428
varmiss,csdid,25,0,1.951696010739411,.1062823135164525
varmiss,csdid,25,1,2.482746833990532,.1133022314212081
varmiss,csdid,25,2,2.999583832148486,.108571259572044
varmiss,jwdid,25,0,1.821089049488252,.0684533634946899
varmiss,jwdid,25,1,2.548784530434754,.0786155641705448
varmiss,jwdid,25,2,3.264504536918711,.0770159797559161
varmiss,jwdid_uc,25,0,1.821089049488257,.0801856123118828
varmiss,jwdid_uc,25,1,2.548784530434741,.0903460651939455
varmiss,jwdid_uc,25,2,3.264504536918677,.0839169915330641
varmiss,bjs,25,0,1.853308996419401,.0702552272982085
varmiss,bjs,25,1,2.55996262158169,.0806336476861922
varmiss,bjs,25,2,3.248053626810361,.0780204884256716
varmiss,bjs_wtr,25,0,2.035907777344619,.0709192989229808
varmiss,bjs_wtr,25,1,2.523578736714626,.0810572065498502
varmiss,bjs_wtr,25,2,3.074989318829466,.080944094841156
varmiss,dcdh,25,0,1.64911203376069,.098260544276158
varmiss,dcdh,25,1,2.221989102991083,.12258708796697
varmiss,dcdh,25,2,3.097570523994053,.1236387310498649
varmiss,lpdid,25,0,1.550483712039206,.1021131796513191
varmiss,lpdid,25,1,1.981591345939198,.1410771861682849
varmiss,lpdid,25,2,3.098952491760382,.1431096009711345
varmiss,lpdid_rw,25,0,1.649111742551066,.103285887258899
varmiss,lpdid_rw,25,1,2.099836273300161,.1434432819294664
varmiss,lpdid_rw,25,2,2.980426616653824,.140449420279207
varmiss,sa,25,0,1.840834842234332,.0862230173218239
varmiss,sa,25,1,2.510224703043996,.0967845860829663
varmiss,sa,25,2,3.201067120267163,.1016759095821654
varmiss,csdid,26,0,1.992537828199423,.1040937099482898
varmiss,csdid,26,1,2.439094216778617,.1093443883471655
varmiss,csdid,26,2,2.922261050677575,.1095272499933903
varmiss,jwdid,26,0,1.84601830783343,.0703810589835921
varmiss,jwdid,26,1,2.433193740880526,.0798303168356405
varmiss,jwdid,26,2,3.097359423667583,.0811349326304227
varmiss,jwdid_uc,26,0,1.846018307833434,.0792357923662937
varmiss,jwdid_uc,26,1,2.433193740880526,.088878000905816
varmiss,jwdid_uc,26,2,3.097359423667607,.0869933348338752
varmiss,bjs,26,0,1.855293316078132,.0719144740385365
varmiss,bjs,26,1,2.440178846958588,.0819758953112464
varmiss,bjs,26,2,3.085773791586689,.082110737123518
varmiss,bjs_wtr,26,0,2.023524658765382,.074374203371328
varmiss,bjs_wtr,26,1,2.403893778464408,.0830965651173784
varmiss,bjs_wtr,26,2,2.931985203900695,.085645858770858
varmiss,dcdh,26,0,1.818091255176812,.0920145514164243
varmiss,dcdh,26,1,1.985077578380704,.1311138607277209
varmiss,dcdh,26,2,2.755016896129586,.1357734811590874
varmiss,lpdid,26,0,1.730819221304099,.0958713450809435
varmiss,lpdid,26,1,2.000424252076865,.1438923141314661
varmiss,lpdid,26,2,2.739973207204498,.1569317723295975
varmiss,lpdid_rw,26,0,1.818090791344256,.0979220227273958
varmiss,lpdid_rw,26,1,2.139860049889016,.1467187817171553
varmiss,lpdid_rw,26,2,2.554152315826175,.1631554464910026
varmiss,sa,26,0,1.826820480388882,.0869611924599492
varmiss,sa,26,1,2.440467480148511,.097392104697854
varmiss,sa,26,2,3.126540707827461,.1024865456514007
varmiss,csdid,27,0,2.179868467485004,.1088110485032065
varmiss,csdid,27,1,2.542442927612822,.1060823590684131
varmiss,csdid,27,2,3.076385667194836,.1033740341157523
varmiss,jwdid,27,0,1.988254168141704,.0757180875072653
varmiss,jwdid,27,1,2.511616220339523,.0797184891770487
varmiss,jwdid,27,2,3.306263089492353,.0767921899573859
varmiss,jwdid_uc,27,0,1.988254168141691,.0852866679063545
varmiss,jwdid_uc,27,1,2.511616220339513,.0878126408144046
varmiss,jwdid_uc,27,2,3.306263089492333,.0837255962609872
varmiss,bjs,27,0,1.958777775746512,.0767796052817039
varmiss,bjs,27,1,2.515365850760645,.0809939182823769
varmiss,bjs,27,2,3.300116618527682,.0773754322721356
varmiss,bjs_wtr,27,0,2.116543171493504,.0787718063569078
varmiss,bjs_wtr,27,1,2.530959506546424,.0819939817370342
varmiss,bjs_wtr,27,2,3.086321321359719,.0822977526416216
varmiss,dcdh,27,0,1.815603732618143,.1058545640561287
varmiss,dcdh,27,1,2.221152180493177,.1298098324072227
varmiss,dcdh,27,2,2.940933934060024,.1209326124874058
varmiss,lpdid,27,0,1.717021386437014,.1089691212381372
varmiss,lpdid,27,1,2.157386316882121,.1489139121881447
varmiss,lpdid,27,2,2.92411913582427,.1366304597645211
varmiss,lpdid_rw,27,0,1.815603686242673,.1101724824328459
varmiss,lpdid_rw,27,1,2.325614078683206,.1544551062277268
varmiss,lpdid_rw,27,2,2.796829465335743,.139844894898704
varmiss,sa,27,0,2.036221572539172,.0913896505056476
varmiss,sa,27,1,2.554382977604056,.0953424283721029
varmiss,sa,27,2,3.329516203808019,.0982552922401581
varmiss,csdid,28,0,1.99188663827223,.0998677067742959
varmiss,csdid,28,1,2.567313335637551,.1146697071534611
varmiss,csdid,28,2,2.90890044426546,.1115200030734778
varmiss,jwdid,28,0,1.902178008187523,.0679324359501669
varmiss,jwdid,28,1,2.682915605686978,.079748665157577
varmiss,jwdid,28,2,3.197260384614392,.078240064451475
varmiss,jwdid_uc,28,0,1.902178008187529,.0786071177266355
varmiss,jwdid_uc,28,1,2.682915605686972,.0943519941913642
varmiss,jwdid_uc,28,2,3.197260384614387,.0863205503796209
varmiss,bjs,28,0,1.915001559450502,.0706424645386558
varmiss,bjs,28,1,2.697303540666951,.0825789761488327
varmiss,bjs,28,2,3.167350091927801,.0798400635822326
varmiss,bjs_wtr,28,0,2.033700031849094,.0717130950373178
varmiss,bjs_wtr,28,1,2.633908132137691,.0834185335207265
varmiss,bjs_wtr,28,2,2.961669924274247,.0816945992634882
varmiss,dcdh,28,0,1.802591509729702,.0948590638171913
varmiss,dcdh,28,1,2.337772632671709,.1219231537431081
varmiss,dcdh,28,2,2.91854333445743,.1266029319762712
varmiss,lpdid,28,0,1.659958361607377,.0967823174699418
varmiss,lpdid,28,1,2.186096688420736,.1443902103876252
varmiss,lpdid,28,2,2.863659804868748,.1543552064334898
varmiss,lpdid_rw,28,0,1.802592368584051,.1003104955157785
varmiss,lpdid_rw,28,1,2.363956769471586,.1483473690958715
varmiss,lpdid_rw,28,2,2.725911926262554,.1528827706988178
varmiss,sa,28,0,1.920597125986461,.0846778510557598
varmiss,sa,28,1,2.685415237918527,.1018195935732265
varmiss,sa,28,2,3.211245512932511,.1041055732738751
varmiss,csdid,29,0,2.016260051917413,.1002597440120664
varmiss,csdid,29,1,2.459119957764612,.1035134087458374
varmiss,csdid,29,2,2.850765099103596,.1050456792534133
varmiss,jwdid,29,0,1.869977502621913,.0680216886516256
varmiss,jwdid,29,1,2.631980360324462,.0774289302453614
varmiss,jwdid,29,2,3.188926152583857,.07991200504211
varmiss,jwdid_uc,29,0,1.869977502621922,.0797672246192218
varmiss,jwdid_uc,29,1,2.631980360324455,.0842748611452851
varmiss,jwdid_uc,29,2,3.188926152583845,.0877030090799035
varmiss,bjs,29,0,1.883083397813607,.0707486253204219
varmiss,bjs,29,1,2.606697582523338,.0788126859006323
varmiss,bjs,29,2,3.188497726270725,.0808925811705972
varmiss,bjs_wtr,29,0,2.106614162919868,.0727869257621234
varmiss,bjs_wtr,29,1,2.553415653812408,.079163258790975
varmiss,bjs_wtr,29,2,2.971510036049949,.0839753675623128
varmiss,dcdh,29,0,1.667224343636775,.0911195086524675
varmiss,dcdh,29,1,2.242905740771588,.1276740721455867
varmiss,dcdh,29,2,2.685834244728924,.1296004674418176
varmiss,lpdid,29,0,1.591613637732882,.0952865295023182
varmiss,lpdid,29,1,2.228486230754303,.1421351702308779
varmiss,lpdid,29,2,2.611324509303176,.1509129066677603
varmiss,lpdid_rw,29,0,1.667223975298886,.0963818230249125
varmiss,lpdid_rw,29,1,2.302150661708703,.1484076029541805
varmiss,lpdid_rw,29,2,2.477194953827763,.1486513007005081
varmiss,sa,29,0,1.824795434058927,.0856657543664232
varmiss,sa,29,1,2.559245445291348,.0912215164257032
varmiss,sa,29,2,3.083106091182663,.1017601263304694
varmiss,csdid,30,0,1.937148009241299,.1057221553279043
varmiss,csdid,30,1,2.506663994793785,.1062076911475268
varmiss,csdid,30,2,2.958447353420118,.1090402691374912
varmiss,jwdid,30,0,1.821757860394447,.069258601175825
varmiss,jwdid,30,1,2.621502265804168,.0774856758965595
varmiss,jwdid,30,2,3.284220746329769,.0793574661126379
varmiss,jwdid_uc,30,0,1.821757860394457,.0796061533899074
varmiss,jwdid_uc,30,1,2.621502265804183,.0877691341932824
varmiss,jwdid_uc,30,2,3.284220746329774,.0879481547586842
varmiss,bjs,30,0,1.814250436361363,.0708176055856379
varmiss,bjs,30,1,2.592325335721398,.0791957163406939
varmiss,bjs,30,2,3.281196942672977,.0806405042550442
varmiss,bjs_wtr,30,0,2.015663998695345,.0745028383350211
varmiss,bjs_wtr,30,1,2.490325806880719,.0804158161882138
varmiss,bjs_wtr,30,2,3.097411561535409,.0838770836399773
varmiss,dcdh,30,0,1.620410637914638,.0907875542435312
varmiss,dcdh,30,1,2.25827742203555,.1217440086125191
varmiss,dcdh,30,2,2.994340822780468,.1297660318330543
varmiss,lpdid,30,0,1.561928141319348,.0940517695665375
varmiss,lpdid,30,1,2.125543925986393,.1361028773254812
varmiss,lpdid,30,2,2.961075127158005,.1531952405621774
varmiss,lpdid_rw,30,0,1.620410749459397,.0941511279687003
varmiss,lpdid_rw,30,1,2.131552265352294,.1427134344116768
varmiss,lpdid_rw,30,2,2.83475909164837,.1578075647939196
varmiss,sa,30,0,1.791398642032127,.0858662909717402
varmiss,sa,30,1,2.582692615397465,.0933537286088343
varmiss,sa,30,2,3.232571188211638,.1014036757684449
varmiss,csdid,31,0,2.084387573808673,.1039395444182137
varmiss,csdid,31,1,2.571732931962103,.1060580756654609
varmiss,csdid,31,2,3.082022873343786,.1062349960393546
varmiss,jwdid,31,0,1.899158996144976,.0682796956488603
varmiss,jwdid,31,1,2.604040751732088,.0761813003411763
varmiss,jwdid,31,2,3.31916064100566,.0764983916782942
varmiss,jwdid_uc,31,0,1.899158996144969,.0809515984435858
varmiss,jwdid_uc,31,1,2.604040751732088,.0857298274957269
varmiss,jwdid_uc,31,2,3.319160641005666,.0860477528423622
varmiss,bjs,31,0,1.920478289176572,.0696307108748433
varmiss,bjs,31,1,2.594979702495039,.0771915978231661
varmiss,bjs,31,2,3.333207644835056,.0772417053634026
varmiss,bjs_wtr,31,0,2.147437186487423,.0724169614577594
varmiss,bjs_wtr,31,1,2.531209924054565,.0782328892040396
varmiss,bjs_wtr,31,2,3.076560183224501,.0818137921461224
varmiss,dcdh,31,0,1.816223006342643,.0959226207437832
varmiss,dcdh,31,1,2.200637578306609,.1202324528992118
varmiss,dcdh,31,2,2.929536734800132,.1256199543836346
varmiss,lpdid,31,0,1.707436542759509,.100394204997157
varmiss,lpdid,31,1,2.132056283214267,.1323839359538252
varmiss,lpdid,31,2,2.853288030345508,.1458392315741711
varmiss,lpdid_rw,31,0,1.816222721166443,.1017329466101166
varmiss,lpdid_rw,31,1,2.237344178231326,.1355223796445073
varmiss,lpdid_rw,31,2,2.694324008858946,.1496911261726775
varmiss,sa,31,0,1.907942223865527,.0914428510418749
varmiss,sa,31,1,2.628364756299407,.0922550011578424
varmiss,sa,31,2,3.358481351029922,.0983011393698738
varmiss,csdid,32,0,2.056447524466654,.1012139161417665
varmiss,csdid,32,1,2.397642585504936,.1081078242878436
varmiss,csdid,32,2,2.898690076745946,.1102054389218177
varmiss,jwdid,32,0,1.845620647171503,.0730449376079814
varmiss,jwdid,32,1,2.457419282965791,.0812142623952177
varmiss,jwdid,32,2,3.091097768638996,.07978086857033
varmiss,jwdid_uc,32,0,1.845620647171504,.0828015841300433
varmiss,jwdid_uc,32,1,2.457419282965793,.089639074507209
varmiss,jwdid_uc,32,2,3.091097768639002,.0875337705458179
varmiss,bjs,32,0,1.878882535323939,.0754168203442601
varmiss,bjs,32,1,2.469827635590264,.0832833472862072
varmiss,bjs,32,2,3.09481086064261,.0812135578082902
varmiss,bjs_wtr,32,0,2.0520863439625,.0796343490983762
varmiss,bjs_wtr,32,1,2.365587243613845,.0842023721107187
varmiss,bjs_wtr,32,2,2.875812880629383,.0863181268828627
varmiss,dcdh,32,0,1.881469464767537,.0973089350193061
varmiss,dcdh,32,1,2.180391456446121,.1290850623010941
varmiss,dcdh,32,2,2.838964727163232,.1280399681237263
varmiss,lpdid,32,0,1.729718388023002,.0982326515573181
varmiss,lpdid,32,1,2.028367455698893,.1424223359619204
varmiss,lpdid,32,2,2.819036602515623,.1501290121270697
varmiss,lpdid_rw,32,0,1.881470179679647,.1026618342911907
varmiss,lpdid_rw,32,1,2.188950213913863,.147107023736289
varmiss,lpdid_rw,32,2,2.688738683208264,.1553415759584888
varmiss,sa,32,0,1.839502965339026,.0898981367564176
varmiss,sa,32,1,2.475434227308552,.0957464706633017
varmiss,sa,32,2,3.126634531693281,.0999862674219783
varmiss,csdid,33,0,2.038908384520249,.102414006596534
varmiss,csdid,33,1,2.480183672597823,.1132410937187723
varmiss,csdid,33,2,3.04613013244226,.1095619740799054
varmiss,jwdid,33,0,1.877281994897105,.068042651395464
varmiss,jwdid,33,1,2.591920391691249,.0814334851717312
varmiss,jwdid,33,2,3.286532263154742,.0794676359290699
varmiss,jwdid_uc,33,0,1.877281994897117,.0784485749181672
varmiss,jwdid_uc,33,1,2.591920391691273,.092728483826754
varmiss,jwdid_uc,33,2,3.286532263154736,.0868843239320515
varmiss,bjs,33,0,1.908093663936597,.07131754650235
varmiss,bjs,33,1,2.607075482308574,.0837220147339061
varmiss,bjs,33,2,3.298552538093645,.0808642321482249
varmiss,bjs_wtr,33,0,2.080132672277614,.0749289016197189
varmiss,bjs_wtr,33,1,2.535867035199772,.0851712038518641
varmiss,bjs_wtr,33,2,3.05789473382174,.0863470999117344
varmiss,dcdh,33,0,1.704662188280623,.0946478552806017
varmiss,dcdh,33,1,2.112240410628672,.1331212231788993
varmiss,dcdh,33,2,3.068163967605336,.1273764331547155
varmiss,lpdid,33,0,1.595662771598153,.097897148274504
varmiss,lpdid,33,1,1.995651999729275,.1456929026714915
varmiss,lpdid,33,2,2.963655370248575,.1459685958498156
varmiss,lpdid_rw,33,0,1.704662080808899,.0993102094225629
varmiss,lpdid_rw,33,1,2.122909500745509,.1497289305040874
varmiss,lpdid_rw,33,2,2.825378197751412,.1515962078233755
varmiss,sa,33,0,1.833796888409221,.0866486810439987
varmiss,sa,33,1,2.54595621275063,.0996607551910757
varmiss,sa,33,2,3.229603893648658,.1010170759800394
varmiss,csdid,34,0,2.114044016873189,.1075616996796611
varmiss,csdid,34,1,2.582307831506462,.1139338443474986
varmiss,csdid,34,2,2.979479724686761,.1143414019027289
varmiss,jwdid,34,0,1.87582067453873,.0711617173470796
varmiss,jwdid,34,1,2.513115723759571,.0780955208108841
varmiss,jwdid,34,2,3.109231600389986,.0778439564385151
varmiss,jwdid_uc,34,0,1.875820674538732,.0822465083919672
varmiss,jwdid_uc,34,1,2.513115723759564,.0893348397480586
varmiss,jwdid_uc,34,2,3.109231600389979,.0858216033657509
varmiss,bjs,34,0,1.874261433133597,.0717130741435694
varmiss,bjs,34,1,2.518086871641572,.0801877033983063
varmiss,bjs,34,2,3.090761443250813,.0792430518001717
varmiss,bjs_wtr,34,0,2.075561732098322,.0753477418164545
varmiss,bjs_wtr,34,1,2.485485633485951,.0815015891525529
varmiss,bjs_wtr,34,2,2.870154743213789,.0834309323761917
varmiss,dcdh,34,0,1.870778294635372,.0956636442386767
varmiss,dcdh,34,1,2.357270866839837,.1259457653942468
varmiss,dcdh,34,2,2.965648086186696,.1232842043799054
varmiss,lpdid,34,0,1.720130082232127,.0976612651082765
varmiss,lpdid,34,1,2.294792542876099,.1431144862680722
varmiss,lpdid,34,2,2.962852243425122,.1421652391266354
varmiss,lpdid_rw,34,0,1.870777934018926,.1022466991582075
varmiss,lpdid_rw,34,1,2.484260274972469,.1452723811448029
varmiss,lpdid_rw,34,2,2.829686492241416,.1444047833254779
varmiss,sa,34,0,1.893611721341505,.0903262301656451
varmiss,sa,34,1,2.559850932404865,.1000973799430683
varmiss,sa,34,2,3.24501116524057,.103787029043987
varmiss,csdid,35,0,2.159818649464482,.0986006239812641
varmiss,csdid,35,1,2.603372177629583,.1073093099360905
varmiss,csdid,35,2,3.154944550001487,.1080518759437277
varmiss,jwdid,35,0,1.929342426884479,.0705153754968162
varmiss,jwdid,35,1,2.68256947457995,.0813781479103025
varmiss,jwdid,35,2,3.39369547606929,.0823219474722837
varmiss,jwdid_uc,35,0,1.929342426884471,.0810400091014698
varmiss,jwdid_uc,35,1,2.68256947457993,.0926904380933943
varmiss,jwdid_uc,35,2,3.393695476069263,.089855761268603
varmiss,bjs,35,0,1.917871902608567,.0720912717141177
varmiss,bjs,35,1,2.684044935973361,.0831454297209706
varmiss,bjs,35,2,3.395307297971158,.0833977729926715
varmiss,bjs_wtr,35,0,2.053187332862763,.0738585551924791
varmiss,bjs_wtr,35,1,2.61729694956739,.083777276640049
varmiss,bjs_wtr,35,2,3.149753536468779,.0872434055154847
varmiss,dcdh,35,0,1.820069544412847,.0930863405913727
varmiss,dcdh,35,1,2.404564857504884,.1202320478889206
varmiss,dcdh,35,2,3.255580216619545,.1229670584947321
varmiss,lpdid,35,0,1.72004452057422,.0959169306690267
varmiss,lpdid,35,1,2.207401120053071,.130793453080916
varmiss,lpdid,35,2,3.202880579289421,.1394634338769354
varmiss,lpdid_rw,35,0,1.820069962358841,.0970367513644711
varmiss,lpdid_rw,35,1,2.332277443088076,.1342560545763422
varmiss,lpdid_rw,35,2,3.046701001690959,.1427859859096333
varmiss,sa,35,0,1.960935929189666,.0869733221911004
varmiss,sa,35,1,2.7309651895681,.0954146697998391
varmiss,sa,35,2,3.422590473413515,.1004282920920821
varmiss,csdid,36,0,1.927762013564346,.1008985186337337
varmiss,csdid,36,1,2.409851499066612,.1137309016099332
varmiss,csdid,36,2,3.007720253442493,.1072567883284112
varmiss,jwdid,36,0,1.796023506278863,.067992631732502
varmiss,jwdid,36,1,2.558453041214682,.0845535267279252
varmiss,jwdid,36,2,3.197499322560998,.0802751846700913
varmiss,jwdid_uc,36,0,1.796023506278852,.0795754474084169
varmiss,jwdid_uc,36,1,2.55845304121465,.1003959287422036
varmiss,jwdid_uc,36,2,3.19749932256097,.0887099037752835
varmiss,bjs,36,0,1.789233768299255,.0701205984731478
varmiss,bjs,36,1,2.57158949159566,.0868086237560927
varmiss,bjs,36,2,3.204623623198131,.0808310299719849
varmiss,bjs_wtr,36,0,1.954975678105939,.0725405172777254
varmiss,bjs_wtr,36,1,2.42892070344169,.0879250922828611
varmiss,bjs_wtr,36,2,2.974945380998179,.0847382845975393
varmiss,dcdh,36,0,1.637884207077324,.092626505426232
varmiss,dcdh,36,1,2.201976896601264,.1289804266884584
varmiss,dcdh,36,2,2.727681913319743,.1299281099240797
varmiss,lpdid,36,0,1.543066312955506,.097234545048142
varmiss,lpdid,36,1,2.083216794644426,.154631155511942
varmiss,lpdid,36,2,2.718891236322826,.1483817579866068
varmiss,lpdid_rw,36,0,1.637884580908789,.0980965149427053
varmiss,lpdid_rw,36,1,2.215280592118973,.1531547774794219
varmiss,lpdid_rw,36,2,2.594557287631719,.1541588008532002
varmiss,sa,36,0,1.811275430641368,.0882898773470707
varmiss,sa,36,1,2.592602405574195,.1075394401054656
varmiss,sa,36,2,3.238323380048479,.1029398209936687
varmiss,csdid,37,0,1.936149244902255,.103610207025596
varmiss,csdid,37,1,2.410293968958952,.1099814613210017
varmiss,csdid,37,2,2.859840242741057,.108364143343399
varmiss,jwdid,37,0,1.787732045067583,.0698134715795343
varmiss,jwdid,37,1,2.465675189994913,.0794868500127776
varmiss,jwdid,37,2,3.127735548397217,.0776864936669473
varmiss,jwdid_uc,37,0,1.787732045067585,.0802376327004071
varmiss,jwdid_uc,37,1,2.465675189994894,.0907737161207134
varmiss,jwdid_uc,37,2,3.127735548397202,.0887906430270607
varmiss,bjs,37,0,1.783771877572235,.071390880029643
varmiss,bjs,37,1,2.460539802050334,.0807902480556722
varmiss,bjs,37,2,3.116627734725625,.0784037970560388
varmiss,bjs_wtr,37,0,1.944098919836051,.0724185589820788
varmiss,bjs_wtr,37,1,2.392169991508126,.0819198144664188
varmiss,bjs_wtr,37,2,2.82324545926167,.0806628514554315
varmiss,dcdh,37,0,1.64453854623373,.0965755766046862
varmiss,dcdh,37,1,2.172648080776902,.1282307167392111
varmiss,dcdh,37,2,2.818345153829458,.1203193719408238
varmiss,lpdid,37,0,1.548156577166629,.0986567291827997
varmiss,lpdid,37,1,2.124246035720703,.1428029980624513
varmiss,lpdid,37,2,2.824799930073335,.1345335923516739
varmiss,lpdid_rw,37,0,1.644537892877699,.1005335916052597
varmiss,lpdid_rw,37,1,2.207031286419808,.1471722025247035
varmiss,lpdid_rw,37,2,2.677905035441016,.1371281128368701
varmiss,sa,37,0,1.794856630236158,.0870960292348241
varmiss,sa,37,1,2.456044747089479,.0978109549194586
varmiss,sa,37,2,3.112983778999387,.103397041690591
varmiss,csdid,38,0,1.78532074106933,.1053652971688129
varmiss,csdid,38,1,2.327309468220527,.1102133277553342
varmiss,csdid,38,2,2.850882910370034,.1107982297053597
varmiss,jwdid,38,0,1.695306793221374,.0717172311087044
varmiss,jwdid,38,1,2.551724204123333,.0818493057916222
varmiss,jwdid,38,2,3.18048301063127,.0800386148957571
varmiss,jwdid_uc,38,0,1.695306793221388,.0798837997182855
varmiss,jwdid_uc,38,1,2.551724204123358,.0950576775602248
varmiss,jwdid_uc,38,2,3.180483010631295,.089775525221899
varmiss,bjs,38,0,1.700798301191753,.0725315564479454
varmiss,bjs,38,1,2.545043839818391,.0826198458808247
varmiss,bjs,38,2,3.170089553153957,.0812622403594901
varmiss,bjs_wtr,38,0,1.87934220221814,.075385709365809
varmiss,bjs_wtr,38,1,2.427047436183784,.0839414098175216
varmiss,bjs_wtr,38,2,2.869979185852571,.0883139821048564
varmiss,dcdh,38,0,1.504588518752707,.0959408245325708
varmiss,dcdh,38,1,2.039859647980195,.1246786612782246
varmiss,dcdh,38,2,2.684912684954001,.1394403455915617
varmiss,lpdid,38,0,1.442936303545604,.096404993238874
varmiss,lpdid,38,1,1.964661870341162,.1391939566985395
varmiss,lpdid,38,2,2.635130015235853,.1527881644947176
varmiss,lpdid_rw,38,0,1.504588069544643,.0984597649675533
varmiss,lpdid_rw,38,1,2.04745933346215,.1389663435158182
varmiss,lpdid_rw,38,2,2.429969695485844,.163068941174085
varmiss,sa,38,0,1.658774828165812,.0867309990331592
varmiss,sa,38,1,2.472516184624199,.0987862681664455
varmiss,sa,38,2,3.077249613493509,.1034087464639143
varmiss,csdid,39,0,1.982467328518316,.1031646321691413
varmiss,csdid,39,1,2.601849627261745,.1101513635349703
varmiss,csdid,39,2,3.031514731176161,.1097252644707612
varmiss,jwdid,39,0,1.855896533430731,.0696636179576516
varmiss,jwdid,39,1,2.587908318986931,.0811865050191454
varmiss,jwdid,39,2,3.21139465571466,.0791759763134828
varmiss,jwdid_uc,39,0,1.85589653343073,.0783369871873154
varmiss,jwdid_uc,39,1,2.587908318986912,.0905929313598896
varmiss,jwdid_uc,39,2,3.21139465571464,.087054414835585
varmiss,bjs,39,0,1.85512386825485,.0706063696805504
varmiss,bjs,39,1,2.577438691296265,.0827354043960897
varmiss,bjs,39,2,3.194577264977852,.0795960176097418
varmiss,bjs_wtr,39,0,1.989662859230521,.0728474971190978
varmiss,bjs_wtr,39,1,2.507650243234821,.0840574849364795
varmiss,bjs_wtr,39,2,2.953872076170228,.084076778289067
varmiss,dcdh,39,0,1.675925030585313,.0947908905836106
varmiss,dcdh,39,1,2.344677490851199,.1287767303768143
varmiss,dcdh,39,2,2.956179049574363,.1282628595191254
varmiss,lpdid,39,0,1.58624770340921,.098515772367531
varmiss,lpdid,39,1,2.313192335691453,.144186352662275
varmiss,lpdid,39,2,2.965025258014291,.1446184349071502
varmiss,lpdid_rw,39,0,1.675924498297518,.0997295837574184
varmiss,lpdid_rw,39,1,2.394415962280136,.1449779836301727
varmiss,lpdid_rw,39,2,2.819666622586317,.1482295345708743
varmiss,sa,39,0,1.856314205794134,.0861355961214622
varmiss,sa,39,1,2.56764691331053,.0962744458644504
varmiss,sa,39,2,3.186444732004171,.100975975776025
varmiss,csdid,40,0,2.152912804537439,.1042047660334228
varmiss,csdid,40,1,2.568769490290946,.1111336159399751
varmiss,csdid,40,2,3.006184324422088,.1091271193691678
varmiss,jwdid,40,0,1.943243472984889,.0694022964886557
varmiss,jwdid,40,1,2.561297686605075,.0839500583252174
varmiss,jwdid,40,2,3.182004249214588,.0794354534626343
varmiss,jwdid_uc,40,0,1.943243472984891,.0808100207170324
varmiss,jwdid_uc,40,1,2.561297686605085,.0921128608476871
varmiss,jwdid_uc,40,2,3.182004249214583,.0872280267238907
varmiss,bjs,40,0,1.937510171450413,.0711933801503874
varmiss,bjs,40,1,2.583392641929095,.0849888690649088
varmiss,bjs,40,2,3.158533608206199,.0806880639755853
varmiss,bjs_wtr,40,0,2.087442435624325,.0739989230813794
varmiss,bjs_wtr,40,1,2.520387820455653,.0861669730597462
varmiss,bjs_wtr,40,2,2.929095628860523,.0856126389895965
varmiss,dcdh,40,0,1.737458246707812,.0959648782404115
varmiss,dcdh,40,1,2.236749111103614,.1303045320955758
varmiss,dcdh,40,2,2.783545863264071,.1217536943596851
varmiss,lpdid,40,0,1.61879452529331,.0987740432779115
varmiss,lpdid,40,1,2.096585046247529,.1479297609312259
varmiss,lpdid,40,2,2.679220292497864,.1447282508042129
varmiss,lpdid_rw,40,0,1.737457630826239,.1015794653513384
varmiss,lpdid_rw,40,1,2.212629583007092,.1543941279564326
varmiss,lpdid_rw,40,2,2.549440627646527,.1474420727657791
varmiss,sa,40,0,1.908629153376688,.0870347227093556
varmiss,sa,40,1,2.525989055381073,.097927352808854
varmiss,sa,40,2,3.144693237666649,.1002429902624291
varmiss,csdid,41,0,2.016386729721457,.1064661506482353
varmiss,csdid,41,1,2.560129640902203,.1163306322237057
varmiss,csdid,41,2,3.08448383092167,.1144466127168979
varmiss,jwdid,41,0,1.767291252737773,.0682136201516349
varmiss,jwdid,41,1,2.565032939517237,.0790608771931032
varmiss,jwdid,41,2,3.236907573281752,.0816585846775167
varmiss,jwdid_uc,41,0,1.767291252737766,.0783858525964713
varmiss,jwdid_uc,41,1,2.565032939517233,.0945877466738252
varmiss,jwdid_uc,41,2,3.236907573281748,.0889148356067158
varmiss,bjs,41,0,1.770526079604224,.0698097940217618
varmiss,bjs,41,1,2.587143029886647,.0800428726765521
varmiss,bjs,41,2,3.234706424769684,.0827288439108587
varmiss,bjs_wtr,41,0,1.964849066011993,.0739157691737039
varmiss,bjs_wtr,41,1,2.490614905123948,.0816573738651017
varmiss,bjs_wtr,41,2,3.021090253176226,.0853303666132004
varmiss,dcdh,41,0,1.741029910901179,.0914467287709659
varmiss,dcdh,41,1,2.119683050096991,.1264927700780031
varmiss,dcdh,41,2,2.974266260917175,.1317978219012476
varmiss,lpdid,41,0,1.654957601160275,.0948499473043704
varmiss,lpdid,41,1,2.028761211930823,.1485766666687448
varmiss,lpdid,41,2,2.961144382525275,.1501320834328948
varmiss,lpdid_rw,41,0,1.741029839308415,.0966099379042615
varmiss,lpdid_rw,41,1,2.174331629181648,.1575530357730326
varmiss,lpdid_rw,41,2,2.815038025416543,.1516181784179402
varmiss,sa,41,0,1.745442903479759,.0844726348208738
varmiss,sa,41,1,2.571494789245063,.1019425012094623
varmiss,sa,41,2,3.259619577481922,.1073167036737526
varmiss,csdid,42,0,1.963812783784671,.1050159775789055
varmiss,csdid,42,1,2.489287221909773,.1164116682379244
varmiss,csdid,42,2,3.060947607878384,.1184904292281075
varmiss,jwdid,42,0,1.781473721897679,.0690158371327501
varmiss,jwdid,42,1,2.529762994644708,.0859679479421376
varmiss,jwdid,42,2,3.246775285712624,.0843270651997442
varmiss,jwdid_uc,42,0,1.781473721897671,.0777080043183961
varmiss,jwdid_uc,42,1,2.529762994644695,.0953172682299973
varmiss,jwdid_uc,42,2,3.246775285712609,.0926753281380061
varmiss,bjs,42,0,1.809354708696446,.0708312638560624
varmiss,bjs,42,1,2.531540242816845,.0887045683084906
varmiss,bjs,42,2,3.273178185343568,.0848871020627244
varmiss,bjs_wtr,42,0,1.964853174531527,.0751127389100702
varmiss,bjs_wtr,42,1,2.481382364348974,.0898228752267624
varmiss,bjs_wtr,42,2,3.056188640315668,.0900655152488049
varmiss,dcdh,42,0,1.687586955709349,.090748463202275
varmiss,dcdh,42,1,2.351023619631511,.1295175755956168
varmiss,dcdh,42,2,2.846013516979012,.1353901395970376
varmiss,lpdid,42,0,1.582241482981261,.0944095144854178
varmiss,lpdid,42,1,2.291499935710991,.1474660518005582
varmiss,lpdid,42,2,3.029202525633162,.1645618199771798
varmiss,lpdid_rw,42,0,1.687586469799034,.095704854172413
varmiss,lpdid_rw,42,1,2.328855371055432,.151204207051242
varmiss,lpdid_rw,42,2,2.78994183366212,.1676213305894618
varmiss,sa,42,0,1.780273959274071,.0862700144877912
varmiss,sa,42,1,2.540590517167507,.1046706319820195
varmiss,sa,42,2,3.31460268607333,.1100003216624541
varmiss,csdid,43,0,2.062506968285545,.0983489541906681
varmiss,csdid,43,1,2.491608435201634,.1108301964816858
varmiss,csdid,43,2,2.972353851232676,.1067719306592448
varmiss,jwdid,43,0,1.874886895975802,.065376543548879
varmiss,jwdid,43,1,2.51826336908567,.0802887658414471
varmiss,jwdid,43,2,3.168793152560195,.0779543997882216
varmiss,jwdid_uc,43,0,1.8748868959758,.0745560837041361
varmiss,jwdid_uc,43,1,2.51826336908565,.0905769321181673
varmiss,jwdid_uc,43,2,3.168793152560175,.0851481563670607
varmiss,bjs,43,0,1.856306304984173,.0666161203412547
varmiss,bjs,43,1,2.525475281607214,.0820014405393772
varmiss,bjs,43,2,3.176881770450564,.0786634442867025
varmiss,bjs_wtr,43,0,2.0289592936806,.0682020869023714
varmiss,bjs_wtr,43,1,2.505917466576648,.0840749693870958
varmiss,bjs_wtr,43,2,2.96658987848059,.0811658591487571
varmiss,dcdh,43,0,1.754443651840299,.0909235317718335
varmiss,dcdh,43,1,2.289080122850652,.1264502507790189
varmiss,dcdh,43,2,2.85777819117709,.1250995338123712
varmiss,lpdid,43,0,1.661119865368693,.0931394178421387
varmiss,lpdid,43,1,2.270224458333398,.1400362942384097
varmiss,lpdid,43,2,2.984130873676958,.1406952376726071
varmiss,lpdid_rw,43,0,1.754443274062146,.0949383924135895
varmiss,lpdid_rw,43,1,2.3360830116925,.1401545722423005
varmiss,lpdid_rw,43,2,2.85743542368567,.1439657510742352
varmiss,sa,43,0,1.875449112134387,.0820343130966262
varmiss,sa,43,1,2.50245330081314,.0959561704973082
varmiss,sa,43,2,3.142462752430675,.0989764434305062
varmiss,csdid,44,0,1.938530266325523,.1069639276088998
varmiss,csdid,44,1,2.554528710193645,.1107395962740671
varmiss,csdid,44,2,3.056288878312359,.1120182486380136
varmiss,jwdid,44,0,1.850037397506176,.0722264287210722
varmiss,jwdid,44,1,2.698310246665315,.0811472794416833
varmiss,jwdid,44,2,3.28856942506067,.0816997489185432
varmiss,jwdid_uc,44,0,1.850037397506183,.0824296977254413
varmiss,jwdid_uc,44,1,2.698310246665348,.0939875559934527
varmiss,jwdid_uc,44,2,3.288569425060706,.0880705875871973
varmiss,bjs,44,0,1.841498404463437,.0741319425906995
varmiss,bjs,44,1,2.674388377508876,.0829570205073085
varmiss,bjs,44,2,3.284731339197606,.0818132358307401
varmiss,bjs_wtr,44,0,2.032127758686329,.0778221299667752
varmiss,bjs_wtr,44,1,2.606703946912603,.083904709790554
varmiss,bjs_wtr,44,2,3.08064988598926,.0843834989821467
varmiss,dcdh,44,0,1.686471043009311,.1003184645904197
varmiss,dcdh,44,1,2.189157348083332,.1245283880547578
varmiss,dcdh,44,2,2.952992898419499,.1244072291960293
varmiss,lpdid,44,0,1.54971878659349,.1031440343301248
varmiss,lpdid,44,1,2.072148144245907,.1438584416213756
varmiss,lpdid,44,2,3.091629280756826,.1416631876696652
varmiss,lpdid_rw,44,0,1.686471398365072,.1066763284051616
varmiss,lpdid_rw,44,1,2.301633837492301,.1483609392772969
varmiss,lpdid_rw,44,2,2.956472347284445,.140680729438237
varmiss,sa,44,0,1.820824555890201,.0910597215181252
varmiss,sa,44,1,2.699694219169076,.1010098433039544
varmiss,sa,44,2,3.312123617883748,.1040324045670932
varmiss,csdid,45,0,2.048360560543663,.1070524082800859
varmiss,csdid,45,1,2.521239327250121,.1116568034347625
varmiss,csdid,45,2,3.06796361358549,.1105362703815612
varmiss,jwdid,45,0,1.745931892255533,.0664199040091773
varmiss,jwdid,45,1,2.492930994220135,.0762520989776418
varmiss,jwdid,45,2,3.190746489227684,.0776366414654966
varmiss,jwdid_uc,45,0,1.745931892255527,.0794477217549031
varmiss,jwdid_uc,45,1,2.492930994220138,.0885038027616595
varmiss,jwdid_uc,45,2,3.190746489227681,.0850734330961385
varmiss,bjs,45,0,1.759772080554171,.0670466386367369
varmiss,bjs,45,1,2.52358112231741,.0783890363978456
varmiss,bjs,45,2,3.189923934778562,.0782557612398825
varmiss,bjs_wtr,45,0,1.950167360548562,.0711238598777193
varmiss,bjs_wtr,45,1,2.478782681813755,.0791569221713612
varmiss,bjs_wtr,45,2,3.001026749398079,.0813616870000317
varmiss,dcdh,45,0,1.618871648807135,.0973233701052935
varmiss,dcdh,45,1,2.362413080082504,.1308320627030901
varmiss,dcdh,45,2,2.927581682831199,.1327675141422779
varmiss,lpdid,45,0,1.525490916448754,.0999190897457116
varmiss,lpdid,45,1,2.254816969989529,.1473330521501236
varmiss,lpdid,45,2,2.907107588490339,.1513487698086372
varmiss,lpdid_rw,45,0,1.618871797136192,.1034036084878049
varmiss,lpdid_rw,45,1,2.309666948125381,.151497581597641
varmiss,lpdid_rw,45,2,2.750143583553265,.1517479106667889
varmiss,sa,45,0,1.738046885213399,.0898231526311355
varmiss,sa,45,1,2.506230983663924,.0990387646322467
varmiss,sa,45,2,3.22751032889437,.1066428233382266
varmiss,csdid,46,0,1.992870588948867,.1056498238155522
varmiss,csdid,46,1,2.442243108737721,.1126101401211625
varmiss,csdid,46,2,3.039983079842915,.1076111756444487
varmiss,jwdid,46,0,1.777239034294287,.0694867731104973
varmiss,jwdid,46,1,2.595703575109789,.0792417361469199
varmiss,jwdid,46,2,3.170005416523109,.0782195906327573
varmiss,jwdid_uc,46,0,1.777239034294293,.0821689415437305
varmiss,jwdid_uc,46,1,2.595703575109781,.0902896368026276
varmiss,jwdid_uc,46,2,3.170005416523097,.0849957477445718
varmiss,bjs,46,0,1.77928846702423,.0708274335923341
varmiss,bjs,46,1,2.582025930387317,.0817475360656302
varmiss,bjs,46,2,3.165117059041222,.0788418148606254
varmiss,bjs_wtr,46,0,1.982037936342124,.0738635610575736
varmiss,bjs_wtr,46,1,2.468122015343397,.0841384204766235
varmiss,bjs_wtr,46,2,2.983072000584798,.0823224359956275
varmiss,dcdh,46,0,1.678767967249478,.0963414469113609
varmiss,dcdh,46,1,2.266064263472857,.1233198808467094
varmiss,dcdh,46,2,2.999894000973937,.1269597395512918
varmiss,lpdid,46,0,1.542914932652739,.1002129637023752
varmiss,lpdid,46,1,2.125702584382651,.1393287512863105
varmiss,lpdid,46,2,3.002525237551105,.1485468698517814
varmiss,lpdid_rw,46,0,1.678767503718721,.1037099601556876
varmiss,lpdid_rw,46,1,2.240836493979534,.1430935834161467
varmiss,lpdid_rw,46,2,2.845637685664421,.1498881562481417
varmiss,sa,46,0,1.751582089619259,.0895775782266795
varmiss,sa,46,1,2.596192549245507,.1011887411001442
varmiss,sa,46,2,3.203349946784701,.1012544155099228
varmiss,csdid,47,0,2.165458165871655,.1023956548154843
varmiss,csdid,47,1,2.626182943850667,.1104278321516144
varmiss,csdid,47,2,3.190068637915391,.1064105170659745
varmiss,jwdid,47,0,1.838904871449904,.0692041026830756
varmiss,jwdid,47,1,2.622029626750221,.082243669433089
varmiss,jwdid,47,2,3.282496329367241,.0796677072691961
varmiss,jwdid_uc,47,0,1.838904871449901,.0842060639135909
varmiss,jwdid_uc,47,1,2.622029626750221,.0931186326442803
varmiss,jwdid_uc,47,2,3.282496329367253,.0869778976552694
varmiss,bjs,47,0,1.816442706684938,.0710026990921333
varmiss,bjs,47,1,2.608321861671584,.0833644354004785
varmiss,bjs,47,2,3.299090249012806,.0801866923100936
varmiss,bjs_wtr,47,0,2.061608162852281,.0739108998577106
varmiss,bjs_wtr,47,1,2.543194580427098,.0844078085544525
varmiss,bjs_wtr,47,2,3.069180150174361,.0851384355045412
varmiss,dcdh,47,0,1.701504219758263,.0928440512654154
varmiss,dcdh,47,1,2.049161087771978,.1190966279420338
varmiss,dcdh,47,2,2.969445573645672,.1326333301330197
varmiss,lpdid,47,0,1.550149013181274,.0975925831960064
varmiss,lpdid,47,1,1.894120029424375,.1397271690844286
varmiss,lpdid,47,2,3.018021774640454,.155330544328178
varmiss,lpdid_rw,47,0,1.701504982918696,.0992678829140285
varmiss,lpdid_rw,47,1,2.060438629425208,.1416650612421103
varmiss,lpdid_rw,47,2,2.88150201047499,.1579285038113085
varmiss,sa,47,0,1.814708043156063,.0922041336401556
varmiss,sa,47,1,2.606936389668483,.0942180664522487
varmiss,sa,47,2,3.2221005659938,.0996726392145381
varmiss,csdid,48,0,1.911340732946117,.107342695221136
varmiss,csdid,48,1,2.467119839531521,.1183579723897102
varmiss,csdid,48,2,3.044000278169128,.1111048072626116
varmiss,jwdid,48,0,1.740437239005157,.0681276392518993
varmiss,jwdid,48,1,2.51030234859716,.0778893372165228
varmiss,jwdid,48,2,3.202617180239808,.0788246522136393
varmiss,jwdid_uc,48,0,1.740437239005153,.0770271733239076
varmiss,jwdid_uc,48,1,2.510302348597113,.0865366285762013
varmiss,jwdid_uc,48,2,3.202617180239775,.0854401328334261
varmiss,bjs,48,0,1.730312718293135,.0703496844491669
varmiss,bjs,48,1,2.520154338599241,.0799197221682566
varmiss,bjs,48,2,3.205457530853892,.0796652834665274
varmiss,bjs_wtr,48,0,1.889211572592103,.0730389684982272
varmiss,bjs_wtr,48,1,2.466871111442742,.0809611417529646
varmiss,bjs_wtr,48,2,3.010883616676438,.0826281822276155
varmiss,dcdh,48,0,1.630491258272759,.0946975580533547
varmiss,dcdh,48,1,2.134571916804479,.1387401384875027
varmiss,dcdh,48,2,2.810022524576671,.124641828351389
varmiss,lpdid,48,0,1.532483944916506,.096999222025717
varmiss,lpdid,48,1,1.980813110080191,.1541818009620235
varmiss,lpdid,48,2,2.837543573501019,.1444873907599036
varmiss,lpdid_rw,48,0,1.630490918113754,.0983457838501571
varmiss,lpdid_rw,48,1,2.060954062524119,.1571329316303096
varmiss,lpdid_rw,48,2,2.755570317885533,.14493695834952
varmiss,sa,48,0,1.72688298136204,.0848279221485797
varmiss,sa,48,1,2.50079816836018,.0959993162356406
varmiss,sa,48,2,3.191707245994075,.1036160013761924
varmiss,csdid,49,0,1.927957594117245,.1033063216897826
varmiss,csdid,49,1,2.573062230114632,.1104169901520829
varmiss,csdid,49,2,2.991542859398745,.1042441671775185
varmiss,jwdid,49,0,1.839314809987024,.0706431307208848
varmiss,jwdid,49,1,2.662448792592676,.0813151275841192
varmiss,jwdid,49,2,3.205605301472866,.0767181375672977
varmiss,jwdid_uc,49,0,1.839314809987032,.0811386016613546
varmiss,jwdid_uc,49,1,2.662448792592703,.0917066300476112
varmiss,jwdid_uc,49,2,3.205605301472861,.0850558494245271
varmiss,bjs,49,0,1.849570626833156,.0726054915476248
varmiss,bjs,49,1,2.632310274915653,.0827949751600237
varmiss,bjs,49,2,3.192800200246893,.0771818130052077
varmiss,bjs_wtr,49,0,2.024151359195457,.0751019279738864
varmiss,bjs_wtr,49,1,2.60745602433235,.0830954054541265
varmiss,bjs_wtr,49,2,2.955149547490691,.0799463473276306
varmiss,dcdh,49,0,1.596274328010681,.0993166281546589
varmiss,dcdh,49,1,2.29559219805776,.127956989795666
varmiss,dcdh,49,2,2.944877763258232,.1189041054817092
varmiss,lpdid,49,0,1.497647755369419,.1011070257133025
varmiss,lpdid,49,1,2.253586475419779,.1370825887907404
varmiss,lpdid,49,2,2.768052787625968,.1380433501960577
varmiss,lpdid_rw,49,0,1.596273961140037,.1038512444850901
varmiss,lpdid_rw,49,1,2.327197418283115,.1419934598821989
varmiss,lpdid_rw,49,2,2.66807474632743,.1375112571436793
varmiss,sa,49,0,1.810202401647667,.0905712563773935
varmiss,sa,49,1,2.644005637703127,.0988707115404282
varmiss,sa,49,2,3.211028634760407,.1007198776003392
varmiss,csdid,50,0,1.954436243867429,.1036761312856847
varmiss,csdid,50,1,2.346736016798846,.1112188705212417
varmiss,csdid,50,2,2.923441088256067,.1054205242765096
varmiss,jwdid,50,0,1.826710335082137,.0695423434423666
varmiss,jwdid,50,1,2.420543249002371,.0796302190106263
varmiss,jwdid,50,2,3.156523810858175,.0760488734579927
varmiss,jwdid_uc,50,0,1.826710335082137,.078545571321373
varmiss,jwdid_uc,50,1,2.420543249002382,.0904769918733544
varmiss,jwdid_uc,50,2,3.156523810858163,.0832720547843758
varmiss,bjs,50,0,1.844925101678655,.0710293866820066
varmiss,bjs,50,1,2.452724716768444,.0815731073535348
varmiss,bjs,50,2,3.169981062674196,.0774792836010534
varmiss,bjs_wtr,50,0,2.021680633235519,.0722070505921257
varmiss,bjs_wtr,50,1,2.422430285224436,.0833709859364426
varmiss,bjs_wtr,50,2,2.967685619914846,.0803768288182828
varmiss,dcdh,50,0,1.644904100185891,.09994511066146
varmiss,dcdh,50,1,2.058023454061521,.1263873812243961
varmiss,dcdh,50,2,2.837558258125626,.1270849539178504
varmiss,lpdid,50,0,1.577197153056682,.1032300688021404
varmiss,lpdid,50,1,1.986630245526961,.1438994985156659
varmiss,lpdid,50,2,2.832084230520631,.1447781843621153
varmiss,lpdid_rw,50,0,1.64490369643257,.103994266655975
varmiss,lpdid_rw,50,1,2.058900399479531,.1463200872619727
varmiss,lpdid_rw,50,2,2.673480997051659,.1455414475670155
varmiss,sa,50,0,1.772415924706932,.0889199646065624
varmiss,sa,50,1,2.405227596925849,.1017359602358076
varmiss,sa,50,2,3.187460557802835,.1026651653858208
varmiss,csdid,51,0,1.970194308584529,.1032270939527633
varmiss,csdid,51,1,2.420976040174152,.111363264805629
varmiss,csdid,51,2,3.014054301332821,.1049647235633391
varmiss,jwdid,51,0,1.937330027017737,.0722546356366678
varmiss,jwdid,51,1,2.517406836621617,.0790978999794186
varmiss,jwdid,51,2,3.238169402999914,.074955599188546
varmiss,jwdid_uc,51,0,1.937330027017744,.0814491960827907
varmiss,jwdid_uc,51,1,2.517406836621634,.0902383529293778
varmiss,jwdid_uc,51,2,3.238169402999926,.0843610901544682
varmiss,bjs,51,0,1.947585010950206,.0736336064002411
varmiss,bjs,51,1,2.491839224625437,.0812658855451596
varmiss,bjs,51,2,3.210863186890492,.0761037645701022
varmiss,bjs_wtr,51,0,2.091231940758007,.0752537502939414
varmiss,bjs_wtr,51,1,2.414990112949454,.082618852093152
varmiss,bjs_wtr,51,2,2.984235087482375,.0795402930431719
varmiss,dcdh,51,0,1.783542727173073,.0992744736033662
varmiss,dcdh,51,1,2.059442370641976,.130947708777033
varmiss,dcdh,51,2,2.981763074004091,.1272792757709618
varmiss,lpdid,51,0,1.646927566743061,.1006327405070029
varmiss,lpdid,51,1,1.901440635104881,.1449129819268186
varmiss,lpdid,51,2,3.007544036044369,.147265070543398
varmiss,lpdid_rw,51,0,1.783543109484371,.1033551660583994
varmiss,lpdid_rw,51,1,2.046284259165959,.150852589737678
varmiss,lpdid_rw,51,2,2.926047822141728,.1487118283880238
varmiss,sa,51,0,1.90815161272019,.0892136731439907
varmiss,sa,51,1,2.500466048814901,.0980459999954727
varmiss,sa,51,2,3.206300370505669,.1028768008540363
varmiss,csdid,52,0,1.763915490965921,.1062364893063104
varmiss,csdid,52,1,2.505521671788434,.1162454196709934
varmiss,csdid,52,2,2.977222788982945,.1107739867393878
varmiss,jwdid,52,0,1.603246628946259,.0698056008538976
varmiss,jwdid,52,1,2.542461189062261,.0808565691662834
varmiss,jwdid,52,2,3.201743368076057,.0785423647309822
varmiss,jwdid_uc,52,0,1.603246628946251,.0794484938162267
varmiss,jwdid_uc,52,1,2.542461189062244,.0958872566467653
varmiss,jwdid_uc,52,2,3.201743368076039,.0871899935456784
varmiss,bjs,52,0,1.632086545829225,.0713743317261851
varmiss,bjs,52,1,2.563512524202451,.0827980958632986
varmiss,bjs,52,2,3.188418681384064,.0803096298080499
varmiss,bjs_wtr,52,0,1.818818809719232,.0745058292155245
varmiss,bjs_wtr,52,1,2.507287089742022,.0838306003225914
varmiss,bjs_wtr,52,2,2.96615119191847,.0847545010695947
varmiss,dcdh,52,0,1.448502175573323,.0942925612724831
varmiss,dcdh,52,1,2.187286837326663,.1278325327006568
varmiss,dcdh,52,2,2.745932038063305,.1278645466795777
varmiss,lpdid,52,0,1.373264029743644,.0977314474264116
varmiss,lpdid,52,1,2.097422170189787,.1438883400296448
varmiss,lpdid,52,2,2.756082431173307,.1410814006410663
varmiss,lpdid_rw,52,0,1.448501964039765,.0985766936474052
varmiss,lpdid_rw,52,1,2.160101954196202,.1442711366590847
varmiss,lpdid_rw,52,2,2.56747699962444,.1449022035582673
varmiss,sa,52,0,1.562913121573314,.0873905615206396
varmiss,sa,52,1,2.522752682137456,.1051525494469202
varmiss,sa,52,2,3.217369096882477,.1031380150867011
varmiss,csdid,53,0,2.024336887640616,.0981441180246409
varmiss,csdid,53,1,2.563227548869383,.1096160579538524
varmiss,csdid,53,2,3.031555210757969,.1044241704564705
varmiss,jwdid,53,0,1.986554913880603,.0676626660703537
varmiss,jwdid,53,1,2.767573758893369,.0801967061476152
varmiss,jwdid,53,2,3.326874390179675,.0786999121684096
varmiss,jwdid_uc,53,0,1.986554913880607,.077481375067262
varmiss,jwdid_uc,53,1,2.767573758893366,.0888134174749196
varmiss,jwdid_uc,53,2,3.326874390179662,.0841236040692955
varmiss,bjs,53,0,1.976437210822041,.0704010699577915
varmiss,bjs,53,1,2.763337678341486,.0823960835110293
varmiss,bjs,53,2,3.321528042553837,.0805082868393599
varmiss,bjs_wtr,53,0,2.133804181044979,.073244970691295
varmiss,bjs_wtr,53,1,2.68685507272312,.0844417245937249
varmiss,bjs_wtr,53,2,3.128805006981565,.0852222838370278
varmiss,dcdh,53,0,1.785195405362116,.0951701208830125
varmiss,dcdh,53,1,2.461828556243062,.1418667291022468
varmiss,dcdh,53,2,3.077605381675199,.1312766415999738
varmiss,lpdid,53,0,1.687656347070733,.0962571582657373
varmiss,lpdid,53,1,2.275897357728476,.1628497547224363
varmiss,lpdid,53,2,3.108755607771284,.1499374764841233
varmiss,lpdid_rw,53,0,1.785195195625018,.0990392194402033
varmiss,lpdid_rw,53,1,2.416774900227163,.1698969698711044
varmiss,lpdid_rw,53,2,3.003595762331037,.1519238220709181
varmiss,sa,53,0,1.963288221863809,.0811486609365305
varmiss,sa,53,1,2.705614160390692,.095897890640153
varmiss,sa,53,2,3.229362604625472,.1020702324062783
varmiss,csdid,54,0,1.99495969376619,.101562539196721
varmiss,csdid,54,1,2.650633828603056,.1064094857334964
varmiss,csdid,54,2,3.173509741979115,.1054464055255171
varmiss,jwdid,54,0,1.836560411914326,.0659485014169185
varmiss,jwdid,54,1,2.616938839740388,.0760157056081629
varmiss,jwdid,54,2,3.370847600587007,.0764219930154506
varmiss,jwdid_uc,54,0,1.83656041191432,.0757837781215052
varmiss,jwdid_uc,54,1,2.616938839740397,.0839932603663388
varmiss,jwdid_uc,54,2,3.37084760058703,.0837922020903368
varmiss,bjs,54,0,1.821294624175607,.0685406560043122
varmiss,bjs,54,1,2.634616858700156,.0779407350744127
varmiss,bjs,54,2,3.354939488199307,.0775879659839725
varmiss,bjs_wtr,54,0,2.007432393223098,.0714526860634774
varmiss,bjs_wtr,54,1,2.604578013132368,.0788115857213721
varmiss,bjs_wtr,54,2,3.125514101862791,.0804777345068947
varmiss,dcdh,54,0,1.657267121911173,.0927760126627765
varmiss,dcdh,54,1,2.275870151526352,.1175134910978258
varmiss,dcdh,54,2,2.935494239349572,.1235923370472757
varmiss,lpdid,54,0,1.569412809046164,.0947766556328253
varmiss,lpdid,54,1,2.23059953437101,.1303744430646498
varmiss,lpdid,54,2,2.917797989314457,.1425345233697016
varmiss,lpdid_rw,54,0,1.6572674178496,.0968090348096422
varmiss,lpdid_rw,54,1,2.328356647331898,.1288030765784496
varmiss,lpdid_rw,54,2,2.78446250502355,.1405673413701691
varmiss,sa,54,0,1.824613485876458,.0832523298448829
varmiss,sa,54,1,2.591005987474582,.0894041523192422
varmiss,sa,54,2,3.321759743068323,.0993156367560157
varmiss,csdid,55,0,2.011763267297755,.1030392783856051
varmiss,csdid,55,1,2.407598627125062,.1068337634092952
varmiss,csdid,55,2,3.058886810343184,.1046746727175725
varmiss,jwdid,55,0,1.878690565497483,.072315261141805
varmiss,jwdid,55,1,2.512705528255332,.0753321951241501
varmiss,jwdid,55,2,3.316476559250972,.0795790188347756
varmiss,jwdid_uc,55,0,1.878690565497487,.0824230018045717
varmiss,jwdid_uc,55,1,2.51270552825534,.0884952236996525
varmiss,jwdid_uc,55,2,3.316476559250983,.0888408221679656
varmiss,bjs,55,0,1.860216283846057,.0743742865269997
varmiss,bjs,55,1,2.491304373832577,.0769247343734619
varmiss,bjs,55,2,3.308380888556712,.0812305980901511
varmiss,bjs_wtr,55,0,2.050845371210471,.076065974765574
varmiss,bjs_wtr,55,1,2.398998594677096,.078868696926236
varmiss,bjs_wtr,55,2,3.041415000523557,.0835361723237909
varmiss,dcdh,55,0,1.744517799675465,.100903545988983
varmiss,dcdh,55,1,2.140517201524228,.1248397687570948
varmiss,dcdh,55,2,2.868596169419587,.1233166699591623
varmiss,lpdid,55,0,1.661310507102264,.1043502631667986
varmiss,lpdid,55,1,2.062284118160454,.1367726445376188
varmiss,lpdid,55,2,2.819147734156982,.1382977003662797
varmiss,lpdid_rw,55,0,1.74451760597964,.10397483735048
varmiss,lpdid_rw,55,1,2.117090498886897,.1419034030095035
varmiss,lpdid_rw,55,2,2.762915587534466,.1392498649297592
varmiss,sa,55,0,1.884864747950874,.0901329905916818
varmiss,sa,55,1,2.483366506211672,.0915348397877043
varmiss,sa,55,2,3.230056300716174,.0980488352112531
varmiss,csdid,56,0,1.964312567087846,.107414732422282
varmiss,csdid,56,1,2.386433856675033,.1084536520072751
varmiss,csdid,56,2,2.953977896292568,.1074256965465474
varmiss,jwdid,56,0,1.803261525814813,.0710921373543047
varmiss,jwdid,56,1,2.45354000825514,.0778652926119987
varmiss,jwdid,56,2,3.079023717933781,.0759755497461073
varmiss,jwdid_uc,56,0,1.80326152581482,.0828164827186508
varmiss,jwdid_uc,56,1,2.453540008255151,.0877925674689093
varmiss,jwdid_uc,56,2,3.07902371793379,.0843129330752424
varmiss,bjs,56,0,1.808416908972504,.0717993092142008
varmiss,bjs,56,1,2.437970247518024,.078596619302048
varmiss,bjs,56,2,3.043820463029988,.0762365082568724
varmiss,bjs_wtr,56,0,1.993475684762416,.0739592184351438
varmiss,bjs_wtr,56,1,2.369734964680902,.0782816905587876
varmiss,bjs_wtr,56,2,2.841456198439118,.0783658587665118
varmiss,dcdh,56,0,1.650553949168409,.0978448220913745
varmiss,dcdh,56,1,2.087861757772265,.1235911311478582
varmiss,dcdh,56,2,2.661299050029542,.1297827824108369
varmiss,lpdid,56,0,1.546928260315645,.099717898159377
varmiss,lpdid,56,1,1.933013738992482,.137201374046334
varmiss,lpdid,56,2,2.5996316195643,.1506271870599261
varmiss,lpdid_rw,56,0,1.6505539968418,.1017856085061146
varmiss,lpdid_rw,56,1,2.108872713249478,.1397558884050422
varmiss,lpdid_rw,56,2,2.528030771281581,.1522866587823492
varmiss,sa,56,0,1.801366970809064,.089423653365721
varmiss,sa,56,1,2.430028608787737,.0912378644285962
varmiss,sa,56,2,3.008115483750577,.098288513310569
varmiss,csdid,57,0,2.111606446428001,.1075116648485351
varmiss,csdid,57,1,2.499863473870342,.1191820282149481
varmiss,csdid,57,2,2.980694226962018,.1149506320182174
varmiss,jwdid,57,0,1.906863558349091,.0689845330995337
varmiss,jwdid,57,1,2.632874243303116,.0856649094309084
varmiss,jwdid,57,2,3.23357178895509,.0793446767094349
varmiss,jwdid_uc,57,0,1.906863558349096,.0808109105734429
varmiss,jwdid_uc,57,1,2.632874243303123,.0951853486239662
varmiss,jwdid_uc,57,2,3.233571788955099,.0867537493536812
varmiss,bjs,57,0,1.918496477184817,.0702795281969297
varmiss,bjs,57,1,2.618737990427178,.0871309414181688
varmiss,bjs,57,2,3.263177028948121,.0806398945431248
varmiss,bjs_wtr,57,0,2.072951242143972,.073339874326457
varmiss,bjs_wtr,57,1,2.539463863233038,.0886611531298014
varmiss,bjs_wtr,57,2,3.050689879324636,.085729941217885
varmiss,dcdh,57,0,1.761088768231107,.0924241293482178
varmiss,dcdh,57,1,2.282598801388803,.1383169240436809
varmiss,dcdh,57,2,3.122886490652558,.129624876069141
varmiss,lpdid,57,0,1.627563322302269,.0952150604812574
varmiss,lpdid,57,1,2.164816223999842,.1547754271188799
varmiss,lpdid,57,2,3.088295843504397,.149866407852992
varmiss,lpdid_rw,57,0,1.761089339915728,.0986662844517085
varmiss,lpdid_rw,57,1,2.319887681265208,.1590569940228588
varmiss,lpdid_rw,57,2,2.993081073020093,.1510872468479211
varmiss,sa,57,0,1.90980052254045,.0902198161588941
varmiss,sa,57,1,2.656273288499448,.1064497674874577
varmiss,sa,57,2,3.30939468804216,.1061655693435019
varmiss,csdid,58,0,1.912796129778447,.1082655691863681
varmiss,csdid,58,1,2.456625819468852,.112920665480643
varmiss,csdid,58,2,3.029670608751673,.1117007378176088
varmiss,jwdid,58,0,1.793147585301898,.072694998306821
varmiss,jwdid,58,1,2.571162991682293,.0830423610774585
varmiss,jwdid,58,2,3.169150419188571,.0828538989484611
varmiss,jwdid_uc,58,0,1.793147585301909,.0845698501453783
varmiss,jwdid_uc,58,1,2.571162991682308,.09446107744362
varmiss,jwdid_uc,58,2,3.169150419188573,.0903433012204
varmiss,bjs,58,0,1.789285692852218,.0744244207835904
varmiss,bjs,58,1,2.569371822108224,.0838856666583953
varmiss,bjs,58,2,3.17685823480133,.0835537588287449
varmiss,bjs_wtr,58,0,2.008576582081105,.0792820806357045
varmiss,bjs_wtr,58,1,2.519627780577139,.0842164694511626
varmiss,bjs_wtr,58,2,2.973897449410288,.0874500756273213
varmiss,dcdh,58,0,1.650116831648867,.0999979996577076
varmiss,dcdh,58,1,2.113168738379268,.1298402220105681
varmiss,dcdh,58,2,2.826287463546277,.1424972130733637
varmiss,lpdid,58,0,1.542022092694715,.1022856367676461
varmiss,lpdid,58,1,1.984406339199635,.1464388212083135
varmiss,lpdid,58,2,2.797226436208723,.1552573359627193
varmiss,lpdid_rw,58,0,1.650117492756696,.1050697815195581
varmiss,lpdid_rw,58,1,2.058172990358881,.1506114100429339
varmiss,lpdid_rw,58,2,2.683675706039031,.1545925500419084
varmiss,sa,58,0,1.800725756597123,.0887167465478666
varmiss,sa,58,1,2.560154552337511,.1000259284642022
varmiss,sa,58,2,3.131618417894694,.1091874890732135
varmiss,csdid,59,0,2.113148899545147,.0999135713061352
varmiss,csdid,59,1,2.653037265211405,.1097412507698184
varmiss,csdid,59,2,3.152368460353319,.1073003783244746
varmiss,jwdid,59,0,1.923869808532911,.0655233580457449
varmiss,jwdid,59,1,2.585057973545263,.0798474006982615
varmiss,jwdid,59,2,3.278559655530355,.0816068643377197
varmiss,jwdid_uc,59,0,1.923869808532928,.0732524354161217
varmiss,jwdid_uc,59,1,2.585057973545279,.0873729221174267
varmiss,jwdid_uc,59,2,3.278559655530374,.0887716565511366
varmiss,bjs,59,0,1.934356543957165,.067226532084345
varmiss,bjs,59,1,2.573712040533792,.0816426179613458
varmiss,bjs,59,2,3.277970820642622,.0828602323266946
varmiss,bjs_wtr,59,0,2.077240992877705,.0710903606452411
varmiss,bjs_wtr,59,1,2.535899984741263,.0824902580663949
varmiss,bjs_wtr,59,2,3.059102694525791,.0860730133476909
varmiss,dcdh,59,0,1.86510985953908,.0918142981447122
varmiss,dcdh,59,1,2.471344821484817,.1248528624885277
varmiss,dcdh,59,2,3.146221832621659,.1243403654472221
varmiss,lpdid,59,0,1.789646048291899,.0931110206114339
varmiss,lpdid,59,1,2.423971618211863,.137893801562409
varmiss,lpdid,59,2,3.184950646327181,.1493994150572405
varmiss,lpdid_rw,59,0,1.865110154619513,.0944965893373349
varmiss,lpdid_rw,59,1,2.513816744018516,.1396798515053513
varmiss,lpdid_rw,59,2,3.072836754962135,.1532533985684262
varmiss,sa,59,0,1.951658533662916,.0850576978913247
varmiss,sa,59,1,2.621852459761403,.0936081381851991
varmiss,sa,59,2,3.333032130732555,.1007739590110067
varmiss,csdid,60,0,1.98997055004113,.1087053393314057
varmiss,csdid,60,1,2.547211849283856,.1135162392105011
varmiss,csdid,60,2,2.900724941792583,.1094330395315007
varmiss,jwdid,60,0,1.840080560145917,.0727784315651888
varmiss,jwdid,60,1,2.580666947570233,.0790615528599541
varmiss,jwdid,60,2,3.141313369851453,.0775272262296268
varmiss,jwdid_uc,60,0,1.840080560145912,.0869227194937434
varmiss,jwdid_uc,60,1,2.580666947570231,.0904269365995721
varmiss,jwdid_uc,60,2,3.141313369851455,.0836795199630584
varmiss,bjs,60,0,1.841349629787146,.0751745471562924
varmiss,bjs,60,1,2.605975078346091,.081585168613399
varmiss,bjs,60,2,3.154887178036915,.0788434909792602
varmiss,bjs_wtr,60,0,2.02344518792961,.0773752004001075
varmiss,bjs_wtr,60,1,2.577174077829113,.0830502990681683
varmiss,bjs_wtr,60,2,2.966964601209838,.0838308550311016
varmiss,dcdh,60,0,1.665961470734983,.1004333628436066
varmiss,dcdh,60,1,2.337146454694565,.1172887827424385
varmiss,dcdh,60,2,2.976029613418093,.1234995525946652
varmiss,lpdid,60,0,1.483509080817792,.1039966663038154
varmiss,lpdid,60,1,2.229861466337653,.1459563275271684
varmiss,lpdid,60,2,2.94807199776659,.1466380054037595
varmiss,lpdid_rw,60,0,1.665961858265143,.109538360570812
varmiss,lpdid_rw,60,1,2.450119845064066,.1464927939353027
varmiss,lpdid_rw,60,2,2.882147571559591,.1459857147356161
varmiss,sa,60,0,1.803376530735603,.0927984616695169
varmiss,sa,60,1,2.5351035146348,.0982965113449034
varmiss,sa,60,2,3.116063489120275,.1041798689347887
varmiss,csdid,61,0,2.128155677349397,.1038716776336494
varmiss,csdid,61,1,2.667690754714253,.1127624617730504
varmiss,csdid,61,2,3.167584039669165,.1113204552870945
varmiss,jwdid,61,0,1.953503989629365,.0680270426828368
varmiss,jwdid,61,1,2.60905847068936,.0813057191415874
varmiss,jwdid,61,2,3.307886889286155,.0792142507277972
varmiss,jwdid_uc,61,0,1.953503989629364,.077060193154911
varmiss,jwdid_uc,61,1,2.609058470689363,.0910415269298876
varmiss,jwdid_uc,61,2,3.30788688928614,.0849626827704287
varmiss,bjs,61,0,1.965239992998249,.0690790098693516
varmiss,bjs,61,1,2.619984976736305,.0825103838725584
varmiss,bjs,61,2,3.318805051949312,.0797077698118085
varmiss,bjs_wtr,61,0,2.106418857303652,.0721977483541026
varmiss,bjs_wtr,61,1,2.600088204701024,.0837220908340726
varmiss,bjs_wtr,61,2,3.099635986909561,.08639892531748
varmiss,dcdh,61,0,1.658802106343399,.0951210523820567
varmiss,dcdh,61,1,2.210194175447037,.1267759687970073
varmiss,dcdh,61,2,3.00499061324852,.1346310866991286
varmiss,lpdid,61,0,1.567476747030432,.0953021380221327
varmiss,lpdid,61,1,2.178830039174758,.1481715228889706
varmiss,lpdid,61,2,3.035990123645546,.1543088852569559
varmiss,lpdid_rw,61,0,1.658801430576331,.0984662120625833
varmiss,lpdid_rw,61,1,2.24816902823014,.1532004765430509
varmiss,lpdid_rw,61,2,2.881003213349358,.1579490619394984
varmiss,sa,61,0,1.96347785090355,.0839019733675876
varmiss,sa,61,1,2.627295938461709,.0969908878945187
varmiss,sa,61,2,3.320278924813096,.1009898713187833
varmiss,csdid,62,0,2.059811683130337,.1086362571178494
varmiss,csdid,62,1,2.65704218133692,.1121029714229759
varmiss,csdid,62,2,3.107089788439401,.1083620176245063
varmiss,jwdid,62,0,1.854202995605873,.0706753902017369
varmiss,jwdid,62,1,2.712222232331475,.0812222168144012
varmiss,jwdid,62,2,3.28587138821845,.0772975469594855
varmiss,jwdid_uc,62,0,1.854202995605868,.0807946313375859
varmiss,jwdid_uc,62,1,2.712222232331466,.092541069473463
varmiss,jwdid_uc,62,2,3.285871388218425,.0827196942373602
varmiss,bjs,62,0,1.879752492255648,.0727137608737688
varmiss,bjs,62,1,2.727731549606688,.0825781569540592
varmiss,bjs,62,2,3.304422677349066,.0778994740122258
varmiss,bjs_wtr,62,0,2.084021152017158,.0760440239092361
varmiss,bjs_wtr,62,1,2.674116366124508,.0845796655954861
varmiss,bjs_wtr,62,2,3.125506897871674,.0834003389176354
varmiss,dcdh,62,0,1.762145338217468,.0943973688897909
varmiss,dcdh,62,1,2.236828137976761,.1264692448990543
varmiss,dcdh,62,2,3.022003351962698,.1222438273958261
varmiss,lpdid,62,0,1.654898335823278,.0970373965679701
varmiss,lpdid,62,1,1.983625909811658,.1453832046674268
varmiss,lpdid,62,2,2.992703306684311,.1493206026647453
varmiss,lpdid_rw,62,0,1.762145188612663,.0995738435572677
varmiss,lpdid_rw,62,1,2.092654494299134,.1492861575155807
varmiss,lpdid_rw,62,2,2.848383640310355,.15095253481558
varmiss,sa,62,0,1.828677458582274,.0891010674158375
varmiss,sa,62,1,2.708440095805614,.1001729329818785
varmiss,sa,62,2,3.316872615201406,.0982003473448254
varmiss,csdid,63,0,2.081477357780541,.1053309294016539
varmiss,csdid,63,1,2.686948737788281,.1063414669473912
varmiss,csdid,63,2,3.082326903758965,.1029709629972649
varmiss,jwdid,63,0,1.891115913301467,.0703383268599203
varmiss,jwdid,63,1,2.734207059594804,.0776951097039685
varmiss,jwdid,63,2,3.329941565831906,.0760417196799262
varmiss,jwdid_uc,63,0,1.891115913301471,.0805332226096389
varmiss,jwdid_uc,63,1,2.734207059594812,.0861147723665411
varmiss,jwdid_uc,63,2,3.329941565831894,.0834551046333368
varmiss,bjs,63,0,1.894230723022702,.071613208433133
varmiss,bjs,63,1,2.759321190780611,.0792646499864786
varmiss,bjs,63,2,3.305281795284827,.0771319774329662
varmiss,bjs_wtr,63,0,2.058627550479741,.072279276293485
varmiss,bjs_wtr,63,1,2.739518100162968,.0797733457953311
varmiss,bjs_wtr,63,2,3.045783195870172,.0793523798009492
varmiss,dcdh,63,0,1.773096262699554,.0995339654677439
varmiss,dcdh,63,1,2.566830030383023,.1241887707193789
varmiss,dcdh,63,2,3.079548084096822,.1295755420075145
varmiss,lpdid,63,0,1.694630787344169,.1029228345619895
varmiss,lpdid,63,1,2.493449880443797,.1377381967405607
varmiss,lpdid,63,2,3.054326400464214,.1480550758495878
varmiss,lpdid_rw,63,0,1.773096154966356,.1029657055065904
varmiss,lpdid_rw,63,1,2.596797729247567,.1398139831461797
varmiss,lpdid_rw,63,2,2.930488519974229,.1503179339069499
varmiss,sa,63,0,1.84639586008407,.0910456433159802
varmiss,sa,63,1,2.720017389533724,.0931240238634068
varmiss,sa,63,2,3.33333713511257,.0977787102331623
varmiss,csdid,64,0,1.993813171078719,.1045875058414353
varmiss,csdid,64,1,2.671806549502172,.1112532747766954
varmiss,csdid,64,2,3.018113143301518,.1083858412457153
varmiss,jwdid,64,0,1.839895870597039,.0688516465003848
varmiss,jwdid,64,1,2.725438909109499,.080286450877545
varmiss,jwdid,64,2,3.234292707433506,.078183951335373
varmiss,jwdid_uc,64,0,1.839895870597043,.0800859062402851
varmiss,jwdid_uc,64,1,2.725438909109476,.0926941147773275
varmiss,jwdid_uc,64,2,3.234292707433512,.0853800673703297
varmiss,bjs,64,0,1.820147969028767,.0698991411803834
varmiss,bjs,64,1,2.719703147493419,.0810187966205723
varmiss,bjs,64,2,3.231188527735867,.0789011334556104
varmiss,bjs_wtr,64,0,1.98222451523543,.0746228593441737
varmiss,bjs_wtr,64,1,2.604422954093025,.084239836695658
varmiss,bjs_wtr,64,2,2.998575741072273,.0848396485019884
varmiss,dcdh,64,0,1.677417743438855,.0974524490191294
varmiss,dcdh,64,1,2.308056391872466,.1211653122979957
varmiss,dcdh,64,2,3.046213631158694,.1253380962643791
varmiss,lpdid,64,0,1.553825093152249,.0994319714758671
varmiss,lpdid,64,1,2.043383081640778,.1409157789870348
varmiss,lpdid,64,2,3.028109552112732,.1455568554304463
varmiss,lpdid_rw,64,0,1.677418639187902,.1029426312316357
varmiss,lpdid_rw,64,1,2.182674620423663,.146780423821337
varmiss,lpdid_rw,64,2,2.939850324735621,.1472714790256642
varmiss,sa,64,0,1.833161780181966,.0888639613883187
varmiss,sa,64,1,2.720093778394881,.0976353285039962
varmiss,sa,64,2,3.231463207152002,.1022920654100842
varmiss,csdid,65,0,1.871090521149824,.1054471904921244
varmiss,csdid,65,1,2.316778723822334,.1104672987765381
varmiss,csdid,65,2,2.864043598158478,.1108970220458135
varmiss,jwdid,65,0,1.813595679364244,.0704563190804071
varmiss,jwdid,65,1,2.496811061300139,.0782207310363236
varmiss,jwdid,65,2,3.273936188503429,.0789694443532559
varmiss,jwdid_uc,65,0,1.813595679364257,.0803227921031872
varmiss,jwdid_uc,65,1,2.496811061300152,.0889807074111407
varmiss,jwdid_uc,65,2,3.273936188503442,.0883788201556685
varmiss,bjs,65,0,1.780337782802235,.07115981200614
varmiss,bjs,65,1,2.482731755437271,.0793570264249705
varmiss,bjs,65,2,3.279488901048353,.0801614251437818
varmiss,bjs_wtr,65,0,1.98160401025234,.0747161700991632
varmiss,bjs_wtr,65,1,2.439953436376527,.0805009219254366
varmiss,bjs_wtr,65,2,3.040222269685728,.0830772240089288
varmiss,dcdh,65,0,1.637331095756028,.0990627529629935
varmiss,dcdh,65,1,1.859285876277393,.1221380714960831
varmiss,dcdh,65,2,2.774561186695105,.1331840454729697
varmiss,lpdid,65,0,1.532644534033832,.0999533577880234
varmiss,lpdid,65,1,1.827783747162369,.1328926447437156
varmiss,lpdid,65,2,2.764875334277426,.153107958214696
varmiss,lpdid_rw,65,0,1.637331224717441,.103468286304788
varmiss,lpdid_rw,65,1,1.906239723371799,.1329903221268694
varmiss,lpdid_rw,65,2,2.62686344861401,.1520355751733033
varmiss,sa,65,0,1.7808002338725,.0857103854042033
varmiss,sa,65,1,2.41058084580766,.0925353702917304
varmiss,sa,65,2,3.133160878167466,.1046817801735216
varmiss,csdid,66,0,1.888327790934824,.101408081541889
varmiss,csdid,66,1,2.309447451618676,.1065730642437354
varmiss,csdid,66,2,2.938479232080829,.1111048456871932
varmiss,jwdid,66,0,1.789454577701337,.0649555153676449
varmiss,jwdid,66,1,2.400475726599725,.0800427347119253
varmiss,jwdid,66,2,3.208142435275953,.0794083068300741
varmiss,jwdid_uc,66,0,1.789454577701353,.0738075385504706
varmiss,jwdid_uc,66,1,2.40047572659974,.0864139168606373
varmiss,jwdid_uc,66,2,3.208142435275958,.0883720026816639
varmiss,bjs,66,0,1.81339711671535,.0673966417082544
varmiss,bjs,66,1,2.401458530721357,.0831276677677992
varmiss,bjs,66,2,3.213583363653015,.0805322764157006
varmiss,bjs_wtr,66,0,1.952635956908125,.0693822550039036
varmiss,bjs_wtr,66,1,2.337924061866943,.0828513495412984
varmiss,bjs_wtr,66,2,3.009148925466434,.0826952094640772
varmiss,dcdh,66,0,1.600551706192236,.0939747851155787
varmiss,dcdh,66,1,2.214997761717833,.1235016167282921
varmiss,dcdh,66,2,2.758466219813847,.1291323301625045
varmiss,lpdid,66,0,1.504738868418569,.0945685763528822
varmiss,lpdid,66,1,2.124442619268772,.1357131824771553
varmiss,lpdid,66,2,2.774236783232629,.155384163694977
varmiss,lpdid_rw,66,0,1.600550926433679,.0970052439679528
varmiss,lpdid_rw,66,1,2.220912834735745,.1394857862220419
varmiss,lpdid_rw,66,2,2.681302959744163,.1543436560068218
varmiss,sa,66,0,1.783590236611222,.0813226846220644
varmiss,sa,66,1,2.388140192523281,.0937686359747311
varmiss,sa,66,2,3.196711628890167,.107072827993367
varmiss,csdid,67,0,1.936551118832969,.1047773641005202
varmiss,csdid,67,1,2.307014332977281,.1114423554751392
varmiss,csdid,67,2,2.945525028278877,.1102483845128594
varmiss,jwdid,67,0,1.896907512492551,.071249238544734
varmiss,jwdid,67,1,2.59926747848099,.0831908752874674
varmiss,jwdid,67,2,3.323552935681468,.08074555196776
varmiss,jwdid_uc,67,0,1.896907512492528,.0842512980957331
varmiss,jwdid_uc,67,1,2.599267478480959,.0960985467417329
varmiss,jwdid_uc,67,2,3.323552935681435,.0893125305844719
varmiss,bjs,67,0,1.90912189226367,.0726539650208135
varmiss,bjs,67,1,2.596614404525099,.0846617452889259
varmiss,bjs,67,2,3.338842108350946,.0819238031413793
varmiss,bjs_wtr,67,0,2.055582865318797,.0744271570587625
varmiss,bjs_wtr,67,1,2.468023751789588,.0855395437578016
varmiss,bjs_wtr,67,2,3.101217696239473,.088073390957752
varmiss,dcdh,67,0,1.770499879893714,.1017610769511295
varmiss,dcdh,67,1,2.433015383182762,.1352541086186831
varmiss,dcdh,67,2,3.289122072787571,.1335085670531693
varmiss,lpdid,67,0,1.636081048129552,.1059176118105826
varmiss,lpdid,67,1,2.318356813720228,.1614235518362553
varmiss,lpdid,67,2,3.336858650689936,.1568606849130715
varmiss,lpdid_rw,67,0,1.770500332297622,.1079384043852818
varmiss,lpdid_rw,67,1,2.497475708383884,.1614975444459973
varmiss,lpdid_rw,67,2,3.121192161121761,.1659516323477994
varmiss,sa,67,0,1.955398008008103,.0912568911936592
varmiss,sa,67,1,2.617046362371751,.1034544501585838
varmiss,sa,67,2,3.347240353297199,.1059756094404304
varmiss,csdid,68,0,2.006071246758568,.1006076650260762
varmiss,csdid,68,1,2.532143232978317,.107179174923558
varmiss,csdid,68,2,3.033053270147253,.1088911113375541
varmiss,jwdid,68,0,1.875369870618155,.0667861645581364
varmiss,jwdid,68,1,2.687892701389324,.0768153811784716
varmiss,jwdid,68,2,3.236935668300894,.0787728361083126
varmiss,jwdid_uc,68,0,1.875369870618141,.075458168115539
varmiss,jwdid_uc,68,1,2.687892701389312,.0858904190034429
varmiss,jwdid_uc,68,2,3.236935668300885,.0852423210849239
varmiss,bjs,68,0,1.892409587399015,.0682872047362163
varmiss,bjs,68,1,2.691670102907665,.0784697656576716
varmiss,bjs,68,2,3.231542499561328,.0788927597610442
varmiss,bjs_wtr,68,0,2.056039708983008,.0706743574780474
varmiss,bjs_wtr,68,1,2.569767070854141,.0798871289788885
varmiss,bjs_wtr,68,2,3.006094955781009,.0824049564390415
varmiss,dcdh,68,0,1.654370558587087,.0950956689112068
varmiss,dcdh,68,1,2.254310982451758,.1295855357999873
varmiss,dcdh,68,2,2.878826884437005,.1257848156982031
varmiss,lpdid,68,0,1.593874681912456,.0968965565925517
varmiss,lpdid,68,1,2.184695912469974,.1458820050285866
varmiss,lpdid,68,2,2.93829166733302,.1472579544318307
varmiss,lpdid_rw,68,0,1.654370511738951,.0981359254424462
varmiss,lpdid_rw,68,1,2.246832552735077,.1511400012921292
varmiss,lpdid_rw,68,2,2.813030094485065,.1483412933597038
varmiss,sa,68,0,1.777673527251721,.0859134766251204
varmiss,sa,68,1,2.636024995414115,.0925650878032644
varmiss,sa,68,2,3.182518749546847,.0993007196176479
varmiss,csdid,69,0,2.040699931417488,.1094540614226246
varmiss,csdid,69,1,2.390466665479017,.1164644605454051
varmiss,csdid,69,2,2.983125177787344,.1130825821276284
varmiss,jwdid,69,0,1.848583792149688,.0714565630034628
varmiss,jwdid,69,1,2.489234402090313,.0816413135003298
varmiss,jwdid,69,2,3.090016278894359,.0810343276747641
varmiss,jwdid_uc,69,0,1.848583792149698,.0796339520489046
varmiss,jwdid_uc,69,1,2.489234402090307,.0917131393870887
varmiss,jwdid_uc,69,2,3.090016278894354,.0882180242965287
varmiss,bjs,69,0,1.871771554093357,.0730522200916625
varmiss,bjs,69,1,2.498423452671886,.0833604605304346
varmiss,bjs,69,2,3.115878969656478,.08224903412518
varmiss,bjs_wtr,69,0,2.024305617986101,.0770221363249866
varmiss,bjs_wtr,69,1,2.393123984448721,.084624843074061
varmiss,bjs_wtr,69,2,2.938575238818885,.0855749410158836
varmiss,dcdh,69,0,1.846248637355907,.1000600652381521
varmiss,dcdh,69,1,2.152243456612701,.1296831709559758
varmiss,dcdh,69,2,2.789090817586828,.1331946652214023
varmiss,lpdid,69,0,1.736062339270489,.099275265127576
varmiss,lpdid,69,1,1.987798331228949,.156190088026067
varmiss,lpdid,69,2,2.819845592838139,.1530378774080379
varmiss,lpdid_rw,69,0,1.846248753282133,.1038278728459309
varmiss,lpdid_rw,69,1,2.131616064067129,.1624861246734163
varmiss,lpdid_rw,69,2,2.705268766079004,.153271903917156
varmiss,sa,69,0,1.91040049873035,.0846262135321655
varmiss,sa,69,1,2.502950802997119,.1001748905630332
varmiss,sa,69,2,3.121945154126795,.1056005660053465
varmiss,csdid,70,0,2.062503262180552,.0970105735648063
varmiss,csdid,70,1,2.65477650738926,.1081019548341825
varmiss,csdid,70,2,2.986349979526359,.1067959179171339
varmiss,jwdid,70,0,1.814574479067405,.0668518303811127
varmiss,jwdid,70,1,2.587566430673627,.081530094875087
varmiss,jwdid,70,2,3.134687695107951,.0800797536555555
varmiss,jwdid_uc,70,0,1.814574479067411,.0734601065649353
varmiss,jwdid_uc,70,1,2.587566430673635,.0937079936747235
varmiss,jwdid_uc,70,2,3.134687695107965,.0894578981647565
varmiss,bjs,70,0,1.786328573150968,.0688738177486897
varmiss,bjs,70,1,2.580563703735606,.0829392562634484
varmiss,bjs,70,2,3.1442651190373,.0809979844524944
varmiss,bjs_wtr,70,0,1.93900127505367,.0729071433032593
varmiss,bjs_wtr,70,1,2.505478379311626,.0830134168164835
varmiss,bjs_wtr,70,2,2.886343957710778,.0845503066083591
varmiss,dcdh,70,0,1.710200444815763,.0873320518859023
varmiss,dcdh,70,1,2.100952948090371,.12248227617363
varmiss,dcdh,70,2,2.885132982040266,.1250784965431231
varmiss,lpdid,70,0,1.616887296093469,.0889956418305304
varmiss,lpdid,70,1,1.904822059596139,.1404925063253748
varmiss,lpdid,70,2,2.891427743710919,.1475314110494651
varmiss,lpdid_rw,70,0,1.710200571916916,.0910416031476595
varmiss,lpdid_rw,70,1,2.062270124207554,.1478155515177793
varmiss,lpdid_rw,70,2,2.759394592369413,.1483813291456575
varmiss,sa,70,0,1.782016436654311,.0818792631502695
varmiss,sa,70,1,2.617095268008034,.102086885179558
varmiss,sa,70,2,3.222925776195435,.1031845772478391
varmiss,csdid,71,0,1.931658673986064,.0997770074830969
varmiss,csdid,71,1,2.431588195432635,.1110105988272904
varmiss,csdid,71,2,2.999208275631158,.1074698564879655
varmiss,jwdid,71,0,1.904391928206999,.0676963009254269
varmiss,jwdid,71,1,2.63631933307779,.0813348263804492
varmiss,jwdid,71,2,3.286102933069641,.0792845910498048
varmiss,jwdid_uc,71,0,1.904391928206996,.0796141607664436
varmiss,jwdid_uc,71,1,2.636319333077782,.0922779096096985
varmiss,jwdid_uc,71,2,3.286102933069637,.0841058921750015
varmiss,bjs,71,0,1.888144912747521,.0689968678202351
varmiss,bjs,71,1,2.644182813652151,.0820418230935791
varmiss,bjs,71,2,3.303454699213034,.0796982221158788
varmiss,bjs_wtr,71,0,2.067264495479321,.0719079098995626
varmiss,bjs_wtr,71,1,2.56344364247343,.0826320610156289
varmiss,bjs_wtr,71,2,3.124741538355011,.0820977756401358
varmiss,dcdh,71,0,1.770402637493048,.0953620371517399
varmiss,dcdh,71,1,2.311387463037653,.1269661672345049
varmiss,dcdh,71,2,2.914175673228529,.1192077269853829
varmiss,lpdid,71,0,1.638209060679492,.1001540174519229
varmiss,lpdid,71,1,2.246856926098227,.1416031568974078
varmiss,lpdid,71,2,2.936659112061892,.1385125950134652
varmiss,lpdid_rw,71,0,1.77040280235521,.1016508501437247
varmiss,lpdid_rw,71,1,2.387475030681051,.1435317797717403
varmiss,lpdid_rw,71,2,2.84830158781253,.1402372681817974
varmiss,sa,71,0,1.877746867733177,.0880934691006374
varmiss,sa,71,1,2.601176623542268,.0961476350432428
varmiss,sa,71,2,3.230841684592547,.0957954238030868
varmiss,csdid,72,0,2.001089488468798,.1007318815826992
varmiss,csdid,72,1,2.515176766660093,.1088119840390932
varmiss,csdid,72,2,2.871265531781543,.1073761262965023
varmiss,jwdid,72,0,1.848727729489793,.0669369044288505
varmiss,jwdid,72,1,2.616745698914769,.078698760224099
varmiss,jwdid,72,2,3.262244742939599,.0768670000856048
varmiss,jwdid_uc,72,0,1.848727729489785,.0779880339666374
varmiss,jwdid_uc,72,1,2.616745698914761,.0854434676247213
varmiss,jwdid_uc,72,2,3.262244742939602,.0861110337466973
varmiss,bjs,72,0,1.849479373415306,.0687126938587034
varmiss,bjs,72,1,2.636062009860325,.0801947665861119
varmiss,bjs,72,2,3.270718855491396,.0772820550299389
varmiss,bjs_wtr,72,0,2.028525933968922,.0710638128499959
varmiss,bjs_wtr,72,1,2.587531674704223,.081383872516737
varmiss,bjs_wtr,72,2,3.028733881119479,.0798582894359283
varmiss,dcdh,72,0,1.677680050397678,.0986265587063614
varmiss,dcdh,72,1,2.186835199212224,.1342240261006524
varmiss,dcdh,72,2,2.742767977402723,.1271666716880367
varmiss,lpdid,72,0,1.594954292086117,.1030132684389217
varmiss,lpdid,72,1,2.129663202925886,.1461119637399532
varmiss,lpdid,72,2,2.778423468463412,.1549793731008795
varmiss,lpdid_rw,72,0,1.677680329764788,.1035044417445475
varmiss,lpdid_rw,72,1,2.19121344502152,.1531358205578883
varmiss,lpdid_rw,72,2,2.610916152286344,.1527258512211047
varmiss,sa,72,0,1.786156392631619,.0867870545171173
varmiss,sa,72,1,2.517452946652361,.0936609771017017
varmiss,sa,72,2,3.1505411625913,.1028909735695093
varmiss,csdid,73,0,2.157259348544542,.1022177059464758
varmiss,csdid,73,1,2.611367053731616,.1072703961188392
varmiss,csdid,73,2,3.05333009867303,.1092249348438444
varmiss,jwdid,73,0,1.922517504784119,.0695411482894281
varmiss,jwdid,73,1,2.710363306130378,.0779821316772271
varmiss,jwdid,73,2,3.333424264103886,.0778706431166733
varmiss,jwdid_uc,73,0,1.922517504784116,.0818006934077277
varmiss,jwdid_uc,73,1,2.710363306130368,.087566911392081
varmiss,jwdid_uc,73,2,3.333424264103892,.0865409842744341
varmiss,bjs,73,0,1.914798624789,.0718590559596791
varmiss,bjs,73,1,2.725072887544229,.0801558067072042
varmiss,bjs,73,2,3.350053443267825,.0786399582544805
varmiss,bjs_wtr,73,0,2.093546465916006,.0738561911641021
varmiss,bjs_wtr,73,1,2.623446895551751,.0811178556493558
varmiss,bjs_wtr,73,2,3.10457658078667,.0815777715396879
varmiss,dcdh,73,0,1.788977550830292,.0999735356955398
varmiss,dcdh,73,1,2.505083988995853,.129263597801699
varmiss,dcdh,73,2,2.939406002543814,.1236703661118162
varmiss,lpdid,73,0,1.675634338096063,.1062437291029789
varmiss,lpdid,73,1,2.377536674333253,.1479670075919846
varmiss,lpdid,73,2,2.835641042134954,.1500472023343714
varmiss,lpdid_rw,73,0,1.788976691444202,.1061851202254161
varmiss,lpdid_rw,73,1,2.478697394885398,.15278794559168
varmiss,lpdid_rw,73,2,2.745095187500629,.1513658870444501
varmiss,sa,73,0,1.919307418646339,.0891892818656749
varmiss,sa,73,1,2.692345576532571,.0959579705935908
varmiss,sa,73,2,3.316951432138386,.1054341471777338
varmiss,csdid,74,0,1.960786080342568,.1059141471022674
varmiss,csdid,74,1,2.413840345112048,.1093474463949472
varmiss,csdid,74,2,2.921067271125251,.1102318029317531
varmiss,jwdid,74,0,1.832678446078733,.0703563612941852
varmiss,jwdid,74,1,2.571059167928905,.0777264167545677
varmiss,jwdid,74,2,3.205861043777278,.0797511425486061
varmiss,jwdid_uc,74,0,1.832678446078737,.080451539552134
varmiss,jwdid_uc,74,1,2.57105916792889,.0894258863074002
varmiss,jwdid_uc,74,2,3.205861043777249,.0872304725142802
varmiss,bjs,74,0,1.862317100692962,.0720330404807115
varmiss,bjs,74,1,2.538137345356517,.0795558677722113
varmiss,bjs,74,2,3.198876125192328,.0810309253828383
varmiss,bjs_wtr,74,0,2.049066463416239,.0757429344742403
varmiss,bjs_wtr,74,1,2.475403855220065,.0800281452622567
varmiss,bjs_wtr,74,2,2.995301363942417,.0844144941264338
varmiss,dcdh,74,0,1.77290406060562,.0968028253818432
varmiss,dcdh,74,1,2.338506922910481,.1217878771094263
varmiss,dcdh,74,2,2.935710957821238,.1297325258623297
varmiss,lpdid,74,0,1.631355955064539,.0981567905158306
varmiss,lpdid,74,1,2.242632965712665,.1495857040809798
varmiss,lpdid,74,2,2.964131030829752,.1511715922136334
varmiss,lpdid_rw,74,0,1.772903684519984,.1024797444452477
varmiss,lpdid_rw,74,1,2.472312591956084,.1560230505943462
varmiss,lpdid_rw,74,2,2.863745327682251,.151829873719057
varmiss,sa,74,0,1.779871912976837,.0879783678365165
varmiss,sa,74,1,2.518388290307646,.0971317804514377
varmiss,sa,74,2,3.16300983871715,.1037790286623091
varmiss,csdid,75,0,2.028131095036938,.1018018734906991
varmiss,csdid,75,1,2.507795712875695,.1111709389147493
varmiss,csdid,75,2,2.976337163477225,.1097703551763561
varmiss,jwdid,75,0,1.986077353030145,.071244611918813
varmiss,jwdid,75,1,2.621047299073024,.0785364050152329
varmiss,jwdid,75,2,3.347680813705647,.0803753102130518
varmiss,jwdid_uc,75,0,1.986077353030142,.0822640174073063
varmiss,jwdid_uc,75,1,2.621047299073017,.0908779272664738
varmiss,jwdid_uc,75,2,3.347680813705604,.0869244099057161
varmiss,bjs,75,0,1.953314871958241,.0731947104183993
varmiss,bjs,75,1,2.595811210145939,.0816080138740005
varmiss,bjs,75,2,3.323283485460706,.0807649525947151
varmiss,bjs_wtr,75,0,2.11074301281883,.0747101137359263
varmiss,bjs_wtr,75,1,2.548044654610749,.083418804574406
varmiss,bjs_wtr,75,2,3.103338583183358,.0840139506142942
varmiss,dcdh,75,0,1.654390421922748,.0984274057318736
varmiss,dcdh,75,1,2.195160951073726,.1321281397508722
varmiss,dcdh,75,2,3.028015188864616,.1262733486496527
varmiss,lpdid,75,0,1.554957089221481,.1022363320292848
varmiss,lpdid,75,1,2.050718551743041,.1540111809579425
varmiss,lpdid,75,2,2.875631802320107,.1418082583153095
varmiss,lpdid_rw,75,0,1.654390703954756,.1027720906562633
varmiss,lpdid_rw,75,1,2.199162887423653,.1621960504187691
varmiss,lpdid_rw,75,2,2.770635293077904,.1502093315247823
varmiss,sa,75,0,1.925928933659915,.0894395365923808
varmiss,sa,75,1,2.560755260415043,.0942361403021246
varmiss,sa,75,2,3.24065854515472,.1003398159060172
varmiss,csdid,76,0,2.034263304666925,.1031766748960283
varmiss,csdid,76,1,2.585453073780219,.11249082459345
varmiss,csdid,76,2,3.039867848156909,.110001397342411
varmiss,jwdid,76,0,1.845371672095638,.0665907076120245
varmiss,jwdid,76,1,2.546417288270674,.0809559910363844
varmiss,jwdid,76,2,3.20720352780129,.0768807269182026
varmiss,jwdid_uc,76,0,1.845371672095632,.0774514302970173
varmiss,jwdid_uc,76,1,2.54641728827067,.0924963697461406
varmiss,jwdid_uc,76,2,3.207203527801294,.0853691469913522
varmiss,bjs,76,0,1.867938295071781,.0672662265754874
varmiss,bjs,76,1,2.537709095578521,.0812963580673856
varmiss,bjs,76,2,3.224713864454316,.0774806235933355
varmiss,bjs_wtr,76,0,2.065575166283907,.0701072374418927
varmiss,bjs_wtr,76,1,2.443317422350447,.0814996581101348
varmiss,bjs_wtr,76,2,2.947157115095251,.0807934048977647
varmiss,dcdh,76,0,1.739671528313178,.0959158566246689
varmiss,dcdh,76,1,2.173580991117349,.1401656422952764
varmiss,dcdh,76,2,2.887847007930878,.1284034989451198
varmiss,lpdid,76,0,1.651823121682133,.0973275700331921
varmiss,lpdid,76,1,2.159083723453057,.1573206913922024
varmiss,lpdid,76,2,2.94239864317948,.1467315059618289
varmiss,lpdid_rw,76,0,1.739671302321182,.1000254233487523
varmiss,lpdid_rw,76,1,2.282210290410424,.1591696000460304
varmiss,lpdid_rw,76,2,2.784712600309045,.1451943720568433
varmiss,sa,76,0,1.835014787378709,.0859199423888534
varmiss,sa,76,1,2.536279806698336,.1015597139844501
varmiss,sa,76,2,3.217657672280305,.1056535803234607
varmiss,csdid,77,0,2.017579492792505,.1059912036300292
varmiss,csdid,77,1,2.704287858502551,.1084830303995403
varmiss,csdid,77,2,3.205943808073561,.1055325533678469
varmiss,jwdid,77,0,1.730621173643523,.0686194404272415
varmiss,jwdid,77,1,2.618528054663024,.0771514262418553
varmiss,jwdid,77,2,3.241281694110928,.078967879662442
varmiss,jwdid_uc,77,0,1.730621173643532,.0794213255477372
varmiss,jwdid_uc,77,1,2.61852805466303,.0860229611791023
varmiss,jwdid_uc,77,2,3.241281694110924,.0873469475063924
varmiss,bjs,77,0,1.722768507313958,.0704380966115049
varmiss,bjs,77,1,2.617781653454585,.0787344801880858
varmiss,bjs,77,2,3.228721386083635,.0798798370171345
varmiss,bjs_wtr,77,0,1.907964507837278,.0739183245233262
varmiss,bjs_wtr,77,1,2.558600168129487,.0802485248510509
varmiss,bjs_wtr,77,2,3.000218587636482,.0827098591304032
varmiss,dcdh,77,0,1.575326801307559,.0953680563654494
varmiss,dcdh,77,1,2.443171888851152,.1189488378198227
varmiss,dcdh,77,2,2.968390506881668,.1231398865475716
varmiss,lpdid,77,0,1.480347688573514,.0973705950954526
varmiss,lpdid,77,1,2.226997918092736,.1345467543654354
varmiss,lpdid,77,2,2.933762053392635,.145315633773237
varmiss,lpdid_rw,77,0,1.57532759746969,.1000312461227263
varmiss,lpdid_rw,77,1,2.343235718366845,.1417330321974102
varmiss,lpdid_rw,77,2,2.815780177032672,.1448845142239511
varmiss,sa,77,0,1.746055479021961,.0859772015951402
varmiss,sa,77,1,2.654891643227589,.0916486611271464
varmiss,sa,77,2,3.295371953521174,.1019225791808929
varmiss,csdid,78,0,1.895395112249847,.1021015947697599
varmiss,csdid,78,1,2.499840806603269,.1151264910172977
varmiss,csdid,78,2,3.015341760514914,.114522595835544
varmiss,jwdid,78,0,1.759273772671973,.0668893967060722
varmiss,jwdid,78,1,2.599293638042525,.0832080761790904
varmiss,jwdid,78,2,3.236163322314538,.0824578774818859
varmiss,jwdid_uc,78,0,1.759273772671978,.0765857285111554
varmiss,jwdid_uc,78,1,2.599293638042528,.0961143410023749
varmiss,jwdid_uc,78,2,3.236163322314553,.0901095611273059
varmiss,bjs,78,0,1.758557915265555,.068237085379495
varmiss,bjs,78,1,2.60721328411455,.0846241716140938
varmiss,bjs,78,2,3.243119472237595,.083399517532769
varmiss,bjs_wtr,78,0,1.9102316474291,.0721730594673017
varmiss,bjs_wtr,78,1,2.497297285677632,.0856437816647293
varmiss,bjs_wtr,78,2,2.964405031802016,.0879676431049162
varmiss,dcdh,78,0,1.567584891349788,.0949568515091955
varmiss,dcdh,78,1,2.024959254729514,.1308476635091516
varmiss,dcdh,78,2,2.925104289077916,.134450161631362
varmiss,lpdid,78,0,1.44168970318114,.0966781350323817
varmiss,lpdid,78,1,1.912905677655487,.1525882289188946
varmiss,lpdid,78,2,3.060183526181014,.1545493855470201
varmiss,lpdid_rw,78,0,1.567584873500955,.0997449576365609
varmiss,lpdid_rw,78,1,2.119544265215994,.1582854615062999
varmiss,lpdid_rw,78,2,2.883487673595285,.1597202919581375
varmiss,sa,78,0,1.748747112054264,.0835402715224785
varmiss,sa,78,1,2.568661533331143,.1025413670029742
varmiss,sa,78,2,3.209884079408954,.1034642768448976
varmiss,csdid,79,0,1.931698731605236,.1000965462066721
varmiss,csdid,79,1,2.485306604858918,.1138286287702155
varmiss,csdid,79,2,2.961123584257832,.1080656609453206
varmiss,jwdid,79,0,1.8592384477321,.0708675242315621
varmiss,jwdid,79,1,2.510898680500565,.0814204442002549
varmiss,jwdid,79,2,3.238634156060983,.0815357895920581
varmiss,jwdid_uc,79,0,1.859238447732096,.0796053403509655
varmiss,jwdid_uc,79,1,2.510898680500571,.092560127747187
varmiss,jwdid_uc,79,2,3.238634156060953,.0868702520330639
varmiss,bjs,79,0,1.867632901297839,.0724163814525701
varmiss,bjs,79,1,2.496993122428648,.0814021447080623
varmiss,bjs,79,2,3.250115343438665,.0823905920445943
varmiss,bjs_wtr,79,0,1.972792136870339,.075136362103791
varmiss,bjs_wtr,79,1,2.475152203695416,.0830654543758898
varmiss,bjs_wtr,79,2,3.061099972503143,.0851095722652999
varmiss,dcdh,79,0,1.697051158326049,.0928699082962904
varmiss,dcdh,79,1,2.188801548844073,.1300376966487946
varmiss,dcdh,79,2,2.917083091481998,.1276148086206616
varmiss,lpdid,79,0,1.580913124984835,.0953908278633176
varmiss,lpdid,79,1,2.137505717015682,.1432495717884609
varmiss,lpdid,79,2,2.931329212092607,.1465407639674613
varmiss,lpdid_rw,79,0,1.697051193161604,.0978836618090634
varmiss,lpdid_rw,79,1,2.226012599403284,.1466743736528794
varmiss,lpdid_rw,79,2,2.805430773445684,.1503830320865467
varmiss,sa,79,0,1.855748551462323,.0873732220926847
varmiss,sa,79,1,2.468391417039675,.1006030683201296
varmiss,sa,79,2,3.201075332071063,.1030080630436544
varmiss,csdid,80,0,1.992641135632541,.1084794361478491
varmiss,csdid,80,1,2.556607598570811,.112119367418513
varmiss,csdid,80,2,3.085716597062999,.1064738028688114
varmiss,jwdid,80,0,1.845621070894637,.0742388413524295
varmiss,jwdid,80,1,2.59278677988021,.0832995291597784
varmiss,jwdid,80,2,3.254747863521698,.0790502155366948
varmiss,jwdid_uc,80,0,1.845621070894641,.0846424803185049
varmiss,jwdid_uc,80,1,2.592786779880223,.0967885070653478
varmiss,jwdid_uc,80,2,3.254747863521693,.0850827395316244
varmiss,bjs,80,0,1.832341092398565,.0766042602212048
varmiss,bjs,80,1,2.583967502864652,.0854196665537447
varmiss,bjs,80,2,3.270120329401834,.0802229850680674
varmiss,bjs_wtr,80,0,1.970718166336155,.0778222538522176
varmiss,bjs_wtr,80,1,2.525183238723002,.0869266844585281
varmiss,bjs_wtr,80,2,3.102268395596184,.0839479346824087
varmiss,dcdh,80,0,1.756203473426276,.1027230117779914
varmiss,dcdh,80,1,2.330044833993691,.1294404883279671
varmiss,dcdh,80,2,3.151369923848562,.1303479764106529
varmiss,lpdid,80,0,1.647291699184878,.1071114144848263
varmiss,lpdid,80,1,2.194678041162549,.1516326805172447
varmiss,lpdid,80,2,3.16278574841833,.1458905029029318
varmiss,lpdid_rw,80,0,1.756202746491657,.1077725428672144
varmiss,lpdid_rw,80,1,2.358370277394786,.1521715687934319
varmiss,lpdid_rw,80,2,3.038891757084671,.1505330163141182
varmiss,sa,80,0,1.849456954298745,.0929787088767331
varmiss,sa,80,1,2.620389471636545,.1026141792956689
varmiss,sa,80,2,3.308151744089339,.0970772224518764
varmiss,csdid,81,0,1.962793762216905,.1049472835524465
varmiss,csdid,81,1,2.458421733124601,.1105432873243883
varmiss,csdid,81,2,2.844893262024493,.1129382754758761
varmiss,jwdid,81,0,1.84489977114753,.0720420358931042
varmiss,jwdid,81,1,2.596103262602466,.0795120411961424
varmiss,jwdid,81,2,3.152402194787888,.0841909357048325
varmiss,jwdid_uc,81,0,1.844899771147518,.0839188585368918
varmiss,jwdid_uc,81,1,2.596103262602468,.0881261343609612
varmiss,jwdid_uc,81,2,3.152402194787876,.0898100320083148
varmiss,bjs,81,0,1.849278940328077,.0734639055967051
varmiss,bjs,81,1,2.592463828943437,.0811866198345666
varmiss,bjs,81,2,3.158477468517049,.0856947853645165
varmiss,bjs_wtr,81,0,2.048789817205034,.076103471617085
varmiss,bjs_wtr,81,1,2.496116081238142,.0829424111380215
varmiss,bjs_wtr,81,2,2.927694785030326,.0923974540327163
varmiss,dcdh,81,0,1.739199526702395,.0960870427384699
varmiss,dcdh,81,1,2.174112775548919,.1226866318689204
varmiss,dcdh,81,2,2.683171287629242,.1263178636284193
varmiss,lpdid,81,0,1.64528310401989,.0997580195053522
varmiss,lpdid,81,1,2.068230788081121,.1349001696428817
varmiss,lpdid,81,2,2.615303662567286,.1482168265539642
varmiss,lpdid_rw,81,0,1.739200135013774,.1003752098839935
varmiss,lpdid_rw,81,1,2.185778971173111,.1383453328034941
varmiss,lpdid_rw,81,2,2.437503873451516,.1561202372337753
varmiss,sa,81,0,1.794405480635497,.0912713581148427
varmiss,sa,81,1,2.566575966447235,.0926914252643126
varmiss,sa,81,2,3.097808201993305,.0998868119550943
varmiss,csdid,82,0,1.752336717792645,.1028369154616518
varmiss,csdid,82,1,2.358715068467301,.107431698827172
varmiss,csdid,82,2,2.865868676405375,.111097244983721
varmiss,jwdid,82,0,1.723196589541641,.0687857444392814
varmiss,jwdid,82,1,2.406330642645456,.0796069894606663
varmiss,jwdid,82,2,3.222429200855364,.0824683966062897
varmiss,jwdid_uc,82,0,1.723196589541646,.0775674989713726
varmiss,jwdid_uc,82,1,2.40633064264545,.0895147886569141
varmiss,jwdid_uc,82,2,3.222429200855361,.0907729277249879
varmiss,bjs,82,0,1.712373028290131,.07009151707436
varmiss,bjs,82,1,2.392587406140592,.0813024778350806
varmiss,bjs,82,2,3.217850210472534,.0833856727065007
varmiss,bjs_wtr,82,0,1.856946893697568,.0733316992287636
varmiss,bjs_wtr,82,1,2.397185292295035,.0823287375945637
varmiss,bjs_wtr,82,2,2.977339548029704,.0858002857563835
varmiss,dcdh,82,0,1.587701834223552,.0942342563041459
varmiss,dcdh,82,1,2.135251647597524,.1223911300949831
varmiss,dcdh,82,2,2.847648981846533,.1289152754284047
varmiss,lpdid,82,0,1.480820444227472,.0951371341650121
varmiss,lpdid,82,1,2.05213140143086,.1355535212902182
varmiss,lpdid,82,2,2.829541803376471,.1470334439631621
varmiss,lpdid_rw,82,0,1.587702398759096,.0987278837017711
varmiss,lpdid_rw,82,1,2.209455865517627,.1409604374231071
varmiss,lpdid_rw,82,2,2.671555548023648,.1492633748730152
varmiss,sa,82,0,1.684350303449032,.0848851513528831
varmiss,sa,82,1,2.370680206280415,.0930260968567888
varmiss,sa,82,2,3.12490636483987,.099257255848581
varmiss,csdid,83,0,2.080912930751865,.1045803975417708
varmiss,csdid,83,1,2.580895380682526,.1105878489163042
varmiss,csdid,83,2,3.100630165971516,.1122694464958376
varmiss,jwdid,83,0,1.876988348044488,.071685278896907
varmiss,jwdid,83,1,2.616247055146917,.0808476469457134
varmiss,jwdid,83,2,3.365878916452002,.082377175822554
varmiss,jwdid_uc,83,0,1.876988348044477,.0818858083094636
varmiss,jwdid_uc,83,1,2.616247055146901,.0916744137432619
varmiss,jwdid_uc,83,2,3.365878916451997,.0902283612610704
varmiss,bjs,83,0,1.849653864148422,.0734530395019337
varmiss,bjs,83,1,2.604883517888993,.0820320825404477
varmiss,bjs,83,2,3.332830078186817,.0833179008566714
varmiss,bjs_wtr,83,0,2.004213568861815,.07549527289853
varmiss,bjs_wtr,83,1,2.558441010925435,.0831983314107596
varmiss,bjs_wtr,83,2,3.066548214133945,.0876890635156463
varmiss,dcdh,83,0,1.768059650672498,.1031125012467188
varmiss,dcdh,83,1,2.232188377275046,.1312005281640599
varmiss,dcdh,83,2,3.055556488223374,.1270716779131004
varmiss,lpdid,83,0,1.641125818634177,.1042994408815772
varmiss,lpdid,83,1,2.133308948247195,.1461121413320322
varmiss,lpdid,83,2,3.027006314654998,.1480891959248867
varmiss,lpdid_rw,83,0,1.7680603159921,.1070144359364201
varmiss,lpdid_rw,83,1,2.2552096961163,.1496389847957034
varmiss,lpdid_rw,83,2,2.89882086376841,.1506290559902014
varmiss,sa,83,0,1.831717401033083,.0915914872503352
varmiss,sa,83,1,2.607804325693421,.0985699024029248
varmiss,sa,83,2,3.373075740254415,.1068728844208345
varmiss,csdid,84,0,1.902562448591854,.1002688494662915
varmiss,csdid,84,1,2.38411515379739,.1071476115142989
varmiss,csdid,84,2,2.824267837640233,.1157761419669697
varmiss,jwdid,84,0,1.786974989275972,.069308933406823
varmiss,jwdid,84,1,2.539475662115925,.07606288631345
varmiss,jwdid,84,2,3.225347309090858,.0800213631896661
varmiss,jwdid_uc,84,0,1.786974989275956,.0791091786919559
varmiss,jwdid_uc,84,1,2.539475662115915,.0892517270464404
varmiss,jwdid_uc,84,2,3.225347309090846,.0896864897645837
varmiss,bjs,84,0,1.765191626691376,.0709396274360427
varmiss,bjs,84,1,2.532706565200897,.077628683883247
varmiss,bjs,84,2,3.220084545209829,.0809268104772288
varmiss,bjs_wtr,84,0,1.920288175300811,.0733693687250132
varmiss,bjs_wtr,84,1,2.477277407001566,.0788984964710139
varmiss,bjs_wtr,84,2,2.931408014206681,.0864837115742225
varmiss,dcdh,84,0,1.753409697158678,.0939354635061115
varmiss,dcdh,84,1,2.356614410955537,.1187497542571789
varmiss,dcdh,84,2,2.680759819211425,.1273312146089315
varmiss,lpdid,84,0,1.628893124914965,.0964997191688094
varmiss,lpdid,84,1,2.307403971038261,.1331267259922537
varmiss,lpdid,84,2,2.861804730197904,.1401482081971339
varmiss,lpdid_rw,84,0,1.753409776838605,.0993808549532423
varmiss,lpdid_rw,84,1,2.431848502373586,.1372904762327938
varmiss,lpdid_rw,84,2,2.702658279922137,.1432267497524234
varmiss,sa,84,0,1.780572664750473,.0852493131120109
varmiss,sa,84,1,2.516882915377658,.0951938855204165
varmiss,sa,84,2,3.199621756996982,.1067297703803012
varmiss,csdid,85,0,1.886636977125496,.1073616309077861
varmiss,csdid,85,1,2.35849184838423,.1139573571913404
varmiss,csdid,85,2,2.91274116931007,.1121387323692886
varmiss,jwdid,85,0,1.666273485989556,.0708481322847223
varmiss,jwdid,85,1,2.452791947398808,.0798554331574732
varmiss,jwdid,85,2,3.116232059954416,.0794124251859639
varmiss,jwdid_uc,85,0,1.666273485989568,.0798107154066523
varmiss,jwdid_uc,85,1,2.452791947398823,.0914392478881944
varmiss,jwdid_uc,85,2,3.116232059954419,.0887305287235469
varmiss,bjs,85,0,1.687105470909501,.0724609403025805
varmiss,bjs,85,1,2.486014092639834,.0824007938554082
varmiss,bjs,85,2,3.132863422724768,.0805929856076669
varmiss,bjs_wtr,85,0,1.872215853515172,.0769157487988033
varmiss,bjs_wtr,85,1,2.379546879406007,.0841815628249774
varmiss,bjs_wtr,85,2,2.925950439006556,.0836725232968257
varmiss,dcdh,85,0,1.516314515222484,.0958079235414077
varmiss,dcdh,85,1,2.202026179185387,.1193324921579438
varmiss,dcdh,85,2,2.739061307819012,.1273717835301742
varmiss,lpdid,85,0,1.43039778882086,.0965432768355752
varmiss,lpdid,85,1,2.039887628824992,.1377891574273969
varmiss,lpdid,85,2,2.744193934978942,.1451564536074192
varmiss,lpdid_rw,85,0,1.516314861266139,.0987382786782053
varmiss,lpdid_rw,85,1,2.150481171835442,.1429335217691262
varmiss,lpdid_rw,85,2,2.590769294371291,.150500667501745
varmiss,sa,85,0,1.663053382487701,.0882452167366996
varmiss,sa,85,1,2.474713465162536,.099555786993026
varmiss,sa,85,2,3.156307336500312,.1054007005400426
varmiss,csdid,86,0,1.982552122355916,.1056552043002977
varmiss,csdid,86,1,2.444178373204969,.1093783478602345
varmiss,csdid,86,2,2.971402219234824,.1089142279861661
varmiss,jwdid,86,0,1.862365250610417,.0695404941319231
varmiss,jwdid,86,1,2.642999708395258,.0761972389613684
varmiss,jwdid,86,2,3.148833042291116,.077791942141137
varmiss,jwdid_uc,86,0,1.862365250610416,.0793946853129109
varmiss,jwdid_uc,86,1,2.64299970839525,.0865983812251292
varmiss,jwdid_uc,86,2,3.148833042291121,.083988606447629
varmiss,bjs,86,0,1.861692535369457,.0718557264466512
varmiss,bjs,86,1,2.662645723714377,.077709669705505
varmiss,bjs,86,2,3.152335735998349,.07910043536346
varmiss,bjs_wtr,86,0,2.042802597890841,.0734552762073125
varmiss,bjs_wtr,86,1,2.578207587721408,.0781580042283755
varmiss,bjs_wtr,86,2,2.946067073105951,.0813470665705386
varmiss,dcdh,86,0,1.716451291740639,.0954286758369858
varmiss,dcdh,86,1,2.32967700663954,.1343487160626847
varmiss,dcdh,86,2,2.764653780717403,.1201723329758913
varmiss,lpdid,86,0,1.611898179053397,.1002914162584264
varmiss,lpdid,86,1,2.240789859340569,.1456261201200103
varmiss,lpdid,86,2,2.730560718664225,.1399554079285701
varmiss,lpdid_rw,86,0,1.716451317275999,.1005952613423312
varmiss,lpdid_rw,86,1,2.335973728933032,.1485440945613725
varmiss,lpdid_rw,86,2,2.654520270125026,.1391430433697327
varmiss,sa,86,0,1.825053180960987,.0873122070424239
varmiss,sa,86,1,2.58047728473572,.0931190725663852
varmiss,sa,86,2,3.064727492889338,.0967008853125615
varmiss,csdid,87,0,2.178061757906989,.1037615134466819
varmiss,csdid,87,1,2.616270583834537,.1093301853198499
varmiss,csdid,87,2,3.044771458785992,.1119581182613306
varmiss,jwdid,87,0,1.928755994624029,.0673591709912145
varmiss,jwdid,87,1,2.635471496467672,.080055673467875
varmiss,jwdid,87,2,3.219724925035132,.0792339944850078
varmiss,jwdid_uc,87,0,1.928755994624015,.0790247923973882
varmiss,jwdid_uc,87,1,2.635471496467658,.0880772455036944
varmiss,jwdid_uc,87,2,3.21972492503511,.0886202790059531
varmiss,bjs,87,0,1.913907261518489,.0685373834317685
varmiss,bjs,87,1,2.62533590084422,.0817315109161195
varmiss,bjs,87,2,3.211721536354162,.0805911932949706
varmiss,bjs_wtr,87,0,2.120044536879504,.071424722713048
varmiss,bjs_wtr,87,1,2.567025818229013,.0816898086923619
varmiss,bjs_wtr,87,2,2.98035159437859,.0832090754181596
varmiss,dcdh,87,0,1.852525815264011,.0976856583726842
varmiss,dcdh,87,1,2.294282209378487,.123241783214356
varmiss,dcdh,87,2,2.95919688532284,.1284437485050618
varmiss,lpdid,87,0,1.725654260975756,.099867969007482
varmiss,lpdid,87,1,2.150886207123327,.1378185512820586
varmiss,lpdid,87,2,2.930190908438872,.1440886961922433
varmiss,lpdid_rw,87,0,1.852526693895887,.1033303656935174
varmiss,lpdid_rw,87,1,2.265343831393741,.1464563955145004
varmiss,lpdid_rw,87,2,2.785539067092959,.1458229947043093
varmiss,sa,87,0,1.93660240458901,.0879409606271402
varmiss,sa,87,1,2.680661282981452,.0969958416179895
varmiss,sa,87,2,3.305323476488459,.1064023349602169
varmiss,csdid,88,0,2.155206016279613,.1119075786329593
varmiss,csdid,88,1,2.592258393331655,.1150621575276215
varmiss,csdid,88,2,3.017310811310401,.1123228930641775
varmiss,jwdid,88,0,1.916125210092051,.0677314466472038
varmiss,jwdid,88,1,2.57093744484221,.0802730412883953
varmiss,jwdid,88,2,3.142961753982684,.0783554891479332
varmiss,jwdid_uc,88,0,1.916125210092039,.0806903109794335
varmiss,jwdid_uc,88,1,2.570937444842201,.0936792949870637
varmiss,jwdid_uc,88,2,3.142961753982674,.0864466027706384
varmiss,bjs,88,0,1.899537369881728,.070287142058946
varmiss,bjs,88,1,2.585207186617481,.0826747314314697
varmiss,bjs,88,2,3.14584088230913,.0789747950572853
varmiss,bjs_wtr,88,0,2.045000308939052,.0723817277188292
varmiss,bjs_wtr,88,1,2.528744593964802,.0835111094769785
varmiss,bjs_wtr,88,2,2.959992393909488,.0814477616640396
varmiss,dcdh,88,0,1.766607779601356,.0991363830473234
varmiss,dcdh,88,1,2.239118383299559,.1295295054844846
varmiss,dcdh,88,2,2.865528911734,.1218818019669501
varmiss,lpdid,88,0,1.607409248420159,.1026561418332295
varmiss,lpdid,88,1,2.08624531735697,.1500318532431937
varmiss,lpdid,88,2,2.78876834803981,.1466507460756475
varmiss,lpdid_rw,88,0,1.766607153516187,.1060618616039437
varmiss,lpdid_rw,88,1,2.234982757177314,.1518034102426616
varmiss,lpdid_rw,88,2,2.612833292510481,.1460604440944024
varmiss,sa,88,0,1.899524367774359,.0926411970548667
varmiss,sa,88,1,2.578575939334788,.1061727350756751
varmiss,sa,88,2,3.225114512698861,.1060527539278189
varmiss,csdid,89,0,1.884236231107729,.1025156813181071
varmiss,csdid,89,1,2.350489056057321,.1108419044510244
varmiss,csdid,89,2,2.960859286654181,.1083210273575604
varmiss,jwdid,89,0,1.714236225966963,.0699128989792591
varmiss,jwdid,89,1,2.448597570843294,.0808557765258055
varmiss,jwdid,89,2,3.170055836513371,.0779212138563888
varmiss,jwdid_uc,89,0,1.714236225966959,.0767501465064199
varmiss,jwdid_uc,89,1,2.448597570843307,.0905415338125275
varmiss,jwdid_uc,89,2,3.170055836513386,.0842637157173275
varmiss,bjs,89,0,1.700984626499121,.0720177769379844
varmiss,bjs,89,1,2.415801793371429,.0831119965632797
varmiss,bjs,89,2,3.169503154036647,.0789390784812978
varmiss,bjs_wtr,89,0,1.831559023406044,.07505783088129
varmiss,bjs_wtr,89,1,2.325340510577007,.0849975831528066
varmiss,bjs_wtr,89,2,2.967446816008305,.0826247089101562
varmiss,dcdh,89,0,1.485029742689177,.0908263202832865
varmiss,dcdh,89,1,1.881238022525554,.131240413534716
varmiss,dcdh,89,2,2.813136841567493,.1221351912332889
varmiss,lpdid,89,0,1.400630810629534,.0929781915321786
varmiss,lpdid,89,1,1.872879440811444,.1467556652176066
varmiss,lpdid,89,2,2.780031638096737,.1409384204103321
varmiss,lpdid_rw,89,0,1.485029641961326,.0942241020255519
varmiss,lpdid_rw,89,1,1.956236030792256,.1526170424535162
varmiss,lpdid_rw,89,2,2.692894716334319,.1449063560149494
varmiss,sa,89,0,1.693332299426876,.0811922513502401
varmiss,sa,89,1,2.400379632473359,.0954526044614442
varmiss,sa,89,2,3.105705600507894,.0966924178844707
varmiss,csdid,90,0,2.168023712586725,.1072552183709631
varmiss,csdid,90,1,2.654017532889986,.1164844446540867
varmiss,csdid,90,2,3.217760213299919,.1126810971469605
varmiss,jwdid,90,0,1.986968235245417,.0711410697805415
varmiss,jwdid,90,1,2.598887378048134,.083467336817044
varmiss,jwdid,90,2,3.414858049000931,.0786007064610212
varmiss,jwdid_uc,90,0,1.986968235245414,.0832770274338642
varmiss,jwdid_uc,90,1,2.598887378048143,.0934999996144109
varmiss,jwdid_uc,90,2,3.414858049000927,.0873476618039633
varmiss,bjs,90,0,1.972662340540865,.0737192516423139
varmiss,bjs,90,1,2.572234593764733,.084981047004151
varmiss,bjs,90,2,3.412096620275406,.0799662408929721
varmiss,bjs_wtr,90,0,2.15155890590222,.0763584555356872
varmiss,bjs_wtr,90,1,2.565880746569746,.0864045463747391
varmiss,bjs_wtr,90,2,3.156526482649497,.0849954397242256
varmiss,dcdh,90,0,1.816734510100782,.1007852884794344
varmiss,dcdh,90,1,2.211825381712231,.1356689695434436
varmiss,dcdh,90,2,2.938464072091111,.1300624565410055
varmiss,lpdid,90,0,1.708733576087852,.1031813975268808
varmiss,lpdid,90,1,2.137563459522787,.1520371966864595
varmiss,lpdid,90,2,2.852222922050816,.1490243752795027
varmiss,lpdid_rw,90,0,1.81673384867162,.1052255168802437
varmiss,lpdid_rw,90,1,2.296946181821514,.1574716231762961
varmiss,lpdid_rw,90,2,2.692610386347529,.1514958076153977
varmiss,sa,90,0,2.010129912942465,.0875826266964185
varmiss,sa,90,1,2.609133903562744,.0989945551575528
varmiss,sa,90,2,3.403634275042951,.1049924489145576
varmiss,csdid,91,0,1.985002770537284,.1056859221928898
varmiss,csdid,91,1,2.458422238583104,.1101316747308483
varmiss,csdid,91,2,2.815883474023454,.1107442361227049
varmiss,jwdid,91,0,1.911254948286155,.0707415543769377
varmiss,jwdid,91,1,2.590273145343581,.0808733173953402
varmiss,jwdid,91,2,3.107793680223685,.0788327709285565
varmiss,jwdid_uc,91,0,1.911254948286161,.0799890886291229
varmiss,jwdid_uc,91,1,2.590273145343575,.0904296575604302
varmiss,jwdid_uc,91,2,3.107793680223679,.0896007816562315
varmiss,bjs,91,0,1.896929314325916,.0720543053293734
varmiss,bjs,91,1,2.589872999877116,.0824581894569415
varmiss,bjs,91,2,3.092464398243465,.0797351685718407
varmiss,bjs_wtr,91,0,2.070383646545679,.0753961042278211
varmiss,bjs_wtr,91,1,2.536803538503591,.0825198444240096
varmiss,bjs_wtr,91,2,2.829446787429333,.0837032281515937
varmiss,dcdh,91,0,1.776603875633788,.0992932721815129
varmiss,dcdh,91,1,2.18641465804563,.1223945411063014
varmiss,dcdh,91,2,2.656998597918518,.1290830698582966
varmiss,lpdid,91,0,1.691117414135268,.1015047324726372
varmiss,lpdid,91,1,1.98122767589671,.136964861260347
varmiss,lpdid,91,2,2.578541140440747,.145539353599126
varmiss,lpdid_rw,91,0,1.776603302286065,.1035356242791168
varmiss,lpdid_rw,91,1,2.157232074069689,.1421077545361053
varmiss,lpdid_rw,91,2,2.445579429382231,.1469146182834599
varmiss,sa,91,0,1.885334949906968,.0888360379104201
varmiss,sa,91,1,2.565208451161217,.0960644038462565
varmiss,sa,91,2,3.065392498607463,.1040619576875723
varmiss,csdid,92,0,1.949085374893936,.1002417977276615
varmiss,csdid,92,1,2.658177163781011,.1057361616220888
varmiss,csdid,92,2,3.055215709017324,.1069408295913907
varmiss,jwdid,92,0,1.749877302734502,.0666611677893021
varmiss,jwdid,92,1,2.657016394321766,.0775049672355267
varmiss,jwdid,92,2,3.28089330070866,.0790972726273878
varmiss,jwdid_uc,92,0,1.749877302734499,.0748508011479472
varmiss,jwdid_uc,92,1,2.657016394321787,.0850930542261193
varmiss,jwdid_uc,92,2,3.280893300708683,.087915001855768
varmiss,bjs,92,0,1.73326357945453,.0684866660665823
varmiss,bjs,92,1,2.684308635391062,.0789310135733114
varmiss,bjs,92,2,3.261220919231164,.0801639543476458
varmiss,bjs_wtr,92,0,1.902007986534471,.070085937841219
varmiss,bjs_wtr,92,1,2.623019163671415,.0793604894602185
varmiss,bjs_wtr,92,2,3.034450543713319,.0812060103689218
varmiss,dcdh,92,0,1.646638041776451,.0908450874549803
varmiss,dcdh,92,1,2.366606150431056,.1285735836676525
varmiss,dcdh,92,2,2.866957163795037,.1281698705703196
varmiss,lpdid,92,0,1.581353723293129,.0941728034253504
varmiss,lpdid,92,1,2.272898605174243,.1429021264607999
varmiss,lpdid,92,2,2.735595248845139,.1412702248330169
varmiss,lpdid_rw,92,0,1.646638298643446,.0930440870542047
varmiss,lpdid_rw,92,1,2.346576251862469,.1447416903959066
varmiss,lpdid_rw,92,2,2.619707916295799,.1417421550207905
varmiss,sa,92,0,1.742395062633778,.0841024302505372
varmiss,sa,92,1,2.666615736929175,.0924340633884195
varmiss,sa,92,2,3.294832258466927,.10362258791674
varmiss,csdid,93,0,2.080120856911607,.1031245395100156
varmiss,csdid,93,1,2.540337217605745,.11495488256722
varmiss,csdid,93,2,3.287007261067353,.1079026088571626
varmiss,jwdid,93,0,1.825637741609283,.0672762696950279
varmiss,jwdid,93,1,2.572297203508943,.0767271559984587
varmiss,jwdid,93,2,3.399855463203567,.0789966563006691
varmiss,jwdid_uc,93,0,1.825637741609291,.0810943447883191
varmiss,jwdid_uc,93,1,2.572297203508952,.091400197494808
varmiss,jwdid_uc,93,2,3.399855463203568,.084812529817566
varmiss,bjs,93,0,1.815339460976247,.0685108178374319
varmiss,bjs,93,1,2.582153559837025,.0783264636772898
varmiss,bjs,93,2,3.400188923231326,.0800025146840224
varmiss,bjs_wtr,93,0,2.035607437375802,.0720611271169449
varmiss,bjs_wtr,93,1,2.514062184884096,.0787518636366453
varmiss,bjs_wtr,93,2,3.175363304326311,.0806361731399534
varmiss,dcdh,93,0,1.639069544323771,.0946559817381567
varmiss,dcdh,93,1,2.129498991491264,.1310282020513254
varmiss,dcdh,93,2,2.958204368179815,.1307181568109149
varmiss,lpdid,93,0,1.511165104194334,.0979008736198677
varmiss,lpdid,93,1,2.047462441157657,.1526273649258617
varmiss,lpdid,93,2,3.090068192528541,.1473223296946581
varmiss,lpdid_rw,93,0,1.639070195769609,.1002297696392157
varmiss,lpdid_rw,93,1,2.272701989711686,.1574357596373472
varmiss,lpdid_rw,93,2,2.998683238222613,.1434722301490335
varmiss,sa,93,0,1.80855448923672,.0857699602394645
varmiss,sa,93,1,2.515068814190309,.094788623053095
varmiss,sa,93,2,3.280031430520187,.0987228555147257
varmiss,csdid,94,0,2.017166852496703,.1048193716021278
varmiss,csdid,94,1,2.518403125818702,.1083454746176792
varmiss,csdid,94,2,3.136925720700787,.1071653270603575
varmiss,jwdid,94,0,1.883520230702235,.0713109892121119
varmiss,jwdid,94,1,2.606099828776653,.0772860570552522
varmiss,jwdid,94,2,3.35593197257855,.0779672949218262
varmiss,jwdid_uc,94,0,1.883520230702244,.0800120125272455
varmiss,jwdid_uc,94,1,2.60609982877666,.093621128685205
varmiss,jwdid_uc,94,2,3.355931972578559,.0858978258922704
varmiss,bjs,94,0,1.88683912516899,.0725709454725579
varmiss,bjs,94,1,2.588554402056616,.0784930113312794
varmiss,bjs,94,2,3.375963928228884,.0788849095199261
varmiss,bjs_wtr,94,0,2.057765640355001,.0741462282015881
varmiss,bjs_wtr,94,1,2.509804413733946,.0790770899177017
varmiss,bjs_wtr,94,2,3.184508976286452,.0812208174262084
varmiss,dcdh,94,0,1.65252553974791,.1032589096211508
varmiss,dcdh,94,1,2.124029054033763,.1275347013331627
varmiss,dcdh,94,2,2.985742632407803,.131550209186877
varmiss,lpdid,94,0,1.56918251704493,.1057421722808637
varmiss,lpdid,94,1,2.057353387385828,.1414190638807227
varmiss,lpdid,94,2,2.992963324895003,.1474873488342648
varmiss,lpdid_rw,94,0,1.652525247648107,.1066320136129578
varmiss,lpdid_rw,94,1,2.132534632921698,.1414270806387253
varmiss,lpdid_rw,94,2,2.825067739957464,.1499652557772712
varmiss,sa,94,0,1.896648453929252,.0905055646714749
varmiss,sa,94,1,2.60578937242539,.1020410055666075
varmiss,sa,94,2,3.353789584711127,.1020309295758621
varmiss,csdid,95,0,1.94180450228493,.1129591059978517
varmiss,csdid,95,1,2.514427375995245,.1167914988057848
varmiss,csdid,95,2,3.0203677614348,.1110086811948659
varmiss,jwdid,95,0,1.747941296101876,.0732582413039759
varmiss,jwdid,95,1,2.579093127113818,.080161282913472
varmiss,jwdid,95,2,3.258411905833789,.0774511629466951
varmiss,jwdid_uc,95,0,1.747941296101886,.0848747200267489
varmiss,jwdid_uc,95,1,2.57909312711383,.0916266670613839
varmiss,jwdid_uc,95,2,3.258411905833804,.0862402491494006
varmiss,bjs,95,0,1.722565585567736,.0747957024878778
varmiss,bjs,95,1,2.559086774666866,.0817329319660484
varmiss,bjs,95,2,3.231213708808355,.0782691569131699
varmiss,bjs_wtr,95,0,1.898645911876429,.0777100927143651
varmiss,bjs_wtr,95,1,2.446285761383479,.0819597997476338
varmiss,bjs_wtr,95,2,2.975305115123774,.0822196433383734
varmiss,dcdh,95,0,1.604158859473439,.1050685504685468
varmiss,dcdh,95,1,2.355315164631137,.1283308006421438
varmiss,dcdh,95,2,2.979628970142437,.1320374888079745
varmiss,lpdid,95,0,1.433402093253927,.1069840370651039
varmiss,lpdid,95,1,2.122541554792296,.1495532256844297
varmiss,lpdid,95,2,2.923546089068508,.1523891730056466
varmiss,lpdid_rw,95,0,1.604158544170891,.1122488934012018
varmiss,lpdid_rw,95,1,2.382813666588877,.1595737847927118
varmiss,lpdid_rw,95,2,2.794047632550388,.153818621244959
varmiss,sa,95,0,1.706742936014693,.0945067636133549
varmiss,sa,95,1,2.592888805146496,.1018240067147616
varmiss,sa,95,2,3.324496514732001,.1045093125210581
varmiss,csdid,96,0,2.129313162009908,.1096074030797767
varmiss,csdid,96,1,2.557047284726358,.1130574795761731
varmiss,csdid,96,2,2.986580149791609,.1130979426258561
varmiss,jwdid,96,0,1.938503425768375,.0731991329479853
varmiss,jwdid,96,1,2.556131173925149,.0815149131873572
varmiss,jwdid,96,2,3.212510190839415,.0814578348811222
varmiss,jwdid_uc,96,0,1.938503425768374,.0841897267622305
varmiss,jwdid_uc,96,1,2.556131173925129,.090797195117657
varmiss,jwdid_uc,96,2,3.212510190839406,.0879908587044627
varmiss,bjs,96,0,1.936928377952427,.0749927059096117
varmiss,bjs,96,1,2.567318236199299,.0828482630943465
varmiss,bjs,96,2,3.204154217673931,.0819171632544999
varmiss,bjs_wtr,96,0,2.090402821460884,.0780359816883781
varmiss,bjs_wtr,96,1,2.50088969726994,.0839121481304273
varmiss,bjs_wtr,96,2,2.97883997799363,.0844742854671022
varmiss,dcdh,96,0,1.853537607135975,.0987721461548059
varmiss,dcdh,96,1,2.336538260378259,.1217279721091692
varmiss,dcdh,96,2,2.938987815614514,.1346314006947762
varmiss,lpdid,96,0,1.733899588228771,.1033441824658548
varmiss,lpdid,96,1,2.31683265925162,.138353364404474
varmiss,lpdid,96,2,2.887460267833963,.1486992004377438
varmiss,lpdid_rw,96,0,1.853537112324426,.1049492008875071
varmiss,lpdid_rw,96,1,2.437993379694463,.1399552249880431
varmiss,lpdid_rw,96,2,2.718751019565401,.1503752839299002
varmiss,sa,96,0,1.95896408843431,.0917275986806017
varmiss,sa,96,1,2.59110478956143,.0983560025690995
varmiss,sa,96,2,3.282746631516547,.1067262151386936
varmiss,csdid,97,0,1.940562256446805,.1044783420272321
varmiss,csdid,97,1,2.378635057536013,.1061925908874262
varmiss,csdid,97,2,2.909103439803842,.1067737592408257
varmiss,jwdid,97,0,1.819406070705226,.0694975956556483
varmiss,jwdid,97,1,2.518685459513547,.0745077378278223
varmiss,jwdid,97,2,3.245311715162526,.077254922696527
varmiss,jwdid_uc,97,0,1.819406070705256,.0795222881500956
varmiss,jwdid_uc,97,1,2.518685459513572,.0862640788525116
varmiss,jwdid_uc,97,2,3.24531171516253,.0890164599312985
varmiss,bjs,97,0,1.825557534225482,.0723829493531669
varmiss,bjs,97,1,2.546732359471207,.0754956740002302
varmiss,bjs,97,2,3.243461282407225,.0784720687580109
varmiss,bjs_wtr,97,0,2.029942376763984,.0757406683373075
varmiss,bjs_wtr,97,1,2.514908813245711,.0759867927481802
varmiss,bjs_wtr,97,2,2.971099366768613,.0813274204653471
varmiss,dcdh,97,0,1.632439286727738,.0992900830639006
varmiss,dcdh,97,1,2.161716171186995,.1201433384237212
varmiss,dcdh,97,2,2.773411737715786,.1250813551352894
varmiss,lpdid,97,0,1.550236850767942,.1014467011132339
varmiss,lpdid,97,1,1.977927598846855,.1448993182269534
varmiss,lpdid,97,2,2.842112339040393,.1466623556199924
varmiss,lpdid_rw,97,0,1.632439471155273,.1033453448653278
varmiss,lpdid_rw,97,1,2.153863701008618,.1501201689331461
varmiss,lpdid_rw,97,2,2.680710797136519,.1475967418373652
varmiss,sa,97,0,1.815925252267958,.0862956756650295
varmiss,sa,97,1,2.502852701764795,.093789388983088
varmiss,sa,97,2,3.233915046187529,.1042395384095031
varmiss,csdid,98,0,1.85185721529258,.1006950687514531
varmiss,csdid,98,1,2.342580258360336,.1038449952734827
varmiss,csdid,98,2,2.816526972992087,.1041777238781527
varmiss,jwdid,98,0,1.877554827787748,.0719410229247124
varmiss,jwdid,98,1,2.563274647886781,.0775128409980062
varmiss,jwdid,98,2,3.164226155099638,.0774852483036298
varmiss,jwdid_uc,98,0,1.877554827787748,.0826942743523082
varmiss,jwdid_uc,98,1,2.563274647886793,.0856284110326912
varmiss,jwdid_uc,98,2,3.16422615509963,.0867588111434043
varmiss,bjs,98,0,1.873894932148687,.0741007334847943
varmiss,bjs,98,1,2.546215629423386,.0788990369744845
varmiss,bjs,98,2,3.164290221775445,.0787403570789151
varmiss,bjs_wtr,98,0,2.002233265240648,.0757801890854164
varmiss,bjs_wtr,98,1,2.488111092206964,.0801584140029261
varmiss,bjs_wtr,98,2,2.913581162978517,.0823288487956388
varmiss,dcdh,98,0,1.66768137647307,.099977394040525
varmiss,dcdh,98,1,2.31313652895928,.1262834750300815
varmiss,dcdh,98,2,2.846965460869315,.1223853782795407
varmiss,lpdid,98,0,1.53417437661924,.1029725281400837
varmiss,lpdid,98,1,2.223007314422892,.1410992575732084
varmiss,lpdid,98,2,2.733656028302575,.1376504341295425
varmiss,lpdid_rw,98,0,1.667681032053693,.1057051177790244
varmiss,lpdid_rw,98,1,2.334784378427107,.1452675995996729
varmiss,lpdid_rw,98,2,2.671806616429274,.1377832632176481
varmiss,sa,98,0,1.799707601167601,.0897117125606108
varmiss,sa,98,1,2.501991919898176,.0917705723423837
varmiss,sa,98,2,3.072994257468846,.1032913289144345
varmiss,csdid,99,0,1.98611858041181,.1059849224207088
varmiss,csdid,99,1,2.51719490253667,.113539875922461
varmiss,csdid,99,2,3.073886437377664,.1102459144034526
varmiss,jwdid,99,0,1.805810912843138,.0718923522910471
varmiss,jwdid,99,1,2.546723213933412,.0854034418538088
varmiss,jwdid,99,2,3.291611351301913,.0812536830552736
varmiss,jwdid_uc,99,0,1.80581091284315,.0825773665446696
varmiss,jwdid_uc,99,1,2.546723213933391,.0949520724908086
varmiss,jwdid_uc,99,2,3.291611351301918,.0891455943184131
varmiss,bjs,99,0,1.765927602010379,.0743119474415017
varmiss,bjs,99,1,2.543188208572246,.0884636655305545
varmiss,bjs,99,2,3.275321309665742,.082596622338992
varmiss,bjs_wtr,99,0,1.996630619552889,.0800766744102218
varmiss,bjs_wtr,99,1,2.456800031126477,.0895919436695447
varmiss,bjs_wtr,99,2,3.03037927349942,.088005733883762
varmiss,dcdh,99,0,1.684017018805761,.0964134992533337
varmiss,dcdh,99,1,2.139812429327718,.1452109270307237
varmiss,dcdh,99,2,2.99799701192023,.1364822495381744
varmiss,lpdid,99,0,1.598205041209161,.0975456535482913
varmiss,lpdid,99,1,2.111331885724892,.1671425531760419
varmiss,lpdid,99,2,3.082473880374339,.1651449144185342
varmiss,lpdid_rw,99,0,1.684017084290832,.100426575596623
varmiss,lpdid_rw,99,1,2.234556907029067,.1804656290463232
varmiss,lpdid_rw,99,2,2.957975239079649,.169368268759183
varmiss,sa,99,0,1.814488945189968,.0884911097942246
varmiss,sa,99,1,2.552621312037385,.0991711962928695
varmiss,sa,99,2,3.278161457164833,.1010572107313241
varmiss,csdid,100,0,2.034222782040738,.1052969128841083
varmiss,csdid,100,1,2.460450109424771,.1126428144184942
varmiss,csdid,100,2,3.114828441449295,.1105286128875925
varmiss,jwdid,100,0,1.892196106027344,.0710243575023235
varmiss,jwdid,100,1,2.590475231164272,.0827132236229557
varmiss,jwdid,100,2,3.360613321815627,.0817915430614947
varmiss,jwdid_uc,100,0,1.892196106027332,.0818144532396555
varmiss,jwdid_uc,100,1,2.590475231164253,.0942229513363963
varmiss,jwdid_uc,100,2,3.360613321815604,.0903833928855295
varmiss,bjs,100,0,1.889119381271485,.0720705251675176
varmiss,bjs,100,1,2.576765931655245,.0841905918483233
varmiss,bjs,100,2,3.36853489675741,.0830933978134611
varmiss,bjs_wtr,100,0,2.039667387187365,.0757199465925119
varmiss,bjs_wtr,100,1,2.485377433788017,.0845444239470602
varmiss,bjs_wtr,100,2,3.104831053104135,.0861427496332824
varmiss,dcdh,100,0,1.809709702721434,.0994263372265718
varmiss,dcdh,100,1,2.269257519002612,.1351717777617465
varmiss,dcdh,100,2,3.058808739952467,.1214376856789949
varmiss,lpdid,100,0,1.697958935231314,.1014168588137132
varmiss,lpdid,100,1,2.185632780058876,.1524704278872863
varmiss,lpdid,100,2,3.14124788463965,.1415118601018375
varmiss,lpdid_rw,100,0,1.809709333723023,.1042737575074953
varmiss,lpdid_rw,100,1,2.295323059545208,.1516068249684986
varmiss,lpdid_rw,100,2,2.977541013304045,.1427318958928173
varmiss,sa,100,0,1.887292286841569,.0893555180354375
varmiss,sa,100,1,2.577804344541278,.0998311251467638
varmiss,sa,100,2,3.34214300575657,.1071587918881633
varmiss,csdid,101,0,2.056152424278595,.1063107434473234
varmiss,csdid,101,1,2.559964648607599,.1119383607954496
varmiss,csdid,101,2,3.040366804325231,.1119185026796862
varmiss,jwdid,101,0,1.867112712249516,.0709421148715819
varmiss,jwdid,101,1,2.532836620232928,.0784712674673857
varmiss,jwdid,101,2,3.228340937239432,.0790814304793589
varmiss,jwdid_uc,101,0,1.867112712249509,.0818301830592779
varmiss,jwdid_uc,101,1,2.532836620232937,.0899479054813755
varmiss,jwdid_uc,101,2,3.228340937239425,.0869419290053135
varmiss,bjs,101,0,1.879391758022393,.0732134792800055
varmiss,bjs,101,1,2.542074008323652,.0802509825520294
varmiss,bjs,101,2,3.257346058249823,.0803296647886109
varmiss,bjs_wtr,101,0,2.058235862026777,.0763396677287082
varmiss,bjs_wtr,101,1,2.515648721189791,.0809152088404201
varmiss,bjs_wtr,101,2,3.013049894274445,.0851086987267589
varmiss,dcdh,101,0,1.628913925835236,.0937540373275037
varmiss,dcdh,101,1,2.247530447913745,.1182785191340728
varmiss,dcdh,101,2,2.910365215333263,.1309593435750689
varmiss,lpdid,101,0,1.548761018987825,.0962251929160591
varmiss,lpdid,101,1,2.129017690478986,.1337810794430559
varmiss,lpdid,101,2,2.947869407556058,.146576465717028
varmiss,lpdid_rw,101,0,1.628914000212946,.0969400158313133
varmiss,lpdid_rw,101,1,2.251296983540477,.1417096235523554
varmiss,lpdid_rw,101,2,2.859843973386893,.1490173715395332
varmiss,sa,101,0,1.886828044000841,.0861755161108523
varmiss,sa,101,1,2.532813522824418,.0938352889268695
varmiss,sa,101,2,3.190774904800879,.1031232036689065
varmiss,csdid,102,0,1.974781975830632,.10287405630539
varmiss,csdid,102,1,2.364592590962074,.1091776516510026
varmiss,csdid,102,2,3.019320839956427,.1056555246891963
varmiss,jwdid,102,0,1.824221028886645,.0680743200220409
varmiss,jwdid,102,1,2.51006075854209,.0778916328053895
varmiss,jwdid,102,2,3.230288388459029,.0780662514670926
varmiss,jwdid_uc,102,0,1.82422102888666,.0772411398704108
varmiss,jwdid_uc,102,1,2.510060758542097,.0907707969044208
varmiss,jwdid_uc,102,2,3.230288388459062,.0856862834386004
varmiss,bjs,102,0,1.820783327703339,.0696133413951785
varmiss,bjs,102,1,2.497462608920614,.0805616385883078
varmiss,bjs,102,2,3.216012279255665,.0788031051892605
varmiss,bjs_wtr,102,0,2.000018327856651,.0731882851046045
varmiss,bjs_wtr,102,1,2.432244756495493,.0821272266296432
varmiss,bjs_wtr,102,2,3.012020440082779,.0805103899976445
varmiss,dcdh,102,0,1.796816297938643,.0939010892384886
varmiss,dcdh,102,1,2.027677589384128,.1221741846969531
varmiss,dcdh,102,2,2.831000994051242,.1199511195700791
varmiss,lpdid,102,0,1.69927258967032,.096854040628796
varmiss,lpdid,102,1,2.007970797269762,.1388653273002133
varmiss,lpdid,102,2,2.920955928786246,.1405316093767981
varmiss,lpdid_rw,102,0,1.796816061152756,.0979564261178627
varmiss,lpdid_rw,102,1,2.153864443138355,.1454277029262503
varmiss,lpdid_rw,102,2,2.805540474042975,.1426428290445374
varmiss,sa,102,0,1.841294000962444,.0859178192573723
varmiss,sa,102,1,2.536256271362285,.0949925982751049
varmiss,sa,102,2,3.245621527084274,.0957669362023626
varmiss,csdid,103,0,1.939483069914389,.1040060068733763
varmiss,csdid,103,1,2.421612877525172,.1078982299280319
varmiss,csdid,103,2,3.045326924321258,.1046840715134857
varmiss,jwdid,103,0,1.844414955313592,.0697721241926488
varmiss,jwdid,103,1,2.58724116537446,.0780321393455923
varmiss,jwdid,103,2,3.292449108294968,.0779579458700086
varmiss,jwdid_uc,103,0,1.844414955313592,.0785876279487753
varmiss,jwdid_uc,103,1,2.587241165374435,.0861374025807346
varmiss,jwdid_uc,103,2,3.292449108294934,.0845566998538553
varmiss,bjs,103,0,1.866773516137982,.0716600853370626
varmiss,bjs,103,1,2.592189063188926,.0796400909188257
varmiss,bjs,103,2,3.297787461371627,.0785507783886925
varmiss,bjs_wtr,103,0,2.020721060343931,.0754972593042032
varmiss,bjs_wtr,103,1,2.534433917920978,.0808298909747844
varmiss,bjs_wtr,103,2,3.121524548609159,.0799534373812988
varmiss,dcdh,103,0,1.737220422650433,.0947218771920285
varmiss,dcdh,103,1,2.1682284496431,.1341440231571839
varmiss,dcdh,103,2,2.852010851673572,.1201386220896982
varmiss,lpdid,103,0,1.656167709690034,.0961898826966595
varmiss,lpdid,103,1,2.125680074882935,.1424574488452229
varmiss,lpdid,103,2,2.845886847097955,.1345766331885611
varmiss,lpdid_rw,103,0,1.737220762261912,.0978268204386026
varmiss,lpdid_rw,103,1,2.164379143408373,.147446671320352
varmiss,lpdid_rw,103,2,2.708005826632379,.1333548281026811
varmiss,sa,103,0,1.797864755820795,.0887376468308741
varmiss,sa,103,1,2.589357798737552,.0950451469536275
varmiss,sa,103,2,3.295433642483222,.1019220983484771
varmiss,csdid,104,0,2.071048493512793,.1051293630808308
varmiss,csdid,104,1,2.373496434106128,.1097551126764571
varmiss,csdid,104,2,3.032991639441997,.1059544568685841
varmiss,jwdid,104,0,1.889151134598163,.0707818004440894
varmiss,jwdid,104,1,2.451293562222018,.0772776350127135
varmiss,jwdid,104,2,3.199249075888449,.0722680517677551
varmiss,jwdid_uc,104,0,1.88915113459818,.0808966253772535
varmiss,jwdid_uc,104,1,2.451293562222026,.0857766609590838
varmiss,jwdid_uc,104,2,3.199249075888465,.0795128958045974
varmiss,bjs,104,0,1.874465516251803,.0729133291922757
varmiss,bjs,104,1,2.431686214746151,.0794062729614176
varmiss,bjs,104,2,3.183992138685426,.0731113970666721
varmiss,bjs_wtr,104,0,2.019504393221723,.0740312297179789
varmiss,bjs_wtr,104,1,2.341580002856062,.0806627901543028
varmiss,bjs_wtr,104,2,2.939855855191126,.0760242511349727
varmiss,dcdh,104,0,1.752465125000344,.1018313088822214
varmiss,dcdh,104,1,2.116045766001395,.1324533848019074
varmiss,dcdh,104,2,2.873182316000263,.12441940226677
varmiss,lpdid,104,0,1.625976252642227,.1048745989573815
varmiss,lpdid,104,1,1.949644419509626,.1456158406678438
varmiss,lpdid,104,2,2.870061092868844,.1437315371751448
varmiss,lpdid_rw,104,0,1.752464821844266,.1068015704857568
varmiss,lpdid_rw,104,1,2.084672868053174,.1474992862399536
varmiss,lpdid_rw,104,2,2.770331817686922,.144722176510034
varmiss,sa,104,0,1.909319530104181,.089776734421517
varmiss,sa,104,1,2.452884006707651,.0962042225874827
varmiss,sa,104,2,3.181125660533646,.0990663666691129
varmiss,csdid,105,0,1.88434188802529,.1045905518631667
varmiss,csdid,105,1,2.221883214156512,.1172315820819589
varmiss,csdid,105,2,2.905341157383676,.1113301673283835
varmiss,jwdid,105,0,1.761726999853533,.0709108787015793
varmiss,jwdid,105,1,2.417346807570001,.0806592157563671
varmiss,jwdid,105,2,3.15301646452816,.0784688608634977
varmiss,jwdid_uc,105,0,1.761726999853517,.0788393703618012
varmiss,jwdid_uc,105,1,2.417346807570011,.0922089098732228
varmiss,jwdid_uc,105,2,3.153016464528146,.0882063547343448
varmiss,bjs,105,0,1.763793669216739,.0721789355193507
varmiss,bjs,105,1,2.416153295347613,.0825908664747368
varmiss,bjs,105,2,3.133158090824509,.0790771014371305
varmiss,bjs_wtr,105,0,1.930018904961344,.0760568839119429
varmiss,bjs_wtr,105,1,2.348041271390684,.084931109487385
varmiss,bjs_wtr,105,2,2.905403586097236,.0829643826578947
varmiss,dcdh,105,0,1.681629667501807,.1000742158142866
varmiss,dcdh,105,1,2.212990701213539,.1346462202333625
varmiss,dcdh,105,2,2.785908830662569,.1270187844414112
varmiss,lpdid,105,0,1.569781373330705,.1003896876113108
varmiss,lpdid,105,1,2.096801441167609,.1563626865615052
varmiss,lpdid,105,2,2.78498472223779,.1550337530301262
varmiss,lpdid_rw,105,0,1.681629762943222,.1034734191883813
varmiss,lpdid_rw,105,1,2.25654876417108,.1626740050436516
varmiss,lpdid_rw,105,2,2.638806409049727,.1578544813655623
varmiss,sa,105,0,1.723295466367514,.0890428052470214
varmiss,sa,105,1,2.385991263948498,.1007673468379701
varmiss,sa,105,2,3.137718942268515,.1038605150449532
varmiss,csdid,106,0,2.149289701585539,.1065203224014105
varmiss,csdid,106,1,2.72397277098387,.1158201806751727
varmiss,csdid,106,2,3.297590135516177,.1096728150246977
varmiss,jwdid,106,0,1.864633307858487,.0693189214341913
varmiss,jwdid,106,1,2.639212152410364,.0845564407367886
varmiss,jwdid,106,2,3.299224468075814,.0788508837804202
varmiss,jwdid_uc,106,0,1.864633307858515,.0806033301096887
varmiss,jwdid_uc,106,1,2.639212152410369,.0949632516472494
varmiss,jwdid_uc,106,2,3.299224468075815,.0855305758240639
varmiss,bjs,106,0,1.837499876172842,.0703994219049494
varmiss,bjs,106,1,2.655338915101311,.0865319382336226
varmiss,bjs,106,2,3.290555007013609,.0802007764284286
varmiss,bjs_wtr,106,0,1.991289897778188,.0740607167957115
varmiss,bjs_wtr,106,1,2.588014191183902,.0870542415403321
varmiss,bjs_wtr,106,2,3.082423269370338,.0867209891640248
varmiss,dcdh,106,0,1.783086680308034,.0914386932640728
varmiss,dcdh,106,1,2.399523987761421,.1274617133258241
varmiss,dcdh,106,2,3.163739307921656,.1306976009310123
varmiss,lpdid,106,0,1.665618457844585,.0951663289500681
varmiss,lpdid,106,1,2.269013997677135,.1423393741122156
varmiss,lpdid,106,2,3.133674750923309,.1481302647652196
varmiss,lpdid_rw,106,0,1.783087708041544,.0976856003998783
varmiss,lpdid_rw,106,1,2.385830248543485,.1468428510458048
varmiss,lpdid_rw,106,2,2.996515505408803,.1529048607861581
varmiss,sa,106,0,1.898314968608267,.0879816914770014
varmiss,sa,106,1,2.680551227232346,.1019869528342044
varmiss,sa,106,2,3.363353375380742,.0991002020892975
varmiss,csdid,107,0,2.105868109666114,.1074373635252371
varmiss,csdid,107,1,2.461112886014448,.1097936915442784
varmiss,csdid,107,2,3.158329912931117,.108232308722593
varmiss,jwdid,107,0,1.88458271740108,.0702685639737524
varmiss,jwdid,107,1,2.454085663398261,.0809251641118167
varmiss,jwdid,107,2,3.364387329893073,.0833757739071723
varmiss,jwdid_uc,107,0,1.884582717401077,.0826403763228105
varmiss,jwdid_uc,107,1,2.454085663398269,.0921167644162474
varmiss,jwdid_uc,107,2,3.36438732989309,.0913300687291927
varmiss,bjs,107,0,1.896159963058381,.0720816682514642
varmiss,bjs,107,1,2.462645197942948,.0825130862781217
varmiss,bjs,107,2,3.359976702471613,.0845865266822667
varmiss,bjs_wtr,107,0,2.1128435870869,.0765509487758377
varmiss,bjs_wtr,107,1,2.42090253274182,.0844163006918183
varmiss,bjs_wtr,107,2,3.099702167317446,.088103566377137
varmiss,dcdh,107,0,1.751903412887817,.0953704776716185
varmiss,dcdh,107,1,2.005330892911513,.1259392192004914
varmiss,dcdh,107,2,2.973858250682065,.1361013126317531
varmiss,lpdid,107,0,1.641138180584674,.0984020030880477
varmiss,lpdid,107,1,1.806071971225347,.1437351019795253
varmiss,lpdid,107,2,2.925316228056926,.1469517679854602
varmiss,lpdid_rw,107,0,1.751902530143243,.1008203936318016
varmiss,lpdid_rw,107,1,1.989567227562392,.1462845051540748
varmiss,lpdid_rw,107,2,2.758015773366832,.1490817943198641
varmiss,sa,107,0,1.871672407289078,.09027688348162
varmiss,sa,107,1,2.457699576252303,.0979066015392182
varmiss,sa,107,2,3.359534207134885,.1032956426787237
varmiss,csdid,108,0,1.883320858914695,.1053805599236142
varmiss,csdid,108,1,2.253626264689881,.1083076982339095
varmiss,csdid,108,2,2.830353581825899,.1056819980217619
varmiss,jwdid,108,0,1.68645130160681,.0703038817207956
varmiss,jwdid,108,1,2.358023905933814,.0808078239508111
varmiss,jwdid,108,2,3.176415387442118,.0757849099364988
varmiss,jwdid_uc,108,0,1.686451301606813,.0768166381479419
varmiss,jwdid_uc,108,1,2.358023905933805,.0914662774062014
varmiss,jwdid_uc,108,2,3.176415387442113,.0842234213205316
varmiss,bjs,108,0,1.666791153129452,.0724595900524028
varmiss,bjs,108,1,2.33035387062273,.0825658549074589
varmiss,bjs,108,2,3.177030443522199,.0772877043380134
varmiss,bjs_wtr,108,0,1.834525385627785,.0757857168854753
varmiss,bjs_wtr,108,1,2.270579808235311,.0836099306962535
varmiss,bjs_wtr,108,2,2.933334950837889,.0833115893826805
varmiss,dcdh,108,0,1.584209473704488,.0986567834075593
varmiss,dcdh,108,1,1.826539560740805,.1334238969472733
varmiss,dcdh,108,2,2.880164875850018,.1220532401654563
varmiss,lpdid,108,0,1.524184317865543,.0997386912732577
varmiss,lpdid,108,1,1.86462971308994,.1517795877653562
varmiss,lpdid,108,2,2.922060321006863,.1410616950226307
varmiss,lpdid_rw,108,0,1.584209598735785,.1007762953937768
varmiss,lpdid_rw,108,1,1.949146414464274,.161005907145557
varmiss,lpdid_rw,108,2,2.83513054739208,.1445398632345165
varmiss,sa,108,0,1.751564581099777,.083809524223052
varmiss,sa,108,1,2.389144374621482,.0960958829713032
varmiss,sa,108,2,3.207709561430496,.1002986630066601
varmiss,csdid,109,0,2.010116653883967,.1047221999657438
varmiss,csdid,109,1,2.568613582328656,.1118393903708786
varmiss,csdid,109,2,2.955165677625177,.1069989062487372
varmiss,jwdid,109,0,1.799437199798913,.068716683228929
varmiss,jwdid,109,1,2.529089156101368,.0776963923647376
varmiss,jwdid,109,2,3.215703329214321,.0776195948465702
varmiss,jwdid_uc,109,0,1.799437199798912,.0776944443957332
varmiss,jwdid_uc,109,1,2.529089156101394,.0914010578235222
varmiss,jwdid_uc,109,2,3.215703329214355,.0873353665884326
varmiss,bjs,109,0,1.785023827389523,.0702506918572241
varmiss,bjs,109,1,2.541674083509861,.0790602581545218
varmiss,bjs,109,2,3.209856686706189,.0779826319710965
varmiss,bjs_wtr,109,0,1.948042916243139,.0714446059682408
varmiss,bjs_wtr,109,1,2.511696943580318,.0800983758615253
varmiss,bjs_wtr,109,2,2.96761188965047,.0797205865044147
varmiss,dcdh,109,0,1.643951036596606,.0957457431998348
varmiss,dcdh,109,1,2.200516210538741,.1307065134892071
varmiss,dcdh,109,2,2.763294790907405,.1204301085849909
varmiss,lpdid,109,0,1.550070884765154,.0976033934734221
varmiss,lpdid,109,1,2.078719944686989,.1471505994590169
varmiss,lpdid,109,2,2.756801130584914,.1433449480764633
varmiss,lpdid_rw,109,0,1.643951585567116,.099281903315283
varmiss,lpdid_rw,109,1,2.173825627203406,.1498480492068626
varmiss,lpdid_rw,109,2,2.584380329691592,.1404620817729596
varmiss,sa,109,0,1.786786893273317,.0853615850355188
varmiss,sa,109,1,2.517819284103414,.0991308309620122
varmiss,sa,109,2,3.242119898168397,.1031688837909523
varmiss,csdid,110,0,2.195342480146224,.1073249320929237
varmiss,csdid,110,1,2.657779177057657,.1108636632451864
varmiss,csdid,110,2,3.233508572317272,.1060523348016356
varmiss,jwdid,110,0,1.838561750628848,.0663122767886419
varmiss,jwdid,110,1,2.613037012441771,.0739229759428132
varmiss,jwdid,110,2,3.338971823201303,.0787191415916246
varmiss,jwdid_uc,110,0,1.838561750628842,.0779377699351941
varmiss,jwdid_uc,110,1,2.613037012441761,.0871009997014102
varmiss,jwdid_uc,110,2,3.338971823201279,.0873200891464516
varmiss,bjs,110,0,1.849684473922935,.0667959031019934
varmiss,bjs,110,1,2.619130292034242,.0754701489903524
varmiss,bjs,110,2,3.330689489637734,.0794738911070982
varmiss,bjs_wtr,110,0,2.068775297205775,.0687420145308691
varmiss,bjs_wtr,110,1,2.566997798491684,.0770013774206386
varmiss,bjs_wtr,110,2,3.09832825337071,.081779410575597
varmiss,dcdh,110,0,1.608862581225401,.0909051683286677
varmiss,dcdh,110,1,2.082073826704899,.1137164059880376
varmiss,dcdh,110,2,2.965208724312828,.1269005094914997
varmiss,lpdid,110,0,1.53218748297993,.0944934483121151
varmiss,lpdid,110,1,2.057895684049185,.1275655415296166
varmiss,lpdid,110,2,2.968522192518191,.1433785513448565
varmiss,lpdid_rw,110,0,1.608862092393451,.0949924200477319
varmiss,lpdid_rw,110,1,2.163175654337424,.1320307451713684
varmiss,lpdid_rw,110,2,2.786348355233199,.1448850235442915
varmiss,sa,110,0,1.803786996425169,.0871930944438996
varmiss,sa,110,1,2.619176429022116,.0964788757771569
varmiss,sa,110,2,3.372029491415876,.1033297789149776
varmiss,csdid,111,0,2.03028504595885,.1013904554822564
varmiss,csdid,111,1,2.672772939025418,.1092054239561964
varmiss,csdid,111,2,3.113410925154991,.1065444472422039
varmiss,jwdid,111,0,1.834396936569329,.0691177854451407
varmiss,jwdid,111,1,2.715065161239639,.0795316006841305
varmiss,jwdid,111,2,3.322143346614228,.0776759152229649
varmiss,jwdid_uc,111,0,1.834396936569324,.0800444862982406
varmiss,jwdid_uc,111,1,2.715065161239644,.089545663195653
varmiss,jwdid_uc,111,2,3.322143346614221,.0850437436274207
varmiss,bjs,111,0,1.832618876151628,.0709084547985369
varmiss,bjs,111,1,2.691064851169585,.0816813610485012
varmiss,bjs,111,2,3.306696730291151,.0784737325402692
varmiss,bjs_wtr,111,0,2.010190841186613,.075655397059569
varmiss,bjs_wtr,111,1,2.611017236225052,.083480111759725
varmiss,bjs_wtr,111,2,3.07559132987808,.0832504856504556
varmiss,dcdh,111,0,1.821448941029608,.0908799608722638
varmiss,dcdh,111,1,2.364503536728211,.1236385537196048
varmiss,dcdh,111,2,3.092971911404282,.1296481925257515
varmiss,lpdid,111,0,1.709844296816965,.0953514062852953
varmiss,lpdid,111,1,2.335714480411025,.1393922984180713
varmiss,lpdid,111,2,3.097539097729062,.1534590356246911
varmiss,lpdid_rw,111,0,1.821448672990999,.0975260759440849
varmiss,lpdid_rw,111,1,2.422085380882061,.1445443099420591
varmiss,lpdid_rw,111,2,2.919698681833627,.1588179043567431
varmiss,sa,111,0,1.845644147576275,.0885389458114562
varmiss,sa,111,1,2.737172784034244,.0957992669462849
varmiss,sa,111,2,3.372283691432745,.099159036779854
varmiss,csdid,112,0,1.911406204731557,.0963670426645235
varmiss,csdid,112,1,2.333070704043056,.108618860460891
varmiss,csdid,112,2,2.847757557582953,.1084634924648903
varmiss,jwdid,112,0,1.791048654231869,.0671106821490779
varmiss,jwdid,112,1,2.398391224941071,.0816800434497222
varmiss,jwdid,112,2,3.066379980371989,.0766636396483196
varmiss,jwdid_uc,112,0,1.791048654231857,.0744380988336574
varmiss,jwdid_uc,112,1,2.39839122494108,.0917150280307979
varmiss,jwdid_uc,112,2,3.06637998037198,.0885434994878139
varmiss,bjs,112,0,1.779115945668309,.0687801714297019
varmiss,bjs,112,1,2.3895701467045,.0829373879982608
varmiss,bjs,112,2,3.065712652552747,.0772002832012297
varmiss,bjs_wtr,112,0,1.921880164141157,.0720045856783089
varmiss,bjs_wtr,112,1,2.299236168626521,.083746419666194
varmiss,bjs_wtr,112,2,2.82838854866236,.080651578866935
varmiss,dcdh,112,0,1.689294394268374,.0915926730075116
varmiss,dcdh,112,1,2.040316543740783,.1286824151936472
varmiss,dcdh,112,2,2.655522091397417,.1170939588842346
varmiss,lpdid,112,0,1.581863399477789,.0916197919430806
varmiss,lpdid,112,1,1.878735724708658,.1512136686785812
varmiss,lpdid,112,2,2.622843956013883,.1474800082544328
varmiss,lpdid_rw,112,0,1.689294097015921,.0947600780398546
varmiss,lpdid_rw,112,1,2.017998893101803,.1613133936569974
varmiss,lpdid_rw,112,2,2.513438913572014,.1488420503267689
varmiss,sa,112,0,1.775287137894299,.0807156480198983
varmiss,sa,112,1,2.391575306864377,.0974815325710752
varmiss,sa,112,2,3.060716785834109,.1002028777994445
varmiss,csdid,113,0,1.77583125135715,.0991288092267483
varmiss,csdid,113,1,2.346351410312407,.1111156725855196
varmiss,csdid,113,2,2.731182716599735,.1082345742515727
varmiss,jwdid,113,0,1.787833207045369,.0679387936304417
varmiss,jwdid,113,1,2.528837534993923,.0817212168162237
varmiss,jwdid,113,2,3.045557903608198,.0818565907487515
varmiss,jwdid_uc,113,0,1.787833207045381,.0763731626963375
varmiss,jwdid_uc,113,1,2.528837534993952,.0918603427947995
varmiss,jwdid_uc,113,2,3.045557903608213,.0896837394299285
varmiss,bjs,113,0,1.808286911124014,.0688775334672743
varmiss,bjs,113,1,2.52879422168553,.0837863456498482
varmiss,bjs,113,2,3.024457929652272,.082295810672723
varmiss,bjs_wtr,113,0,1.917860405523243,.0704132719825708
varmiss,bjs_wtr,113,1,2.463253187590453,.0851341603690104
varmiss,bjs_wtr,113,2,2.783892505631229,.084626144779919
varmiss,dcdh,113,0,1.516215467205446,.0943191604521471
varmiss,dcdh,113,1,2.254669226078317,.1249663143095401
varmiss,dcdh,113,2,2.757461743590422,.1272925115677925
varmiss,lpdid,113,0,1.417920930073703,.096826602455326
varmiss,lpdid,113,1,1.998342119447594,.1442017051690131
varmiss,lpdid,113,2,2.620688019017619,.1448147593279074
varmiss,lpdid_rw,113,0,1.51621559549736,.0976124513948166
varmiss,lpdid_rw,113,1,2.141999632644478,.1440244662611669
varmiss,lpdid_rw,113,2,2.570975849575949,.1464557493124808
varmiss,sa,113,0,1.780789557675157,.0837514139277461
varmiss,sa,113,1,2.514912542598312,.0973667134211073
varmiss,sa,113,2,3.014113467502489,.1059676416377904
varmiss,csdid,114,0,2.092376236650499,.1077805155103858
varmiss,csdid,114,1,2.501927931178992,.1172130942896656
varmiss,csdid,114,2,3.118949802197,.1123654558282427
varmiss,jwdid,114,0,1.890781420605602,.0685526455703529
varmiss,jwdid,114,1,2.57843398752221,.0818785213783139
varmiss,jwdid,114,2,3.222768004687051,.0766298422822349
varmiss,jwdid_uc,114,0,1.890781420605598,.0804229333200584
varmiss,jwdid_uc,114,1,2.578433987522207,.0908908266189629
varmiss,jwdid_uc,114,2,3.222768004687051,.08459919248344
varmiss,bjs,114,0,1.875645145360977,.06949761999071
varmiss,bjs,114,1,2.559429857537907,.0832798713835108
varmiss,bjs,114,2,3.220110387794193,.0780414078546792
varmiss,bjs_wtr,114,0,2.046849013729116,.073132886443659
varmiss,bjs_wtr,114,1,2.512770649831509,.0851114160980922
varmiss,bjs_wtr,114,2,3.003741002921743,.0812745557023814
varmiss,dcdh,114,0,1.763414821946139,.0941322165460659
varmiss,dcdh,114,1,2.18834379282528,.1361237204590675
varmiss,dcdh,114,2,2.839730637793789,.1219911179868364
varmiss,lpdid,114,0,1.631177066527505,.095921552400465
varmiss,lpdid,114,1,2.047890052391943,.1469223122498935
varmiss,lpdid,114,2,2.903188833183604,.1407818170301571
varmiss,lpdid_rw,114,0,1.763415034282374,.1003692357252787
varmiss,lpdid_rw,114,1,2.188087865114234,.1504180254783778
varmiss,lpdid_rw,114,2,2.7608118209479,.1439781632441876
varmiss,sa,114,0,1.916792249744237,.0860008006830749
varmiss,sa,114,1,2.594539705199661,.0996907057720872
varmiss,sa,114,2,3.231163738545137,.1036641113007897
varmiss,csdid,115,0,1.939237069844586,.1011860045969661
varmiss,csdid,115,1,2.339838182519056,.1139027233087256
varmiss,csdid,115,2,2.914174471827206,.1072086290978555
varmiss,jwdid,115,0,1.850314292325203,.0675175727351972
varmiss,jwdid,115,1,2.424730736716641,.0798686594872598
varmiss,jwdid,115,2,3.248543645579336,.0747630842099927
varmiss,jwdid_uc,115,0,1.850314292325198,.0772120351057163
varmiss,jwdid_uc,115,1,2.424730736716638,.0940717424100561
varmiss,jwdid_uc,115,2,3.248543645579338,.0829136972223252
varmiss,bjs,115,0,1.838933814067332,.0690943821502012
varmiss,bjs,115,1,2.387544664950838,.0820304942040809
varmiss,bjs,115,2,3.229149429200334,.0751489373054347
varmiss,bjs_wtr,115,0,1.978395374660749,.0714247800708535
varmiss,bjs_wtr,115,1,2.333728106408671,.083315102451554
varmiss,bjs_wtr,115,2,3.007684953576245,.0789367012175849
varmiss,dcdh,115,0,1.748384127075614,.0925961646334602
varmiss,dcdh,115,1,2.059877486408638,.1261134822807838
varmiss,dcdh,115,2,2.930087250211315,.124231979733861
varmiss,lpdid,115,0,1.616112370452215,.0941539998346992
varmiss,lpdid,115,1,1.82535688805679,.145835578208935
varmiss,lpdid,115,2,2.98281005040373,.1465568410833357
varmiss,lpdid_rw,115,0,1.748384975380033,.0985844658605647
varmiss,lpdid_rw,115,1,2.011842558389023,.1505163367465361
varmiss,lpdid_rw,115,2,2.772261567810389,.1465334161626735
varmiss,sa,115,0,1.865352047067355,.0827473307874402
varmiss,sa,115,1,2.39689229439598,.0991162819522316
varmiss,sa,115,2,3.194038316883721,.1003236786307543
varmiss,csdid,116,0,2.063990490196375,.1039558776785561
varmiss,csdid,116,1,2.461939761105206,.1101111248657619
varmiss,csdid,116,2,3.148825388349667,.1067043431826475
varmiss,jwdid,116,0,1.820697369677182,.068961650973592
varmiss,jwdid,116,1,2.5272024104953,.0752590205556078
varmiss,jwdid,116,2,3.363394560535166,.0749541079080466
varmiss,jwdid_uc,116,0,1.820697369677181,.0775938682910782
varmiss,jwdid_uc,116,1,2.527202410495293,.0872232236733489
varmiss,jwdid_uc,116,2,3.36339456053518,.0838581052319784
varmiss,bjs,116,0,1.813008211669512,.0697713092382593
varmiss,bjs,116,1,2.514504553013921,.0770438463240435
varmiss,bjs,116,2,3.363028668391053,.0752963419973001
varmiss,bjs_wtr,116,0,1.946382388114216,.0703730813583583
varmiss,bjs_wtr,116,1,2.453262333047633,.0772991696982017
varmiss,bjs_wtr,116,2,3.108589867202681,.0801712810396006
varmiss,dcdh,116,0,1.821349122176412,.0981399138911311
varmiss,dcdh,116,1,2.186624370703474,.1237559074349149
varmiss,dcdh,116,2,3.028072310227435,.1194045106600897
varmiss,lpdid,116,0,1.709009287038716,.1032279463593355
varmiss,lpdid,116,1,2.1335990818022,.1419371735780638
varmiss,lpdid,116,2,3.038107261930501,.1384295879668712
varmiss,lpdid_rw,116,0,1.821349258850955,.1034900202244409
varmiss,lpdid_rw,116,1,2.31038110217677,.1430484865752961
varmiss,lpdid_rw,116,2,2.961173731539532,.1393438180973459
varmiss,sa,116,0,1.831970867100297,.0870591087041676
varmiss,sa,116,1,2.55466686372545,.0981940956317616
varmiss,sa,116,2,3.43814515533953,.100875411225841
varmiss,csdid,117,0,2.003877660912446,.1044223386512561
varmiss,csdid,117,1,2.602838678732,.1102983435103024
varmiss,csdid,117,2,3.163458476717927,.1061258825191234
varmiss,jwdid,117,0,1.809290515821955,.0702203180397888
varmiss,jwdid,117,1,2.611204109549671,.0825228162386986
varmiss,jwdid,117,2,3.296809068100931,.0825114600048153
varmiss,jwdid_uc,117,0,1.809290515821953,.0797529071328237
varmiss,jwdid_uc,117,1,2.611204109549668,.0944898280984705
varmiss,jwdid_uc,117,2,3.296809068100921,.0879216919978596
varmiss,bjs,117,0,1.793833436837303,.0716792735950448
varmiss,bjs,117,1,2.606541993423889,.0834050007693642
varmiss,bjs,117,2,3.291491251293337,.0836676691367102
varmiss,bjs_wtr,117,0,1.970744309632209,.0744454078397108
varmiss,bjs_wtr,117,1,2.583122078467568,.08432915132717
varmiss,bjs_wtr,117,2,3.101753022463527,.0872742675026366
varmiss,dcdh,117,0,1.660761573634467,.0971228582766911
varmiss,dcdh,117,1,2.244756906261476,.1283242530059202
varmiss,dcdh,117,2,2.917676485078016,.1365200688283217
varmiss,lpdid,117,0,1.593676832049877,.099600303274113
varmiss,lpdid,117,1,2.140639181596741,.1427410649802503
varmiss,lpdid,117,2,3.041254692553743,.1523620826911792
varmiss,lpdid_rw,117,0,1.660762020663827,.1006243470131236
varmiss,lpdid_rw,117,1,2.230161671292733,.145257371201578
varmiss,lpdid_rw,117,2,2.901893705103419,.1573943614554972
varmiss,sa,117,0,1.873775420929441,.0862253040173329
varmiss,sa,117,1,2.656995960415631,.1003174134692107
varmiss,sa,117,2,3.327270430368715,.1003833214353745
varmiss,csdid,118,0,2.157676638928107,.1028727853636404
varmiss,csdid,118,1,2.598959778627176,.1100102978817828
varmiss,csdid,118,2,2.95574968675581,.1092445526528171
varmiss,jwdid,118,0,1.876662781943929,.0688856338555565
varmiss,jwdid,118,1,2.544799129014446,.0779097533945438
varmiss,jwdid,118,2,3.118716111871675,.0798472243801154
varmiss,jwdid_uc,118,0,1.876662781943925,.0779021949251778
varmiss,jwdid_uc,118,1,2.544799129014434,.091623937091002
varmiss,jwdid_uc,118,2,3.118716111871658,.0886148668554082
varmiss,bjs,118,0,1.86578543279029,.0708234081483858
varmiss,bjs,118,1,2.514404324705538,.0801329201886656
varmiss,bjs,118,2,3.118819544586586,.0806617408825801
varmiss,bjs_wtr,118,0,2.001391091141159,.0722944616687965
varmiss,bjs_wtr,118,1,2.445701339325751,.0804575171315156
varmiss,bjs_wtr,118,2,2.860864008627686,.0832187639892625
varmiss,dcdh,118,0,1.867006338938097,.0990088574141652
varmiss,dcdh,118,1,2.227943351625198,.1287051909993953
varmiss,dcdh,118,2,2.820803693550915,.1306245921299401
varmiss,lpdid,118,0,1.774021221603967,.1013671916583146
varmiss,lpdid,118,1,2.140866973702899,.1418601811243452
varmiss,lpdid,118,2,2.722048734252024,.1454237555043336
varmiss,lpdid_rw,118,0,1.867006701213879,.1037127415290307
varmiss,lpdid_rw,118,1,2.181932418473016,.1400627904763634
varmiss,lpdid_rw,118,2,2.55989825296627,.143140405175683
varmiss,sa,118,0,1.918173189054384,.0867087610520217
varmiss,sa,118,1,2.584740102673293,.1007970993489959
varmiss,sa,118,2,3.185622659488108,.1078510793092592
varmiss,csdid,119,0,2.091860976373813,.1059182647633176
varmiss,csdid,119,1,2.548806954633035,.1102409175659926
varmiss,csdid,119,2,3.022434458377773,.1071389569877003
varmiss,jwdid,119,0,1.833224431599651,.0709121466029956
varmiss,jwdid,119,1,2.575396744954292,.081844873681546
varmiss,jwdid,119,2,3.208326629266117,.0810613860714051
varmiss,jwdid_uc,119,0,1.83322443159964,.0793844484289141
varmiss,jwdid_uc,119,1,2.575396744954287,.0907892742152829
varmiss,jwdid_uc,119,2,3.208326629266103,.0875139407122908
varmiss,bjs,119,0,1.838249301948963,.0722060143602864
varmiss,bjs,119,1,2.554096269515867,.0845688642344012
varmiss,bjs,119,2,3.199639536731866,.0817064740042054
varmiss,bjs_wtr,119,0,1.984379393793461,.0745334117861815
varmiss,bjs_wtr,119,1,2.464608134687296,.0850719347199392
varmiss,bjs_wtr,119,2,2.968620510673645,.0840371564624048
varmiss,dcdh,119,0,1.82151429188197,.0948852388744236
varmiss,dcdh,119,1,2.32236745105851,.1283945449262591
varmiss,dcdh,119,2,3.110420159844379,.1232832263218772
varmiss,lpdid,119,0,1.735010629591433,.0981470085548779
varmiss,lpdid,119,1,2.279879164145588,.1391894460275676
varmiss,lpdid,119,2,3.034837894718938,.1496250904498758
varmiss,lpdid_rw,119,0,1.821514532743673,.0992381031809535
varmiss,lpdid_rw,119,1,2.300958417127103,.1391305376798685
varmiss,lpdid_rw,119,2,2.85772311942535,.1518255206177097
varmiss,sa,119,0,1.836280699959683,.0882199713101382
varmiss,sa,119,1,2.631371244504376,.0993686805442199
varmiss,sa,119,2,3.298893517997764,.1020306298139467
varmiss,csdid,120,0,1.827657708490785,.1056907759668669
varmiss,csdid,120,1,2.365159478160176,.1099949878631641
varmiss,csdid,120,2,2.814941669155432,.1090848491861725
varmiss,jwdid,120,0,1.777586903425688,.0717477821690131
varmiss,jwdid,120,1,2.610631942383938,.0812854752003244
varmiss,jwdid,120,2,3.114944026623812,.078037507527741
varmiss,jwdid_uc,120,0,1.777586903425695,.0809501219541626
varmiss,jwdid_uc,120,1,2.610631942383948,.0913300483121985
varmiss,jwdid_uc,120,2,3.114944026623812,.0854817005429828
varmiss,bjs,120,0,1.757698640434683,.0726140883856207
varmiss,bjs,120,1,2.604790443857382,.0818913329047889
varmiss,bjs,120,2,3.114559765002923,.0787674065795234
varmiss,bjs_wtr,120,0,1.940069848089479,.076376918700742
varmiss,bjs_wtr,120,1,2.51762890726377,.0821392307915457
varmiss,bjs_wtr,120,2,2.888757335269474,.0839412305845494
varmiss,dcdh,120,0,1.677559796619026,.1026399127846482
varmiss,dcdh,120,1,2.333277785896748,.13051833128525
varmiss,dcdh,120,2,2.823968474486309,.1319534552599451
varmiss,lpdid,120,0,1.546015901569332,.1055674368944066
varmiss,lpdid,120,1,2.200094410608445,.1531568571175838
varmiss,lpdid,120,2,2.85087353982615,.1512921464953369
varmiss,lpdid_rw,120,0,1.67756033718761,.1081642929638105
varmiss,lpdid_rw,120,1,2.31969944098726,.1604113442203008
varmiss,lpdid_rw,120,2,2.717312005486851,.1521990107580148
varmiss,sa,120,0,1.752339551774821,.0899257463427086
varmiss,sa,120,1,2.586030357448695,.0973092737461179
varmiss,sa,120,2,3.089685293833911,.1017099948569042
varmiss,csdid,121,0,2.088380791862234,.110517550929934
varmiss,csdid,121,1,2.662100084377704,.1157385677387322
varmiss,csdid,121,2,3.137051802230588,.1131930502274146
varmiss,jwdid,121,0,1.794652873912737,.0721066471846916
varmiss,jwdid,121,1,2.612602778914996,.0837524144069371
varmiss,jwdid,121,2,3.267352112378543,.0825635272445878
varmiss,jwdid_uc,121,0,1.794652873912739,.0854370714278459
varmiss,jwdid_uc,121,1,2.612602778914996,.0975871630372878
varmiss,jwdid_uc,121,2,3.267352112378525,.089487008605509
varmiss,bjs,121,0,1.801366537480135,.0738556467011573
varmiss,bjs,121,1,2.59771016367722,.0849350017741629
varmiss,bjs,121,2,3.285946390009485,.083226022553299
varmiss,bjs_wtr,121,0,2.073881724145394,.0795681171923867
varmiss,bjs_wtr,121,1,2.570611027569612,.0861144351385209
varmiss,bjs_wtr,121,2,3.087676691211527,.0873335550413383
varmiss,dcdh,121,0,1.659958121701478,.0956991904988399
varmiss,dcdh,121,1,2.211836454892033,.1387491652900467
varmiss,dcdh,121,2,3.092076660768764,.1439163876415899
varmiss,lpdid,121,0,1.570380627275569,.0988900503782728
varmiss,lpdid,121,1,2.145784281326673,.156226727152922
varmiss,lpdid,121,2,3.141477563705433,.1630110544400952
varmiss,lpdid_rw,121,0,1.6599589645033,.1017696273146527
varmiss,lpdid_rw,121,1,2.260694022855588,.1631879146202999
varmiss,lpdid_rw,121,2,2.913597164223532,.1766283103168937
varmiss,sa,121,0,1.867617968920987,.0912161142865956
varmiss,sa,121,1,2.656687415473602,.1032563856584345
varmiss,sa,121,2,3.319522720245183,.103938817305765
varmiss,csdid,122,0,2.306707006555586,.1088213942308841
varmiss,csdid,122,1,2.745181209771149,.1130529071999108
varmiss,csdid,122,2,3.266785836909389,.1118290463995592
varmiss,jwdid,122,0,1.910546515363014,.0684308567755121
varmiss,jwdid,122,1,2.634324025600286,.0812238326428067
varmiss,jwdid,122,2,3.330462779275903,.0810816887056853
varmiss,jwdid_uc,122,0,1.910546515363018,.0831582314510178
varmiss,jwdid_uc,122,1,2.634324025600317,.0939454526287698
varmiss,jwdid_uc,122,2,3.330462779275923,.0895323824711627
varmiss,bjs,122,0,1.931237913908262,.0710380675731659
varmiss,bjs,122,1,2.635047478528577,.0825158196837948
varmiss,bjs,122,2,3.331548893904255,.0819972453719369
varmiss,bjs_wtr,122,0,2.150730639183166,.0742274297896179
varmiss,bjs_wtr,122,1,2.586485350708244,.0841576093627434
varmiss,bjs_wtr,122,2,3.141272838023724,.0852322301188403
varmiss,dcdh,122,0,1.843560305624072,.0953847369041151
varmiss,dcdh,122,1,2.309111617909373,.1358038467504681
varmiss,dcdh,122,2,2.9798326867106,.1343679874284742
varmiss,lpdid,122,0,1.724318399254314,.0988393552542243
varmiss,lpdid,122,1,2.116734573154952,.1592122198725532
varmiss,lpdid,122,2,3.065628856578547,.15775542004714
varmiss,lpdid_rw,122,0,1.843560063464611,.1018854433611755
varmiss,lpdid_rw,122,1,2.29175641047423,.1620921440655869
varmiss,lpdid_rw,122,2,2.836229286293597,.1578267651274229
varmiss,sa,122,0,1.959898048339135,.0907389492062881
varmiss,sa,122,1,2.689833456762209,.1023543403096522
varmiss,sa,122,2,3.410986386809472,.1053133784783337
varmiss,csdid,123,0,2.106671484937086,.1103926525364073
varmiss,csdid,123,1,2.526902416229436,.11345501474203
varmiss,csdid,123,2,3.064279924926353,.1116962222488462
varmiss,jwdid,123,0,1.88195171444372,.0748588883141017
varmiss,jwdid,123,1,2.58495416320457,.0807440331043367
varmiss,jwdid,123,2,3.257162647689422,.0780474928113319
varmiss,jwdid_uc,123,0,1.881951714443728,.087430046047271
varmiss,jwdid_uc,123,1,2.584954163204555,.0899270744638622
varmiss,jwdid_uc,123,2,3.257162647689385,.0859853601078276
varmiss,bjs,123,0,1.866539147613366,.0766943211114999
varmiss,bjs,123,1,2.561352824035566,.0829168480198339
varmiss,bjs,123,2,3.2572643213216,.0794483656092639
varmiss,bjs_wtr,123,0,2.047855009788691,.0793639110893177
varmiss,bjs_wtr,123,1,2.549369604341337,.0844325037655358
varmiss,bjs_wtr,123,2,3.047309815505287,.0825466078197661
varmiss,dcdh,123,0,1.778578890591836,.1100923975316797
varmiss,dcdh,123,1,2.205903011980749,.130274392492124
varmiss,dcdh,123,2,2.987364694905394,.1244406949032057
varmiss,lpdid,123,0,1.650050245829219,.1132321435879056
varmiss,lpdid,123,1,2.113264794021535,.1483224949773327
varmiss,lpdid,123,2,2.970859551771903,.1459034031864469
varmiss,lpdid_rw,123,0,1.778578469900197,.115341411548816
varmiss,lpdid_rw,123,1,2.229684291445809,.1486641516957195
varmiss,lpdid_rw,123,2,2.867990509271002,.1474624223501789
varmiss,sa,123,0,1.902729782649606,.0975220631198197
varmiss,sa,123,1,2.587201242661585,.0977320959936482
varmiss,sa,123,2,3.291059965649112,.1020629423808208
varmiss,csdid,124,0,2.020898185933434,.1072426116186803
varmiss,csdid,124,1,2.461792264505713,.1091466960495534
varmiss,csdid,124,2,2.825101994608485,.1086108072997761
varmiss,jwdid,124,0,1.888473166377029,.0709700416178077
varmiss,jwdid,124,1,2.585466609923017,.079138916327035
varmiss,jwdid,124,2,3.143672898809727,.0797567153065278
varmiss,jwdid_uc,124,0,1.888473166377033,.0843054146641648
varmiss,jwdid_uc,124,1,2.585466609923009,.0882507818830506
varmiss,jwdid_uc,124,2,3.143672898809732,.0877230040559186
varmiss,bjs,124,0,1.849213031815452,.0737292472689385
varmiss,bjs,124,1,2.578659891049028,.0806337684156629
varmiss,bjs,124,2,3.130387802011683,.0806881831879641
varmiss,bjs_wtr,124,0,2.072294047567084,.0772128598372235
varmiss,bjs_wtr,124,1,2.532934758346528,.0820309124839337
varmiss,bjs_wtr,124,2,2.905463719653198,.0851786211352698
varmiss,dcdh,124,0,1.805160045019817,.0979859146964973
varmiss,dcdh,124,1,2.185239430190064,.1236110962171279
varmiss,dcdh,124,2,2.745242623217404,.1275723875684658
varmiss,lpdid,124,0,1.705417547097806,.1030203566332216
varmiss,lpdid,124,1,2.175169378460701,.1401835870876705
varmiss,lpdid,124,2,2.881411262814575,.1474121419178314
varmiss,lpdid_rw,124,0,1.805160329922311,.1046498415552402
varmiss,lpdid_rw,124,1,2.263903475383991,.1457543953537017
varmiss,lpdid_rw,124,2,2.675023450857443,.15008137842482
varmiss,sa,124,0,1.840364546988701,.0904050655176253
varmiss,sa,124,1,2.528936173167138,.0923376023574637
varmiss,sa,124,2,3.058555650069154,.1016393946079557
varmiss,csdid,125,0,1.948304000512065,.106619725806672
varmiss,csdid,125,1,2.586629989319016,.113556150231437
varmiss,csdid,125,2,3.054248748480238,.1170417401776745
varmiss,jwdid,125,0,1.86067020126297,.0704784316817914
varmiss,jwdid,125,1,2.621385234246944,.0828278485107526
varmiss,jwdid,125,2,3.296616888273029,.0815597816534468
varmiss,jwdid_uc,125,0,1.860670201262976,.0832046752000165
varmiss,jwdid_uc,125,1,2.621385234246958,.0917582904705098
varmiss,jwdid_uc,125,2,3.29661688827303,.088712643823817
varmiss,bjs,125,0,1.882548694272373,.0719059619080754
varmiss,bjs,125,1,2.64267357726203,.0851480238359107
varmiss,bjs,125,2,3.31262520445307,.0829135615237607
varmiss,bjs_wtr,125,0,2.053036766302284,.0736594883215314
varmiss,bjs_wtr,125,1,2.566586594730325,.0851654381160414
varmiss,bjs_wtr,125,2,3.100448365876218,.0864691428765564
varmiss,dcdh,125,0,1.59418069659772,.1021381939995926
varmiss,dcdh,125,1,2.19540703424578,.1355982212521837
varmiss,dcdh,125,2,2.89233293851097,.142607348950354
varmiss,lpdid,125,0,1.489429179012147,.1042441439082598
varmiss,lpdid,125,1,1.953574671304505,.1526349706181734
varmiss,lpdid,125,2,2.879134743060585,.1632334425928668
varmiss,lpdid_rw,125,0,1.594180268085038,.1061018982354162
varmiss,lpdid_rw,125,1,2.112881439526188,.1587987327451466
varmiss,lpdid_rw,125,2,2.764185876768012,.1651200780064138
varmiss,sa,125,0,1.818958119231691,.0908591383739013
varmiss,sa,125,1,2.59928638157542,.1005387194588373
varmiss,sa,125,2,3.278932648793175,.1099540472931991
varmiss,csdid,126,0,2.016936486549608,.1040040806497587
varmiss,csdid,126,1,2.449635219081693,.1119408888471565
varmiss,csdid,126,2,2.998039107579322,.1088194363097536
varmiss,jwdid,126,0,1.840057585912484,.0719597172191212
varmiss,jwdid,126,1,2.444169253613179,.0803944610749508
varmiss,jwdid,126,2,3.175569966058414,.0787418842914968
varmiss,jwdid_uc,126,0,1.840057585912494,.0827482546052686
varmiss,jwdid_uc,126,1,2.444169253613189,.0897010281600641
varmiss,jwdid_uc,126,2,3.175569966058423,.0870397308762133
varmiss,bjs,126,0,1.819855373560131,.0750259118166366
varmiss,bjs,126,1,2.444074072149306,.082458272112213
varmiss,bjs,126,2,3.188953442877391,.0799740704940178
varmiss,bjs_wtr,126,0,1.918816937362863,.0759934869650307
varmiss,bjs_wtr,126,1,2.377720035159655,.0839024635122478
varmiss,bjs_wtr,126,2,2.964411168271909,.0814733829516897
varmiss,dcdh,126,0,1.708894604838539,.0971043492620463
varmiss,dcdh,126,1,2.131856765601799,.12509488137171
varmiss,dcdh,126,2,2.816454370903509,.1270510404167843
varmiss,lpdid,126,0,1.579189041908017,.0995640034848734
varmiss,lpdid,126,1,2.077688746606688,.1424343219381809
varmiss,lpdid,126,2,2.797615284836647,.1388548841354123
varmiss,lpdid_rw,126,0,1.708894803641428,.1019777640674839
varmiss,lpdid_rw,126,1,2.201229664241709,.1457026487276316
varmiss,lpdid_rw,126,2,2.731050640424127,.1393035523102381
varmiss,sa,126,0,1.841394033578888,.0877248017058452
varmiss,sa,126,1,2.426453492149204,.0955748827420304
varmiss,sa,126,2,3.152809335975295,.1032539915947479
varmiss,csdid,127,0,2.121451294846631,.1046755838863934
varmiss,csdid,127,1,2.620621605605577,.1134596913208499
varmiss,csdid,127,2,3.053577665012021,.1101523755322621
varmiss,jwdid,127,0,1.867813716236999,.067267162436247
varmiss,jwdid,127,1,2.612569537470713,.0853199011668838
varmiss,jwdid,127,2,3.198770827741984,.0813330998505605
varmiss,jwdid_uc,127,0,1.86781371623701,.0760049133620901
varmiss,jwdid_uc,127,1,2.612569537470733,.0932476668295346
varmiss,jwdid_uc,127,2,3.198770827741996,.0866947622086397
varmiss,bjs,127,0,1.887260606661584,.0688932420062246
varmiss,bjs,127,1,2.63372305540247,.0865914793699229
varmiss,bjs,127,2,3.215920481525245,.0822892762832924
varmiss,bjs_wtr,127,0,2.056250090710819,.0725277341760003
varmiss,bjs_wtr,127,1,2.610103643056846,.0881416041259334
varmiss,bjs_wtr,127,2,3.007003718215856,.0849165977429293
varmiss,dcdh,127,0,1.654941274795237,.0927584121655733
varmiss,dcdh,127,1,2.148989711432738,.1267774075723165
varmiss,dcdh,127,2,2.901736515441645,.1279634152809004
varmiss,lpdid,127,0,1.543463034698211,.0956550245464152
varmiss,lpdid,127,1,2.001203371617144,.1439604241388196
varmiss,lpdid,127,2,2.943701756741526,.1492162136563526
varmiss,lpdid_rw,127,0,1.654942236733808,.0971285911466721
varmiss,lpdid_rw,127,1,2.125266980041667,.1529897755351917
varmiss,lpdid_rw,127,2,2.803966797299185,.1526758550983261
varmiss,sa,127,0,1.827734697935492,.0858558275434299
varmiss,sa,127,1,2.579780184637605,.0998827730835376
varmiss,sa,127,2,3.194120667588208,.098957042739469
varmiss,csdid,128,0,2.120063856465697,.1050663366048404
varmiss,csdid,128,1,2.478603506362736,.1094554127832586
varmiss,csdid,128,2,3.011997482620981,.104681642071809
varmiss,jwdid,128,0,1.932839810829077,.0689841946879859
varmiss,jwdid,128,1,2.471764551383279,.0802249695608673
varmiss,jwdid,128,2,3.170768454067441,.0791109283705624
varmiss,jwdid_uc,128,0,1.93283981082907,.0801593439858589
varmiss,jwdid_uc,128,1,2.471764551383277,.0911207197901016
varmiss,jwdid_uc,128,2,3.170768454067433,.087535858992715
varmiss,bjs,128,0,1.927950981193135,.0705341423431089
varmiss,bjs,128,1,2.485146422368416,.0821783640927969
varmiss,bjs,128,2,3.177452198060564,.0803088722434107
varmiss,bjs_wtr,128,0,2.141187101973628,.0739287344473614
varmiss,bjs_wtr,128,1,2.443494911080052,.0835589429623537
varmiss,bjs_wtr,128,2,2.946128219457023,.0844616860567976
varmiss,dcdh,128,0,1.797179237330337,.0963350023368773
varmiss,dcdh,128,1,2.227122216024445,.1303584368637538
varmiss,dcdh,128,2,2.747590841678809,.1302491727752526
varmiss,lpdid,128,0,1.725956968482557,.0986923733364013
varmiss,lpdid,128,1,2.179004391640444,.1451284793545992
varmiss,lpdid,128,2,2.874407749326205,.147975733722662
varmiss,lpdid_rw,128,0,1.797179045943984,.0999151138494055
varmiss,lpdid_rw,128,1,2.258897844872348,.1488314400849157
varmiss,lpdid_rw,128,2,2.634155904281487,.1532741279993653
varmiss,sa,128,0,1.936846671140069,.0874421747928311
varmiss,sa,128,1,2.489919253266542,.0968885100731985
varmiss,sa,128,2,3.18459819334691,.0995793095806318
varmiss,csdid,129,0,1.960875537238607,.0983262520190353
varmiss,csdid,129,1,2.511910327581778,.1061658926563007
varmiss,csdid,129,2,3.113614767843683,.1074620190638544
varmiss,jwdid,129,0,1.945726110009045,.0652224641710484
varmiss,jwdid,129,1,2.656342698928196,.0774376862261003
varmiss,jwdid,129,2,3.373037953892593,.0778151691589467
varmiss,jwdid_uc,129,0,1.945726110009046,.0732190603750034
varmiss,jwdid_uc,129,1,2.65634269892819,.085663464820609
varmiss,jwdid_uc,129,2,3.373037953892598,.0873746102370777
varmiss,bjs,129,0,1.944582526206887,.0663817677508937
varmiss,bjs,129,1,2.637852687032137,.0783939473423024
varmiss,bjs,129,2,3.365848260727944,.0795358444337154
varmiss,bjs_wtr,129,0,2.083370850928986,.0687201354892396
varmiss,bjs_wtr,129,1,2.587427305817982,.0789016919536983
varmiss,bjs_wtr,129,2,3.139452176172199,.0815294356165113
varmiss,dcdh,129,0,1.878709900134534,.0881226679839951
varmiss,dcdh,129,1,2.446697433679099,.1248717399294879
varmiss,dcdh,129,2,2.869534574693313,.124259416807091
varmiss,lpdid,129,0,1.776204310243297,.0908980216457909
varmiss,lpdid,129,1,2.396104349540062,.1408102137744088
varmiss,lpdid,129,2,2.928672689093488,.1434258869280496
varmiss,lpdid_rw,129,0,1.878709658631471,.0918510586423645
varmiss,lpdid_rw,129,1,2.507877020161644,.1413163037182376
varmiss,lpdid_rw,129,2,2.770850869238917,.1468155115068916
varmiss,sa,129,0,1.911864427266557,.0789463882823188
varmiss,sa,129,1,2.607240081857389,.0927953821682206
varmiss,sa,129,2,3.304760066934255,.0984184695659552
varmiss,csdid,130,0,1.964692187342222,.1051740236731819
varmiss,csdid,130,1,2.509791788970342,.1109698879480836
varmiss,csdid,130,2,2.991016029945066,.1063137805695614
varmiss,jwdid,130,0,1.788315584290906,.066265617787181
varmiss,jwdid,130,1,2.625883586716226,.0781229028768415
varmiss,jwdid,130,2,3.206196218607348,.0765900084753325
varmiss,jwdid_uc,130,0,1.788315584290903,.0782915083659029
varmiss,jwdid_uc,130,1,2.625883586716203,.089016692276748
varmiss,jwdid_uc,130,2,3.206196218607339,.0857866173833948
varmiss,bjs,130,0,1.779551251322118,.0678878871234315
varmiss,bjs,130,1,2.607895502980682,.0794135255587694
varmiss,bjs,130,2,3.194108638934267,.0773414165664304
varmiss,bjs_wtr,130,0,1.985423642308888,.0721586305494443
varmiss,bjs_wtr,130,1,2.520847369297599,.0821104311354415
varmiss,bjs_wtr,130,2,2.976520488926326,.0814658189908263
varmiss,dcdh,130,0,1.513382730653498,.0920835327755671
varmiss,dcdh,130,1,2.353860076217646,.1244267701197921
varmiss,dcdh,130,2,2.729314601965189,.1265885119200383
varmiss,lpdid,130,0,1.418716379743908,.0967495833284201
varmiss,lpdid,130,1,2.222956549743661,.1451916176661893
varmiss,lpdid,130,2,2.742666491150575,.1434522102090753
varmiss,lpdid_rw,130,0,1.513383122706861,.0982348417863348
varmiss,lpdid_rw,130,1,2.321752029313315,.142481556062641
varmiss,lpdid_rw,130,2,2.524402069053528,.1467084889762602
varmiss,sa,130,0,1.726303166918221,.0849332580276338
varmiss,sa,130,1,2.566045063431468,.0937634078165155
varmiss,sa,130,2,3.141033895446173,.0997102852775257
varmiss,csdid,131,0,1.941435747487059,.1029306953494607
varmiss,csdid,131,1,2.454125617558407,.1098657267504388
varmiss,csdid,131,2,2.969889741851034,.1093103845819189
varmiss,jwdid,131,0,1.802107368502458,.0725494069832247
varmiss,jwdid,131,1,2.48852599861852,.0778407016560558
varmiss,jwdid,131,2,3.190231073193668,.079164070673127
varmiss,jwdid_uc,131,0,1.802107368502458,.0827460679349519
varmiss,jwdid_uc,131,1,2.488525998618512,.0890674399352328
varmiss,jwdid_uc,131,2,3.190231073193658,.0883574933566779
varmiss,bjs,131,0,1.814389418451356,.0744969912964938
varmiss,bjs,131,1,2.483530389160592,.0800285936823887
varmiss,bjs,131,2,3.174314767027681,.0793929593977197
varmiss,bjs_wtr,131,0,1.961183497540333,.0764679408876724
varmiss,bjs_wtr,131,1,2.412825811024788,.0808728188070686
varmiss,bjs_wtr,131,2,2.896413382259198,.0841222804422663
varmiss,dcdh,131,0,1.738384197167455,.0966751046579357
varmiss,dcdh,131,1,2.119390963250118,.1241201384500834
varmiss,dcdh,131,2,2.82674130023026,.1282689013952079
varmiss,lpdid,131,0,1.623607495820326,.0994942689210542
varmiss,lpdid,131,1,2.011975615334122,.1419922885860415
varmiss,lpdid,131,2,2.79615452618244,.147171993665877
varmiss,lpdid_rw,131,0,1.738384090130086,.1019361959571015
varmiss,lpdid_rw,131,1,2.165338593588967,.1451069582433987
varmiss,lpdid_rw,131,2,2.678189435543842,.1476888282165519
varmiss,sa,131,0,1.840328470340598,.0903652203949042
varmiss,sa,131,1,2.527359642932871,.0985691995242322
varmiss,sa,131,2,3.257898504277297,.107688296465121
varmiss,csdid,132,0,2.055536968836786,.1061281275437239
varmiss,csdid,132,1,2.647873319126311,.1100387768068544
varmiss,csdid,132,2,3.014916642956608,.1087490884352205
varmiss,jwdid,132,0,2.016883960874721,.0698955232097986
varmiss,jwdid,132,1,2.725099996364251,.0829579591510556
varmiss,jwdid,132,2,3.198163882830088,.0807117060753035
varmiss,jwdid_uc,132,0,2.01688396087471,.0769926915331673
varmiss,jwdid_uc,132,1,2.725099996364237,.0929664956224266
varmiss,jwdid_uc,132,2,3.198163882830081,.0886445390451441
varmiss,bjs,132,0,2.004944181787323,.0722212279157271
varmiss,bjs,132,1,2.705084042948329,.0841584266655005
varmiss,bjs,132,2,3.192284341210325,.0818411338860006
varmiss,bjs_wtr,132,0,2.130781963916888,.0745418108146926
varmiss,bjs_wtr,132,1,2.602107536097719,.0854325517116132
varmiss,bjs_wtr,132,2,2.993792966866749,.08469459182217
varmiss,dcdh,132,0,1.893066982407723,.0984110926841074
varmiss,dcdh,132,1,2.358178737460676,.132947408014706
varmiss,dcdh,132,2,2.786669959605963,.1269192477093814
varmiss,lpdid,132,0,1.808769415236492,.1002746111836435
varmiss,lpdid,132,1,2.30695910694344,.1517887092512302
varmiss,lpdid,132,2,2.941167070401557,.1449499432266619
varmiss,lpdid_rw,132,0,1.893067415603786,.1017542929765146
varmiss,lpdid_rw,132,1,2.401239423226127,.1520603100248999
varmiss,lpdid_rw,132,2,2.831555441547966,.1441595096732022
varmiss,sa,132,0,1.986822312030189,.0849071813252918
varmiss,sa,132,1,2.674349444914419,.1004116886971669
varmiss,sa,132,2,3.141229438920233,.1040960312387885
varmiss,csdid,133,0,2.159849152931601,.1051400532599128
varmiss,csdid,133,1,2.662043960517336,.1139635457399703
varmiss,csdid,133,2,3.109144126956724,.1123313128627631
varmiss,jwdid,133,0,1.909828405021982,.0699295629045458
varmiss,jwdid,133,1,2.572570887718191,.0819062447944086
varmiss,jwdid,133,2,3.259058296656501,.0785114156952097
varmiss,jwdid_uc,133,0,1.909828405021991,.0784669240226131
varmiss,jwdid_uc,133,1,2.572570887718209,.092911441657419
varmiss,jwdid_uc,133,2,3.259058296656505,.0882340142546518
varmiss,bjs,133,0,1.904134846021634,.0709505547050165
varmiss,bjs,133,1,2.551850172701052,.0829686059729051
varmiss,bjs,133,2,3.274696887058781,.0792625716413043
varmiss,bjs_wtr,133,0,2.021361247829645,.0734476298233703
varmiss,bjs_wtr,133,1,2.504921748126435,.0839732038939949
varmiss,bjs_wtr,133,2,3.039480453381657,.082684562613451
varmiss,dcdh,133,0,1.884628958520526,.0947328547399343
varmiss,dcdh,133,1,2.181237095665845,.1401293432430773
varmiss,dcdh,133,2,2.854978963239006,.1279110186632289
varmiss,lpdid,133,0,1.804093901529813,.095149174791597
varmiss,lpdid,133,1,2.203496582935399,.1505048497285872
varmiss,lpdid,133,2,2.941670639144066,.1430581537448476
varmiss,lpdid_rw,133,0,1.88462864075693,.0974697490832071
varmiss,lpdid_rw,133,1,2.284159884027635,.1505460196303199
varmiss,lpdid_rw,133,2,2.79028568943175,.1442686711432629
varmiss,sa,133,0,1.964539927239536,.0858532092711876
varmiss,sa,133,1,2.602979918457685,.0980520235152213
varmiss,sa,133,2,3.256026846681933,.1047229387096345
varmiss,csdid,134,0,2.037561454208517,.1056402382867307
varmiss,csdid,134,1,2.509698158902964,.116277037122508
varmiss,csdid,134,2,2.92408895134143,.1119944593969622
varmiss,jwdid,134,0,1.869867320691643,.0657474589577029
varmiss,jwdid,134,1,2.59055907737822,.0820370120019334
varmiss,jwdid,134,2,3.194804507711158,.0820241003856858
varmiss,jwdid_uc,134,0,1.869867320691656,.0770146510454447
varmiss,jwdid_uc,134,1,2.590559077378217,.0918058308371148
varmiss,jwdid_uc,134,2,3.194804507711158,.0888847501656228
varmiss,bjs,134,0,1.847990704849508,.0674654108581638
varmiss,bjs,134,1,2.595510265178746,.0837420542736667
varmiss,bjs,134,2,3.218218521869858,.0825323884162051
varmiss,bjs_wtr,134,0,2.024215388792072,.0707946120253079
varmiss,bjs_wtr,134,1,2.527046090086515,.0837741462854356
varmiss,bjs_wtr,134,2,3.023663814054089,.0865032445701814
varmiss,dcdh,134,0,1.709854947646434,.0950035036953212
varmiss,dcdh,134,1,1.994305644348151,.1313017219892124
varmiss,dcdh,134,2,2.97929374102372,.1342569666831384
varmiss,lpdid,134,0,1.593991921126097,.0975584622679664
varmiss,lpdid,134,1,1.885083540420994,.1523488160768747
varmiss,lpdid,134,2,2.844513006496681,.1558754223873117
varmiss,lpdid_rw,134,0,1.709854630565684,.1001151507296702
varmiss,lpdid_rw,134,1,2.015697678216812,.1608011362530822
varmiss,lpdid_rw,134,2,2.73884988698941,.1567416734048579
varmiss,sa,134,0,1.86251055503306,.0860922846760007
varmiss,sa,134,1,2.585105914565908,.1004105462541169
varmiss,sa,134,2,3.190490575248427,.1034759866236813
varmiss,csdid,135,0,2.027327842354273,.1073534279202532
varmiss,csdid,135,1,2.565245718635257,.1138351313053819
varmiss,csdid,135,2,3.096667677957666,.1085894936888804
varmiss,jwdid,135,0,1.915707129340013,.0721090911472626
varmiss,jwdid,135,1,2.561201484099024,.0799076124799936
varmiss,jwdid,135,2,3.219921801567597,.0785928280022533
varmiss,jwdid_uc,135,0,1.91570712934001,.0825729201265043
varmiss,jwdid_uc,135,1,2.561201484099019,.0887778976797885
varmiss,jwdid_uc,135,2,3.219921801567587,.086575163436296
varmiss,bjs,135,0,1.892340815564239,.0743762616755346
varmiss,bjs,135,1,2.559261319824145,.0814498767205796
varmiss,bjs,135,2,3.216837968724576,.0798092365669653
varmiss,bjs_wtr,135,0,2.037381221131,.0763738039427165
varmiss,bjs_wtr,135,1,2.520984770182622,.0832176909784839
varmiss,bjs_wtr,135,2,3.013578711499576,.0827702613002102
varmiss,dcdh,135,0,1.749694610673662,.0980194299186907
varmiss,dcdh,135,1,2.193236330085927,.133546455656012
varmiss,dcdh,135,2,2.889608607009366,.1319834433197988
varmiss,lpdid,135,0,1.645326755831712,.1026904976913087
varmiss,lpdid,135,1,2.128657800930414,.1546834376841291
varmiss,lpdid,135,2,2.8946546872198,.1496141691126074
varmiss,lpdid_rw,135,0,1.749694089626593,.1037719660959607
varmiss,lpdid_rw,135,1,2.20273730930305,.1577293371448932
varmiss,lpdid_rw,135,2,2.797525264167216,.1539351457123538
varmiss,sa,135,0,1.900173401039414,.0910097533523816
varmiss,sa,135,1,2.5600386341211,.0979207671830281
varmiss,sa,135,2,3.235758405034059,.1024522461758191
varmiss,csdid,136,0,1.793261827141381,.1038316097116318
varmiss,csdid,136,1,2.188034108252773,.1105658673797148
varmiss,csdid,136,2,2.860811812472372,.1103276484539589
varmiss,jwdid,136,0,1.757785415286149,.0673574302750264
varmiss,jwdid,136,1,2.509286513056908,.0792170290229526
varmiss,jwdid,136,2,3.207584587453486,.0802505821906337
varmiss,jwdid_uc,136,0,1.757785415286153,.0777432890174698
varmiss,jwdid_uc,136,1,2.509286513056908,.0919197224072858
varmiss,jwdid_uc,136,2,3.207584587453499,.0884416192320631
varmiss,bjs,136,0,1.745028529966476,.0686780470491299
varmiss,bjs,136,1,2.533458315715507,.0806313400226367
varmiss,bjs,136,2,3.23351506026421,.0816187403926827
varmiss,bjs_wtr,136,0,1.952649676245983,.0710986972087894
varmiss,bjs_wtr,136,1,2.45740998684505,.0807823811718425
varmiss,bjs_wtr,136,2,2.991356192333853,.0857910857400851
varmiss,dcdh,136,0,1.517542796675582,.0942007453014539
varmiss,dcdh,136,1,2.064083388487289,.1182293129839879
varmiss,dcdh,136,2,2.732164489853012,.136431561933489
varmiss,lpdid,136,0,1.4438498500874,.097386332779715
varmiss,lpdid,136,1,1.935373526041485,.1337468028276738
varmiss,lpdid,136,2,2.814075109543087,.1501611051586732
varmiss,lpdid_rw,136,0,1.517543359997466,.0976202996200475
varmiss,lpdid_rw,136,1,2.023700914779051,.1351350972608064
varmiss,lpdid_rw,136,2,2.65969921857431,.1545241438089942
varmiss,sa,136,0,1.718858598433251,.0855119042747445
varmiss,sa,136,1,2.429380357054324,.0965733980350258
varmiss,sa,136,2,3.081088783522821,.1042149009310938
varmiss,csdid,137,0,1.942346702436052,.1088943147233592
varmiss,csdid,137,1,2.464785759204497,.1096756485476517
varmiss,csdid,137,2,2.909775409171794,.106332741732823
varmiss,jwdid,137,0,1.755317279881399,.0675696876732259
varmiss,jwdid,137,1,2.515973969109946,.0766191972893942
varmiss,jwdid,137,2,3.074123004905702,.0775354492897401
varmiss,jwdid_uc,137,0,1.755317279881405,.0780478304247229
varmiss,jwdid_uc,137,1,2.51597396910994,.0895933644672959
varmiss,jwdid_uc,137,2,3.074123004905688,.0853757709759863
varmiss,bjs,137,0,1.755331841452062,.0696818190904439
varmiss,bjs,137,1,2.530010759215656,.0793002077297707
varmiss,bjs,137,2,3.07049505364057,.0785579312389339
varmiss,bjs_wtr,137,0,1.978334529843778,.0747914726711449
varmiss,bjs_wtr,137,1,2.471475979386014,.0806076003134082
varmiss,bjs_wtr,137,2,2.829131802453048,.0814420808393983
varmiss,dcdh,137,0,1.511539509101352,.0948988034287146
varmiss,dcdh,137,1,2.049609579362191,.1201176116303315
varmiss,dcdh,137,2,2.589942815362124,.1258513109632319
varmiss,lpdid,137,0,1.44341102347757,.0986867593234107
varmiss,lpdid,137,1,1.948912498695391,.1424690468263678
varmiss,lpdid,137,2,2.595650498983349,.1415201668210953
varmiss,lpdid_rw,137,0,1.511539325406358,.1001261975586142
varmiss,lpdid_rw,137,1,2.055938349660861,.1439258652862936
varmiss,lpdid_rw,137,2,2.454197576249618,.1431146117568141
varmiss,sa,137,0,1.685504043961711,.0874353710543398
varmiss,sa,137,1,2.461247060443038,.0951552187519209
varmiss,sa,137,2,3.020473779869997,.1012950104131516
varmiss,csdid,138,0,1.972776314972629,.1079686482401317
varmiss,csdid,138,1,2.48685308425977,.1098378849110962
varmiss,csdid,138,2,2.925349721214627,.1104547186334186
varmiss,jwdid,138,0,1.825302305245106,.0701363807694483
varmiss,jwdid,138,1,2.483258069723345,.0776565505909315
varmiss,jwdid,138,2,3.249425093445455,.0812009483078674
varmiss,jwdid_uc,138,0,1.825302305245104,.0798479358852993
varmiss,jwdid_uc,138,1,2.483258069723372,.0885886040315696
varmiss,jwdid_uc,138,2,3.24942509344548,.0908306514622358
varmiss,bjs,138,0,1.835030328684297,.0717854887122049
varmiss,bjs,138,1,2.50784303727869,.0788152682477377
varmiss,bjs,138,2,3.270372527389554,.0823345842751401
varmiss,bjs_wtr,138,0,1.989334411324307,.07405989894811
varmiss,bjs_wtr,138,1,2.477638058824596,.0806936821283444
varmiss,bjs_wtr,138,2,2.980776605727442,.0862327402786852
varmiss,dcdh,138,0,1.660992760264421,.0957345983277158
varmiss,dcdh,138,1,1.94703605797754,.1278657934103657
varmiss,dcdh,138,2,2.858146560376506,.1351777314711541
varmiss,lpdid,138,0,1.556628529856689,.0993169661680895
varmiss,lpdid,138,1,1.865231564958729,.1425099899728247
varmiss,lpdid,138,2,2.839367610280126,.1558774518340745
varmiss,lpdid_rw,138,0,1.660992320608352,.1009114239134362
varmiss,lpdid_rw,138,1,1.934925357947584,.1469705597460098
varmiss,lpdid_rw,138,2,2.694033482901447,.1578258755344837
varmiss,sa,138,0,1.78243080348169,.0886153290582346
varmiss,sa,138,1,2.447971648359705,.0988315947344594
varmiss,sa,138,2,3.282420151977925,.1063054015758327
varmiss,csdid,139,0,2.047305611729331,.1070018882649574
varmiss,csdid,139,1,2.578966780833796,.1157296818038225
varmiss,csdid,139,2,3.126969596439517,.1084127920999073
varmiss,jwdid,139,0,1.812888026444647,.0714467645453347
varmiss,jwdid,139,1,2.61534216916719,.0807811539059767
varmiss,jwdid,139,2,3.29309866233108,.0789198366282624
varmiss,jwdid_uc,139,0,1.812888026444643,.0836024173087517
varmiss,jwdid_uc,139,1,2.615342169167163,.0937898254552303
varmiss,jwdid_uc,139,2,3.293098662331079,.0873642779845857
varmiss,bjs,139,0,1.789713367475997,.072671210613582
varmiss,bjs,139,1,2.613778982369695,.0828424132009806
varmiss,bjs,139,2,3.28548735242839,.0799700337353551
varmiss,bjs_wtr,139,0,1.935087431616921,.075738954493073
varmiss,bjs_wtr,139,1,2.559323226039851,.0843152323820457
varmiss,bjs_wtr,139,2,3.034636995267647,.0850311849792593
varmiss,dcdh,139,0,1.660627251292916,.1015434059222048
varmiss,dcdh,139,1,2.252528405625937,.1276816736342625
varmiss,dcdh,139,2,3.03153548857483,.1321751357122848
varmiss,lpdid,139,0,1.513401104975203,.1031295627356875
varmiss,lpdid,139,1,2.204912856994598,.1500024200099318
varmiss,lpdid,139,2,3.022955444251677,.1534687583193171
varmiss,lpdid_rw,139,0,1.660628155508638,.1076302536808665
varmiss,lpdid_rw,139,1,2.329116063391712,.1533216880088618
varmiss,lpdid_rw,139,2,2.896158948930279,.15492557356999
varmiss,sa,139,0,1.812094684095069,.0916537291343981
varmiss,sa,139,1,2.62781847067964,.0998714502669089
varmiss,sa,139,2,3.311274658512052,.1055758382965137
varmiss,csdid,140,0,2.117266317071325,.1046931753254517
varmiss,csdid,140,1,2.500975640929123,.1083280857482821
varmiss,csdid,140,2,2.900265060243843,.1092707066070473
varmiss,jwdid,140,0,1.997339033204046,.0739843607907934
varmiss,jwdid,140,1,2.589766203019428,.0811829708941791
varmiss,jwdid,140,2,3.194745097654325,.0793120279153797
varmiss,jwdid_uc,140,0,1.997339033204037,.0838326767372431
varmiss,jwdid_uc,140,1,2.58976620301943,.0891168605389134
varmiss,jwdid_uc,140,2,3.194745097654331,.0862509145309385
varmiss,bjs,140,0,2.003967635586832,.0748619626459442
varmiss,bjs,140,1,2.589225451782113,.0831192759398644
varmiss,bjs,140,2,3.182594810768933,.0806287702956954
varmiss,bjs_wtr,140,0,2.19028719857306,.0792039271925277
varmiss,bjs_wtr,140,1,2.552227849439078,.084808505680108
varmiss,bjs_wtr,140,2,2.973922535991733,.0854537320483016
varmiss,dcdh,140,0,1.828348318786252,.0966708044896672
varmiss,dcdh,140,1,2.324539977451225,.1265003431351506
varmiss,dcdh,140,2,2.857223933547675,.1300437602940656
varmiss,lpdid,140,0,1.760114589892074,.0994770906027316
varmiss,lpdid,140,1,2.106461890497291,.1331756526778124
varmiss,lpdid,140,2,2.813678008028692,.1473165428247889
varmiss,lpdid_rw,140,0,1.828348538464402,.1012071575031625
varmiss,lpdid_rw,140,1,2.212769053715486,.1422896874585247
varmiss,lpdid_rw,140,2,2.676654347925549,.1520524940459644
varmiss,sa,140,0,1.98202348155654,.0889920400854662
varmiss,sa,140,1,2.551961898395618,.0945603790298288
varmiss,sa,140,2,3.148403273710522,.1010686834686202
varmiss,csdid,141,0,1.950913211359811,.1025457097897055
varmiss,csdid,141,1,2.288216021440992,.1118393919401532
varmiss,csdid,141,2,3.034761827128508,.1123798030321341
varmiss,jwdid,141,0,1.776153523095265,.0681972763636691
varmiss,jwdid,141,1,2.363515897549096,.0746707575441053
varmiss,jwdid,141,2,3.279507821127964,.0807994516065269
varmiss,jwdid_uc,141,0,1.776153523095257,.0787404437172912
varmiss,jwdid_uc,141,1,2.363515897549077,.0873176559622052
varmiss,jwdid_uc,141,2,3.279507821127941,.0888241908046082
varmiss,bjs,141,0,1.791950872171583,.0697736144767401
varmiss,bjs,141,1,2.358045559420134,.0768776853840631
varmiss,bjs,141,2,3.292625933609088,.081757380523329
varmiss,bjs_wtr,141,0,1.953579614766568,.0709974713741227
varmiss,bjs_wtr,141,1,2.314588532924972,.0770813107281826
varmiss,bjs_wtr,141,2,3.074944846623112,.0837398501797442
varmiss,dcdh,141,0,1.659699742986947,.0932969368779999
varmiss,dcdh,141,1,2.027265983843362,.1286394906235702
varmiss,dcdh,141,2,3.059211522975384,.1211119696916498
varmiss,lpdid,141,0,1.575727305839327,.0972757730412076
varmiss,lpdid,141,1,1.98278256289027,.1418749540988586
varmiss,lpdid,141,2,3.065295686597682,.1373112042518805
varmiss,lpdid_rw,141,0,1.6596993912697,.0982436255616083
varmiss,lpdid_rw,141,1,2.065738913049722,.1420200654006966
varmiss,lpdid_rw,141,2,2.934662807457891,.1354764541053363
varmiss,sa,141,0,1.754274393772199,.0850749224154501
varmiss,sa,141,1,2.350731338402331,.0939098093162331
varmiss,sa,141,2,3.243685842645407,.1053606925616624
varmiss,csdid,142,0,1.982006511871805,.1068666322045498
varmiss,csdid,142,1,2.360943310699433,.1114192362085403
varmiss,csdid,142,2,2.828675624001265,.1086394468862741
varmiss,jwdid,142,0,1.871246365125546,.0685316817985056
varmiss,jwdid,142,1,2.521432672826921,.0790509717165261
varmiss,jwdid,142,2,3.213212076153734,.0775977509087458
varmiss,jwdid_uc,142,0,1.871246365125545,.0804003876205692
varmiss,jwdid_uc,142,1,2.521432672826895,.0897642855728875
varmiss,jwdid_uc,142,2,3.213212076153717,.0860134089147327
varmiss,bjs,142,0,1.882338774364143,.0713182194333013
varmiss,bjs,142,1,2.531551048901747,.0807416384699152
varmiss,bjs,142,2,3.213508891145466,.078157952084094
varmiss,bjs_wtr,142,0,2.042236066748728,.0747765568907927
varmiss,bjs_wtr,142,1,2.456616943498375,.0816086858719108
varmiss,bjs_wtr,142,2,2.948757440928603,.0828641951298046
varmiss,dcdh,142,0,1.598708270026188,.0952555390607747
varmiss,dcdh,142,1,2.17768306988954,.1251886699479094
varmiss,dcdh,142,2,2.946571417661469,.1271832277457982
varmiss,lpdid,142,0,1.509182988585425,.0990051809612841
varmiss,lpdid,142,1,2.091608276263308,.1438765153974167
varmiss,lpdid,142,2,2.955878393762938,.1479645361963663
varmiss,lpdid_rw,142,0,1.598707583978719,.1007133068353462
varmiss,lpdid_rw,142,1,2.194607020549092,.1498144551638497
varmiss,lpdid_rw,142,2,2.825687218529921,.1532496025364779
varmiss,sa,142,0,1.807057142449388,.0877446994616701
varmiss,sa,142,1,2.444412391232272,.0963127571657312
varmiss,sa,142,2,3.119907649500982,.1017654037867481
varmiss,csdid,143,0,1.980246893690593,.1013388042095144
varmiss,csdid,143,1,2.540812654216424,.110050388800705
varmiss,csdid,143,2,3.070603318922493,.1070127592377659
varmiss,jwdid,143,0,1.843760707504775,.0708216394282457
varmiss,jwdid,143,1,2.583753535069089,.0800072756858733
varmiss,jwdid,143,2,3.24656592014303,.0783809940025453
varmiss,jwdid_uc,143,0,1.843760707504756,.0810317337329518
varmiss,jwdid_uc,143,1,2.583753535069074,.0924599500875508
varmiss,jwdid_uc,143,2,3.246565920143026,.0853342940451044
varmiss,bjs,143,0,1.839759688499726,.0726586629063988
varmiss,bjs,143,1,2.563255943119657,.082418016202597
varmiss,bjs,143,2,3.253103965809714,.0792623045073635
varmiss,bjs_wtr,143,0,2.00800626056116,.0755390794764502
varmiss,bjs_wtr,143,1,2.532376743763962,.0832974301990675
varmiss,bjs_wtr,143,2,3.015531862365606,.0838139758380461
varmiss,dcdh,143,0,1.726550480282881,.0954808630296939
varmiss,dcdh,143,1,2.28851301909389,.1256882158050063
varmiss,dcdh,143,2,2.881313342634622,.1215100379373661
varmiss,lpdid,143,0,1.625419999661268,.0993727859596161
varmiss,lpdid,143,1,2.164925336804699,.1444474376161969
varmiss,lpdid,143,2,2.84913919696635,.1382564296375005
varmiss,lpdid_rw,143,0,1.726549498062594,.1006387773326136
varmiss,lpdid_rw,143,1,2.282825325883947,.1466412012703766
varmiss,lpdid_rw,143,2,2.726949262311788,.1400389781900813
varmiss,sa,143,0,1.869909169759575,.0867980596775919
varmiss,sa,143,1,2.60116023623719,.0978847596278014
varmiss,sa,143,2,3.259471334037514,.1005568728761521
varmiss,csdid,144,0,2.018838283589339,.1106731126330754
varmiss,csdid,144,1,2.39984854428147,.106054466591447
varmiss,csdid,144,2,2.935727285937781,.1082155847898351
varmiss,jwdid,144,0,1.792453857503729,.0728819528577503
varmiss,jwdid,144,1,2.483828737085966,.0781063310622993
varmiss,jwdid,144,2,3.146937508241053,.0810667083048226
varmiss,jwdid_uc,144,0,1.79245385750373,.0848327713643569
varmiss,jwdid_uc,144,1,2.48382873708598,.085189710513744
varmiss,jwdid_uc,144,2,3.146937508241069,.0912073887662961
varmiss,bjs,144,0,1.780946121763918,.0753633889553292
varmiss,bjs,144,1,2.472436324424052,.0799852205978603
varmiss,bjs,144,2,3.154137063975213,.0821001677434984
varmiss,bjs_wtr,144,0,1.994928570567936,.0800387858933412
varmiss,bjs_wtr,144,1,2.418740815555793,.0802181306985179
varmiss,bjs_wtr,144,2,2.880015716509661,.0860714915789319
varmiss,dcdh,144,0,1.564216839170183,.1010709963727465
varmiss,dcdh,144,1,2.150137651196582,.1274926837464387
varmiss,dcdh,144,2,2.863944123616677,.1257461880988878
varmiss,lpdid,144,0,1.486782817879999,.1035322336018392
varmiss,lpdid,144,1,2.044392567474782,.1433676710957155
varmiss,lpdid,144,2,2.929641467980983,.1477437079786834
varmiss,lpdid_rw,144,0,1.564217021204408,.1049160031022242
varmiss,lpdid_rw,144,1,2.112058878454651,.1466578520473172
varmiss,lpdid_rw,144,2,2.706563671103241,.1568768852627456
varmiss,sa,144,0,1.821865668561257,.0934952858644521
varmiss,sa,144,1,2.526203181717837,.0901977204774136
varmiss,sa,144,2,3.180099181510573,.1023356530260195
varmiss,csdid,145,0,2.05349492311615,.1015990889911164
varmiss,csdid,145,1,2.502116631564054,.1116928069933144
varmiss,csdid,145,2,3.012991308331723,.1057110686686627
varmiss,jwdid,145,0,1.774010314884904,.0654774982131242
varmiss,jwdid,145,1,2.592783262536812,.0786506726881025
varmiss,jwdid,145,2,3.213635426686263,.0783303706261721
varmiss,jwdid_uc,145,0,1.774010314884901,.0758837747169074
varmiss,jwdid_uc,145,1,2.592783262536807,.088204110532159
varmiss,jwdid_uc,145,2,3.213635426686272,.084620293901484
varmiss,bjs,145,0,1.753066211294595,.0675789349662906
varmiss,bjs,145,1,2.590341753766552,.0810705403126461
varmiss,bjs,145,2,3.202838194101787,.0797976802838349
varmiss,bjs_wtr,145,0,1.982733430626922,.0710660465161606
varmiss,bjs_wtr,145,1,2.469336871239648,.0827230134191121
varmiss,bjs_wtr,145,2,3.027518202121428,.0810657491949736
varmiss,dcdh,145,0,1.649754172023786,.0939012843269228
varmiss,dcdh,145,1,2.220403849538116,.1270846939087001
varmiss,dcdh,145,2,2.844127752993959,.1246914846678567
varmiss,lpdid,145,0,1.555437605982557,.0974056551292631
varmiss,lpdid,145,1,2.075644019815703,.1451203760117523
varmiss,lpdid,145,2,2.729652675570625,.1395069540760287
varmiss,lpdid_rw,145,0,1.649753251482666,.0986904434129555
varmiss,lpdid_rw,145,1,2.203908360856898,.1486698391985065
varmiss,lpdid_rw,145,2,2.631885818640706,.1417856962119437
varmiss,sa,145,0,1.744838119058566,.085606951825868
varmiss,sa,145,1,2.5814481091317,.0950242017742905
varmiss,sa,145,2,3.202666022388803,.0981948909540544
varmiss,csdid,146,0,2.073634644898279,.1043532947235735
varmiss,csdid,146,1,2.595632544869856,.1120354544958744
varmiss,csdid,146,2,3.219317473418358,.1080742260973305
varmiss,jwdid,146,0,1.874016530675748,.0680136666727273
varmiss,jwdid,146,1,2.680931948669371,.0793798447662958
varmiss,jwdid,146,2,3.373772284603914,.0770419953252627
varmiss,jwdid_uc,146,0,1.874016530675743,.0759918411099666
varmiss,jwdid_uc,146,1,2.680931948669369,.0931819620223171
varmiss,jwdid_uc,146,2,3.373772284603918,.0828526858896257
varmiss,bjs,146,0,1.879635805308681,.0694374892427439
varmiss,bjs,146,1,2.672800805477891,.0817554521294227
varmiss,bjs,146,2,3.393654280102055,.0784457319066949
varmiss,bjs_wtr,146,0,2.030442747735833,.0727152483092259
varmiss,bjs_wtr,146,1,2.612763633907889,.0828961573702675
varmiss,bjs_wtr,146,2,3.181308595070732,.0858556505706818
varmiss,dcdh,146,0,1.838184735561425,.0951721869822001
varmiss,dcdh,146,1,2.337439283687498,.1235130445373534
varmiss,dcdh,146,2,3.131772295323386,.1273291135522968
varmiss,lpdid,146,0,1.721848434859159,.0933980790365015
varmiss,lpdid,146,1,2.163820621813112,.1365908585950757
varmiss,lpdid,146,2,3.064482062958287,.1492187224813755
varmiss,lpdid_rw,146,0,1.838184918299666,.0985312689779682
varmiss,lpdid_rw,146,1,2.273072068025403,.1394686180783531
varmiss,lpdid_rw,146,2,2.913467680923994,.1542808492514419
varmiss,sa,146,0,1.94232394754157,.0844389724716957
varmiss,sa,146,1,2.739323457837924,.0994549718992449
varmiss,sa,146,2,3.437028011220277,.09854784694075
varmiss,csdid,147,0,1.901552239573725,.1052900583183271
varmiss,csdid,147,1,2.477734888920601,.1065085370049608
varmiss,csdid,147,2,3.061109992620636,.1010087402815395
varmiss,jwdid,147,0,1.71559516253697,.0690628338733077
varmiss,jwdid,147,1,2.531360088175445,.0807542836579564
varmiss,jwdid,147,2,3.210556430625252,.0782179403228302
varmiss,jwdid_uc,147,0,1.715595162536967,.0809202414872256
varmiss,jwdid_uc,147,1,2.531360088175453,.0909880264970044
varmiss,jwdid_uc,147,2,3.210556430625268,.0855698785371696
varmiss,bjs,147,0,1.733945059191683,.0703672215796234
varmiss,bjs,147,1,2.529527710416005,.0817344136730255
varmiss,bjs,147,2,3.202719020795485,.0789530025396494
varmiss,bjs_wtr,147,0,1.954722596557986,.0748281621431797
varmiss,bjs_wtr,147,1,2.46505282871658,.083067732424515
varmiss,bjs_wtr,147,2,3.025113537267316,.081153594870314
varmiss,dcdh,147,0,1.610984177879694,.0950149640952279
varmiss,dcdh,147,1,2.210708044252857,.1308290052857602
varmiss,dcdh,147,2,2.933404188259749,.124639926358256
varmiss,lpdid,147,0,1.5226180293227,.0970974948445873
varmiss,lpdid,147,1,2.20229018319198,.1416351390639451
varmiss,lpdid,147,2,2.986769583142791,.1395281820536943
varmiss,lpdid_rw,147,0,1.610984126583103,.0997587079181709
varmiss,lpdid_rw,147,1,2.261702780980636,.147282674572138
varmiss,lpdid_rw,147,2,2.848145378746074,.1398506439066877
varmiss,sa,147,0,1.773169752674892,.0879802556911127
varmiss,sa,147,1,2.571688421424644,.0947231644057974
varmiss,sa,147,2,3.232178357385403,.0963518569474585
varmiss,csdid,148,0,1.939386332932508,.1092942413109522
varmiss,csdid,148,1,2.523175123725323,.1158430077244562
varmiss,csdid,148,2,2.975315665535333,.1112573207761902
varmiss,jwdid,148,0,1.822462012883309,.0741027183141542
varmiss,jwdid,148,1,2.58891398001644,.0814357270416185
varmiss,jwdid,148,2,3.190425247414372,.078581178605466
varmiss,jwdid_uc,148,0,1.822462012883314,.0844748157361869
varmiss,jwdid_uc,148,1,2.588913980016428,.0917222909019125
varmiss,jwdid_uc,148,2,3.190425247414382,.0861306818440989
varmiss,bjs,148,0,1.793217007863859,.0753523248615566
varmiss,bjs,148,1,2.598845598070511,.0833685672782057
varmiss,bjs,148,2,3.192270794923388,.0791314082495312
varmiss,bjs_wtr,148,0,1.950785525291394,.0771857022438333
varmiss,bjs_wtr,148,1,2.574715392361213,.0857879024104918
varmiss,bjs_wtr,148,2,2.964205462474638,.083480288836914
varmiss,dcdh,148,0,1.625596169596053,.1071875309781886
varmiss,dcdh,148,1,2.134432979614695,.1321401041563602
varmiss,dcdh,148,2,2.763185768275409,.1308240227970888
varmiss,lpdid,148,0,1.483436466935857,.1084404783577505
varmiss,lpdid,148,1,1.987494610188459,.150428745680715
varmiss,lpdid,148,2,2.817888947822452,.1479098005832407
varmiss,lpdid_rw,148,0,1.625596381239326,.1115196144490963
varmiss,lpdid_rw,148,1,2.169810811552048,.1586211735180055
varmiss,lpdid_rw,148,2,2.710073993600576,.1505905364314986
varmiss,sa,148,0,1.870541742133489,.092048970871148
varmiss,sa,148,1,2.633084904868394,.0999559496320252
varmiss,sa,148,2,3.225871559457061,.105756215035139
varmiss,csdid,149,0,1.969863715540242,.1064776327250011
varmiss,csdid,149,1,2.345581863129865,.1090023725389298
varmiss,csdid,149,2,2.949566745600841,.1078114593036692
varmiss,jwdid,149,0,1.821798341067233,.0694524617753946
varmiss,jwdid,149,1,2.487136325491049,.0779723275214839
varmiss,jwdid,149,2,3.238391183872454,.0817739791307719
varmiss,jwdid_uc,149,0,1.821798341067215,.0802861858057602
varmiss,jwdid_uc,149,1,2.487136325491043,.0898621524189134
varmiss,jwdid_uc,149,2,3.238391183872437,.0898259231301727
varmiss,bjs,149,0,1.843398548797268,.0717599129827574
varmiss,bjs,149,1,2.4963014593867,.0801354340198876
varmiss,bjs,149,2,3.250243533286266,.0834315176918816
varmiss,bjs_wtr,149,0,2.021904216366238,.0757809597755902
varmiss,bjs_wtr,149,1,2.460052019877082,.0819078359967509
varmiss,bjs_wtr,149,2,3.042405336616866,.0863099855604007
varmiss,dcdh,149,0,1.689954188382253,.0918984076113068
varmiss,dcdh,149,1,2.00475291990675,.1294351597789515
varmiss,dcdh,149,2,2.8865797553882,.1295065185236604
varmiss,lpdid,149,0,1.578895208389461,.0929944937934121
varmiss,lpdid,149,1,1.891657560548941,.1399532003009745
varmiss,lpdid,149,2,2.88141131661864,.1434438072338119
varmiss,lpdid_rw,149,0,1.689953845734714,.096437656421016
varmiss,lpdid_rw,149,1,1.929214212858459,.1475110621965926
varmiss,lpdid_rw,149,2,2.784145123241747,.1453371714997446
varmiss,sa,149,0,1.794175224953573,.0859116583970703
varmiss,sa,149,1,2.450920161268738,.0968485067004093
varmiss,sa,149,2,3.201296564925864,.1062515124407347
varmiss,csdid,150,0,1.92042754791833,.105395382264346
varmiss,csdid,150,1,2.491454101257842,.1148145746857074
varmiss,csdid,150,2,2.858433397861655,.1137857279259651
varmiss,jwdid,150,0,1.861616412823869,.0705063261455628
varmiss,jwdid,150,1,2.555389881835524,.0816583370593387
varmiss,jwdid,150,2,3.176171362722376,.0824529936537551
varmiss,jwdid_uc,150,0,1.861616412823877,.0836170510765596
varmiss,jwdid_uc,150,1,2.555389881835523,.0910129862224085
varmiss,jwdid_uc,150,2,3.176171362722386,.0890975556692049
varmiss,bjs,150,0,1.845277680326944,.0721432363592516
varmiss,bjs,150,1,2.530768522592552,.0831591833034358
varmiss,bjs,150,2,3.187170975350455,.083672513263627
varmiss,bjs_wtr,150,0,2.030103395582955,.0758999002145658
varmiss,bjs_wtr,150,1,2.499719184263085,.0845576810602343
varmiss,bjs_wtr,150,2,2.978946332605119,.0876454194560953
varmiss,dcdh,150,0,1.713966771359285,.097194708319928
varmiss,dcdh,150,1,2.052042250185533,.1356579763954746
varmiss,dcdh,150,2,2.875723389128525,.1345623858319276
varmiss,lpdid,150,0,1.596703968026393,.1022396449461409
varmiss,lpdid,150,1,1.955264865045503,.1498171462104116
varmiss,lpdid,150,2,2.91023490019474,.1562312957179995
varmiss,lpdid_rw,150,0,1.71396731161696,.1047002538175537
varmiss,lpdid_rw,150,1,2.06626768861426,.1532557369216964
varmiss,lpdid_rw,150,2,2.729263561293537,.1563974665723188
varmiss,sa,150,0,1.852274728325752,.0894749827733628
varmiss,sa,150,1,2.515701974855245,.0977653502739755
varmiss,sa,150,2,3.124780260202348,.1075632909091573
varmiss,csdid,151,0,1.894456182097498,.1082831472536645
varmiss,csdid,151,1,2.639667175557475,.1131708201759524
varmiss,csdid,151,2,2.99109044203549,.1056575246049997
varmiss,jwdid,151,0,1.696178124834223,.0705255840760981
varmiss,jwdid,151,1,2.659384508152359,.0826907068652153
varmiss,jwdid,151,2,3.194515360753177,.0779845505144522
varmiss,jwdid_uc,151,0,1.696178124834219,.0830772924050483
varmiss,jwdid_uc,151,1,2.659384508152349,.0924795385740382
varmiss,jwdid_uc,151,2,3.194515360753158,.0874012899576897
varmiss,bjs,151,0,1.699340866978673,.0716705594645504
varmiss,bjs,151,1,2.664065978533472,.0840246524013192
varmiss,bjs,151,2,3.195550590513449,.0795200203524795
varmiss,bjs_wtr,151,0,1.954790734294875,.0759931693532243
varmiss,bjs_wtr,151,1,2.567428411188303,.0845048601760163
varmiss,bjs_wtr,151,2,2.978663099042024,.0823196437656939
varmiss,dcdh,151,0,1.546564967210082,.0989676857135931
varmiss,dcdh,151,1,2.354743833727351,.1384038405606165
varmiss,dcdh,151,2,2.790709090928635,.1196038342848943
varmiss,lpdid,151,0,1.482952859641333,.1013877685184095
varmiss,lpdid,151,1,2.268266525306005,.1515526928198455
varmiss,lpdid,151,2,2.904408925036343,.1324041750016701
varmiss,lpdid_rw,151,0,1.546565552613534,.1030191594650016
varmiss,lpdid_rw,151,1,2.335457933204194,.1503395066703908
varmiss,lpdid_rw,151,2,2.762475085484069,.1347656951439642
varmiss,sa,151,0,1.714837942941926,.0921162642650966
varmiss,sa,151,1,2.709909521826354,.0991333212758224
varmiss,sa,151,2,3.255931791719155,.1012037038877031
varmiss,csdid,152,0,1.786941074109809,.1062863042113331
varmiss,csdid,152,1,2.375094008252943,.1195599340758839
varmiss,csdid,152,2,2.981749023617576,.1139473292739019
varmiss,jwdid,152,0,1.709248364801688,.072411699327439
varmiss,jwdid,152,1,2.432552271699465,.0815607150831366
varmiss,jwdid,152,2,3.203732848662975,.0811823448235353
varmiss,jwdid_uc,152,0,1.70924836480171,.0814755191879555
varmiss,jwdid_uc,152,1,2.432552271699491,.0948400944056099
varmiss,jwdid_uc,152,2,3.203732848662991,.0882296384719378
varmiss,bjs,152,0,1.693269696377683,.0734872889398897
varmiss,bjs,152,1,2.415361493243836,.0829819008416177
varmiss,bjs,152,2,3.195441176183522,.0819151244499567
varmiss,bjs_wtr,152,0,1.828579789647847,.0766145678145742
varmiss,bjs_wtr,152,1,2.385969741160807,.0878483636126187
varmiss,bjs_wtr,152,2,2.992717307244675,.0853153815577832
varmiss,dcdh,152,0,1.66126950424017,.1008463494100633
varmiss,dcdh,152,1,2.390193220020581,.1372753722406224
varmiss,dcdh,152,2,3.015032142695925,.1256451501716376
varmiss,lpdid,152,0,1.512578596315182,.1026140346764567
varmiss,lpdid,152,1,2.067670026294758,.1578771719174726
varmiss,lpdid,152,2,3.041110439877156,.1406304297019517
varmiss,lpdid_rw,152,0,1.661268744906305,.1061889542731974
varmiss,lpdid_rw,152,1,2.282535720836214,.1579096849181905
varmiss,lpdid_rw,152,2,2.925712792784971,.1428306114754928
varmiss,sa,152,0,1.753538344302752,.0888630191589708
varmiss,sa,152,1,2.481351860224339,.1010290647993655
varmiss,sa,152,2,3.244543376962079,.1003346396204846
varmiss,csdid,153,0,2.099773696524273,.1103898624288241
varmiss,csdid,153,1,2.527064142417011,.1126859013024044
varmiss,csdid,153,2,3.094952762478453,.1149704903610567
varmiss,jwdid,153,0,1.842567304332128,.0733760357926912
varmiss,jwdid,153,1,2.519272779211982,.0798029277739276
varmiss,jwdid,153,2,3.331473393828822,.0829266135008717
varmiss,jwdid_uc,153,0,1.842567304332118,.084610606234869
varmiss,jwdid_uc,153,1,2.519272779211964,.0918216710800151
varmiss,jwdid_uc,153,2,3.331473393828809,.0923503783857555
varmiss,bjs,153,0,1.866061185582566,.0748723052552706
varmiss,bjs,153,1,2.529107402770023,.0832446115908677
varmiss,bjs,153,2,3.327233054504177,.0844346927602247
varmiss,bjs_wtr,153,0,2.06913660272312,.0798467275832508
varmiss,bjs_wtr,153,1,2.464676821662579,.0862709181344354
varmiss,bjs_wtr,153,2,3.033665760865915,.0922598062690787
varmiss,dcdh,153,0,1.847935595749312,.1000773230550119
varmiss,dcdh,153,1,2.414042491626477,.1337903703155517
varmiss,dcdh,153,2,3.115421935534824,.1410025314151089
varmiss,lpdid,153,0,1.763793541322724,.1045545634203948
varmiss,lpdid,153,1,2.28286667910634,.1528900740802673
varmiss,lpdid,153,2,3.199359796670084,.1696093050741334
varmiss,lpdid_rw,153,0,1.847935855369175,.1062749721309989
varmiss,lpdid_rw,153,1,2.3891694923724,.1581682941813556
varmiss,lpdid_rw,153,2,3.018598257757938,.169874300704578
varmiss,sa,153,0,1.8579458585821,.0931581081074428
varmiss,sa,153,1,2.590131944381296,.1007697898740399
varmiss,sa,153,2,3.444090157828142,.1106467962100328
varmiss,csdid,154,0,2.0242279671214,.102353743621236
varmiss,csdid,154,1,2.453423921483857,.1131940975627396
varmiss,csdid,154,2,2.988972491546009,.1081415676193501
varmiss,jwdid,154,0,1.857332226321624,.0708637286588559
varmiss,jwdid,154,1,2.547963034690673,.0811609485981947
varmiss,jwdid,154,2,3.242895714701342,.0780212805366031
varmiss,jwdid_uc,154,0,1.857332226321612,.0783051168158921
varmiss,jwdid_uc,154,1,2.547963034690651,.0913541937605224
varmiss,jwdid_uc,154,2,3.242895714701329,.086527285284586
varmiss,bjs,154,0,1.868898660897685,.0732477055394384
varmiss,bjs,154,1,2.527545704215299,.0835538535769209
varmiss,bjs,154,2,3.230804463790264,.0788226934575152
varmiss,bjs_wtr,154,0,2.024215087447374,.0755427290677363
varmiss,bjs_wtr,154,1,2.464727148762904,.0853350854976425
varmiss,bjs_wtr,154,2,2.995008634301485,.0844603451332301
varmiss,dcdh,154,0,1.723213173862337,.0989703331371645
varmiss,dcdh,154,1,2.206175205690494,.1299848672150409
varmiss,dcdh,154,2,2.878759215571861,.1273151219410265
varmiss,lpdid,154,0,1.6253645119569,.0994898982747279
varmiss,lpdid,154,1,2.053776608086376,.1516348930393272
varmiss,lpdid,154,2,2.850716217892039,.1527845621860602
varmiss,lpdid_rw,154,0,1.723213441222418,.1021087479445463
varmiss,lpdid_rw,154,1,2.122176979166779,.1623781059253092
varmiss,lpdid_rw,154,2,2.701755462549204,.1546063441227964
varmiss,sa,154,0,1.828332589720522,.0863363550873114
varmiss,sa,154,1,2.512295492307357,.0984623395704468
varmiss,sa,154,2,3.205743216588895,.1044998442498098
varmiss,csdid,155,0,1.916324469111768,.1054229863774314
varmiss,csdid,155,1,2.42465076152219,.1091495447625331
varmiss,csdid,155,2,2.997357683807055,.1049676533153271
varmiss,jwdid,155,0,1.804876484709613,.0710372533628286
varmiss,jwdid,155,1,2.694337144531866,.0807811968205033
varmiss,jwdid,155,2,3.372701723037533,.076418409884174
varmiss,jwdid_uc,155,0,1.804876484709605,.0841786968321837
varmiss,jwdid_uc,155,1,2.694337144531872,.0928630578205048
varmiss,jwdid_uc,155,2,3.372701723037539,.0822003148188472
varmiss,bjs,155,0,1.808332796033937,.0731271709639764
varmiss,bjs,155,1,2.694576898270952,.0836734951315489
varmiss,bjs,155,2,3.371561705171189,.0769415021781399
varmiss,bjs_wtr,155,0,2.046171578103895,.0769446108428372
varmiss,bjs_wtr,155,1,2.631408353293864,.0859021023043099
varmiss,bjs_wtr,155,2,3.170864694067859,.0800689617769307
varmiss,dcdh,155,0,1.678941880885781,.0980073137683643
varmiss,dcdh,155,1,2.263015298462701,.1322246255952933
varmiss,dcdh,155,2,3.010414284530533,.1234271545663252
varmiss,lpdid,155,0,1.571642567601991,.1034469350734109
varmiss,lpdid,155,1,2.233366636167718,.1527846566640395
varmiss,lpdid,155,2,3.054898493513992,.143227974187
varmiss,lpdid_rw,155,0,1.67894220280253,.1039088014412348
varmiss,lpdid_rw,155,1,2.330499550639829,.1522574975751382
varmiss,lpdid_rw,155,2,2.945718968333847,.146580598679567
varmiss,sa,155,0,1.856666517386421,.0894811981762981
varmiss,sa,155,1,2.65124908263836,.0954588568107837
varmiss,sa,155,2,3.292733116915617,.0961832147395878
varmiss,csdid,156,0,2.046278182990415,.1123474505377661
varmiss,csdid,156,1,2.5694588112276,.1138122975209416
varmiss,csdid,156,2,3.159364581010346,.1102123941100736
varmiss,jwdid,156,0,1.811702574306612,.0743462102512099
varmiss,jwdid,156,1,2.542318942043141,.081735437513312
varmiss,jwdid,156,2,3.27671798763209,.0785624834933082
varmiss,jwdid_uc,156,0,1.811702574306614,.0862339932914873
varmiss,jwdid_uc,156,1,2.542318942043134,.0924380253176774
varmiss,jwdid_uc,156,2,3.276717987632098,.0862084582410612
varmiss,bjs,156,0,1.819534495082642,.0759512606805005
varmiss,bjs,156,1,2.553256827763107,.0844997250376616
varmiss,bjs,156,2,3.282514361797439,.0796723678142537
varmiss,bjs_wtr,156,0,2.02151558140487,.0795622448506109
varmiss,bjs_wtr,156,1,2.52734917136695,.0856432725376872
varmiss,bjs_wtr,156,2,3.091113184171263,.0839193336246132
varmiss,dcdh,156,0,1.577953906225,.1009529822910539
varmiss,dcdh,156,1,2.292548672318548,.125969898202205
varmiss,dcdh,156,2,2.884177174414022,.1268653040624518
varmiss,lpdid,156,0,1.494412758906532,.1023551342447072
varmiss,lpdid,156,1,2.198353758604023,.1431569768268948
varmiss,lpdid,156,2,2.840393981059727,.1434564770031665
varmiss,lpdid_rw,156,0,1.577953359453955,.1048013738546384
varmiss,lpdid_rw,156,1,2.338895464185847,.1476453000633524
varmiss,lpdid_rw,156,2,2.760195836802181,.1470532960545642
varmiss,sa,156,0,1.805461775515218,.0935535150492124
varmiss,sa,156,1,2.585150640407106,.0945955131586852
varmiss,sa,156,2,3.253583773580498,.1035849332791337
varmiss,csdid,157,0,1.991319588766629,.1007589205047906
varmiss,csdid,157,1,2.427076445418244,.1063214587836645
varmiss,csdid,157,2,2.874825116848823,.1089193176644424
varmiss,jwdid,157,0,1.876245069601205,.0679718285798614
varmiss,jwdid,157,1,2.531073909642277,.0806912327437137
varmiss,jwdid,157,2,3.153884376336897,.0801248686448081
varmiss,jwdid_uc,157,0,1.876245069601205,.0752364454729325
varmiss,jwdid_uc,157,1,2.531073909642277,.0903080855675076
varmiss,jwdid_uc,157,2,3.153884376336904,.0876204514184588
varmiss,bjs,157,0,1.85892020219444,.069275584194435
varmiss,bjs,157,1,2.528413966414519,.0816429916186501
varmiss,bjs,157,2,3.150113708587014,.0806151195468523
varmiss,bjs_wtr,157,0,2.015418622588641,.0752179777634282
varmiss,bjs_wtr,157,1,2.451434131919086,.0821647077708672
varmiss,bjs_wtr,157,2,2.901786818430992,.0835896260433607
varmiss,dcdh,157,0,1.64557286911086,.0930022436677133
varmiss,dcdh,157,1,2.015673622907044,.1246110866097725
varmiss,dcdh,157,2,2.744322377964406,.1261961927513369
varmiss,lpdid,157,0,1.550692987018393,.0925088903471293
varmiss,lpdid,157,1,2.005333541390012,.1422668479059379
varmiss,lpdid,157,2,2.667564132547725,.145067964999275
varmiss,lpdid_rw,157,0,1.645572947817735,.0963660500469894
varmiss,lpdid_rw,157,1,2.113757603754609,.1486491954158884
varmiss,lpdid_rw,157,2,2.593566840653029,.1454006804146314
varmiss,sa,157,0,1.833632603143615,.0821334274616866
varmiss,sa,157,1,2.5042960998972,.0955706559377853
varmiss,sa,157,2,3.112572605804139,.1048179683784554
varmiss,csdid,158,0,1.90197975192319,.1035450203286216
varmiss,csdid,158,1,2.571775417585061,.1115289985669835
varmiss,csdid,158,2,3.019738872918828,.1077160837425366
varmiss,jwdid,158,0,1.84805223411915,.0682665488266826
varmiss,jwdid,158,1,2.774059686598592,.0808781392641224
varmiss,jwdid,158,2,3.368028290522009,.0775371074220721
varmiss,jwdid_uc,158,0,1.848052234119165,.0811805675646745
varmiss,jwdid_uc,158,1,2.774059686598601,.0913193600389789
varmiss,jwdid_uc,158,2,3.36802829052204,.0836750357794765
varmiss,bjs,158,0,1.866391885068879,.0710206089642661
varmiss,bjs,158,1,2.779834849468898,.0818632643405259
varmiss,bjs,158,2,3.344911335174402,.0789386472980071
varmiss,bjs_wtr,158,0,2.044913482608536,.0734217495774629
varmiss,bjs_wtr,158,1,2.699197121168254,.0817226696225265
varmiss,bjs_wtr,158,2,3.166392143495614,.0806462807279833
varmiss,dcdh,158,0,1.61277887108969,.0963255479065192
varmiss,dcdh,158,1,2.413637141422751,.1399080071943721
varmiss,dcdh,158,2,3.034879176442573,.1248259188487471
varmiss,lpdid,158,0,1.516500713002457,.1012958427497616
varmiss,lpdid,158,1,2.284370572688559,.1568280736512667
varmiss,lpdid,158,2,3.060331577526539,.1467391316984771
varmiss,lpdid_rw,158,0,1.612778205687801,.1012897514822767
varmiss,lpdid_rw,158,1,2.478292097015812,.1583689976674657
varmiss,lpdid_rw,158,2,2.916756853865726,.1482792331686729
varmiss,sa,158,0,1.811002074645929,.0889575120389204
varmiss,sa,158,1,2.732988650813284,.0987378004595174
varmiss,sa,158,2,3.304786386651844,.0969582548418968
varmiss,csdid,159,0,2.005694664456004,.1036689269225377
varmiss,csdid,159,1,2.427024400231641,.1152667517285434
varmiss,csdid,159,2,3.068182483226997,.1113876073238959
varmiss,jwdid,159,0,1.746360408574644,.0669628970965913
varmiss,jwdid,159,1,2.470558625588665,.0823872620804146
varmiss,jwdid,159,2,3.274147294614022,.076915473891884
varmiss,jwdid_uc,159,0,1.74636040857466,.075914979978381
varmiss,jwdid_uc,159,1,2.470558625588657,.0913833387648798
varmiss,jwdid_uc,159,2,3.274147294614044,.0872214299091803
varmiss,bjs,159,0,1.743370039147067,.0694097361574694
varmiss,bjs,159,1,2.485469508676033,.0837633520023459
varmiss,bjs,159,2,3.276207348215394,.0776896349175853
varmiss,bjs_wtr,159,0,1.909709106829723,.0714349171719253
varmiss,bjs_wtr,159,1,2.420214215635497,.0840581995612103
varmiss,bjs_wtr,159,2,3.022041088610422,.082280028444736
varmiss,dcdh,159,0,1.616954766501546,.0919486840454398
varmiss,dcdh,159,1,2.144145429749841,.1296172468144384
varmiss,dcdh,159,2,2.873628458129606,.1314034730085901
varmiss,lpdid,159,0,1.531313821278219,.0975385534092281
varmiss,lpdid,159,1,2.107586208140294,.148934305893891
varmiss,lpdid,159,2,2.998881484200309,.1551437379470624
varmiss,lpdid_rw,159,0,1.616955697983346,.09853392344631
varmiss,lpdid_rw,159,1,2.211632509764415,.1474228439798919
varmiss,lpdid_rw,159,2,2.739253927828484,.1626916587710588
varmiss,sa,159,0,1.687304648240258,.0874411447830914
varmiss,sa,159,1,2.443188016916327,.104924863722118
varmiss,sa,159,2,3.30522265819577,.1089202630194277
varmiss,csdid,160,0,2.049438364686857,.1027323906151506
varmiss,csdid,160,1,2.5453022217711,.1114562362766477
varmiss,csdid,160,2,3.117143720501235,.1109967903695124
varmiss,jwdid,160,0,1.800282205837493,.0694930259500931
varmiss,jwdid,160,1,2.603673333642185,.0787384372372957
varmiss,jwdid,160,2,3.296492341367774,.0781877434840623
varmiss,jwdid_uc,160,0,1.800282205837502,.0817749965972729
varmiss,jwdid_uc,160,1,2.603673333642196,.0935823914346012
varmiss,jwdid_uc,160,2,3.29649234136776,.086741411656298
varmiss,bjs,160,0,1.821922443457879,.0716163126072441
varmiss,bjs,160,1,2.605157590867748,.0807106037162563
varmiss,bjs,160,2,3.305821533460403,.0789486169625939
varmiss,bjs_wtr,160,0,2.000958072216235,.073508493226983
varmiss,bjs_wtr,160,1,2.525251513074181,.0816309884899681
varmiss,bjs_wtr,160,2,3.059777277710964,.0814793016191584
varmiss,dcdh,160,0,1.808905358665532,.1007206110709949
varmiss,dcdh,160,1,2.472336391411557,.1298649679199977
varmiss,dcdh,160,2,3.135505025652817,.1322572470504928
varmiss,lpdid,160,0,1.683128397464626,.1048240541588232
varmiss,lpdid,160,1,2.367828883528419,.1504601317258106
varmiss,lpdid,160,2,3.022508109035441,.1515276168275418
varmiss,lpdid_rw,160,0,1.808905072652297,.1062300082732731
varmiss,lpdid_rw,160,1,2.546284111610694,.1552272372215676
varmiss,lpdid_rw,160,2,2.938097998149077,.152780983318826
varmiss,sa,160,0,1.895399485392273,.0899294593458717
varmiss,sa,160,1,2.667385763099839,.1022414907992789
varmiss,sa,160,2,3.386437441194946,.1013169527478414
varmiss,csdid,161,0,2.061933761767446,.1051932240667082
varmiss,csdid,161,1,2.595119306176504,.1076821923237509
varmiss,csdid,161,2,3.088508265379071,.1024572776970113
varmiss,jwdid,161,0,1.96347945288324,.0722591903822414
varmiss,jwdid,161,1,2.752950774556076,.0773660593664161
varmiss,jwdid,161,2,3.367362329234894,.0774712994899338
varmiss,jwdid_uc,161,0,1.963479452883244,.0832342427574545
varmiss,jwdid_uc,161,1,2.752950774556068,.0887568627941036
varmiss,jwdid_uc,161,2,3.367362329234894,.0835033607825652
varmiss,bjs,161,0,1.933899947327063,.0739461116152359
varmiss,bjs,161,1,2.753707134637807,.078941231898559
varmiss,bjs,161,2,3.379539857232885,.0782078315297964
varmiss,bjs_wtr,161,0,2.091544467678887,.0762953880729304
varmiss,bjs_wtr,161,1,2.700587332183204,.0797150451060789
varmiss,bjs_wtr,161,2,3.229531422723085,.0800770852598815
varmiss,dcdh,161,0,1.671053949724452,.0973948812715628
varmiss,dcdh,161,1,2.404963374934822,.1328422923323047
varmiss,dcdh,161,2,2.921472953595146,.1230180888782497
varmiss,lpdid,161,0,1.597467498826127,.0994676705743643
varmiss,lpdid,161,1,2.346138033570665,.1418316226972814
varmiss,lpdid,161,2,2.914069827327883,.1350351944397862
varmiss,lpdid_rw,161,0,1.671053566107179,.1006767457103457
varmiss,lpdid_rw,161,1,2.421389712533037,.1421418221029032
varmiss,lpdid_rw,161,2,2.777861527075264,.1376926697473721
varmiss,sa,161,0,1.953937531306124,.0905922705337036
varmiss,sa,161,1,2.735832493106573,.095602426625961
varmiss,sa,161,2,3.340564396032487,.0964107153781134
varmiss,csdid,162,0,2.116604724889416,.1081024954481095
varmiss,csdid,162,1,2.481093041243409,.1133073586127924
varmiss,csdid,162,2,3.056336579559152,.1117665578453504
varmiss,jwdid,162,0,2.056499506552036,.069475949216684
varmiss,jwdid,162,1,2.65028580848049,.0807728343938796
varmiss,jwdid,162,2,3.249858506174055,.0771447726929707
varmiss,jwdid_uc,162,0,2.056499506552047,.0813558140968477
varmiss,jwdid_uc,162,1,2.650285808480512,.0896214955377625
varmiss,jwdid_uc,162,2,3.249858506174094,.0834881699904416
varmiss,bjs,162,0,2.084995749995869,.0707391167539409
varmiss,bjs,162,1,2.671022435552004,.0831681132628958
varmiss,bjs,162,2,3.228344868548447,.0778144393592342
varmiss,bjs_wtr,162,0,2.244028878994868,.0737945174582218
varmiss,bjs_wtr,162,1,2.589441357662508,.0861246599993818
varmiss,bjs_wtr,162,2,3.056287678660738,.0812548246288934
varmiss,dcdh,162,0,1.973387580611304,.100578484955515
varmiss,dcdh,162,1,2.333809214214867,.1399558209795469
varmiss,dcdh,162,2,2.87234416923566,.1247104771302845
varmiss,lpdid,162,0,1.844271891145099,.1017487551450407
varmiss,lpdid,162,1,2.300063224606982,.1596684904399271
varmiss,lpdid,162,2,2.848704353170675,.1477011825316999
varmiss,lpdid_rw,162,0,1.973388281093254,.1050017106917145
varmiss,lpdid_rw,162,1,2.469861760982142,.1713459354474498
varmiss,lpdid_rw,162,2,2.746563726124017,.1469595998365308
varmiss,sa,162,0,2.028645902227491,.0899974326065495
varmiss,sa,162,1,2.619434740237317,.0994038924744824
varmiss,sa,162,2,3.213427799966084,.1037567785000112
varmiss,csdid,163,0,2.008883304399822,.10533554955039
varmiss,csdid,163,1,2.412808146110744,.1159290657114305
varmiss,csdid,163,2,2.873858118686127,.1131821827133012
varmiss,jwdid,163,0,1.802762464658644,.0684149897159004
varmiss,jwdid,163,1,2.494857757475734,.085775067327182
varmiss,jwdid,163,2,3.148645059778348,.0802146773619867
varmiss,jwdid_uc,163,0,1.802762464658641,.0782985692696002
varmiss,jwdid_uc,163,1,2.494857757475727,.0980741846090208
varmiss,jwdid_uc,163,2,3.148645059778351,.0878676044727587
varmiss,bjs,163,0,1.809870606841287,.0702495071701352
varmiss,bjs,163,1,2.472186289180172,.0872946030709762
varmiss,bjs,163,2,3.149997138069011,.0808853827118866
varmiss,bjs_wtr,163,0,1.958654585977456,.0728101402741788
varmiss,bjs_wtr,163,1,2.393813944028807,.0878708714192649
varmiss,bjs_wtr,163,2,2.933079045862542,.0844621816675297
varmiss,dcdh,163,0,1.675284121021135,.0924862764357238
varmiss,dcdh,163,1,2.111899581043761,.1350020190756811
varmiss,dcdh,163,2,2.940167082723981,.1303465523016847
varmiss,lpdid,163,0,1.554183226879072,.0964384843487682
varmiss,lpdid,163,1,1.998632288509746,.1578874685914979
varmiss,lpdid,163,2,2.838276361058913,.1487526158130624
varmiss,lpdid_rw,163,0,1.675283579009318,.098028308065084
varmiss,lpdid_rw,163,1,2.201756695549625,.1663585491711783
varmiss,lpdid_rw,163,2,2.777775078427772,.1492697280987534
varmiss,sa,163,0,1.79351987399194,.0843148577708748
varmiss,sa,163,1,2.48604737208901,.1032812029285962
varmiss,sa,163,2,3.127495050458475,.1083343852236907
varmiss,csdid,164,0,2.07658762983502,.1057902163317573
varmiss,csdid,164,1,2.49959140549011,.1159830415639147
varmiss,csdid,164,2,3.061014658246305,.1123428451160417
varmiss,jwdid,164,0,1.915082052265066,.0714227354281238
varmiss,jwdid,164,1,2.540926374644991,.0827954800069408
varmiss,jwdid,164,2,3.253606293365503,.0821591137959669
varmiss,jwdid_uc,164,0,1.915082052265058,.0811005038155227
varmiss,jwdid_uc,164,1,2.540926374644993,.0941447328018167
varmiss,jwdid_uc,164,2,3.253606293365496,.0877495896560129
varmiss,bjs,164,0,1.914552389894652,.0732811532385137
varmiss,bjs,164,1,2.547972960572224,.084015423803543
varmiss,bjs,164,2,3.238490251351323,.0830213788641503
varmiss,bjs_wtr,164,0,2.08111604429223,.0767193459855943
varmiss,bjs_wtr,164,1,2.523155682771176,.0860703429793894
varmiss,bjs_wtr,164,2,3.034516522875492,.086965895785813
varmiss,dcdh,164,0,1.797509225367851,.1012026784873132
varmiss,dcdh,164,1,2.219843318005343,.1389779014850297
varmiss,dcdh,164,2,2.938582262600417,.1307749884328635
varmiss,lpdid,164,0,1.624640551779194,.1003543739822855
varmiss,lpdid,164,1,2.116701684159106,.1671079450658178
varmiss,lpdid,164,2,2.860900763448997,.1599344533090418
varmiss,lpdid_rw,164,0,1.797509576932226,.1077426246934245
varmiss,lpdid_rw,164,1,2.348520214325332,.1774378250269864
varmiss,lpdid_rw,164,2,2.771597622905667,.1615253840587494
varmiss,sa,164,0,1.881034524849493,.0882095414866309
varmiss,sa,164,1,2.509541767667522,.1008901735049855
varmiss,sa,164,2,3.222289426297064,.1043134077386036
varmiss,csdid,165,0,1.978376331071206,.1071820752241362
varmiss,csdid,165,1,2.51337943233111,.1150009012320984
varmiss,csdid,165,2,2.971681874601562,.1060659353549361
varmiss,jwdid,165,0,1.846160460723125,.0731829393102218
varmiss,jwdid,165,1,2.693561845388873,.0798802938780577
varmiss,jwdid,165,2,3.204741745672855,.0781460125551131
varmiss,jwdid_uc,165,0,1.846160460723107,.0838484473811369
varmiss,jwdid_uc,165,1,2.693561845388857,.0937701624133027
varmiss,jwdid_uc,165,2,3.204741745672826,.0854414168306686
varmiss,bjs,165,0,1.857962430251064,.0745978585043823
varmiss,bjs,165,1,2.691576961924511,.0818289097780149
varmiss,bjs,165,2,3.191600156889763,.079252778357138
varmiss,bjs_wtr,165,0,2.048542838083449,.0767857915149797
varmiss,bjs_wtr,165,1,2.608488436702828,.0827176590794727
varmiss,bjs_wtr,165,2,2.970263937284471,.0819739517508669
varmiss,dcdh,165,0,1.710859862675752,.1011247247426851
varmiss,dcdh,165,1,2.149654319453704,.127210352277639
varmiss,dcdh,165,2,2.901915035501647,.1230540601718583
varmiss,lpdid,165,0,1.624671903817023,.1054417828219116
varmiss,lpdid,165,1,2.10999624928837,.1517399949256733
varmiss,lpdid,165,2,2.950919597374983,.1434776039166436
varmiss,lpdid_rw,165,0,1.710859440997258,.1058650033726133
varmiss,lpdid_rw,165,1,2.192378032633434,.1552333003067824
varmiss,lpdid_rw,165,2,2.822800691758622,.1491145024637498
varmiss,sa,165,0,1.859347116841726,.0919414994628029
varmiss,sa,165,1,2.688401954726397,.1012549401959378
varmiss,sa,165,2,3.195811024482933,.1002296723994545
varmiss,csdid,166,0,2.055165811310142,.1041515978680429
varmiss,csdid,166,1,2.636091848610823,.1053868905132305
varmiss,csdid,166,2,3.189613950086226,.1072175779778938
varmiss,jwdid,166,0,1.829783942658363,.0690786776768274
varmiss,jwdid,166,1,2.679456411563586,.0795464700067638
varmiss,jwdid,166,2,3.271103769628198,.0788607860949993
varmiss,jwdid_uc,166,0,1.829783942658358,.0812966709868991
varmiss,jwdid_uc,166,1,2.679456411563578,.0900822924662543
varmiss,jwdid_uc,166,2,3.271103769628195,.08534126377105
varmiss,bjs,166,0,1.843415181963792,.0711812653919804
varmiss,bjs,166,1,2.659638730619918,.0810461449461022
varmiss,bjs,166,2,3.270895114223094,.0798783272844689
varmiss,bjs_wtr,166,0,2.034608543512149,.0752589002611741
varmiss,bjs_wtr,166,1,2.566489690885646,.0827361791462731
varmiss,bjs_wtr,166,2,3.066449378184188,.0845223362220442
varmiss,dcdh,166,0,1.82584716305076,.0926942087459962
varmiss,dcdh,166,1,2.354735268819834,.124563292968258
varmiss,dcdh,166,2,3.116487717369913,.1340330218297701
varmiss,lpdid,166,0,1.722977949591375,.0970020850534959
varmiss,lpdid,166,1,2.27903521214242,.1407911262596468
varmiss,lpdid,166,2,3.136952970068285,.1516089568219619
varmiss,lpdid_rw,166,0,1.825846710239964,.0985579805046008
varmiss,lpdid_rw,166,1,2.399809462129506,.1454203826047772
varmiss,lpdid_rw,166,2,3.021819400714202,.1552146264755315
varmiss,sa,166,0,1.876364013042905,.0884746324131553
varmiss,sa,166,1,2.750280129229765,.0963715451828451
varmiss,sa,166,2,3.357536599125782,.102457994546564
varmiss,csdid,167,0,1.993781584794138,.1074206090772634
varmiss,csdid,167,1,2.531128766230398,.1135900591506155
varmiss,csdid,167,2,3.00723479674546,.1084993373811905
varmiss,jwdid,167,0,1.827383249257506,.0707857723992295
varmiss,jwdid,167,1,2.58212151409202,.0810134555412376
varmiss,jwdid,167,2,3.253746916565226,.0803209123585533
varmiss,jwdid_uc,167,0,1.827383249257505,.0815193056769834
varmiss,jwdid_uc,167,1,2.58212151409201,.0913604384578622
varmiss,jwdid_uc,167,2,3.253746916565221,.087638799601112
varmiss,bjs,167,0,1.843172857737954,.0718738989182773
varmiss,bjs,167,1,2.586524773956626,.0832509545892239
varmiss,bjs,167,2,3.252474934255588,.0808443931738015
varmiss,bjs_wtr,167,0,2.015281289572158,.0746871175351044
varmiss,bjs_wtr,167,1,2.551597126907836,.0853923988816982
varmiss,bjs_wtr,167,2,3.028964595738216,.0843465858700023
varmiss,dcdh,167,0,1.73265108170575,.0959207619306154
varmiss,dcdh,167,1,2.313215333379311,.1299339445995486
varmiss,dcdh,167,2,2.987379162785519,.1372397822309613
varmiss,lpdid,167,0,1.643892248688702,.0986231203846167
varmiss,lpdid,167,1,2.33266124600959,.1481936131880198
varmiss,lpdid,167,2,3.005821921025979,.1572616801278801
varmiss,lpdid_rw,167,0,1.732651114628881,.1005479620268411
varmiss,lpdid_rw,167,1,2.435342068266629,.1511316796797041
varmiss,lpdid_rw,167,2,2.887319437225214,.1557286167231536
varmiss,sa,167,0,1.86558719531655,.089327072499047
varmiss,sa,167,1,2.627039987436673,.0998075018125042
varmiss,sa,167,2,3.326198011249982,.1065821211759733
varmiss,csdid,168,0,2.05762736575182,.1031929363484747
varmiss,csdid,168,1,2.450465296404386,.1113153964575641
varmiss,csdid,168,2,2.916248712798669,.1027024691886424
varmiss,jwdid,168,0,1.856417078471196,.0732947948632815
varmiss,jwdid,168,1,2.520743362286229,.0836672073177712
varmiss,jwdid,168,2,3.128285619056934,.0784685829423187
varmiss,jwdid_uc,168,0,1.856417078471192,.0835234342062968
varmiss,jwdid_uc,168,1,2.520743362286229,.0921986202306562
varmiss,jwdid_uc,168,2,3.128285619056927,.0846366497058183
varmiss,bjs,168,0,1.850491815636815,.0748711437301004
varmiss,bjs,168,1,2.5187768984797,.0860383249564503
varmiss,bjs,168,2,3.148980165540706,.0796920092671964
varmiss,bjs_wtr,168,0,2.027456601577796,.0772513047776395
varmiss,bjs_wtr,168,1,2.462234266338783,.0876893178777534
varmiss,bjs_wtr,168,2,2.954242711828556,.0854770546392407
varmiss,dcdh,168,0,1.802425488490058,.0950913460766037
varmiss,dcdh,168,1,2.161642354998996,.1255125005309629
varmiss,dcdh,168,2,2.885644624179739,.1268753495703406
varmiss,lpdid,168,0,1.692205919823494,.0995128136595177
varmiss,lpdid,168,1,2.015800225391255,.1437035234406694
varmiss,lpdid,168,2,2.750449042653621,.1402545590014931
varmiss,lpdid_rw,168,0,1.80242497409096,.1002710839445471
varmiss,lpdid_rw,168,1,2.205418604845384,.1498574280543147
varmiss,lpdid_rw,168,2,2.674125647227103,.1481137630898615
varmiss,sa,168,0,1.85156555750079,.0917931835886585
varmiss,sa,168,1,2.50865542922027,.0982817181576394
varmiss,sa,168,2,3.106440277177549,.0981237546374769
varmiss,csdid,169,0,2.013794690183157,.1063040741271568
varmiss,csdid,169,1,2.614063174380156,.1167564198305877
varmiss,csdid,169,2,2.918234826465213,.1205061934873188
varmiss,jwdid,169,0,1.882857598830817,.0692554162847464
varmiss,jwdid,169,1,2.657806697950472,.0827093620539585
varmiss,jwdid,169,2,3.195443778253277,.0837264852599372
varmiss,jwdid_uc,169,0,1.882857598830826,.0769263926304865
varmiss,jwdid_uc,169,1,2.657806697950493,.0901942599803318
varmiss,jwdid_uc,169,2,3.195443778253276,.0900903801868567
varmiss,bjs,169,0,1.881396028671588,.071342937892072
varmiss,bjs,169,1,2.634729940342368,.084559502750421
varmiss,bjs,169,2,3.207128819831269,.0843547682388304
varmiss,bjs_wtr,169,0,2.005084301533316,.0748277831245124
varmiss,bjs_wtr,169,1,2.573308850529429,.0862279796537979
varmiss,bjs_wtr,169,2,2.985061204697558,.0909206790998672
varmiss,dcdh,169,0,1.653586005555462,.1020326724542303
varmiss,dcdh,169,1,2.433786061898413,.1324472206658977
varmiss,dcdh,169,2,2.774002978982808,.1414454232082989
varmiss,lpdid,169,0,1.528056333819398,.1000076674672689
varmiss,lpdid,169,1,2.270620018407854,.1555212169640104
varmiss,lpdid,169,2,2.751732800414004,.170814497971812
varmiss,lpdid_rw,169,0,1.653585426099718,.1054941889285177
varmiss,lpdid_rw,169,1,2.459119342887071,.1694704642139643
varmiss,lpdid_rw,169,2,2.610684787938169,.1746148854913084
varmiss,sa,169,0,1.810023978075691,.0864528018047889
varmiss,sa,169,1,2.614001070879326,.0983403492238654
varmiss,sa,169,2,3.155149870441833,.1086972869025109
varmiss,csdid,170,0,2.156107327421923,.1102774310564348
varmiss,csdid,170,1,2.668277757836977,.1167013680196612
varmiss,csdid,170,2,3.16352880075278,.1118950816058019
varmiss,jwdid,170,0,1.878725437743987,.0736432344738472
varmiss,jwdid,170,1,2.53226391569864,.0846762933244444
varmiss,jwdid,170,2,3.244274556866479,.0809286983671162
varmiss,jwdid_uc,170,0,1.878725437743984,.085232797898873
varmiss,jwdid_uc,170,1,2.532263915698618,.0963211023809976
varmiss,jwdid_uc,170,2,3.244274556866451,.0896058757483651
varmiss,bjs,170,0,1.881803040883824,.0749407227188269
varmiss,bjs,170,1,2.548333944121623,.0871486467766539
varmiss,bjs,170,2,3.254372300612886,.0814716958748672
varmiss,bjs_wtr,170,0,2.05962911846018,.0781983321971915
varmiss,bjs_wtr,170,1,2.544718007598931,.0885108267129212
varmiss,bjs_wtr,170,2,3.021852370282431,.0850794239226445
varmiss,dcdh,170,0,1.641164260257308,.0944370115658632
varmiss,dcdh,170,1,2.059372637598021,.1287221574622875
varmiss,dcdh,170,2,2.78762924462954,.1266825155903313
varmiss,lpdid,170,0,1.526654862237386,.0969380817951385
varmiss,lpdid,170,1,1.85817620804803,.14205130769178
varmiss,lpdid,170,2,2.841613338486905,.1473355859456551
varmiss,lpdid_rw,170,0,1.641164586291351,.0996303362361504
varmiss,lpdid_rw,170,1,1.983828450574007,.1444087053151328
varmiss,lpdid_rw,170,2,2.651188618436016,.1551164939661297
varmiss,sa,170,0,1.945483200347555,.0919058142052095
varmiss,sa,170,1,2.567031005736435,.103898658149602
varmiss,sa,170,2,3.302536429348445,.1029571360506874
varmiss,csdid,171,0,1.927899854866826,.1015824875646915
varmiss,csdid,171,1,2.539022662666053,.1093741327021054
varmiss,csdid,171,2,3.038097963575391,.10363207199017
varmiss,jwdid,171,0,1.895713169305754,.0710886183079334
varmiss,jwdid,171,1,2.616496383468882,.0805241153885619
varmiss,jwdid,171,2,3.360150127663883,.0768511323276146
varmiss,jwdid_uc,171,0,1.895713169305763,.0807373178793812
varmiss,jwdid_uc,171,1,2.616496383468884,.0902134042833837
varmiss,jwdid_uc,171,2,3.360150127663879,.0847278460220221
varmiss,bjs,171,0,1.930778115267458,.071618788261771
varmiss,bjs,171,1,2.635981349057147,.0825590381397134
varmiss,bjs,171,2,3.333279857994057,.0775768691620656
varmiss,bjs_wtr,171,0,2.085531659153276,.0735135869108711
varmiss,bjs_wtr,171,1,2.607830408088375,.083935170979264
varmiss,bjs_wtr,171,2,3.098901790723176,.0817112883647902
varmiss,dcdh,171,0,1.750125770486484,.0981607964191424
varmiss,dcdh,171,1,2.387141376741245,.1252759877695516
varmiss,dcdh,171,2,2.982871669206492,.1265095949801661
varmiss,lpdid,171,0,1.664137005475567,.0999972050691475
varmiss,lpdid,171,1,2.266526317535004,.1389359937328869
varmiss,lpdid,171,2,2.963330558959945,.1432263556509999
varmiss,lpdid_rw,171,0,1.750126402146299,.1012491048154471
varmiss,lpdid_rw,171,1,2.396647976119332,.1413503548621957
varmiss,lpdid_rw,171,2,2.884110244309117,.1443276716862276
varmiss,sa,171,0,1.939244308378593,.0856425775429924
varmiss,sa,171,1,2.599961820256761,.0920259700131664
varmiss,sa,171,2,3.282013278132945,.0973938568092998
varmiss,csdid,172,0,2.155392129303776,.1081316899635598
varmiss,csdid,172,1,2.409009599688094,.1121471851496258
varmiss,csdid,172,2,2.852078614344756,.1103715261854219
varmiss,jwdid,172,0,1.910419660363252,.0714950370795116
varmiss,jwdid,172,1,2.41679104096199,.0811661559851534
varmiss,jwdid,172,2,3.029284215081149,.0774629360115869
varmiss,jwdid_uc,172,0,1.910419660363248,.0839801202878606
varmiss,jwdid_uc,172,1,2.416791040961983,.0886996490945616
varmiss,jwdid_uc,172,2,3.029284215081133,.085627942317559
varmiss,bjs,172,0,1.925215067394674,.0738271163314672
varmiss,bjs,172,1,2.423606854565151,.0827984854394522
varmiss,bjs,172,2,3.021422829256153,.0783307163807744
varmiss,bjs_wtr,172,0,2.111179307509246,.0774872373261541
varmiss,bjs_wtr,172,1,2.388923054633779,.0838347395901623
varmiss,bjs_wtr,172,2,2.804784900073173,.0830690132263716
varmiss,dcdh,172,0,1.703009804022723,.1030206135609325
varmiss,dcdh,172,1,2.088026628988181,.1366442083677498
varmiss,dcdh,172,2,2.599929783676186,.1391952973416002
varmiss,lpdid,172,0,1.558593679117697,.1051321363344289
varmiss,lpdid,172,1,1.913550541900676,.1475456378774625
varmiss,lpdid,172,2,2.537446701055835,.1567115411923637
varmiss,lpdid_rw,172,0,1.703009993003034,.1091039344154282
varmiss,lpdid_rw,172,1,2.030481427975867,.1526899205002032
varmiss,lpdid_rw,172,2,2.459699285560434,.1585555143996762
varmiss,sa,172,0,1.914572545211283,.0899191235614007
varmiss,sa,172,1,2.379710565931625,.0939117598499756
varmiss,sa,172,2,2.925931513210303,.0998206899059985
varmiss,csdid,173,0,1.845387408102097,.1034728523062179
varmiss,csdid,173,1,2.321260926497705,.1135239042020663
varmiss,csdid,173,2,2.794655232800953,.1130658488761387
varmiss,jwdid,173,0,1.859104443801243,.0689491114132932
varmiss,jwdid,173,1,2.538482661117194,.0792592936675869
varmiss,jwdid,173,2,3.172700917926456,.0788424721840938
varmiss,jwdid_uc,173,0,1.859104443801229,.0775960713957633
varmiss,jwdid_uc,173,1,2.538482661117198,.0909013176426275
varmiss,jwdid_uc,173,2,3.172700917926437,.0867056287146423
varmiss,bjs,173,0,1.858398870528163,.0706340169575761
varmiss,bjs,173,1,2.541377547320735,.0804905341164557
varmiss,bjs,173,2,3.180422763973183,.0794367575191787
varmiss,bjs_wtr,173,0,1.993422962658769,.0735998917431258
varmiss,bjs_wtr,173,1,2.478138354592375,.083418787263749
varmiss,bjs_wtr,173,2,2.969215266552055,.0831471771583731
varmiss,dcdh,173,0,1.650712305444171,.0986591753256179
varmiss,dcdh,173,1,1.922195609300845,.1297127801210911
varmiss,dcdh,173,2,2.887516429386511,.1224906938550619
varmiss,lpdid,173,0,1.494300988759026,.1007473633022796
varmiss,lpdid,173,1,1.765301270965847,.1479538745234644
varmiss,lpdid,173,2,2.828008508943658,.1444598868719346
varmiss,lpdid_rw,173,0,1.650711848833847,.1035737729538
varmiss,lpdid_rw,173,1,1.908825295442405,.1636105013320325
varmiss,lpdid_rw,173,2,2.719308193794455,.1458567289277451
varmiss,sa,173,0,1.82805834401688,.084827886672402
varmiss,sa,173,1,2.491552140062696,.0966841489866762
varmiss,sa,173,2,3.115951445735985,.0989655596695436
varmiss,csdid,174,0,1.820143967813559,.0994991565611281
varmiss,csdid,174,1,2.403729955842007,.1134368238688918
varmiss,csdid,174,2,2.96073772093482,.1107345861539892
varmiss,jwdid,174,0,1.719699455804937,.0657778390991475
varmiss,jwdid,174,1,2.50884072016479,.0814675119123112
varmiss,jwdid,174,2,3.221751341681054,.079433357337259
varmiss,jwdid_uc,174,0,1.719699455804933,.0739145319727825
varmiss,jwdid_uc,174,1,2.508840720164751,.096076913662674
varmiss,jwdid_uc,174,2,3.221751341681036,.0873088992023215
varmiss,bjs,174,0,1.741295473320861,.067548697053038
varmiss,bjs,174,1,2.510136567354493,.0839658530335516
varmiss,bjs,174,2,3.237109830981353,.0804316997311931
varmiss,bjs_wtr,174,0,1.883556068780308,.0710108176807817
varmiss,bjs_wtr,174,1,2.47933587465559,.0853296334210786
varmiss,bjs_wtr,174,2,3.004485307377763,.0835160168016838
varmiss,dcdh,174,0,1.601009100112734,.0884556486146835
varmiss,dcdh,174,1,2.179430951106104,.1248989737026074
varmiss,dcdh,174,2,3.06284810813541,.1340792732159825
varmiss,lpdid,174,0,1.503550406545169,.0898555106504677
varmiss,lpdid,174,1,2.111318382082549,.1416329146705196
varmiss,lpdid,174,2,3.115082048183495,.1538307230527156
varmiss,lpdid_rw,174,0,1.601008931250245,.0922213497587648
varmiss,lpdid_rw,174,1,2.236386136411025,.1438204799200682
varmiss,lpdid_rw,174,2,2.99152248426534,.1556583420784873
varmiss,sa,174,0,1.68655052563642,.0795950665383924
varmiss,sa,174,1,2.474973017029641,.1018242609665525
varmiss,sa,174,2,3.183735891899858,.1043730930559424
varmiss,csdid,175,0,2.005153086247631,.1060439140109648
varmiss,csdid,175,1,2.462945834075224,.109207060218501
varmiss,csdid,175,2,3.050920955581246,.1081093349577059
varmiss,jwdid,175,0,1.789949939387621,.072115191653536
varmiss,jwdid,175,1,2.466527945788581,.0780552461878828
varmiss,jwdid,175,2,3.286659966171873,.0809224542482741
varmiss,jwdid_uc,175,0,1.789949939387624,.0826778233117057
varmiss,jwdid_uc,175,1,2.466527945788584,.0880327016179172
varmiss,jwdid_uc,175,2,3.286659966171877,.0885896938027496
varmiss,bjs,175,0,1.771124184104337,.0737576691204111
varmiss,bjs,175,1,2.469336996433412,.079386163755452
varmiss,bjs,175,2,3.292781618474692,.0821355267564699
varmiss,bjs_wtr,175,0,1.974719616977382,.0766142660689799
varmiss,bjs_wtr,175,1,2.472300062869181,.0819270854994072
varmiss,bjs_wtr,175,2,3.064522457752901,.0875934919935041
varmiss,dcdh,175,0,1.714147836203456,.099784213691604
varmiss,dcdh,175,1,2.057214816377396,.124627699473587
varmiss,dcdh,175,2,2.819887742220817,.1337270987285436
varmiss,lpdid,175,0,1.579984436714706,.1013874774574408
varmiss,lpdid,175,1,2.009548388934044,.1451448988345352
varmiss,lpdid,175,2,2.835316221674378,.1521951117811166
varmiss,lpdid_rw,175,0,1.714147429432773,.1048551044058185
varmiss,lpdid_rw,175,1,2.184258264360511,.150096915074522
varmiss,lpdid_rw,175,2,2.649065920641645,.157302879737108
varmiss,sa,175,0,1.767224405762257,.0897108363865398
varmiss,sa,175,1,2.458943211018059,.0921536673869019
varmiss,sa,175,2,3.289155261479164,.1029382331007499
varmiss,csdid,176,0,1.686255413824291,.1027850201706067
varmiss,csdid,176,1,2.251562307868181,.1103889768538255
varmiss,csdid,176,2,2.702660713766884,.109881528598238
varmiss,jwdid,176,0,1.66538324247392,.0689775343724424
varmiss,jwdid,176,1,2.483641658325307,.0774274371165606
varmiss,jwdid,176,2,3.181028997404732,.0776995068696442
varmiss,jwdid_uc,176,0,1.665383242473943,.0805853953161358
varmiss,jwdid_uc,176,1,2.483641658325335,.0876531037861077
varmiss,jwdid_uc,176,2,3.181028997404766,.0882456495200503
varmiss,bjs,176,0,1.670978942500369,.0698282896403001
varmiss,bjs,176,1,2.460866926012841,.0794913700265803
varmiss,bjs,176,2,3.180693248319585,.0785976591351686
varmiss,bjs_wtr,176,0,1.860468770639272,.0729388674466052
varmiss,bjs_wtr,176,1,2.399955709573078,.0801652846434432
varmiss,bjs_wtr,176,2,2.882519286002207,.0814577304163334
varmiss,dcdh,176,0,1.613052271641325,.0995821484867151
varmiss,dcdh,176,1,2.191178553104401,.1325676293818651
varmiss,dcdh,176,2,2.921192485287786,.1318453913408659
varmiss,lpdid,176,0,1.515733114028002,.1027922087614067
varmiss,lpdid,176,1,2.116976089399965,.1497475440132637
varmiss,lpdid,176,2,2.955467363460498,.1565597996811135
varmiss,lpdid_rw,176,0,1.613052467138861,.1038820083787634
varmiss,lpdid_rw,176,1,2.214768610690704,.1523562288770439
varmiss,lpdid_rw,176,2,2.78938877681455,.1586672063913614
varmiss,sa,176,0,1.679669601455616,.088243162039536
varmiss,sa,176,1,2.488027911538097,.0958327690384011
varmiss,sa,176,2,3.181240880394299,.1037512561096806
varmiss,csdid,177,0,1.717794277264501,.1071516315850047
varmiss,csdid,177,1,2.270701688455024,.1103890201255718
varmiss,csdid,177,2,2.852088895509937,.1119160877731522
varmiss,jwdid,177,0,1.645496362256576,.0729635756515973
varmiss,jwdid,177,1,2.436672529563247,.0809324632931315
varmiss,jwdid,177,2,3.119778884943591,.0811210332666077
varmiss,jwdid_uc,177,0,1.645496362256576,.0798726847561074
varmiss,jwdid_uc,177,1,2.436672529563236,.0927662870132361
varmiss,jwdid_uc,177,2,3.119778884943582,.0903031365357286
varmiss,bjs,177,0,1.670280199273975,.074168833759605
varmiss,bjs,177,1,2.409639373963046,.0820989026731193
varmiss,bjs,177,2,3.11874485869339,.0820606078957767
varmiss,bjs_wtr,177,0,1.83977834509335,.0781377838764122
varmiss,bjs_wtr,177,1,2.32700809218386,.0832276011950367
varmiss,bjs_wtr,177,2,2.836262975190039,.0871579993724253
varmiss,dcdh,177,0,1.429851180372105,.0999600331422722
varmiss,dcdh,177,1,1.942642930066885,.1357764360088358
varmiss,dcdh,177,2,2.751494103837348,.1325622389578792
varmiss,lpdid,177,0,1.385381581357231,.101841119586059
varmiss,lpdid,177,1,1.823606773038683,.1599495710759947
varmiss,lpdid,177,2,2.745103707449607,.1520042698758592
varmiss,lpdid_rw,177,0,1.429851189647847,.101847195459676
varmiss,lpdid_rw,177,1,1.927178912332081,.1613936976524582
varmiss,lpdid_rw,177,2,2.561746970294887,.1578671646394463
varmiss,sa,177,0,1.669167538444205,.0871734338070492
varmiss,sa,177,1,2.420550974838435,.0983583830647559
varmiss,sa,177,2,3.074865888045262,.1055251869111078
varmiss,csdid,178,0,1.912621874695549,.100722759782024
varmiss,csdid,178,1,2.387232811218224,.1096494140575121
varmiss,csdid,178,2,2.854306934429334,.1082668517335447
varmiss,jwdid,178,0,1.789603099142904,.0712968882762877
varmiss,jwdid,178,1,2.498156466208475,.0797978819913338
varmiss,jwdid,178,2,3.092695387231419,.0771781392693829
varmiss,jwdid_uc,178,0,1.789603099142921,.0819896703220964
varmiss,jwdid_uc,178,1,2.498156466208481,.0904224769038241
varmiss,jwdid_uc,178,2,3.092695387231417,.085769943771513
varmiss,bjs,178,0,1.788410016324633,.0726404073279742
varmiss,bjs,178,1,2.482827835003263,.0817847610784232
varmiss,bjs,178,2,3.083638783067727,.0779203053659334
varmiss,bjs_wtr,178,0,1.984681116389766,.0752594075755231
varmiss,bjs_wtr,178,1,2.426098261570587,.0827527017960785
varmiss,bjs_wtr,178,2,2.824016894581291,.0810813066479445
varmiss,dcdh,178,0,1.77072870026103,.0988538889199874
varmiss,dcdh,178,1,2.207965839482672,.1300903314648437
varmiss,dcdh,178,2,2.987477927582452,.1252181070548231
varmiss,lpdid,178,0,1.638325742650738,.1033345039874609
varmiss,lpdid,178,1,1.998464361080823,.1531238840803143
varmiss,lpdid,178,2,3.007880235301625,.1493538728765193
varmiss,lpdid_rw,178,0,1.770729462883812,.1058906368305237
varmiss,lpdid_rw,178,1,2.15062392494058,.1579664772284014
varmiss,lpdid_rw,178,2,2.84812924768786,.150932030159751
varmiss,sa,178,0,1.852256675704582,.0875100510107431
varmiss,sa,178,1,2.559330103732817,.096275460606587
varmiss,sa,178,2,3.153184680424379,.1008130526155689
varmiss,csdid,179,0,1.850354236050534,.1028874084476203
varmiss,csdid,179,1,2.461707413240335,.1148312181800167
varmiss,csdid,179,2,2.890115474703809,.1108285283056056
varmiss,jwdid,179,0,1.799158590347615,.0708263047554845
varmiss,jwdid,179,1,2.643244019899746,.0832493750182442
varmiss,jwdid,179,2,3.224150052470915,.0802469816491202
varmiss,jwdid_uc,179,0,1.79915859034762,.0795775031300637
varmiss,jwdid_uc,179,1,2.643244019899732,.0942918668357331
varmiss,jwdid_uc,179,2,3.224150052470903,.0912071005846064
varmiss,bjs,179,0,1.815958961460524,.072205527986773
varmiss,bjs,179,1,2.652911163278986,.0852110039754151
varmiss,bjs,179,2,3.232903714162603,.0818842861272982
varmiss,bjs_wtr,179,0,1.973436912914906,.0765145518175531
varmiss,bjs_wtr,179,1,2.565649951273372,.0867460379199484
varmiss,bjs_wtr,179,2,2.959277997382742,.0880701040710978
varmiss,dcdh,179,0,1.676033985539808,.0979813107967853
varmiss,dcdh,179,1,2.321838499218914,.130777602656022
varmiss,dcdh,179,2,2.810085894012577,.1309528461450768
varmiss,lpdid,179,0,1.584689679882001,.0982684402007077
varmiss,lpdid,179,1,2.240344510396153,.1464445178368677
varmiss,lpdid,179,2,2.789232671564897,.1494009835702948
varmiss,lpdid_rw,179,0,1.676033913634432,.1002692576338687
varmiss,lpdid_rw,179,1,2.33380486187053,.156089580636959
varmiss,lpdid_rw,179,2,2.631608737233176,.1545871539095419
varmiss,sa,179,0,1.791702690380178,.0857636626486419
varmiss,sa,179,1,2.588949611267889,.0971917193661787
varmiss,sa,179,2,3.104209199824501,.1005508951167454
varmiss,csdid,180,0,2.09306302126667,.1046238289134642
varmiss,csdid,180,1,2.573649176629684,.1113993759529406
varmiss,csdid,180,2,3.042114234854259,.110517106671733
varmiss,jwdid,180,0,1.895878473896753,.0686169715111484
varmiss,jwdid,180,1,2.491441038819539,.0787567369398443
varmiss,jwdid,180,2,3.23103793241402,.078379794942073
varmiss,jwdid_uc,180,0,1.895878473896764,.0765607198759271
varmiss,jwdid_uc,180,1,2.491441038819559,.0894463466069401
varmiss,jwdid_uc,180,2,3.231037932414035,.0862754085698287
varmiss,bjs,180,0,1.882897783058979,.0698374047060882
varmiss,bjs,180,1,2.504300282012991,.0813292919992334
varmiss,bjs,180,2,3.250512643313414,.0796310509772483
varmiss,bjs_wtr,180,0,2.026550354411484,.0736515309763544
varmiss,bjs_wtr,180,1,2.497662786992805,.084798051677714
varmiss,bjs_wtr,180,2,3.017038655161741,.0875941627609585
varmiss,dcdh,180,0,1.707024354746203,.095438314509797
varmiss,dcdh,180,1,2.173525956002565,.126523343719741
varmiss,dcdh,180,2,2.833531201502914,.1265016393796436
varmiss,lpdid,180,0,1.624085831187745,.0978593623698793
varmiss,lpdid,180,1,1.986942096719568,.1386255502402086
varmiss,lpdid,180,2,2.757002927681202,.1393755417673519
varmiss,lpdid_rw,180,0,1.707024391099053,.0994348540843446
varmiss,lpdid_rw,180,1,2.079809292703423,.1412865306805973
varmiss,lpdid_rw,180,2,2.575324575682178,.1444298711813987
varmiss,sa,180,0,1.87984374559101,.0870418457445081
varmiss,sa,180,1,2.500585315871779,.097276383053138
varmiss,sa,180,2,3.282686470202282,.0997498350523832
varmiss,csdid,181,0,2.134372686013785,.104220125628709
varmiss,csdid,181,1,2.602690216084944,.1081532528440504
varmiss,csdid,181,2,3.088458667377796,.115591641383109
varmiss,jwdid,181,0,1.899439271651277,.0665420694292754
varmiss,jwdid,181,1,2.674322072834295,.0771205580842532
varmiss,jwdid,181,2,3.336467026531328,.0824367760711688
varmiss,jwdid_uc,181,0,1.899439271651277,.0797492594279656
varmiss,jwdid_uc,181,1,2.674322072834295,.0894990141858666
varmiss,jwdid_uc,181,2,3.336467026531298,.091303829127744
varmiss,bjs,181,0,1.891681529104972,.0682711675870506
varmiss,bjs,181,1,2.688777079900319,.0785158029523983
varmiss,bjs,181,2,3.358191746388911,.0831997480212887
varmiss,bjs_wtr,181,0,2.070092427577038,.0704521813193621
varmiss,bjs_wtr,181,1,2.649530530277843,.0804747830302154
varmiss,bjs_wtr,181,2,3.104936168274435,.0866857414091024
varmiss,dcdh,181,0,1.747710973779665,.0954813706477532
varmiss,dcdh,181,1,2.523582651964333,.1211913568069844
varmiss,dcdh,181,2,2.870131632919053,.1328246911313562
varmiss,lpdid,181,0,1.627702427719226,.0978531758581918
varmiss,lpdid,181,1,2.269595123410812,.1428286688206304
varmiss,lpdid,181,2,2.726614274216219,.1518929591365454
varmiss,lpdid_rw,181,0,1.747710614331083,.1007873424078391
varmiss,lpdid_rw,181,1,2.396456168717446,.1472956750085779
varmiss,lpdid_rw,181,2,2.640905838466037,.1513009311316465
varmiss,sa,181,0,1.89510191633949,.0880179787541978
varmiss,sa,181,1,2.69978192493689,.0965360995511016
varmiss,sa,181,2,3.403322590557443,.110035874281593
varmiss,csdid,182,0,2.112216734996527,.1032064309684482
varmiss,csdid,182,1,2.44098864620493,.1069193250353556
varmiss,csdid,182,2,2.891382336383028,.1054601868549071
varmiss,jwdid,182,0,1.942633260371291,.0704751438717492
varmiss,jwdid,182,1,2.445143927800011,.0751767554651358
varmiss,jwdid,182,2,3.117924343976929,.0795289241598471
varmiss,jwdid_uc,182,0,1.942633260371284,.0816670063135615
varmiss,jwdid_uc,182,1,2.445143927800007,.0859302967344792
varmiss,jwdid_uc,182,2,3.117924343976917,.0882852786477343
varmiss,bjs,182,0,1.950402305641092,.0720419396660439
varmiss,bjs,182,1,2.441877867589938,.0774424852035806
varmiss,bjs,182,2,3.122398300372879,.0800972694024482
varmiss,bjs_wtr,182,0,2.066483579732903,.0740427245786138
varmiss,bjs_wtr,182,1,2.381242354240385,.0821001008589262
varmiss,bjs_wtr,182,2,2.878542627207935,.0847872629284284
varmiss,dcdh,182,0,1.758606307925482,.0931621427878345
varmiss,dcdh,182,1,2.192918458595872,.1240161797130637
varmiss,dcdh,182,2,2.644774398447946,.1191449947928087
varmiss,lpdid,182,0,1.622092011900873,.0972689154962351
varmiss,lpdid,182,1,1.945956656787077,.1397388558725806
varmiss,lpdid,182,2,2.502364359736625,.1341028431278842
varmiss,lpdid_rw,182,0,1.758606632343358,.0988184948520518
varmiss,lpdid_rw,182,1,2.124734543912531,.1423934207656438
varmiss,lpdid_rw,182,2,2.379413752396656,.1393499946165672
varmiss,sa,182,0,1.904528724702731,.0895342042734652
varmiss,sa,182,1,2.413637203914837,.0926854477081043
varmiss,sa,182,2,3.093263452913524,.0994904974978573
varmiss,csdid,183,0,2.184721570045779,.1077702559719094
varmiss,csdid,183,1,2.68957323103604,.1129098996673491
varmiss,csdid,183,2,3.112373599278335,.1144798008563886
varmiss,jwdid,183,0,1.911628728413886,.0701597803081653
varmiss,jwdid,183,1,2.661815955733775,.0822125160045824
varmiss,jwdid,183,2,3.293292093680086,.084406696947628
varmiss,jwdid_uc,183,0,1.911628728413879,.0819351995206977
varmiss,jwdid_uc,183,1,2.661815955733783,.093520663659311
varmiss,jwdid_uc,183,2,3.293292093680093,.0904220483487259
varmiss,bjs,183,0,1.916347374125507,.072282405785683
varmiss,bjs,183,1,2.649805467190163,.0842907226464816
varmiss,bjs,183,2,3.284330220390984,.0852746765192894
varmiss,bjs_wtr,183,0,2.104597777532035,.0750746164873612
varmiss,bjs_wtr,183,1,2.573199557962653,.0851172957765035
varmiss,bjs_wtr,183,2,3.096583062797436,.0883753649883884
varmiss,dcdh,183,0,1.738447388028351,.0952661173542165
varmiss,dcdh,183,1,2.460034428386419,.1324259823945102
varmiss,dcdh,183,2,3.036382227108235,.1319798860658696
varmiss,lpdid,183,0,1.640081602445675,.0994270013546419
varmiss,lpdid,183,1,2.286513315670477,.1510110018203638
varmiss,lpdid,183,2,3.093124912263767,.1529150020688917
varmiss,lpdid_rw,183,0,1.738447565483041,.100601230026129
varmiss,lpdid_rw,183,1,2.389886178146638,.1532277034754299
varmiss,lpdid_rw,183,2,2.979876769804894,.1537617759413007
varmiss,sa,183,0,1.899397676800288,.0893685286273074
varmiss,sa,183,1,2.652825176043526,.1006439120198739
varmiss,sa,183,2,3.297884678205508,.1060238689143949
varmiss,csdid,184,0,2.064087096693344,.1024283757414298
varmiss,csdid,184,1,2.393017140934865,.1121019785466949
varmiss,csdid,184,2,3.044089811242278,.1058535210792151
varmiss,jwdid,184,0,1.902554875267011,.0690185230271362
varmiss,jwdid,184,1,2.597493207473407,.0820726881387345
varmiss,jwdid,184,2,3.250193317601767,.0794915565376696
varmiss,jwdid_uc,184,0,1.902554875267026,.0802574284972992
varmiss,jwdid_uc,184,1,2.597493207473414,.0943452553727885
varmiss,jwdid_uc,184,2,3.250193317601807,.0867971950148649
varmiss,bjs,184,0,1.914019477091642,.0710664662116975
varmiss,bjs,184,1,2.592813955310703,.083282925008926
varmiss,bjs,184,2,3.239643007906125,.0801819697704349
varmiss,bjs_wtr,184,0,2.123079047509236,.0744575071818365
varmiss,bjs_wtr,184,1,2.45766668772194,.0846820910124818
varmiss,bjs_wtr,184,2,3.042952661751769,.0841517428029112
varmiss,dcdh,184,0,1.750617451077456,.0980527677874756
varmiss,dcdh,184,1,2.131568409682822,.13354067091112
varmiss,dcdh,184,2,2.877129283344136,.1257054508900535
varmiss,lpdid,184,0,1.663291214156054,.1008623865982066
varmiss,lpdid,184,1,1.937954684876873,.154349330653531
varmiss,lpdid,184,2,2.866886359174411,.1436027138576536
varmiss,lpdid_rw,184,0,1.75061687671917,.1018349077415688
varmiss,lpdid_rw,184,1,2.083037138545149,.1558695347808623
varmiss,lpdid_rw,184,2,2.727930372911332,.1449871977542684
varmiss,sa,184,0,1.906814425737989,.0885998562573404
varmiss,sa,184,1,2.594327930426308,.0996942909460726
varmiss,sa,184,2,3.24294337441541,.1024662337880221
varmiss,csdid,185,0,2.046810855709158,.1073498406365194
varmiss,csdid,185,1,2.432791445247113,.1071299467838496
varmiss,csdid,185,2,2.974140212878412,.1082186715754296
varmiss,jwdid,185,0,1.919727522949312,.0691685973433433
varmiss,jwdid,185,1,2.510602434873734,.0782405998897141
varmiss,jwdid,185,2,3.208164933599059,.0785019591470548
varmiss,jwdid_uc,185,0,1.919727522949303,.0791556273684657
varmiss,jwdid_uc,185,1,2.510602434873737,.0881380149427225
varmiss,jwdid_uc,185,2,3.20816493359909,.0860988597242872
varmiss,bjs,185,0,1.904811125251854,.0717373413255989
varmiss,bjs,185,1,2.499763172028906,.0801864682825126
varmiss,bjs,185,2,3.221273283226765,.0790815695821531
varmiss,bjs_wtr,185,0,2.067937741912488,.0742720483403031
varmiss,bjs_wtr,185,1,2.444818002393731,.0811026690562458
varmiss,bjs_wtr,185,2,2.989643826491374,.0828084100640046
varmiss,dcdh,185,0,1.745545384080221,.0999149721911052
varmiss,dcdh,185,1,2.081691446135173,.1259873023868503
varmiss,dcdh,185,2,2.811046148627508,.128123044365123
varmiss,lpdid,185,0,1.644262418170957,.1007187231092067
varmiss,lpdid,185,1,2.064479435824534,.1401942407354268
varmiss,lpdid,185,2,2.847847462415323,.1430266945133942
varmiss,lpdid_rw,185,0,1.745545099814156,.1037129998842101
varmiss,lpdid_rw,185,1,2.134113103143016,.1410104573416757
varmiss,lpdid_rw,185,2,2.723493757028163,.1427971909465
varmiss,sa,185,0,1.94895186615772,.0872527950453817
varmiss,sa,185,1,2.539526872870795,.0953482456711806
varmiss,sa,185,2,3.229728627544347,.1049466386335892
varmiss,csdid,186,0,2.159271273303846,.1049187216866114
varmiss,csdid,186,1,2.584726148655667,.1054185949968522
varmiss,csdid,186,2,3.032213247836932,.1050213421126959
varmiss,jwdid,186,0,1.884364202318387,.0701809197917002
varmiss,jwdid,186,1,2.633378502312598,.0756889291833139
varmiss,jwdid,186,2,3.202256521021345,.0760220543908468
varmiss,jwdid_uc,186,0,1.884364202318372,.0821328996676469
varmiss,jwdid_uc,186,1,2.633378502312599,.0841621148676982
varmiss,jwdid_uc,186,2,3.202256521021337,.0832174217646255
varmiss,bjs,186,0,1.913670884789781,.0727295375024358
varmiss,bjs,186,1,2.601819568169049,.0780187824880284
varmiss,bjs,186,2,3.223382055854017,.076689486241118
varmiss,bjs_wtr,186,0,2.110572152893383,.0762037300037121
varmiss,bjs_wtr,186,1,2.543439928212138,.0790777337131459
varmiss,bjs_wtr,186,2,3.028924537997227,.0781717543392469
varmiss,dcdh,186,0,1.810949312603262,.0975600443507666
varmiss,dcdh,186,1,2.408371248039396,.1291296031446449
varmiss,dcdh,186,2,2.975651231458138,.1232389244285464
varmiss,lpdid,186,0,1.702247674628748,.1020777252752605
varmiss,lpdid,186,1,2.369370230468702,.1425700150079237
varmiss,lpdid,186,2,2.975516710360142,.1438896400578784
varmiss,lpdid_rw,186,0,1.810949473580854,.1037933794778935
varmiss,lpdid_rw,186,1,2.453976099868985,.1487042202042528
varmiss,lpdid_rw,186,2,2.811306280474404,.1437307884350073
varmiss,sa,186,0,1.907518916311611,.0895131347016781
varmiss,sa,186,1,2.644821555257033,.0918305609312998
varmiss,sa,186,2,3.205297890923029,.1005812302874051
varmiss,csdid,187,0,2.022311798731392,.1000595814574163
varmiss,csdid,187,1,2.512506009383912,.1014189629839918
varmiss,csdid,187,2,2.860888082871758,.1093143457221843
varmiss,jwdid,187,0,1.969978320795251,.070339891103011
varmiss,jwdid,187,1,2.651404575203883,.0754948130899039
varmiss,jwdid,187,2,3.217664241654947,.0811087706091529
varmiss,jwdid_uc,187,0,1.96997832079524,.0809439060276767
varmiss,jwdid_uc,187,1,2.651404575203878,.0852376260734617
varmiss,jwdid_uc,187,2,3.217664241654933,.0879489860419335
varmiss,bjs,187,0,1.965551667644831,.0715712050765891
varmiss,bjs,187,1,2.661260188562665,.077300427153019
varmiss,bjs,187,2,3.224826782679884,.0824828758923807
varmiss,bjs_wtr,187,0,2.133142134536683,.0740462712178389
varmiss,bjs_wtr,187,1,2.625692969510055,.0784503035862909
varmiss,bjs_wtr,187,2,3.004330399766332,.0871146720001708
varmiss,dcdh,187,0,1.806336121766712,.0985167253047275
varmiss,dcdh,187,1,2.33360789808858,.1204924775471101
varmiss,dcdh,187,2,2.957241405263543,.1385238212830105
varmiss,lpdid,187,0,1.720780234088181,.1008215268892058
varmiss,lpdid,187,1,2.089364412899813,.1318877587729836
varmiss,lpdid,187,2,2.955767617530277,.1529854402702731
varmiss,lpdid_rw,187,0,1.806335745789004,.1016993575759332
varmiss,lpdid_rw,187,1,2.213309579249473,.1343840183847577
varmiss,lpdid_rw,187,2,2.795983747086665,.1578895745021031
varmiss,sa,187,0,1.978953946385604,.0862053593733037
varmiss,sa,187,1,2.616377855998008,.0886645124856663
varmiss,sa,187,2,3.112463432552919,.1006379182425494
varmiss,csdid,188,0,1.979964908494534,.1026791364939378
varmiss,csdid,188,1,2.54455923514409,.106856791247502
varmiss,csdid,188,2,3.023271676623059,.1075937499260596
varmiss,jwdid,188,0,1.821373797909324,.0689977512020109
varmiss,jwdid,188,1,2.618665554630637,.0777288217983525
varmiss,jwdid,188,2,3.24677988536086,.0761440186113522
varmiss,jwdid_uc,188,0,1.821373797909325,.0788487339878966
varmiss,jwdid_uc,188,1,2.618665554630637,.0890019472621945
varmiss,jwdid_uc,188,2,3.246779885360855,.0847508861409027
varmiss,bjs,188,0,1.821758064790629,.070263104855053
varmiss,bjs,188,1,2.621219536267745,.0780725217848504
varmiss,bjs,188,2,3.24118784411985,.076678627945538
varmiss,bjs_wtr,188,0,1.981259305357526,.0732179457923146
varmiss,bjs_wtr,188,1,2.547203098329192,.079060718610985
varmiss,bjs_wtr,188,2,3.032986843783874,.0790552298426426
varmiss,dcdh,188,0,1.710941757289403,.0944121197372703
varmiss,dcdh,188,1,2.124584478672702,.1274771853986197
varmiss,dcdh,188,2,2.851933166937699,.1220468300156061
varmiss,lpdid,188,0,1.613107915783659,.0966738969333071
varmiss,lpdid,188,1,2.067320698173416,.1462532084824305
varmiss,lpdid,188,2,2.952308942986324,.1363179318194885
varmiss,lpdid_rw,188,0,1.710941827610061,.0980145366937531
varmiss,lpdid_rw,188,1,2.194563634935791,.1515984759399586
varmiss,lpdid_rw,188,2,2.796883067915858,.1373364219209519
varmiss,sa,188,0,1.807997181452981,.0876419565641866
varmiss,sa,188,1,2.629131790992726,.0987695037295579
varmiss,sa,188,2,3.254677073323793,.1030881750129055
varmiss,csdid,189,0,2.074681466067668,.1014185968701048
varmiss,csdid,189,1,2.526352007352308,.109733256639893
varmiss,csdid,189,2,2.923612837947406,.1060327813011576
varmiss,jwdid,189,0,1.786570500333304,.068257951009259
varmiss,jwdid,189,1,2.528046537773196,.0777660057929136
varmiss,jwdid,189,2,3.116126074917909,.0746881607286879
varmiss,jwdid_uc,189,0,1.786570500333286,.0772932443716624
varmiss,jwdid_uc,189,1,2.528046537773183,.0884818687946119
varmiss,jwdid_uc,189,2,3.116126074917908,.0859010866945348
varmiss,bjs,189,0,1.77318271121112,.0698348735990272
varmiss,bjs,189,1,2.539598893747097,.0794166228750858
varmiss,bjs,189,2,3.112985851421399,.0753581115552471
varmiss,bjs_wtr,189,0,1.928657591032788,.0709508236106621
varmiss,bjs_wtr,189,1,2.467057657300757,.0796810632534865
varmiss,bjs_wtr,189,2,2.838504706789536,.0771072840077937
varmiss,dcdh,189,0,1.690050310277312,.1031350405843215
varmiss,dcdh,189,1,2.166681386795691,.1315981934552313
varmiss,dcdh,189,2,2.80291877150416,.1183470650859844
varmiss,lpdid,189,0,1.544005120329265,.1045490805266076
varmiss,lpdid,189,1,1.900274414972617,.1461600539337245
varmiss,lpdid,189,2,2.561390401116168,.1439882537820606
varmiss,lpdid_rw,189,0,1.690050182625842,.1079232354648249
varmiss,lpdid_rw,189,1,2.130967897516214,.1539040939642014
varmiss,lpdid_rw,189,2,2.476465917092124,.1428698414551799
varmiss,sa,189,0,1.782436851896283,.087180645559818
varmiss,sa,189,1,2.551164619602484,.0978744289423822
varmiss,sa,189,2,3.180821064864162,.1008732816864071
varmiss,csdid,190,0,1.951504271362374,.1083815746075974
varmiss,csdid,190,1,2.547782734747151,.1105262812061907
varmiss,csdid,190,2,3.100018068395742,.1085607202891292
varmiss,jwdid,190,0,1.820079473186688,.0717362030880672
varmiss,jwdid,190,1,2.592059205719472,.0815914228179268
varmiss,jwdid,190,2,3.310421096016266,.0803495689278477
varmiss,jwdid_uc,190,0,1.820079473186694,.0830144823931391
varmiss,jwdid_uc,190,1,2.592059205719472,.0912333231624014
varmiss,jwdid_uc,190,2,3.310421096016286,.0894844922825332
varmiss,bjs,190,0,1.82127730286993,.0733327924590679
varmiss,bjs,190,1,2.610889298415714,.0835535678385876
varmiss,bjs,190,2,3.283516596076879,.0820314482563441
varmiss,bjs_wtr,190,0,1.989048115159221,.0758501937121922
varmiss,bjs_wtr,190,1,2.562213908451668,.0848083985669102
varmiss,bjs_wtr,190,2,3.007614583990744,.0854323696536373
varmiss,dcdh,190,0,1.723274418784005,.1038580521836791
varmiss,dcdh,190,1,2.333433310161004,.1415658594003294
varmiss,dcdh,190,2,2.947044384827067,.1335410536450923
varmiss,lpdid,190,0,1.615388538859095,.1078717896823204
varmiss,lpdid,190,1,2.184605567770144,.1591896564877761
varmiss,lpdid,190,2,2.835288323236552,.1445185703147612
varmiss,lpdid_rw,190,0,1.723274484930904,.1089931779408902
varmiss,lpdid_rw,190,1,2.312250324730102,.1611582455141697
varmiss,lpdid_rw,190,2,2.714812890040445,.1500370919001407
varmiss,sa,190,0,1.818305030493338,.0957715460374142
varmiss,sa,190,1,2.611919799669739,.1007964587198053
varmiss,sa,190,2,3.332620570961238,.1062757793195958
varmiss,csdid,191,0,2.053676014181782,.1068663852164803
varmiss,csdid,191,1,2.602377984510361,.1220311127719037
varmiss,csdid,191,2,3.229277278742408,.1170466026258103
varmiss,jwdid,191,0,1.838841525174977,.0701696842339619
varmiss,jwdid,191,1,2.594050504741639,.0861457057810925
varmiss,jwdid,191,2,3.354202156630143,.0875263465892986
varmiss,jwdid_uc,191,0,1.838841525174981,.0823440398190168
varmiss,jwdid_uc,191,1,2.594050504741646,.1010464058143387
varmiss,jwdid_uc,191,2,3.354202156630162,.0966254523218554
varmiss,bjs,191,0,1.82611875134171,.0716426957898445
varmiss,bjs,191,1,2.590975629689638,.0873981173775899
varmiss,bjs,191,2,3.337908529233573,.0886770496103751
varmiss,bjs_wtr,191,0,1.993757258314872,.0739892275396507
varmiss,bjs_wtr,191,1,2.529765118422802,.0887873053150957
varmiss,bjs_wtr,191,2,3.092605533666301,.0929103002613154
varmiss,dcdh,191,0,1.600564852312876,.0969275087508851
varmiss,dcdh,191,1,2.162582764444025,.1405970785951838
varmiss,dcdh,191,2,2.902293570996645,.1430387103697008
varmiss,lpdid,191,0,1.503676186892881,.1012971825227247
varmiss,lpdid,191,1,2.185721923572167,.160709080860756
varmiss,lpdid,191,2,2.884182154289006,.1688186057384419
varmiss,lpdid_rw,191,0,1.600564178061696,.101819049506474
varmiss,lpdid_rw,191,1,2.30127049926763,.1644999975601459
varmiss,lpdid_rw,191,2,2.654035362497956,.1729711094169741
varmiss,sa,191,0,1.836484681513042,.0905845793689283
varmiss,sa,191,1,2.590183967897994,.1085705394825935
varmiss,sa,191,2,3.371042454650402,.1102916803250882
varmiss,csdid,192,0,1.857234478805244,.105059588540734
varmiss,csdid,192,1,2.335652629086058,.1115072695828463
varmiss,csdid,192,2,2.926053222744141,.1143732881996842
varmiss,jwdid,192,0,1.798760765711831,.0729916530422602
varmiss,jwdid,192,1,2.478225947111321,.0851632875872128
varmiss,jwdid,192,2,3.167074021227231,.0849279646279623
varmiss,jwdid_uc,192,0,1.798760765711837,.0818008069784331
varmiss,jwdid_uc,192,1,2.478225947111317,.0966795815513762
varmiss,jwdid_uc,192,2,3.167074021227225,.0931933935552384
varmiss,bjs,192,0,1.797388348226377,.0742704757132232
varmiss,bjs,192,1,2.474847439885707,.0864261599648766
varmiss,bjs,192,2,3.174366317682598,.0857057735337933
varmiss,bjs_wtr,192,0,1.952935335340953,.077297505956977
varmiss,bjs_wtr,192,1,2.425631867072298,.08709852881982
varmiss,bjs_wtr,192,2,2.985694300141859,.0891887149936376
varmiss,dcdh,192,0,1.542437894410619,.0973703161354375
varmiss,dcdh,192,1,2.0497514087341,.1310405133901766
varmiss,dcdh,192,2,2.656646564278102,.1294772394033846
varmiss,lpdid,192,0,1.427746403849124,.0988534471892127
varmiss,lpdid,192,1,1.837322621183234,.1470976669877659
varmiss,lpdid,192,2,2.699971215967734,.1427271391711905
varmiss,lpdid_rw,192,0,1.54243764032669,.1013607937292058
varmiss,lpdid_rw,192,1,2.029965361604775,.1570080015777226
varmiss,lpdid_rw,192,2,2.588674422581146,.1435278003769293
varmiss,sa,192,0,1.793820312014267,.0865221968912812
varmiss,sa,192,1,2.448168504950412,.0989962119954371
varmiss,sa,192,2,3.080352982861066,.1071012809816216
varmiss,csdid,193,0,1.937413882004455,.1043934608911231
varmiss,csdid,193,1,2.505306406485213,.1110041696200961
varmiss,csdid,193,2,2.93786617243821,.1099648646221436
varmiss,jwdid,193,0,1.709558808857239,.0698931812081025
varmiss,jwdid,193,1,2.506980937457593,.0790453164352103
varmiss,jwdid,193,2,3.146704970991554,.0807539266916531
varmiss,jwdid_uc,193,0,1.709558808857247,.0773714878408819
varmiss,jwdid_uc,193,1,2.506980937457587,.0910847999881938
varmiss,jwdid_uc,193,2,3.146704970991543,.0895920682763726
varmiss,bjs,193,0,1.722629304447764,.0713360633517378
varmiss,bjs,193,1,2.493440768535947,.0805928604631698
varmiss,bjs,193,2,3.132618733363415,.0812347078189457
varmiss,bjs_wtr,193,0,1.875803992115834,.0742752657560985
varmiss,bjs_wtr,193,1,2.386518391431309,.0818834954369806
varmiss,bjs_wtr,193,2,2.903275066641072,.0836155005598799
varmiss,dcdh,193,0,1.59737598930298,.0966771566324739
varmiss,dcdh,193,1,2.134409152568581,.1302608446422218
varmiss,dcdh,193,2,2.843604364248556,.1282537353657647
varmiss,lpdid,193,0,1.525498149679394,.0991626636034763
varmiss,lpdid,193,1,1.890843948388897,.1453210788522233
varmiss,lpdid,193,2,2.705938840194225,.1420611088785772
varmiss,lpdid_rw,193,0,1.597376455166085,.0994128247052878
varmiss,lpdid_rw,193,1,2.06985568478138,.1570627455526805
varmiss,lpdid_rw,193,2,2.584819032277471,.1441500012333533
varmiss,sa,193,0,1.685365819095964,.0858822939165368
varmiss,sa,193,1,2.449216426685116,.0980481364241373
varmiss,sa,193,2,3.058541634515366,.1052487753843103
varmiss,csdid,194,0,2.070355918240293,.0993509568358533
varmiss,csdid,194,1,2.491369078681492,.1060480387108535
varmiss,csdid,194,2,3.064359695257845,.109258569479877
varmiss,jwdid,194,0,1.843253009568848,.0683557876999817
varmiss,jwdid,194,1,2.49239286314923,.0773304715694709
varmiss,jwdid,194,2,3.191313714508782,.0788028205830271
varmiss,jwdid_uc,194,0,1.843253009568845,.0760746149132924
varmiss,jwdid_uc,194,1,2.492392863149227,.0880820124955906
varmiss,jwdid_uc,194,2,3.191313714508789,.0872777917329022
varmiss,bjs,194,0,1.846034914164193,.0695153507774917
varmiss,bjs,194,1,2.508134231764416,.0788969730410492
varmiss,bjs,194,2,3.204844458887237,.0795784468450774
varmiss,bjs_wtr,194,0,1.981530591855176,.071760124682246
varmiss,bjs_wtr,194,1,2.433243265926649,.0794362207712225
varmiss,bjs_wtr,194,2,3.006211535801413,.0831471060572176
varmiss,dcdh,194,0,1.746044349962952,.095986092706133
varmiss,dcdh,194,1,2.167614825885627,.1291427885945024
varmiss,dcdh,194,2,2.78225375991874,.1324900294988934
varmiss,lpdid,194,0,1.638042352330247,.0981962226891259
varmiss,lpdid,194,1,1.99268510516645,.1502607454950966
varmiss,lpdid,194,2,2.76280092942937,.1525580326210752
varmiss,lpdid_rw,194,0,1.746044497819924,.0999719728754022
varmiss,lpdid_rw,194,1,2.175202397461503,.1555149808389638
varmiss,lpdid_rw,194,2,2.625949817851368,.1564437894823811
varmiss,sa,194,0,1.824474111301137,.0837367789154946
varmiss,sa,194,1,2.470835868927748,.0962156360564998
varmiss,sa,194,2,3.19733569294401,.101495970406997
varmiss,csdid,195,0,1.955550447660964,.1068340507629876
varmiss,csdid,195,1,2.462249652996991,.1081943727266826
varmiss,csdid,195,2,2.88740978664448,.1124493085138845
varmiss,jwdid,195,0,1.869232137681672,.0702344508399734
varmiss,jwdid,195,1,2.561721425832242,.0769377648967857
varmiss,jwdid,195,2,3.182815234621685,.0786738438493156
varmiss,jwdid_uc,195,0,1.86923213768167,.0764952102878578
varmiss,jwdid_uc,195,1,2.561721425832213,.0864566485769784
varmiss,jwdid_uc,195,2,3.182815234621645,.0891890119573217
varmiss,bjs,195,0,1.858251458786981,.0727479872511617
varmiss,bjs,195,1,2.54652545758654,.0787667777954376
varmiss,bjs,195,2,3.183355054978165,.0794292403356505
varmiss,bjs_wtr,195,0,2.011850304383188,.0768257178276843
varmiss,bjs_wtr,195,1,2.434470575785781,.0786018318030321
varmiss,bjs_wtr,195,2,2.917312362609664,.0819677547812666
varmiss,dcdh,195,0,1.739522226391368,.0985999752074663
varmiss,dcdh,195,1,2.189629062040632,.1349532501710455
varmiss,dcdh,195,2,2.683675883881905,.132041077962625
varmiss,lpdid,195,0,1.6967554853934,.0997821352135602
varmiss,lpdid,195,1,2.006223032773208,.1498008334877251
varmiss,lpdid,195,2,2.53042819309911,.1479165780819942
varmiss,lpdid_rw,195,0,1.739522167925139,.1005441299969245
varmiss,lpdid_rw,195,1,2.007971438115392,.1475193372392157
varmiss,lpdid_rw,195,2,2.436009376935627,.1486532576950385
varmiss,sa,195,0,1.881518594487345,.0814684892503035
varmiss,sa,195,1,2.501499127900129,.0917715294665721
varmiss,sa,195,2,3.039780275585164,.1041500887963855
varmiss,csdid,196,0,1.968586579487909,.1092983977648691
varmiss,csdid,196,1,2.735665536155624,.1141379569194323
varmiss,csdid,196,2,3.209140010611597,.1054144158852254
varmiss,jwdid,196,0,1.737698041001953,.0706329552500699
varmiss,jwdid,196,1,2.659625620810984,.0778249879089481
varmiss,jwdid,196,2,3.255300530141044,.0735842411125371
varmiss,jwdid_uc,196,0,1.737698041001936,.0849778689578922
varmiss,jwdid_uc,196,1,2.659625620810939,.0909718467591618
varmiss,jwdid_uc,196,2,3.255300530141016,.0798988964016851
varmiss,bjs,196,0,1.739685186181305,.072662576085856
varmiss,bjs,196,1,2.669583866503672,.0802363364003623
varmiss,bjs,196,2,3.278784560894564,.0750899023378449
varmiss,bjs_wtr,196,0,1.928165091823757,.0749517777535604
varmiss,bjs_wtr,196,1,2.599653768374992,.080779820503121
varmiss,bjs_wtr,196,2,3.13646059333405,.0776063940773043
varmiss,dcdh,196,0,1.490161839098519,.0978661420850319
varmiss,dcdh,196,1,2.37556230320123,.1350641654110473
varmiss,dcdh,196,2,3.150668757775414,.1238703435979723
varmiss,lpdid,196,0,1.384564090967124,.1019547844141233
varmiss,lpdid,196,1,2.204118619726915,.1536932294308121
varmiss,lpdid,196,2,3.18436651930869,.1413875045018721
varmiss,lpdid_rw,196,0,1.490161540024776,.1046627356489302
varmiss,lpdid_rw,196,1,2.334796010786694,.162212386848115
varmiss,lpdid_rw,196,2,3.075282838319265,.1429013847831535
varmiss,sa,196,0,1.753044710382311,.091440489647352
varmiss,sa,196,1,2.707495384655822,.0997063298314863
varmiss,sa,196,2,3.310843013001644,.0977920358062817
varmiss,csdid,197,0,2.159284150569007,.1001239880084566
varmiss,csdid,197,1,2.584297648799353,.1101729510537888
varmiss,csdid,197,2,3.053807728679017,.1043160983173538
varmiss,jwdid,197,0,1.859230321725201,.0630163549759064
varmiss,jwdid,197,1,2.578134829645293,.0793046547583209
varmiss,jwdid,197,2,3.221959551772783,.0746007701894033
varmiss,jwdid_uc,197,0,1.859230321725197,.073186475532926
varmiss,jwdid_uc,197,1,2.578134829645299,.0910632881295515
varmiss,jwdid_uc,197,2,3.221959551772798,.0810379906838713
varmiss,bjs,197,0,1.865543866691041,.0652673918614134
varmiss,bjs,197,1,2.620858107999084,.081405969012318
varmiss,bjs,197,2,3.21756322947931,.0752291373813065
varmiss,bjs_wtr,197,0,2.021772991408398,.0680551900908575
varmiss,bjs_wtr,197,1,2.563936689286493,.082731396760669
varmiss,bjs_wtr,197,2,3.010221959891624,.0785055873945336
varmiss,dcdh,197,0,1.725692741226058,.0884879464901701
varmiss,dcdh,197,1,2.185449725240227,.1237484988175523
varmiss,dcdh,197,2,2.98215738548762,.1204682965250833
varmiss,lpdid,197,0,1.61896686120775,.0912276114503108
varmiss,lpdid,197,1,2.121757458876635,.1373088372006567
varmiss,lpdid,197,2,3.006139609942929,.1418934693651263
varmiss,lpdid_rw,197,0,1.725692905400144,.0941992881090422
varmiss,lpdid_rw,197,1,2.194002083574775,.1393317433113008
varmiss,lpdid_rw,197,2,2.829388121504709,.1429124742782874
varmiss,sa,197,0,1.870517764072879,.0809489430274532
varmiss,sa,197,1,2.606880671189821,.1009631768491153
varmiss,sa,197,2,3.303026708447656,.1001954142089682
varmiss,csdid,198,0,2.276493183365926,.1070406461752217
varmiss,csdid,198,1,2.698765417010776,.110145236520268
varmiss,csdid,198,2,3.160896541467388,.1070786551245956
varmiss,jwdid,198,0,1.924810359968504,.0691709530350415
varmiss,jwdid,198,1,2.738112902236288,.0791190637206827
varmiss,jwdid,198,2,3.322501973099813,.0772478233085658
varmiss,jwdid_uc,198,0,1.924810359968509,.0818498406254683
varmiss,jwdid_uc,198,1,2.738112902236286,.0895770092050758
varmiss,jwdid_uc,198,2,3.322501973099807,.0852849928387973
varmiss,bjs,198,0,1.904529041830756,.0711254924528538
varmiss,bjs,198,1,2.707566644152394,.0814555341179814
varmiss,bjs,198,2,3.313570977712516,.077895380781045
varmiss,bjs_wtr,198,0,2.102517641482336,.073986370802204
varmiss,bjs_wtr,198,1,2.620510533823108,.0841453876059947
varmiss,bjs_wtr,198,2,3.111425482682534,.081438422792694
varmiss,dcdh,198,0,2.057322721128352,.097006740592951
varmiss,dcdh,198,1,2.583882194079459,.1410220199892897
varmiss,dcdh,198,2,3.284693526923657,.1252551481215167
varmiss,lpdid,198,0,1.933370744081348,.1012469114117863
varmiss,lpdid,198,1,2.503966024476985,.155194643932079
varmiss,lpdid,198,2,3.45823802790031,.1486335593019137
varmiss,lpdid_rw,198,0,2.057322250920306,.1033472389506544
varmiss,lpdid_rw,198,1,2.626328576158566,.1628404767103306
varmiss,lpdid_rw,198,2,3.29051048947393,.1527941673518065
varmiss,sa,198,0,1.99996834440969,.088631933014036
varmiss,sa,198,1,2.80965807513354,.0965871479851017
varmiss,sa,198,2,3.410878399040549,.0985690867973185
varmiss,csdid,199,0,2.080978590012872,.1094612388144778
varmiss,csdid,199,1,2.626035588912772,.1103748034982095
varmiss,csdid,199,2,3.140951279255074,.1056980551160044
varmiss,jwdid,199,0,1.797648332448949,.0705599423155281
varmiss,jwdid,199,1,2.636676787178723,.0792941816746038
varmiss,jwdid,199,2,3.185911426401083,.0767032260886713
varmiss,jwdid_uc,199,0,1.797648332448951,.0820389272115363
varmiss,jwdid_uc,199,1,2.636676787178745,.0924124424437648
varmiss,jwdid_uc,199,2,3.185911426401094,.0833922630052931
varmiss,bjs,199,0,1.792372950012577,.0723805281990822
varmiss,bjs,199,1,2.628971596652264,.0812858578497738
varmiss,bjs,199,2,3.172845953522483,.0773721415859562
varmiss,bjs_wtr,199,0,1.979743111043717,.0775086976964485
varmiss,bjs_wtr,199,1,2.530306098666188,.0826302635873118
varmiss,bjs_wtr,199,2,2.99332482839236,.0802479168339338
varmiss,dcdh,199,0,1.753060013925472,.0960258099684861
varmiss,dcdh,199,1,2.194936117536595,.1263549633115791
varmiss,dcdh,199,2,2.98416456654892,.1283643798725699
varmiss,lpdid,199,0,1.601376192433069,.0980144193913586
varmiss,lpdid,199,1,2.097503648807505,.1481500774497697
varmiss,lpdid,199,2,2.950104225898331,.1529665898083044
varmiss,lpdid_rw,199,0,1.753061130263112,.103042784675171
varmiss,lpdid_rw,199,1,2.256385276247613,.1469130699327849
varmiss,lpdid_rw,199,2,2.804349862272153,.1582888752631445
varmiss,sa,199,0,1.795561405510246,.0900966900785209
varmiss,sa,199,1,2.65293488547283,.0988653486470605
varmiss,sa,199,2,3.205374913760433,.0989775266739607
varmiss,csdid,200,0,2.321887516529119,.1135625299866396
varmiss,csdid,200,1,2.747314571519779,.1130775116460823
varmiss,csdid,200,2,3.061735655983214,.1095745615461152
varmiss,jwdid,200,0,1.907004973052473,.073956819475426
varmiss,jwdid,200,1,2.641357792984708,.0755290328895138
varmiss,jwdid,200,2,3.206520850212103,.077310285454501
varmiss,jwdid_uc,200,0,1.907004973052478,.0889245801125156
varmiss,jwdid_uc,200,1,2.641357792984714,.0879100330243973
varmiss,jwdid_uc,200,2,3.20652085021212,.0840490539531746
varmiss,bjs,200,0,1.929254656432022,.0758807145131224
varmiss,bjs,200,1,2.654157499331632,.077284501135101
varmiss,bjs,200,2,3.203578832333733,.0787421724848291
varmiss,bjs_wtr,200,0,2.177724041412148,.0800229345601859
varmiss,bjs_wtr,200,1,2.576577823150728,.0789041746445169
varmiss,bjs_wtr,200,2,2.966571047683829,.0835939478478888
varmiss,dcdh,200,0,1.835068572659276,.1035369288895204
varmiss,dcdh,200,1,2.311212377725272,.1253160144790528
varmiss,dcdh,200,2,3.038529157946194,.1296877447455391
varmiss,lpdid,200,0,1.673427101005285,.1077403231572407
varmiss,lpdid,200,1,2.119070570683064,.1458935246229603
varmiss,lpdid,200,2,2.959806356466444,.1492955742384129
varmiss,lpdid_rw,200,0,1.835069136831974,.1118076988543331
varmiss,lpdid_rw,200,1,2.30684462721685,.1510649425818598
varmiss,lpdid_rw,200,2,2.850347423075773,.1515497980593174
varmiss,sa,200,0,1.861800847222989,.0988568463872144
varmiss,sa,200,1,2.63861300669507,.0995175546402728
varmiss,sa,200,2,3.251942395433121,.101057733592117
varmiss,csdid,201,0,1.970719446820352,.104422970813953
varmiss,csdid,201,1,2.54251945098056,.1134599978753452
varmiss,csdid,201,2,3.085671337370124,.1124511867425498
varmiss,jwdid,201,0,1.708548995309174,.0694618616257294
varmiss,jwdid,201,1,2.478432244883361,.0751968775940643
varmiss,jwdid,201,2,3.185918816296147,.074986959890512
varmiss,jwdid_uc,201,0,1.708548995309175,.0788858162080259
varmiss,jwdid_uc,201,1,2.47843224488337,.0878654085750301
varmiss,jwdid_uc,201,2,3.185918816296138,.083707983671459
varmiss,bjs,201,0,1.700062024789304,.0715831158191687
varmiss,bjs,201,1,2.492455571622486,.0770575227537068
varmiss,bjs,201,2,3.181073127067066,.0766986893393662
varmiss,bjs_wtr,201,0,1.864528524144248,.0739099869757018
varmiss,bjs_wtr,201,1,2.38761102870194,.0813205655130845
varmiss,bjs_wtr,201,2,2.958545951340056,.0820937150161762
varmiss,dcdh,201,0,1.695865392657324,.0976396731199622
varmiss,dcdh,201,1,2.23139283861497,.1283522336799448
varmiss,dcdh,201,2,2.885456627851174,.1327521320483895
varmiss,lpdid,201,0,1.585144366917672,.0999299963796128
varmiss,lpdid,201,1,2.178768330118368,.1434535342805921
varmiss,lpdid,201,2,2.987591668598737,.147602146563013
varmiss,lpdid_rw,201,0,1.695864700522392,.102323902818828
varmiss,lpdid_rw,201,1,2.292903827457351,.144438898403642
varmiss,lpdid_rw,201,2,2.815831295192674,.1571663888072569
varmiss,sa,201,0,1.731766982039537,.0887375820184958
varmiss,sa,201,1,2.506600166343108,.0960336304708865
varmiss,sa,201,2,3.213274245341935,.1011657233184175
varmiss,csdid,202,0,2.190936657662571,.106184617183384
varmiss,csdid,202,1,2.525098086542282,.1121539927705773
varmiss,csdid,202,2,3.249032002497509,.112194923167369
varmiss,jwdid,202,0,1.909277306200087,.0705505673210446
varmiss,jwdid,202,1,2.518106001971353,.0828268647061996
varmiss,jwdid,202,2,3.316450353476753,.0822981002631291
varmiss,jwdid_uc,202,0,1.909277306200096,.0805716797546043
varmiss,jwdid_uc,202,1,2.518106001971349,.0939489927433497
varmiss,jwdid_uc,202,2,3.31645035347675,.088995798004882
varmiss,bjs,202,0,1.911236820949853,.0723391379642759
varmiss,bjs,202,1,2.518669825601137,.0839840663194302
varmiss,bjs,202,2,3.324792063984205,.0829874518346613
varmiss,bjs_wtr,202,0,2.067784315655445,.0745985816826083
varmiss,bjs_wtr,202,1,2.463600692869022,.084073687614398
varmiss,bjs_wtr,202,2,3.135225653008092,.0873011900659309
varmiss,dcdh,202,0,1.937739038143077,.0978459395942769
varmiss,dcdh,202,1,2.476108722015469,.1261832427518466
varmiss,dcdh,202,2,3.141099714414629,.1324217100550048
varmiss,lpdid,202,0,1.810584663619032,.1006201433120801
varmiss,lpdid,202,1,2.368684790572216,.145610383168538
varmiss,lpdid,202,2,3.062897013913759,.1505898112057046
varmiss,lpdid_rw,202,0,1.937739785895742,.1033657912187947
varmiss,lpdid_rw,202,1,2.50224538261456,.1505749274015263
varmiss,lpdid_rw,202,2,2.95855563752388,.1513263441100617
varmiss,sa,202,0,2.066302871467466,.0880496923036192
varmiss,sa,202,1,2.624944890387421,.1037136086948535
varmiss,sa,202,2,3.479185850551413,.1080715405600504
varmiss,csdid,203,0,2.139500373032351,.1010726520261756
varmiss,csdid,203,1,2.703757887526462,.1134124383587877
varmiss,csdid,203,2,3.181803050978388,.1068090201210519
varmiss,jwdid,203,0,1.931388474731906,.0700933181646985
varmiss,jwdid,203,1,2.75912866937694,.0845578773835049
varmiss,jwdid,203,2,3.394402330473443,.0781378918962469
varmiss,jwdid_uc,203,0,1.931388474731901,.0800473934915818
varmiss,jwdid_uc,203,1,2.759128669376931,.0956731897928401
varmiss,jwdid_uc,203,2,3.394402330473471,.0833155427574623
varmiss,bjs,203,0,1.94342605584327,.0725058063091831
varmiss,bjs,203,1,2.773512445419328,.0858717190693715
varmiss,bjs,203,2,3.389728170375747,.0792145783097432
varmiss,bjs_wtr,203,0,2.143635025963251,.074996651827588
varmiss,bjs_wtr,203,1,2.699363203257235,.0883707089792716
varmiss,bjs_wtr,203,2,3.20468386857101,.084141578722197
varmiss,dcdh,203,0,1.936293693122702,.0967745636146634
varmiss,dcdh,203,1,2.519021273662696,.1479669619720003
varmiss,dcdh,203,2,3.304448728353234,.1324191145864125
varmiss,lpdid,203,0,1.860462792888514,.0998714503027187
varmiss,lpdid,203,1,2.434819565705665,.1617878690230477
varmiss,lpdid,203,2,3.280811190295826,.1473479125155384
varmiss,lpdid_rw,203,0,1.9362935306333,.100952204543721
varmiss,lpdid_rw,203,1,2.516080070836842,.1658409731691911
varmiss,lpdid_rw,203,2,3.173503239418705,.1532878601211381
varmiss,sa,203,0,1.938556356041015,.0893136688111933
varmiss,sa,203,1,2.795771865925369,.1019720229817063
varmiss,sa,203,2,3.423811011729648,.0983236037751314
varmiss,csdid,204,0,1.983421228889998,.1039627810671655
varmiss,csdid,204,1,2.644515760330586,.1120804710857573
varmiss,csdid,204,2,3.090366832556771,.110763045019307
varmiss,jwdid,204,0,1.822991934200123,.0723217117576101
varmiss,jwdid,204,1,2.706687427666661,.081246033481063
varmiss,jwdid,204,2,3.239132299922013,.080442020349529
varmiss,jwdid_uc,204,0,1.822991934200119,.0855622854574754
varmiss,jwdid_uc,204,1,2.706687427666659,.0951470129185913
varmiss,jwdid_uc,204,2,3.239132299921988,.087621050854034
varmiss,bjs,204,0,1.817322609674875,.0742662911004094
varmiss,bjs,204,1,2.706503081115443,.0833980966364107
varmiss,bjs,204,2,3.246781703237502,.0816297201988284
varmiss,bjs_wtr,204,0,1.985301401264451,.0766085615661535
varmiss,bjs_wtr,204,1,2.604700883683108,.0853397743491655
varmiss,bjs_wtr,204,2,3.029019668803812,.0859766788679645
varmiss,dcdh,204,0,1.625893368880818,.0975409889834878
varmiss,dcdh,204,1,2.292066038726318,.1286440802070113
varmiss,dcdh,204,2,2.828505220099043,.138172720571706
varmiss,lpdid,204,0,1.522251791633573,.1016909421919848
varmiss,lpdid,204,1,2.183915573497492,.1478925753947975
varmiss,lpdid,204,2,2.84938200680301,.1533580053574879
varmiss,lpdid_rw,204,0,1.625893049368757,.1030944448956946
varmiss,lpdid_rw,204,1,2.308106641661262,.1496790701597975
varmiss,lpdid_rw,204,2,2.747145394878432,.1568601990423794
varmiss,sa,204,0,1.78930697978395,.089861379024193
varmiss,sa,204,1,2.674454216472361,.0972100858990078
varmiss,sa,204,2,3.168927914427696,.1021641652700374
varmiss,csdid,205,0,2.245097402485838,.1029801248250834
varmiss,csdid,205,1,2.510557715353065,.1127411343915075
varmiss,csdid,205,2,3.142913011097681,.1013663019994953
varmiss,jwdid,205,0,1.934646611694909,.0697302201460493
varmiss,jwdid,205,1,2.550500564290803,.0798378561800249
varmiss,jwdid,205,2,3.327013795187182,.0752264940887759
varmiss,jwdid_uc,205,0,1.934646611694903,.0785899147922374
varmiss,jwdid_uc,205,1,2.550500564290774,.0910420055179052
varmiss,jwdid_uc,205,2,3.327013795187164,.0828057368401346
varmiss,bjs,205,0,1.914812674800487,.072174904604393
varmiss,bjs,205,1,2.554830285160278,.0819815575278611
varmiss,bjs,205,2,3.32689174033294,.0775109041676519
varmiss,bjs_wtr,205,0,2.086329552461393,.0740839143626243
varmiss,bjs_wtr,205,1,2.500246939576755,.0821520834482591
varmiss,bjs_wtr,205,2,3.093313305682386,.0800599893508369
varmiss,dcdh,205,0,1.768099441053999,.0946905594930816
varmiss,dcdh,205,1,2.300936142350584,.1351192607969351
varmiss,dcdh,205,2,2.786488684398199,.1207430056655487
varmiss,lpdid,205,0,1.7109243296217,.0978935954677136
varmiss,lpdid,205,1,2.127744284772619,.1526228883998117
varmiss,lpdid,205,2,2.785250405783453,.1422589103318831
varmiss,lpdid_rw,205,0,1.768099117624288,.098238838437464
varmiss,lpdid_rw,205,1,2.243472111016152,.1556464092864296
varmiss,lpdid_rw,205,2,2.622748066708518,.1452753166224045
varmiss,sa,205,0,1.945012439778953,.0864752879277182
varmiss,sa,205,1,2.574264844033118,.0993967355010907
varmiss,sa,205,2,3.363691394214002,.097190330938492
varmiss,csdid,206,0,1.979942943508227,.0989112660615109
varmiss,csdid,206,1,2.423734592245796,.1093243838504215
varmiss,csdid,206,2,2.964993012089318,.1139018942505735
varmiss,jwdid,206,0,1.872336057760094,.0670532702244731
varmiss,jwdid,206,1,2.530768757754235,.0801581179040509
varmiss,jwdid,206,2,3.287291418476684,.0776069133718383
varmiss,jwdid_uc,206,0,1.872336057760087,.0784236629549854
varmiss,jwdid_uc,206,1,2.53076875775422,.0935163296954756
varmiss,jwdid_uc,206,2,3.28729141847668,.0878215042420439
varmiss,bjs,206,0,1.856029214617593,.0683960215103688
varmiss,bjs,206,1,2.510159049706999,.0820983170771538
varmiss,bjs,206,2,3.299023557789042,.0788887473619389
varmiss,bjs_wtr,206,0,2.017178961183163,.0712065561527042
varmiss,bjs_wtr,206,1,2.482042650560288,.0834697440213201
varmiss,bjs_wtr,206,2,3.033033351464837,.0836406969088977
varmiss,dcdh,206,0,1.768891340590091,.0904792440259139
varmiss,dcdh,206,1,2.167158112849072,.1238400421552914
varmiss,dcdh,206,2,3.017066993656285,.1293050153900925
varmiss,lpdid,206,0,1.664666055550816,.0943132239803613
varmiss,lpdid,206,1,2.035431629744957,.139417414226862
varmiss,lpdid,206,2,2.989178530223708,.1500475122466987
varmiss,lpdid_rw,206,0,1.768890782790401,.0955859131839703
varmiss,lpdid_rw,206,1,2.123903189799432,.1439674038572913
varmiss,lpdid_rw,206,2,2.867245199829951,.1529515533268725
varmiss,sa,206,0,1.897046363011019,.0867225467459816
varmiss,sa,206,1,2.56985851683004,.0989342609982373
varmiss,sa,206,2,3.338938630669108,.1042907589064827
varmiss,csdid,207,0,1.870120732266254,.1054088249657904
varmiss,csdid,207,1,2.46275760312983,.1086191774163114
varmiss,csdid,207,2,3.015574976523464,.1045234031318201
varmiss,jwdid,207,0,1.816917440947822,.0732768968624032
varmiss,jwdid,207,1,2.563053393381518,.0839149948785637
varmiss,jwdid,207,2,3.209540853728909,.0802949592185806
varmiss,jwdid_uc,207,0,1.816917440947837,.0818862894999846
varmiss,jwdid_uc,207,1,2.56305339338154,.0927661545067647
varmiss,jwdid_uc,207,2,3.209540853728898,.0860676731775854
varmiss,bjs,207,0,1.820016758421843,.0754052236450324
varmiss,bjs,207,1,2.604051005295332,.086897701858444
varmiss,bjs,207,2,3.220891237790056,.0809890862923873
varmiss,bjs_wtr,207,0,1.958247075646796,.0780234815446779
varmiss,bjs_wtr,207,1,2.589747586825979,.088317323063075
varmiss,bjs_wtr,207,2,3.021216694396571,.0845089835563668
varmiss,dcdh,207,0,1.513361405481385,.100858984543922
varmiss,dcdh,207,1,2.220490449864066,.1343725375397369
varmiss,dcdh,207,2,2.848127609813112,.1199123999226806
varmiss,lpdid,207,0,1.404400841017885,.1038189147773088
varmiss,lpdid,207,1,2.144481070994383,.1514949955752419
varmiss,lpdid,207,2,2.771958463153168,.139199467533762
varmiss,lpdid_rw,207,0,1.513361496756701,.1050620966480443
varmiss,lpdid_rw,207,1,2.31653977040376,.1506197511508555
varmiss,lpdid_rw,207,2,2.71274626089557,.1414087457634043
varmiss,sa,207,0,1.772579181839194,.089380040480511
varmiss,sa,207,1,2.513422269610304,.0962467454815818
varmiss,sa,207,2,3.134422106347683,.0972077165524537
varmiss,csdid,208,0,2.124161850914231,.1047799160692063
varmiss,csdid,208,1,2.604271831869768,.1164609016446221
varmiss,csdid,208,2,3.038685982827854,.1139236030551049
varmiss,jwdid,208,0,1.900806496468097,.0701384554519793
varmiss,jwdid,208,1,2.617213470623107,.0809003481782111
varmiss,jwdid,208,2,3.24862350219788,.0788370362716084
varmiss,jwdid_uc,208,0,1.900806496468089,.0793984494982173
varmiss,jwdid_uc,208,1,2.617213470623119,.0925444267065465
varmiss,jwdid_uc,208,2,3.248623502197893,.0876221596304576
varmiss,bjs,208,0,1.900072217243746,.0711479540560561
varmiss,bjs,208,1,2.625846897260089,.082057540912494
varmiss,bjs,208,2,3.247621544767753,.0794061657166391
varmiss,bjs_wtr,208,0,2.01639926534574,.0731591824676498
varmiss,bjs_wtr,208,1,2.54322541622696,.0828478399552287
varmiss,bjs_wtr,208,2,3.008409843001573,.0840708645541069
varmiss,dcdh,208,0,1.842139948987922,.0991833214876682
varmiss,dcdh,208,1,2.319172186799437,.1408888765361781
varmiss,dcdh,208,2,2.977800229093038,.134070032659872
varmiss,lpdid,208,0,1.711836473703631,.0987907621826203
varmiss,lpdid,208,1,2.24451899584327,.1577359346796486
varmiss,lpdid,208,2,3.048011377974235,.1578886668479685
varmiss,lpdid_rw,208,0,1.842139146840303,.1041015662822394
varmiss,lpdid_rw,208,1,2.41280427074693,.1713916814200355
varmiss,lpdid_rw,208,2,2.831789861949059,.1629447963023309
varmiss,sa,208,0,1.896255677484623,.0865001519963076
varmiss,sa,208,1,2.654323901116095,.1015189901076076
varmiss,sa,208,2,3.307872325135699,.1056162181532382
varmiss,csdid,209,0,2.119714916697629,.1122767781044344
varmiss,csdid,209,1,2.641823138991816,.1133308250016009
varmiss,csdid,209,2,3.118059272328513,.1115944033560374
varmiss,jwdid,209,0,1.825577208771033,.0709577571974148
varmiss,jwdid,209,1,2.500776811872494,.0809698104029386
varmiss,jwdid,209,2,3.16408511514507,.0802539106169996
varmiss,jwdid_uc,209,0,1.825577208771026,.081819055158083
varmiss,jwdid_uc,209,1,2.50077681187247,.0911688129059209
varmiss,jwdid_uc,209,2,3.164085115145054,.0859984307818347
varmiss,bjs,209,0,1.814003356142166,.0730771992672776
varmiss,bjs,209,1,2.473145978678076,.0838184699573685
varmiss,bjs,209,2,3.144391794703552,.0813090598262097
varmiss,bjs_wtr,209,0,2.047788389435937,.0763326884929141
varmiss,bjs_wtr,209,1,2.464447603419103,.0850159038067007
varmiss,bjs_wtr,209,2,2.963680826316704,.0850176726928259
varmiss,dcdh,209,0,1.82929134304239,.0999900930887193
varmiss,dcdh,209,1,2.305278536705758,.1363177778097048
varmiss,dcdh,209,2,2.925152586457304,.1351218300613152
varmiss,lpdid,209,0,1.741490411809868,.1025468520038494
varmiss,lpdid,209,1,2.169766329275632,.1517268451324771
varmiss,lpdid,209,2,2.96409811069252,.1596660462690879
varmiss,lpdid_rw,209,0,1.829292109246726,.104207829144958
varmiss,lpdid_rw,209,1,2.300574621799122,.1580534475023185
varmiss,lpdid_rw,209,2,2.83464487028489,.1609001982255342
varmiss,sa,209,0,1.832265847450305,.091354646551035
varmiss,sa,209,1,2.537854149000016,.1000068730193468
varmiss,sa,209,2,3.233200486339881,.1058043419341617
varmiss,csdid,210,0,2.132389571201815,.1046647641352232
varmiss,csdid,210,1,2.578995165838651,.1098902371362773
varmiss,csdid,210,2,3.117435235589741,.1092257337797855
varmiss,jwdid,210,0,1.964506061613099,.0654452602969609
varmiss,jwdid,210,1,2.593606442766609,.0779845428503031
varmiss,jwdid,210,2,3.308856720444871,.0779581903103729
varmiss,jwdid_uc,210,0,1.9645060616131,.0748875887396312
varmiss,jwdid_uc,210,1,2.593606442766617,.0884012014845849
varmiss,jwdid_uc,210,2,3.308856720444866,.0850989972929512
varmiss,bjs,210,0,1.942649979222551,.067311933359659
varmiss,bjs,210,1,2.599659340528888,.0794022306477069
varmiss,bjs,210,2,3.315484666556586,.0791511602619994
varmiss,bjs_wtr,210,0,2.134866667347524,.0709840364973372
varmiss,bjs_wtr,210,1,2.545929389700177,.0803716985502245
varmiss,bjs_wtr,210,2,3.111387651762925,.0822343521948342
varmiss,dcdh,210,0,1.894410794407208,.0914378989010482
varmiss,dcdh,210,1,2.349356553095014,.1264190891064999
varmiss,dcdh,210,2,2.959635151285148,.1327537352476006
varmiss,lpdid,210,0,1.77292567831142,.0941707488603196
varmiss,lpdid,210,1,2.197736346495528,.1520844814128836
varmiss,lpdid,210,2,2.975134427516231,.1499927879953286
varmiss,lpdid_rw,210,0,1.894410956021187,.0971428176660702
varmiss,lpdid_rw,210,1,2.395832522186171,.1628744468846069
varmiss,lpdid_rw,210,2,2.871419198968233,.1528556755445065
varmiss,sa,210,0,1.961987322847145,.0826214076422337
varmiss,sa,210,1,2.600752107179701,.0968476500407062
varmiss,sa,210,2,3.3524537053046,.0997910167510241
varmiss,csdid,211,0,1.999395267876326,.1060705945776585
varmiss,csdid,211,1,2.518449825158514,.108521389880816
varmiss,csdid,211,2,2.800717009390618,.111148808659865
varmiss,jwdid,211,0,1.880834856558917,.0711301679091964
varmiss,jwdid,211,1,2.544480748011298,.0750814007757402
varmiss,jwdid,211,2,3.136950202365973,.080599930527204
varmiss,jwdid_uc,211,0,1.880834856558914,.0823252024221306
varmiss,jwdid_uc,211,1,2.54448074801129,.0860910110757813
varmiss,jwdid_uc,211,2,3.136950202365956,.0896464362041362
varmiss,bjs,211,0,1.845841429729717,.071588721006962
varmiss,bjs,211,1,2.536211506322651,.0759144054776258
varmiss,bjs,211,2,3.130495184997926,.0811412283855712
varmiss,bjs_wtr,211,0,2.010336298581251,.0728594268553903
varmiss,bjs_wtr,211,1,2.53066759291692,.0767005189338818
varmiss,bjs_wtr,211,2,2.912340496150136,.0834869572851229
varmiss,dcdh,211,0,1.742204627535847,.1014263131359871
varmiss,dcdh,211,1,2.252734770362049,.1207496198350035
varmiss,dcdh,211,2,2.78346180386961,.1287361945912626
varmiss,lpdid,211,0,1.634848308489133,.104063032152123
varmiss,lpdid,211,1,2.128770382280258,.1387467470366164
varmiss,lpdid,211,2,2.804182702427385,.1418296583895184
varmiss,lpdid_rw,211,0,1.742204528428892,.1055862495376593
varmiss,lpdid_rw,211,1,2.236449324054906,.1382287830762167
varmiss,lpdid_rw,211,2,2.701703982358457,.142254024075683
varmiss,sa,211,0,1.922103268720759,.0900946518658336
varmiss,sa,211,1,2.573421416929434,.0937903383455535
varmiss,sa,211,2,3.177291344862128,.1045841972345042
varmiss,csdid,212,0,1.986032498695415,.1062696458425545
varmiss,csdid,212,1,2.469876875118711,.1083158323882731
varmiss,csdid,212,2,2.889949769637066,.1043800064876054
varmiss,jwdid,212,0,1.82114666120067,.0691406487030298
varmiss,jwdid,212,1,2.514314488254123,.0777707662191157
varmiss,jwdid,212,2,3.169966389459824,.0743692696001978
varmiss,jwdid_uc,212,0,1.821146661200674,.0797396324611877
varmiss,jwdid_uc,212,1,2.514314488254108,.0888561010445623
varmiss,jwdid_uc,212,2,3.169966389459824,.0824505005536856
varmiss,bjs,212,0,1.819491185322477,.0705423357163166
varmiss,bjs,212,1,2.477725986282167,.0796151603815095
varmiss,bjs,212,2,3.183722528425278,.0757076204381386
varmiss,bjs_wtr,212,0,2.018027379371233,.0729336022777533
varmiss,bjs_wtr,212,1,2.437574006256909,.0803989136797379
varmiss,bjs_wtr,212,2,2.933377938992635,.0812833768892675
varmiss,dcdh,212,0,1.640772611885778,.1014196009812216
varmiss,dcdh,212,1,1.940809539523921,.1204402792758909
varmiss,dcdh,212,2,2.877962683423711,.1253301449454121
varmiss,lpdid,212,0,1.552217496246774,.1046321423986086
varmiss,lpdid,212,1,1.916243056235653,.1416898060701722
varmiss,lpdid,212,2,2.856243298751936,.1455521980236295
varmiss,lpdid_rw,212,0,1.640772961288254,.1059987453048909
varmiss,lpdid_rw,212,1,2.087634208419372,.1452002696978306
varmiss,lpdid_rw,212,2,2.645079538310605,.1472639745207864
varmiss,sa,212,0,1.755406498003092,.0902141789726711
varmiss,sa,212,1,2.478807325487615,.0929572880587256
varmiss,sa,212,2,3.096347005575831,.0966326321521492
varmiss,csdid,213,0,1.910244452710155,.1025984020414607
varmiss,csdid,213,1,2.476548028693054,.106536168895219
varmiss,csdid,213,2,2.94536898387167,.1081964621511916
varmiss,jwdid,213,0,1.742666851938506,.0694058041903657
varmiss,jwdid,213,1,2.518840183025593,.0764046291738233
varmiss,jwdid,213,2,3.202869720100891,.0781669464560834
varmiss,jwdid_uc,213,0,1.7426668519385,.077719198532508
varmiss,jwdid_uc,213,1,2.518840183025575,.0856358208286166
varmiss,jwdid_uc,213,2,3.202869720100885,.0850537761688256
varmiss,bjs,213,0,1.755823271221743,.070487471657063
varmiss,bjs,213,1,2.52007747617472,.0781942816442575
varmiss,bjs,213,2,3.191017847071635,.0790728042124721
varmiss,bjs_wtr,213,0,1.917376880697702,.0731275695693718
varmiss,bjs_wtr,213,1,2.492556193215023,.0790396095407532
varmiss,bjs_wtr,213,2,2.94560181912675,.0831866232858171
varmiss,dcdh,213,0,1.596911419866445,.0947275524633252
varmiss,dcdh,213,1,2.11834742726689,.1212049649087629
varmiss,dcdh,213,2,2.91760949232992,.1304878036885963
varmiss,lpdid,213,0,1.5147656106331,.0970036131151234
varmiss,lpdid,213,1,1.947086971371438,.1395671982110463
varmiss,lpdid,213,2,2.914738350058512,.1558039934517745
varmiss,lpdid_rw,213,0,1.596911208305701,.098033590052577
varmiss,lpdid_rw,213,1,2.048557384549527,.1395926237058912
varmiss,lpdid_rw,213,2,2.761784467016382,.1580404019742992
varmiss,sa,213,0,1.742938972770738,.0848375889439925
varmiss,sa,213,1,2.512848367781875,.091420206495345
varmiss,sa,213,2,3.15980192401371,.1005704366496115
varmiss,csdid,214,0,1.973301249769143,.1037559308727545
varmiss,csdid,214,1,2.493717006623971,.1130790871690498
varmiss,csdid,214,2,3.137050375266834,.1066220519670519
varmiss,jwdid,214,0,1.803015443271938,.0678854055897984
varmiss,jwdid,214,1,2.618287495556068,.0795847726123375
varmiss,jwdid,214,2,3.322782934712883,.0800693500265011
varmiss,jwdid_uc,214,0,1.803015443271941,.0778040274068577
varmiss,jwdid_uc,214,1,2.618287495556086,.0891791466905978
varmiss,jwdid_uc,214,2,3.322782934712897,.087175515018196
varmiss,bjs,214,0,1.811837979670599,.0690093415378777
varmiss,bjs,214,1,2.616618939391628,.0814655922839449
varmiss,bjs,214,2,3.326538753026398,.0811570711272815
varmiss,bjs_wtr,214,0,2.001814852783355,.0720617770565347
varmiss,bjs_wtr,214,1,2.545405300967104,.0823694932168739
varmiss,bjs_wtr,214,2,3.12607611718704,.0836495062621889
varmiss,dcdh,214,0,1.688371664017439,.0911428097224895
varmiss,dcdh,214,1,2.272946768578142,.128590527465312
varmiss,dcdh,214,2,2.992229114666581,.1177563657757074
varmiss,lpdid,214,0,1.591504713731515,.0931720121861252
varmiss,lpdid,214,1,2.115403863126806,.1425464265065316
varmiss,lpdid,214,2,2.987724172872433,.1328226270508444
varmiss,lpdid_rw,214,0,1.688370908322423,.0951012764859481
varmiss,lpdid_rw,214,1,2.219333868128007,.1455575366949771
varmiss,lpdid_rw,214,2,2.8993628590834,.1322264797893092
varmiss,sa,214,0,1.857061655290323,.0833651933702899
varmiss,sa,214,1,2.622240506748016,.0966179778982816
varmiss,sa,214,2,3.298445866910365,.1021324467618496
varmiss,csdid,215,0,1.864220939742755,.1073459605588267
varmiss,csdid,215,1,2.42018299097907,.1106888306257919
varmiss,csdid,215,2,3.020588494046065,.1090336707722789
varmiss,jwdid,215,0,1.859424265363659,.0708133362848567
varmiss,jwdid,215,1,2.628199229458425,.076826828483086
varmiss,jwdid,215,2,3.314932499492597,.0765524831604911
varmiss,jwdid_uc,215,0,1.85942426536366,.0822479978611613
varmiss,jwdid_uc,215,1,2.628199229458426,.0860692053888589
varmiss,jwdid_uc,215,2,3.314932499492598,.0826917250390643
varmiss,bjs,215,0,1.856869797404215,.0725885829255114
varmiss,bjs,215,1,2.621466940592654,.0781706439381016
varmiss,bjs,215,2,3.293548464754167,.076973961673379
varmiss,bjs_wtr,215,0,2.025494584609987,.0747436213075706
varmiss,bjs_wtr,215,1,2.578386014954958,.0794350222115882
varmiss,bjs_wtr,215,2,3.083072199333401,.0793681177202174
varmiss,dcdh,215,0,1.533941207261179,.1017228332390643
varmiss,dcdh,215,1,2.117595313223398,.1208588628875254
varmiss,dcdh,215,2,3.06771105060068,.131424151119796
varmiss,lpdid,215,0,1.412510844431804,.1053786465797665
varmiss,lpdid,215,1,2.016286559770086,.1437750919475285
varmiss,lpdid,215,2,2.952567972538802,.153768342380934
varmiss,lpdid_rw,215,0,1.533941606977496,.1077592644372843
varmiss,lpdid_rw,215,1,2.170950957997006,.1471743070687603
varmiss,lpdid_rw,215,2,2.801588433728355,.1559933927584239
varmiss,sa,215,0,1.808304935422959,.0905371865828918
varmiss,sa,215,1,2.555711220878414,.0930183215458374
varmiss,sa,215,2,3.201948971186102,.1036431102558614
varmiss,csdid,216,0,2.025235403381656,.1037205925843299
varmiss,csdid,216,1,2.276666210553628,.112711723400569
varmiss,csdid,216,2,2.894826248590956,.1125944110145958
varmiss,jwdid,216,0,1.830826141125998,.0671567199047229
varmiss,jwdid,216,1,2.482818715389754,.0789527835088728
varmiss,jwdid,216,2,3.256532523678705,.0799918762497542
varmiss,jwdid_uc,216,0,1.830826141126005,.0795663867864318
varmiss,jwdid_uc,216,1,2.482818715389766,.0906383990485644
varmiss,jwdid_uc,216,2,3.256532523678715,.0865919656518516
varmiss,bjs,216,0,1.814886861768173,.0692965565256131
varmiss,bjs,216,1,2.493468775564907,.0814031300233895
varmiss,bjs,216,2,3.25498046582652,.0802282012932259
varmiss,bjs_wtr,216,0,2.057805762686257,.0756383298949127
varmiss,bjs_wtr,216,1,2.459712946858417,.0849551626293942
varmiss,bjs_wtr,216,2,3.024382397925365,.0848233429799755
varmiss,dcdh,216,0,1.658945245715593,.0902063810731412
varmiss,dcdh,216,1,2.097837084415789,.1291448634779853
varmiss,dcdh,216,2,2.897514627679048,.1293103459128878
varmiss,lpdid,216,0,1.571769518049747,.0946403631748429
varmiss,lpdid,216,1,2.071032998244626,.1482098725624034
varmiss,lpdid,216,2,3.07051035087503,.1512242864544366
varmiss,lpdid_rw,216,0,1.658945560652414,.0968098200329914
varmiss,lpdid_rw,216,1,2.144187176405722,.149252752548548
varmiss,lpdid_rw,216,2,2.739527429969967,.1574557654858767
varmiss,sa,216,0,1.798673252438772,.0865709909636919
varmiss,sa,216,1,2.434168916131887,.0989679418991734
varmiss,sa,216,2,3.221770154516528,.1054615819136324
varmiss,csdid,217,0,2.167119317321252,.1060946697055494
varmiss,csdid,217,1,2.552909849102468,.1076970821193381
varmiss,csdid,217,2,3.02004143434012,.1070202301978723
varmiss,jwdid,217,0,1.919397247868732,.0684408308457493
varmiss,jwdid,217,1,2.686172910597008,.0800566867590552
varmiss,jwdid,217,2,3.277751297515065,.0771679385248902
varmiss,jwdid_uc,217,0,1.919397247868736,.0798449059273106
varmiss,jwdid_uc,217,1,2.686172910597017,.0880532618691391
varmiss,jwdid_uc,217,2,3.277751297515059,.0829434151407253
varmiss,bjs,217,0,1.918973284570029,.0701599891686426
varmiss,bjs,217,1,2.701967891509412,.081460701932641
varmiss,bjs,217,2,3.289349809392661,.0783781410723201
varmiss,bjs_wtr,217,0,2.126270320305821,.0741448877914186
varmiss,bjs_wtr,217,1,2.612766453319637,.081854011652365
varmiss,bjs_wtr,217,2,3.097847749482753,.0833669055860683
varmiss,dcdh,217,0,1.733050267060298,.0940198781536571
varmiss,dcdh,217,1,2.216915537297741,.1328131587484036
varmiss,dcdh,217,2,2.879460207497703,.1320893593912124
varmiss,lpdid,217,0,1.644204418506924,.095897500425837
varmiss,lpdid,217,1,2.074751749617704,.1452432524533237
varmiss,lpdid,217,2,2.795609340843711,.142788789385864
varmiss,lpdid_rw,217,0,1.733050229372872,.0982650560599645
varmiss,lpdid_rw,217,1,2.172957645803516,.151599341237183
varmiss,lpdid_rw,217,2,2.710152090455924,.1466144166063985
varmiss,sa,217,0,1.93088335143894,.0880799722223227
varmiss,sa,217,1,2.710414912574084,.0945116188777768
varmiss,sa,217,2,3.299763209328728,.0975960383464489
varmiss,csdid,218,0,1.993062001654425,.1082076404407687
varmiss,csdid,218,1,2.436530268488603,.1153011765964308
varmiss,csdid,218,2,2.942969511152173,.1095430600835342
varmiss,jwdid,218,0,1.863315260563621,.0681955204888472
varmiss,jwdid,218,1,2.576328945426242,.0790561475262827
varmiss,jwdid,218,2,3.173216773254906,.0797385532000064
varmiss,jwdid_uc,218,0,1.863315260563629,.0777735874618179
varmiss,jwdid_uc,218,1,2.576328945426258,.0896755693148325
varmiss,jwdid_uc,218,2,3.173216773254938,.0876504917384268
varmiss,bjs,218,0,1.877078469206936,.0696283389652095
varmiss,bjs,218,1,2.60254270273208,.0804777415459989
varmiss,bjs,218,2,3.188801634144738,.0804141384984474
varmiss,bjs_wtr,218,0,2.028677797654382,.0720040947755089
varmiss,bjs_wtr,218,1,2.528199026791754,.0815685452316245
varmiss,bjs_wtr,218,2,2.997376596784306,.0837221344304236
varmiss,dcdh,218,0,1.692578470798206,.101542548925062
varmiss,dcdh,218,1,2.1852633850621,.1298329803785561
varmiss,dcdh,218,2,2.812907996496003,.1252509206236457
varmiss,lpdid,218,0,1.578575615779379,.1037336627707107
varmiss,lpdid,218,1,2.056939965844781,.1556372085701781
varmiss,lpdid,218,2,2.754057647504191,.1510686593181758
varmiss,lpdid_rw,218,0,1.692577913609668,.1056682872065229
varmiss,lpdid_rw,218,1,2.20577804950454,.1570921384014838
varmiss,lpdid_rw,218,2,2.682412235067289,.1524733623642098
varmiss,sa,218,0,1.803141505706338,.0851310645163162
varmiss,sa,218,1,2.495235043984821,.0980699088762665
varmiss,sa,218,2,3.064042590549632,.1020763268000772
varmiss,csdid,219,0,2.028383002568044,.1003713210189609
varmiss,csdid,219,1,2.421878266085161,.1102228825815073
varmiss,csdid,219,2,3.079557517130355,.1057235759599203
varmiss,jwdid,219,0,1.914289294351244,.0667909506785792
varmiss,jwdid,219,1,2.636228629630522,.0778181900744827
varmiss,jwdid,219,2,3.277813312496857,.0793269721559934
varmiss,jwdid_uc,219,0,1.914289294351258,.0773933448212752
varmiss,jwdid_uc,219,1,2.636228629630504,.0897153072445537
varmiss,jwdid_uc,219,2,3.277813312496841,.0875404837996748
varmiss,bjs,219,0,1.918654446302753,.067849233860316
varmiss,bjs,219,1,2.672787911826163,.0809021166422072
varmiss,bjs,219,2,3.290133996211807,.0802017183125737
varmiss,bjs_wtr,219,0,2.065110893263409,.0692896673327582
varmiss,bjs_wtr,219,1,2.582446520500525,.0825091143800508
varmiss,bjs_wtr,219,2,3.072735004097922,.0821529628916152
varmiss,dcdh,219,0,1.647791282375911,.094395477167619
varmiss,dcdh,219,1,2.336313714115723,.1256975120670802
varmiss,dcdh,219,2,2.903473136132701,.1214009997817895
varmiss,lpdid,219,0,1.511217968945733,.0987888136340969
varmiss,lpdid,219,1,2.207456665206706,.1443819849388934
varmiss,lpdid,219,2,2.832983184087843,.1440767934867547
varmiss,lpdid_rw,219,0,1.647790836675667,.1000613536926859
varmiss,lpdid_rw,219,1,2.392308407449537,.1454814503071459
varmiss,lpdid_rw,219,2,2.761717989234195,.1439418821380088
varmiss,sa,219,0,1.862456654898344,.0846521311621052
varmiss,sa,219,1,2.58811618462622,.0952836571721849
varmiss,sa,219,2,3.222716687743117,.1009961675576961
varmiss,csdid,220,0,2.08366007208393,.107739763741925
varmiss,csdid,220,1,2.422968285912513,.1124944945914573
varmiss,csdid,220,2,2.986175237177991,.1133170951408464
varmiss,jwdid,220,0,1.881358678736081,.0733306996441421
varmiss,jwdid,220,1,2.484655491063784,.0820665474916347
varmiss,jwdid,220,2,3.277865630654367,.0793741064333971
varmiss,jwdid_uc,220,0,1.881358678736102,.0850802716313838
varmiss,jwdid_uc,220,1,2.484655491063789,.0918461430265007
varmiss,jwdid_uc,220,2,3.277865630654383,.0886456378342194
varmiss,bjs,220,0,1.887713116397208,.0752893296564782
varmiss,bjs,220,1,2.490286754685712,.0832232838297133
varmiss,bjs,220,2,3.300652464902669,.0801233276389636
varmiss,bjs_wtr,220,0,2.05808277666074,.0773325918328438
varmiss,bjs_wtr,220,1,2.446699452694475,.0846781593586339
varmiss,bjs_wtr,220,2,3.005090847655083,.0847726069360176
varmiss,dcdh,220,0,1.77857198012439,.1049624155600749
varmiss,dcdh,220,1,2.372967346182635,.1330400716901418
varmiss,dcdh,220,2,2.943185993114363,.1339209192463035
varmiss,lpdid,220,0,1.670354416175925,.1095917342161138
varmiss,lpdid,220,1,2.279558537165678,.1497679733858099
varmiss,lpdid,220,2,2.872826323322032,.1487946253797528
varmiss,lpdid_rw,220,0,1.778572057245215,.1099625174138778
varmiss,lpdid_rw,220,1,2.441038820330944,.1516226030775008
varmiss,lpdid_rw,220,2,2.763595203315509,.1515858191925539
varmiss,sa,220,0,1.851064969003481,.0952285614643613
varmiss,sa,220,1,2.467108871827318,.1008193818896207
varmiss,sa,220,2,3.283818748267459,.1088614554509214
varmiss,csdid,221,0,2.104127508747347,.1061237657092213
varmiss,csdid,221,1,2.558482217234482,.111228140977294
varmiss,csdid,221,2,3.128698038741769,.1077633999906897
varmiss,jwdid,221,0,1.91839885373133,.0728556171006146
varmiss,jwdid,221,1,2.566722676258855,.0779336278060547
varmiss,jwdid,221,2,3.278686840802472,.0774352114783676
varmiss,jwdid_uc,221,0,1.91839885373133,.0815935625528904
varmiss,jwdid_uc,221,1,2.566722676258875,.0901586884230668
varmiss,jwdid_uc,221,2,3.27868684080249,.0862894875226087
varmiss,bjs,221,0,1.939213011197353,.0745308008085485
varmiss,bjs,221,1,2.587073660316037,.0804131925346518
varmiss,bjs,221,2,3.285432496060821,.0782776786592681
varmiss,bjs_wtr,221,0,2.104636121539443,.0780714221313249
varmiss,bjs_wtr,221,1,2.497368092053875,.0818427720844682
varmiss,bjs_wtr,221,2,3.070896206394536,.0818479418172704
varmiss,dcdh,221,0,1.87296917038029,.0986784294001995
varmiss,dcdh,221,1,2.21999749116069,.1242563403042752
varmiss,dcdh,221,2,2.801155615728741,.1303926121383955
varmiss,lpdid,221,0,1.764312256217802,.10137044483191
varmiss,lpdid,221,1,2.252311023019208,.1492819160766001
varmiss,lpdid,221,2,2.978350990106732,.1505451428200569
varmiss,lpdid_rw,221,0,1.87296891217435,.1030898415127034
varmiss,lpdid_rw,221,1,2.367220050225497,.1535930492184303
varmiss,lpdid_rw,221,2,2.816770129283825,.1512691582656971
varmiss,sa,221,0,1.915913813695874,.0881188529507034
varmiss,sa,221,1,2.561593614935653,.0979477730304614
varmiss,sa,221,2,3.288045872363107,.1020045041742211
varmiss,csdid,222,0,2.079666829557482,.106290009255824
varmiss,csdid,222,1,2.491424746538026,.113414100418822
varmiss,csdid,222,2,3.047503233083353,.1132490428758403
varmiss,jwdid,222,0,1.794904353737978,.0688187592633625
varmiss,jwdid,222,1,2.45718774941437,.0810363531526499
varmiss,jwdid,222,2,3.144939832142136,.079281968173679
varmiss,jwdid_uc,222,0,1.794904353737983,.0808917735063632
varmiss,jwdid_uc,222,1,2.457187749414374,.0902245528058264
varmiss,jwdid_uc,222,2,3.144939832142156,.0873556598762226
varmiss,bjs,222,0,1.790986671190694,.0699389083316851
varmiss,bjs,222,1,2.472581602953142,.0814833780263326
varmiss,bjs,222,2,3.124046001081297,.0796341647478139
varmiss,bjs_wtr,222,0,1.953033498648892,.0713606508389096
varmiss,bjs_wtr,222,1,2.420374972978607,.0822691985488508
varmiss,bjs_wtr,222,2,2.884496809274424,.083859521364809
varmiss,dcdh,222,0,1.69452566190972,.098182350478863
varmiss,dcdh,222,1,2.370189498858526,.1255799042287716
varmiss,dcdh,222,2,2.899325288273394,.127335885296129
varmiss,lpdid,222,0,1.515795705688336,.1010444465455324
varmiss,lpdid,222,1,2.319718000491215,.1452093279257751
varmiss,lpdid,222,2,2.915383452021104,.150012035317828
varmiss,lpdid_rw,222,0,1.694526759675524,.1054059767893441
varmiss,lpdid_rw,222,1,2.46491056572506,.1490532415376038
varmiss,lpdid_rw,222,2,2.844187367789671,.1506637774481405
varmiss,sa,222,0,1.777487871621665,.0902451938280399
varmiss,sa,222,1,2.465554018372737,.0988980506630833
varmiss,sa,222,2,3.178266460928642,.1031501448620458
varmiss,csdid,223,0,1.840506778504154,.1051376243633067
varmiss,csdid,223,1,2.38869651831496,.1104075642766309
varmiss,csdid,223,2,2.951423391720985,.1062525253121328
varmiss,jwdid,223,0,1.733258238546738,.0705753685255036
varmiss,jwdid,223,1,2.448026525459503,.0782155571510164
varmiss,jwdid,223,2,3.111025337015948,.0785105421353131
varmiss,jwdid_uc,223,0,1.733258238546743,.0824901983013882
varmiss,jwdid_uc,223,1,2.448026525459504,.0884729620405474
varmiss,jwdid_uc,223,2,3.111025337015957,.08450897203071
varmiss,bjs,223,0,1.706120244914928,.0724013397228032
varmiss,bjs,223,1,2.444298664097005,.0794869839657618
varmiss,bjs,223,2,3.109424222653729,.0791396193082967
varmiss,bjs_wtr,223,0,1.913097273376025,.0757618924189661
varmiss,bjs_wtr,223,1,2.431580707383546,.0804322554293437
varmiss,bjs_wtr,223,2,2.912556295928198,.0822400129567045
varmiss,dcdh,223,0,1.437729192972374,.1013399096110615
varmiss,dcdh,223,1,1.999462210626395,.1326330414020199
varmiss,dcdh,223,2,2.781509065100022,.1254195181199725
varmiss,lpdid,223,0,1.301197122653733,.1024290176477565
varmiss,lpdid,223,1,1.771824699860205,.1507144909064322
varmiss,lpdid,223,2,2.703722638521088,.1379829960119215
varmiss,lpdid_rw,223,0,1.437729453916409,.106827883854475
varmiss,lpdid_rw,223,1,1.964309501175351,.1518086520653477
varmiss,lpdid_rw,223,2,2.621479945871157,.1413497967425983
varmiss,sa,223,0,1.727326350412085,.0893053344120429
varmiss,sa,223,1,2.442963068121125,.0965667982364651
varmiss,sa,223,2,3.116669429835954,.1014869895798881
varmiss,csdid,224,0,2.020602516399843,.1055329120027895
varmiss,csdid,224,1,2.582746807308326,.1147209068948292
varmiss,csdid,224,2,3.008390010623152,.1081950969592902
varmiss,jwdid,224,0,1.885255535019235,.0703496013245647
varmiss,jwdid,224,1,2.560727769076409,.0812389646092679
varmiss,jwdid,224,2,3.112266132604131,.0780812639808233
varmiss,jwdid_uc,224,0,1.885255535019221,.0806900958042786
varmiss,jwdid_uc,224,1,2.560727769076402,.0934444395767068
varmiss,jwdid_uc,224,2,3.112266132604126,.0850793226103189
varmiss,bjs,224,0,1.878514769876347,.0714028574962636
varmiss,bjs,224,1,2.540272034420923,.0825662300114937
varmiss,bjs,224,2,3.096619952830224,.0796275081112888
varmiss,bjs_wtr,224,0,2.047349080829008,.0745449094736487
varmiss,bjs_wtr,224,1,2.494789117910841,.0835137751716942
varmiss,bjs_wtr,224,2,2.907852063766768,.0840315802572782
varmiss,dcdh,224,0,1.745122068410437,.0991069852929253
varmiss,dcdh,224,1,2.241099277591494,.1348926849368641
varmiss,dcdh,224,2,2.804410321888083,.1351391386089237
varmiss,lpdid,224,0,1.617471933657434,.1000090350373187
varmiss,lpdid,224,1,2.1670421109759,.1497582926843065
varmiss,lpdid,224,2,2.908563589436465,.1517681564668805
varmiss,lpdid_rw,224,0,1.745122356077468,.1040245472015928
varmiss,lpdid_rw,224,1,2.274975858000845,.1507618091256769
varmiss,lpdid_rw,224,2,2.774526347648488,.1514211615969856
varmiss,sa,224,0,1.88398579359444,.0891848678392403
varmiss,sa,224,1,2.594564667587192,.1037083786696992
varmiss,sa,224,2,3.171022855973965,.1070787407985255
varmiss,csdid,225,0,2.116618555763146,.1038711646878052
varmiss,csdid,225,1,2.564157187663212,.1089477854498788
varmiss,csdid,225,2,3.050950385809277,.1104526028712081
varmiss,jwdid,225,0,1.909796332629904,.0682068315470196
varmiss,jwdid,225,1,2.597103771055161,.0780794024452612
varmiss,jwdid,225,2,3.312391675741317,.079400640687845
varmiss,jwdid_uc,225,0,1.909796332629896,.0821977765234172
varmiss,jwdid_uc,225,1,2.597103771055168,.0902606286595973
varmiss,jwdid_uc,225,2,3.312391675741304,.0880864536029055
varmiss,bjs,225,0,1.932087297855105,.0697721390886684
varmiss,bjs,225,1,2.581644405028783,.0796499105928276
varmiss,bjs,225,2,3.321809337940067,.0798855829014457
varmiss,bjs_wtr,225,0,2.113052207361761,.0734543319695504
varmiss,bjs_wtr,225,1,2.56447767555801,.0829310885995942
varmiss,bjs_wtr,225,2,3.12340162433793,.0829412945699579
varmiss,dcdh,225,0,1.883258674929365,.0929127135925901
varmiss,dcdh,225,1,2.331332247034763,.1198787215631012
varmiss,dcdh,225,2,3.061878955026763,.1248358150098085
varmiss,lpdid,225,0,1.732874446256536,.0966461059131476
varmiss,lpdid,225,1,2.298391450297854,.1376770401872152
varmiss,lpdid,225,2,3.106863377639093,.1451983519387207
varmiss,lpdid_rw,225,0,1.883257860552096,.1005050796628252
varmiss,lpdid_rw,225,1,2.419703847138067,.142358467379659
varmiss,lpdid_rw,225,2,2.946352499373464,.1456450637269807
varmiss,sa,225,0,1.931326382094136,.0905617652657318
varmiss,sa,225,1,2.628936656594482,.0982372432013431
varmiss,sa,225,2,3.37486564664685,.1033632187548388
varmiss,csdid,226,0,1.970933026117788,.1062778261593123
varmiss,csdid,226,1,2.465778314860423,.1085333747468311
varmiss,csdid,226,2,3.013436648161938,.1096700833037922
varmiss,jwdid,226,0,1.909922572148169,.0720124142490373
varmiss,jwdid,226,1,2.623409422284517,.076887678335807
varmiss,jwdid,226,2,3.300295674296807,.0817841320307531
varmiss,jwdid_uc,226,0,1.909922572148165,.0825054644644579
varmiss,jwdid_uc,226,1,2.623409422284516,.0878971314792903
varmiss,jwdid_uc,226,2,3.300295674296787,.0878800993752863
varmiss,bjs,226,0,1.890591292451063,.0740662506784079
varmiss,bjs,226,1,2.643970772383909,.0790990108804603
varmiss,bjs,226,2,3.291602956826409,.0825602755840299
varmiss,bjs_wtr,226,0,2.055832156092492,.0771891975592878
varmiss,bjs_wtr,226,1,2.579015815488674,.0797515333488746
varmiss,bjs_wtr,226,2,3.099574018014664,.0860724713858236
varmiss,dcdh,226,0,1.845019791106822,.1034839857682774
varmiss,dcdh,226,1,2.328289043688344,.1257547451714109
varmiss,dcdh,226,2,3.109353370889872,.1325542373982217
varmiss,lpdid,226,0,1.737217667035475,.1047818302068081
varmiss,lpdid,226,1,2.325340558909158,.1450650577750411
varmiss,lpdid,226,2,3.149466823484727,.1555471673490708
varmiss,lpdid_rw,226,0,1.845020640774257,.1072333366475735
varmiss,lpdid_rw,226,1,2.409760310211566,.1465118413151894
varmiss,lpdid_rw,226,2,3.033470874997063,.1571194552700496
varmiss,sa,226,0,1.951963732367159,.0894024195868406
varmiss,sa,226,1,2.629805678995066,.0932492585621863
varmiss,sa,226,2,3.275919944324479,.1035745528964607
varmiss,csdid,227,0,2.067109036118024,.106798119180556
varmiss,csdid,227,1,2.73355499152775,.112109721477902
varmiss,csdid,227,2,3.101430983086857,.1056736224483195
varmiss,jwdid,227,0,1.859833050929747,.0686323386800507
varmiss,jwdid,227,1,2.749265526586501,.0760709364953827
varmiss,jwdid,227,2,3.274976506441423,.0765605078888559
varmiss,jwdid_uc,227,0,1.859833050929754,.0818158241685914
varmiss,jwdid_uc,227,1,2.749265526586533,.0869186672446768
varmiss,jwdid_uc,227,2,3.274976506441445,.083835268267441
varmiss,bjs,227,0,1.851434897524996,.0705276708542734
varmiss,bjs,227,1,2.774585288607341,.0787622916739998
varmiss,bjs,227,2,3.265003212155023,.0776975370960093
varmiss,bjs_wtr,227,0,2.003668150109661,.0720083238754859
varmiss,bjs_wtr,227,1,2.679872813780094,.0793637628338801
varmiss,bjs_wtr,227,2,3.044568029148195,.0800238936962293
varmiss,dcdh,227,0,1.739122642978891,.0991208781724576
varmiss,dcdh,227,1,2.655272790538138,.1404947993732786
varmiss,dcdh,227,2,3.037625830243141,.1229083148737509
varmiss,lpdid,227,0,1.589867782821401,.1034894805178216
varmiss,lpdid,227,1,2.507907869832447,.1596293575561125
varmiss,lpdid,227,2,3.018596324468644,.1530731192833378
varmiss,lpdid_rw,227,0,1.739123231370542,.1068311385155137
varmiss,lpdid_rw,227,1,2.70547928443054,.1571254894310268
varmiss,lpdid_rw,227,2,2.890635757699989,.1516402161451339
varmiss,sa,227,0,1.840662619277847,.0907142892510844
varmiss,sa,227,1,2.764211890408695,.0959762849651509
varmiss,sa,227,2,3.310402118172202,.1026730270646979
varmiss,csdid,228,0,1.919707791677328,.0999157978389402
varmiss,csdid,228,1,2.492824279607676,.1036347076678514
varmiss,csdid,228,2,3.076762999573244,.1009093874971105
varmiss,jwdid,228,0,1.908598025025473,.0698373524799472
varmiss,jwdid,228,1,2.600356817056935,.075407937051618
varmiss,jwdid,228,2,3.292558868508549,.0759851751727087
varmiss,jwdid_uc,228,0,1.908598025025472,.0814600641412285
varmiss,jwdid_uc,228,1,2.60035681705694,.0874386071607887
varmiss,jwdid_uc,228,2,3.292558868508551,.0822255513709583
varmiss,bjs,228,0,1.913152330176672,.0707001098611812
varmiss,bjs,228,1,2.588912444756716,.0776265776627551
varmiss,bjs,228,2,3.295370399137028,.0770236798020683
varmiss,bjs_wtr,228,0,2.065638105656035,.0722861753188789
varmiss,bjs_wtr,228,1,2.512184583159979,.0784652067608657
varmiss,bjs_wtr,228,2,3.084979855862912,.0800646984376908
varmiss,dcdh,228,0,1.770992147215944,.096179902113287
varmiss,dcdh,228,1,2.341026401132301,.1191060468107239
varmiss,dcdh,228,2,3.230135301392387,.1160708605277203
varmiss,lpdid,228,0,1.675840169463091,.0993353042844867
varmiss,lpdid,228,1,2.25321991216374,.1310133852873036
varmiss,lpdid,228,2,3.250441698423146,.1304887282750689
varmiss,lpdid_rw,228,0,1.770991305451791,.1006161275470313
varmiss,lpdid_rw,228,1,2.348704907494143,.1354131846456804
varmiss,lpdid_rw,228,2,3.178861802473585,.130881604918295
varmiss,sa,228,0,1.948985490119002,.0871437723524533
varmiss,sa,228,1,2.633150556827317,.0914065727449316
varmiss,sa,228,2,3.29889381327333,.0944918822115918
varmiss,csdid,229,0,1.850081478104194,.1099291078163276
varmiss,csdid,229,1,2.386730820042795,.1089682575216085
varmiss,csdid,229,2,2.987724509314399,.1073024982714203
varmiss,jwdid,229,0,1.749328598677194,.0723874848954167
varmiss,jwdid,229,1,2.464823774935364,.0808612255958379
varmiss,jwdid,229,2,3.244055414724048,.0778622733059954
varmiss,jwdid_uc,229,0,1.749328598677181,.0832743247733137
varmiss,jwdid_uc,229,1,2.464823774935338,.0914372392615715
varmiss,jwdid_uc,229,2,3.24405541472403,.0847984166212187
varmiss,bjs,229,0,1.737796238601732,.0733324442198057
varmiss,bjs,229,1,2.449879158986732,.0826303944100189
varmiss,bjs,229,2,3.252401784353424,.07817777100933
varmiss,bjs_wtr,229,0,1.892878211125208,.0764712166260305
varmiss,bjs_wtr,229,1,2.390691813350713,.0836997231432866
varmiss,bjs_wtr,229,2,3.079956830843003,.0817145052232478
varmiss,dcdh,229,0,1.551106297835976,.0993098080562421
varmiss,dcdh,229,1,2.144559411606835,.1284666502097896
varmiss,dcdh,229,2,2.798215166503239,.129492009294666
varmiss,lpdid,229,0,1.412324728053123,.1004760960361495
varmiss,lpdid,229,1,2.027925484008041,.1478020696230663
varmiss,lpdid,229,2,2.863066859886285,.1536021507649222
varmiss,lpdid_rw,229,0,1.551106566724314,.1053202412193537
varmiss,lpdid_rw,229,1,2.189670747074544,.1559405450338914
varmiss,lpdid_rw,229,2,2.76229210819608,.156563631848637
varmiss,sa,229,0,1.694341174521304,.0909110611329536
varmiss,sa,229,1,2.406349758148593,.0980355687479831
varmiss,sa,229,2,3.169521518122541,.1003211111594452
varmiss,csdid,230,0,1.950148193506114,.1061095178667106
varmiss,csdid,230,1,2.644731401816184,.1109638794388024
varmiss,csdid,230,2,2.973315210862364,.1056603423723708
varmiss,jwdid,230,0,1.798455987272349,.0684154621609976
varmiss,jwdid,230,1,2.652416019069772,.0817205908959337
varmiss,jwdid,230,2,3.214222829830662,.0828002889836686
varmiss,jwdid_uc,230,0,1.798455987272347,.0805285921286779
varmiss,jwdid_uc,230,1,2.652416019069767,.0915273161178806
varmiss,jwdid_uc,230,2,3.214222829830663,.0883606028281615
varmiss,bjs,230,0,1.791320186894154,.0694756896497807
varmiss,bjs,230,1,2.665946576729766,.0834269248348214
varmiss,bjs,230,2,3.195564500114415,.0835134726698011
varmiss,bjs_wtr,230,0,2.047902171267197,.0759421049313287
varmiss,bjs_wtr,230,1,2.622847573147737,.0839908906587713
varmiss,bjs_wtr,230,2,3.038242852984695,.0858178676464186
varmiss,dcdh,230,0,1.624825492158312,.0914490253412308
varmiss,dcdh,230,1,2.164030603507351,.129552471816018
varmiss,dcdh,230,2,2.80072786486549,.1294783007762133
varmiss,lpdid,230,0,1.543951516987206,.0953911678615025
varmiss,lpdid,230,1,2.137813154121627,.1482876293426742
varmiss,lpdid,230,2,2.921846950267119,.1472397898000292
varmiss,lpdid_rw,230,0,1.6248252875962,.0975597164962852
varmiss,lpdid_rw,230,1,2.282054539394949,.1529125541458001
varmiss,lpdid_rw,230,2,2.763453551490949,.1520370373398032
varmiss,sa,230,0,1.729437767520092,.0889784154408072
varmiss,sa,230,1,2.618313885032745,.098439423248039
varmiss,sa,230,2,3.177654466292478,.1030220417027574
varmiss,csdid,231,0,1.943045646804146,.0981198924767551
varmiss,csdid,231,1,2.179830681589915,.105661347233521
varmiss,csdid,231,2,2.970489643314822,.1017400005748119
varmiss,jwdid,231,0,1.84889003882664,.067909048632404
varmiss,jwdid,231,1,2.413103835087353,.0763919821308
varmiss,jwdid,231,2,3.179708995519242,.0738903550828496
varmiss,jwdid_uc,231,0,1.848890038826651,.0798924860213126
varmiss,jwdid_uc,231,1,2.413103835087362,.0895266467833083
varmiss,jwdid_uc,231,2,3.179708995519249,.0828051465872031
varmiss,bjs,231,0,1.846599311358659,.0693835355236416
varmiss,bjs,231,1,2.392393888578226,.0781500163061218
varmiss,bjs,231,2,3.151566520089546,.0749839352547331
varmiss,bjs_wtr,231,0,2.010533694194237,.0715841488087188
varmiss,bjs_wtr,231,1,2.335877671419439,.0796148123847917
varmiss,bjs_wtr,231,2,2.953551459017035,.077562875127707
varmiss,dcdh,231,0,1.700514232527039,.0950055770249685
varmiss,dcdh,231,1,2.168276585926295,.1268366568737774
varmiss,dcdh,231,2,2.978667002445635,.115874003020476
varmiss,lpdid,231,0,1.585034120352028,.0992067602037598
varmiss,lpdid,231,1,2.044359494855014,.1391965766122759
varmiss,lpdid,231,2,3.031692510170537,.1343183391607253
varmiss,lpdid_rw,231,0,1.700514840734938,.1007184140257834
varmiss,lpdid_rw,231,1,2.177611152192359,.139864572845701
varmiss,lpdid_rw,231,2,2.881966475157755,.1348356038756731
varmiss,sa,231,0,1.831656324680638,.0887870945910616
varmiss,sa,231,1,2.412197429066838,.0945116719537061
varmiss,sa,231,2,3.170023878546565,.0969775741335284
varmiss,csdid,232,0,2.112893160753238,.1053026237916881
varmiss,csdid,232,1,2.498747560122259,.1103494427490425
varmiss,csdid,232,2,3.21034029253613,.1116172258141696
varmiss,jwdid,232,0,1.902149978019379,.0695104540635678
varmiss,jwdid,232,1,2.683802527165215,.0784702475265138
varmiss,jwdid,232,2,3.458238872689746,.0790921742839092
varmiss,jwdid_uc,232,0,1.902149978019359,.0834252431858943
varmiss,jwdid_uc,232,1,2.6838025271652,.089444788125282
varmiss,jwdid_uc,232,2,3.458238872689712,.0871762445050081
varmiss,bjs,232,0,1.898650894550883,.0709245654972995
varmiss,bjs,232,1,2.665503521117898,.0796392272460085
varmiss,bjs,232,2,3.450080763239384,.0796397416686919
varmiss,bjs_wtr,232,0,2.089312597890967,.0741713861623051
varmiss,bjs_wtr,232,1,2.603349006459666,.0812571301238823
varmiss,bjs_wtr,232,2,3.227707807396655,.0832295814389931
varmiss,dcdh,232,0,1.828879067978499,.0950258801276273
varmiss,dcdh,232,1,2.416586087169294,.1236510863092772
varmiss,dcdh,232,2,3.272790789617252,.1258183379288637
varmiss,lpdid,232,0,1.653109921777913,.0997569560243675
varmiss,lpdid,232,1,2.22340105946642,.1426961201274295
varmiss,lpdid,232,2,3.019607031206988,.1456306417457784
varmiss,lpdid_rw,232,0,1.828878244593502,.1035233597233058
varmiss,lpdid_rw,232,1,2.403945485199663,.1496513712435242
varmiss,lpdid_rw,232,2,2.938352906180894,.1463539746468015
varmiss,sa,232,0,1.909090144164504,.0897109889755029
varmiss,sa,232,1,2.687628370181591,.0971432296782369
varmiss,sa,232,2,3.466173702996689,.1052903707313812
varmiss,csdid,233,0,2.164877539906924,.1040512538593018
varmiss,csdid,233,1,2.736913745245917,.1107855960989001
varmiss,csdid,233,2,3.1524901276315,.1135296509505124
varmiss,jwdid,233,0,1.915755431621422,.0716446776612897
varmiss,jwdid,233,1,2.648371599647194,.0817998679229193
varmiss,jwdid,233,2,3.324813816212674,.0809541157868747
varmiss,jwdid_uc,233,0,1.915755431621442,.0827810885064089
varmiss,jwdid_uc,233,1,2.648371599647222,.0903535202725841
varmiss,jwdid_uc,233,2,3.324813816212699,.0888586989563968
varmiss,bjs,233,0,1.886450774399691,.0733120586666668
varmiss,bjs,233,1,2.664198947109981,.083589688411204
varmiss,bjs,233,2,3.334033508435823,.0818222509204325
varmiss,bjs_wtr,233,0,2.089746307259247,.0765024425337446
varmiss,bjs_wtr,233,1,2.61422321225109,.0842074407346043
varmiss,bjs_wtr,233,2,3.101167030821671,.0854679724703987
varmiss,dcdh,233,0,1.81517349996087,.0958055003587466
varmiss,dcdh,233,1,2.266903408682074,.129107942399934
varmiss,dcdh,233,2,2.974540066026256,.1328895990870996
varmiss,lpdid,233,0,1.718041688617214,.0996759607234783
varmiss,lpdid,233,1,2.215626551742456,.1393341472432401
varmiss,lpdid,233,2,3.027920132892205,.1487290839336387
varmiss,lpdid_rw,233,0,1.815173174411109,.100571935532243
varmiss,lpdid_rw,233,1,2.316257115128034,.1421386760747863
varmiss,lpdid_rw,233,2,2.883804026303364,.1507817240268048
varmiss,sa,233,0,1.925778023252292,.0915011233841274
varmiss,sa,233,1,2.697322704595606,.0979763813463664
varmiss,sa,233,2,3.395820055214555,.1071824002490607
varmiss,csdid,234,0,1.981534582831944,.1049057147281672
varmiss,csdid,234,1,2.541597084730363,.1144625984267425
varmiss,csdid,234,2,3.17666613054545,.1165330634175139
varmiss,jwdid,234,0,1.704677792862546,.0678597172556512
varmiss,jwdid,234,1,2.597464592877242,.0823293817305929
varmiss,jwdid,234,2,3.334869274834544,.0799232281051278
varmiss,jwdid_uc,234,0,1.704677792862536,.0790820892994496
varmiss,jwdid_uc,234,1,2.597464592877214,.0952871107840925
varmiss,jwdid_uc,234,2,3.33486927483452,.0875702509206173
varmiss,bjs,234,0,1.684280985083205,.0692620592732602
varmiss,bjs,234,1,2.587740386170481,.0842440693181536
varmiss,bjs,234,2,3.331357055798435,.0806429923218668
varmiss,bjs_wtr,234,0,1.905040420325349,.0755248047402228
varmiss,bjs_wtr,234,1,2.5166945133642,.0856745088608382
varmiss,bjs_wtr,234,2,3.13379775003159,.0845323779104351
varmiss,dcdh,234,0,1.680571849741142,.0945833958657053
varmiss,dcdh,234,1,2.03148478448936,.1290567835325829
varmiss,dcdh,234,2,2.943726536110491,.1298264849389731
varmiss,lpdid,234,0,1.52889960678782,.0967663192584265
varmiss,lpdid,234,1,1.993362927994169,.151694746309085
varmiss,lpdid,234,2,2.843706501634032,.1546771727523604
varmiss,lpdid_rw,234,0,1.680570727941178,.1014459486813104
varmiss,lpdid_rw,234,1,2.194285863824417,.1553673521934951
varmiss,lpdid_rw,234,2,2.741687009956614,.1558409585392491
varmiss,sa,234,0,1.699936930271802,.0881338530878054
varmiss,sa,234,1,2.637798079587661,.1059181543130055
varmiss,sa,234,2,3.421999360220734,.1070139288795443
varmiss,csdid,235,0,2.050034828381751,.109513576371779
varmiss,csdid,235,1,2.55624721528191,.1169924776633662
varmiss,csdid,235,2,3.019438847756244,.1134492791665609
varmiss,jwdid,235,0,1.800384348143678,.0680274428433066
varmiss,jwdid,235,1,2.60221954463929,.0843519251917134
varmiss,jwdid,235,2,3.238277299331645,.079506499339017
varmiss,jwdid_uc,235,0,1.800384348143662,.0792797061036442
varmiss,jwdid_uc,235,1,2.60221954463927,.0939772104173926
varmiss,jwdid_uc,235,2,3.23827729933164,.0876071603802802
varmiss,bjs,235,0,1.80201172433226,.0706081476358832
varmiss,bjs,235,1,2.618404944631038,.0861520925299741
varmiss,bjs,235,2,3.226040651497897,.0804150457741573
varmiss,bjs_wtr,235,0,1.999314075431357,.074170010967272
varmiss,bjs_wtr,235,1,2.55509956653259,.0863061319202232
varmiss,bjs_wtr,235,2,3.008282995695481,.0841294789778529
varmiss,dcdh,235,0,1.580427561092602,.0955594236290127
varmiss,dcdh,235,1,2.028915197348433,.1432641572338646
varmiss,dcdh,235,2,2.699500559930995,.1319179220950407
varmiss,lpdid,235,0,1.495691364071253,.0974545941780573
varmiss,lpdid,235,1,1.919038707874101,.1577214266509115
varmiss,lpdid,235,2,2.813461668024509,.15637102984574
varmiss,lpdid_rw,235,0,1.580428121536043,.1002639708072635
varmiss,lpdid_rw,235,1,2.000434390895232,.1638318789521007
varmiss,lpdid_rw,235,2,2.618862437987181,.1572123422520951
varmiss,sa,235,0,1.74549792521209,.0878861278479334
varmiss,sa,235,1,2.564278081339945,.1015246454526978
varmiss,sa,235,2,3.200951473269292,.1055431707758901
varmiss,csdid,236,0,2.122842406030538,.1048800640442986
varmiss,csdid,236,1,2.607760779676705,.1083334358791598
varmiss,csdid,236,2,3.074151769808908,.1048183838237608
varmiss,jwdid,236,0,1.80859795841767,.0696134233874376
varmiss,jwdid,236,1,2.506783662642074,.0795164835522409
varmiss,jwdid,236,2,3.223147045249542,.0726389199757709
varmiss,jwdid_uc,236,0,1.808597958417674,.0809938665298281
varmiss,jwdid_uc,236,1,2.506783662642073,.0895486733362158
varmiss,jwdid_uc,236,2,3.223147045249546,.082215584264437
varmiss,bjs,236,0,1.765071435320351,.0720747060231684
varmiss,bjs,236,1,2.483850145299584,.0817129113080358
varmiss,bjs,236,2,3.206751485937275,.0738917427152823
varmiss,bjs_wtr,236,0,2.00556238395302,.0742152295911672
varmiss,bjs_wtr,236,1,2.456399957116446,.0842642688420027
varmiss,bjs_wtr,236,2,2.925498115830123,.0784611161833145
varmiss,dcdh,236,0,1.777986413777806,.0986503115574317
varmiss,dcdh,236,1,2.079409988229163,.1305681029896031
varmiss,dcdh,236,2,2.856670238636434,.1224812775131026
varmiss,lpdid,236,0,1.691595160304571,.1017294195745093
varmiss,lpdid,236,1,2.040178880207105,.1393058984750672
varmiss,lpdid,236,2,2.920908321487059,.1380222892931219
varmiss,lpdid_rw,236,0,1.777986696994468,.1023826239070882
varmiss,lpdid_rw,236,1,2.134952649718212,.1446626367489372
varmiss,lpdid_rw,236,2,2.810453563127746,.1378496757803997
varmiss,sa,236,0,1.84388281583109,.0879006159300945
varmiss,sa,236,1,2.538024987079556,.0920649446198799
varmiss,sa,236,2,3.192415923858068,.0962803210928882
varmiss,csdid,237,0,2.030960642955765,.0993804040547666
varmiss,csdid,237,1,2.734454114448436,.1134513349063636
varmiss,csdid,237,2,3.190209148590253,.1096969729731367
varmiss,jwdid,237,0,1.785759337295305,.066860828229526
varmiss,jwdid,237,1,2.696403735973282,.0811366700101699
varmiss,jwdid,237,2,3.397323943983263,.0806946422450249
varmiss,jwdid_uc,237,0,1.785759337295292,.0769795025977218
varmiss,jwdid_uc,237,1,2.696403735973278,.0935703253659141
varmiss,jwdid_uc,237,2,3.397323943983285,.0875729386649982
varmiss,bjs,237,0,1.810450556880824,.0688962434616134
varmiss,bjs,237,1,2.701299579130136,.0825405785458071
varmiss,bjs,237,2,3.393952165837618,.0820428958136721
varmiss,bjs_wtr,237,0,1.981084097922576,.071832772022855
varmiss,bjs_wtr,237,1,2.625582065535127,.0835739464865543
varmiss,bjs_wtr,237,2,3.181051603240121,.0852590888782576
varmiss,dcdh,237,0,1.673557196019683,.0944735138604235
varmiss,dcdh,237,1,2.313207889063866,.127754691062868
varmiss,dcdh,237,2,3.205807475045323,.1275479343638814
varmiss,lpdid,237,0,1.564056684316887,.0974927179594925
varmiss,lpdid,237,1,2.117819924661135,.1562164643986637
varmiss,lpdid,237,2,3.189309814466573,.1513301080391296
varmiss,lpdid_rw,237,0,1.67355771883883,.0992976671442956
varmiss,lpdid_rw,237,1,2.305757368816069,.1702554937561569
varmiss,lpdid_rw,237,2,3.105157541263752,.153878975084022
varmiss,sa,237,0,1.79611465982074,.0822556228101506
varmiss,sa,237,1,2.68599247489897,.1001176990271091
varmiss,sa,237,2,3.374659769673332,.1022645617271921
varmiss,csdid,238,0,2.125972618648353,.1020356175944379
varmiss,csdid,238,1,2.610906963552907,.1083319658988116
varmiss,csdid,238,2,3.032282948003763,.1065017713773804
varmiss,jwdid,238,0,1.943950844675248,.0705269575026522
varmiss,jwdid,238,1,2.657282432342991,.0807968834819632
varmiss,jwdid,238,2,3.238827953568731,.0766498205193808
varmiss,jwdid_uc,238,0,1.943950844675243,.0783171935662287
varmiss,jwdid_uc,238,1,2.657282432342983,.0900745217898287
varmiss,jwdid_uc,238,2,3.23882795356872,.085598360853296
varmiss,bjs,238,0,1.937637609922604,.07117912211483
varmiss,bjs,238,1,2.683981364381907,.0816796845309416
varmiss,bjs,238,2,3.241404655134829,.0773173856600409
varmiss,bjs_wtr,238,0,2.075320795427615,.0733128198744434
varmiss,bjs_wtr,238,1,2.626632357081689,.0815572215701651
varmiss,bjs_wtr,238,2,3.01616178562108,.0803319282530615
varmiss,dcdh,238,0,1.801395971941677,.0988297153909558
varmiss,dcdh,238,1,2.302379575521649,.1198085696296678
varmiss,dcdh,238,2,2.929492373026915,.1236870088837254
varmiss,lpdid,238,0,1.724646168610192,.1006722680765064
varmiss,lpdid,238,1,2.221101792394772,.1339850845505625
varmiss,lpdid,238,2,2.961849952620646,.1441922723495214
varmiss,lpdid_rw,238,0,1.801395607662783,.1019388623183327
varmiss,lpdid_rw,238,1,2.286888350671648,.1386372378289272
varmiss,lpdid_rw,238,2,2.754383503997359,.146735451877944
varmiss,sa,238,0,1.949116606120391,.0856282380241773
varmiss,sa,238,1,2.637518021234793,.0970200928410647
varmiss,sa,238,2,3.216060302644593,.1011818215860406
varmiss,csdid,239,0,2.05107228907783,.0985215952677361
varmiss,csdid,239,1,2.572466818957853,.1082400239228661
varmiss,csdid,239,2,3.001274471450898,.1084294138454386
varmiss,jwdid,239,0,1.855412618122326,.0680119407810375
varmiss,jwdid,239,1,2.611859126259005,.08150257510365
varmiss,jwdid,239,2,3.203027959201597,.0823884284775995
varmiss,jwdid_uc,239,0,1.855412618122328,.0806253015581383
varmiss,jwdid_uc,239,1,2.611859126259013,.0915027409826003
varmiss,jwdid_uc,239,2,3.203027959201607,.0898730034574688
varmiss,bjs,239,0,1.820965724044072,.0705186680494058
varmiss,bjs,239,1,2.581352296876048,.0827244915608453
varmiss,bjs,239,2,3.18958030007343,.083248377123055
varmiss,bjs_wtr,239,0,2.006311574488791,.0730191422515758
varmiss,bjs_wtr,239,1,2.481584475457566,.0829023323659245
varmiss,bjs_wtr,239,2,2.961387770890724,.0857271032306131
varmiss,dcdh,239,0,1.644223554182798,.0915231775848322
varmiss,dcdh,239,1,2.201931012968067,.1285634104752595
varmiss,dcdh,239,2,2.70355120357871,.1303579097905425
varmiss,lpdid,239,0,1.597676470186438,.0944818625478363
varmiss,lpdid,239,1,2.186099085371734,.1427552379351139
varmiss,lpdid,239,2,2.751674607265627,.1463684221031036
varmiss,lpdid_rw,239,0,1.64422324536348,.0944943581041217
varmiss,lpdid_rw,239,1,2.224093379981868,.1454425037396247
varmiss,lpdid_rw,239,2,2.58669876201744,.1475596496869541
varmiss,sa,239,0,1.884634434002274,.086664637984396
varmiss,sa,239,1,2.645839322577682,.0957840270348612
varmiss,sa,239,2,3.225385305207867,.1022397537591361
varmiss,csdid,240,0,2.101692918623399,.1051797130330375
varmiss,csdid,240,1,2.603838105617524,.1094878428512122
varmiss,csdid,240,2,3.127398559818162,.1051914731247608
varmiss,jwdid,240,0,1.980239888372591,.0711064935299464
varmiss,jwdid,240,1,2.712064749044991,.0799431544345358
varmiss,jwdid,240,2,3.352681226580149,.0765852619767976
varmiss,jwdid_uc,240,0,1.980239888372591,.0845293391021672
varmiss,jwdid_uc,240,1,2.712064749044986,.0888524927441366
varmiss,jwdid_uc,240,2,3.35268122658014,.0807024131281426
varmiss,bjs,240,0,1.955334450634837,.0727206015967915
varmiss,bjs,240,1,2.712647567273962,.0828044173836702
varmiss,bjs,240,2,3.353606479962764,.0775709217264754
varmiss,bjs_wtr,240,0,2.135655805223905,.0744877495430469
varmiss,bjs_wtr,240,1,2.661928486537363,.0855058631047178
varmiss,bjs_wtr,240,2,3.192431750208016,.0799767927526592
varmiss,dcdh,240,0,1.748314073313035,.0943291805360037
varmiss,dcdh,240,1,2.544700431083152,.1260556147693129
varmiss,dcdh,240,2,2.971627944357178,.1191489152839159
varmiss,lpdid,240,0,1.622613326643502,.0961733720443006
varmiss,lpdid,240,1,2.395616616551886,.1421941275826635
varmiss,lpdid,240,2,3.062711420619422,.1402968314813113
varmiss,lpdid_rw,240,0,1.748313950511773,.0988892096989188
varmiss,lpdid_rw,240,1,2.597369885541552,.1464142922452961
varmiss,lpdid_rw,240,2,2.971204142105452,.1411547183771813
varmiss,sa,240,0,1.9701011270324,.0897154780378095
varmiss,sa,240,1,2.693833381145009,.091859226528861
varmiss,sa,240,2,3.301554750292165,.0974331937701318
varmiss,csdid,241,0,1.914759294366105,.1046302998769595
varmiss,csdid,241,1,2.411528125052834,.1143382267748709
varmiss,csdid,241,2,2.908713364251725,.1125644527880074
varmiss,jwdid,241,0,1.680546442640014,.0688093807864226
varmiss,jwdid,241,1,2.506088763619648,.0803191103908726
varmiss,jwdid,241,2,3.18066138031653,.0803244658040838
varmiss,jwdid_uc,241,0,1.680546442640027,.0773429403662754
varmiss,jwdid_uc,241,1,2.506088763619674,.0898669085788543
varmiss,jwdid_uc,241,2,3.180661380316555,.0897437553121318
varmiss,bjs,241,0,1.671819015151414,.0706560631730459
varmiss,bjs,241,1,2.495715701479639,.0827817993846259
varmiss,bjs,241,2,3.194872038351605,.0818647559669806
varmiss,bjs_wtr,241,0,1.818271414704213,.0734578594756627
varmiss,bjs_wtr,241,1,2.396118487686181,.0837799415404195
varmiss,bjs_wtr,241,2,2.908362988964655,.0876541471328628
varmiss,dcdh,241,0,1.516058528608267,.092710819547156
varmiss,dcdh,241,1,2.003000471922933,.1367445316506914
varmiss,dcdh,241,2,2.744662464329439,.1331792773240804
varmiss,lpdid,241,0,1.418229281318835,.0963394087545744
varmiss,lpdid,241,1,1.91580106627686,.161344416908197
varmiss,lpdid,241,2,2.783888471380759,.1603491370847469
varmiss,lpdid_rw,241,0,1.516058955992588,.0973630469764095
varmiss,lpdid_rw,241,1,1.99570770192894,.1684876654947369
varmiss,lpdid_rw,241,2,2.5849171206707,.1602127910668108
varmiss,sa,241,0,1.657182725188259,.0817107365614167
varmiss,sa,241,1,2.483169607635708,.0982614600669359
varmiss,sa,241,2,3.164244681136596,.103773452625611
varmiss,csdid,242,0,1.944590095588497,.1079905112507731
varmiss,csdid,242,1,2.48662203842821,.1104646028190795
varmiss,csdid,242,2,3.043588886832,.1126912877485091
varmiss,jwdid,242,0,1.748701179842031,.0708600427202161
varmiss,jwdid,242,1,2.55690253606562,.0787747524907476
varmiss,jwdid,242,2,3.334880877864633,.0804072563704245
varmiss,jwdid_uc,242,0,1.748701179842045,.0829577323102953
varmiss,jwdid_uc,242,1,2.556902536065648,.0907167301855686
varmiss,jwdid_uc,242,2,3.334880877864651,.0893183510430523
varmiss,bjs,242,0,1.735496714569308,.0733559825288571
varmiss,bjs,242,1,2.57578101846957,.0809028831282051
varmiss,bjs,242,2,3.332852888317575,.0818127604386113
varmiss,bjs_wtr,242,0,1.950220546190394,.0768645168866421
varmiss,bjs_wtr,242,1,2.506591913188458,.0823449503904619
varmiss,bjs_wtr,242,2,3.022479738163383,.0885326827271657
varmiss,dcdh,242,0,1.587592559908601,.0989420851835344
varmiss,dcdh,242,1,2.246156730843085,.1195534211111047
varmiss,dcdh,242,2,2.924458564805961,.1376530336132533
varmiss,lpdid,242,0,1.497239055098434,.1003953911411
varmiss,lpdid,242,1,2.15748984279223,.1401540722405558
varmiss,lpdid,242,2,2.88966320242632,.1667820419278948
varmiss,lpdid_rw,242,0,1.58759237761337,.1027969542490768
varmiss,lpdid_rw,242,1,2.253087231215392,.1436049537581833
varmiss,lpdid_rw,242,2,2.736782161131114,.1700047202525029
varmiss,sa,242,0,1.710430425000055,.090703020315569
varmiss,sa,242,1,2.524082889412438,.0988251016144496
varmiss,sa,242,2,3.329655579930884,.1063562840837173
varmiss,csdid,243,0,2.164369023245872,.1086183397287824
varmiss,csdid,243,1,2.69472128735833,.117115935007379
varmiss,csdid,243,2,3.125169537921079,.1146497349972232
varmiss,jwdid,243,0,1.870357385820393,.0709368631724968
varmiss,jwdid,243,1,2.745574188622178,.0822251926672957
varmiss,jwdid,243,2,3.315285681093624,.0793894645520407
varmiss,jwdid_uc,243,0,1.870357385820394,.0835296164286933
varmiss,jwdid_uc,243,1,2.74557418862216,.0915549845515431
varmiss,jwdid_uc,243,2,3.315285681093604,.0876553060259219
varmiss,bjs,243,0,1.868596592700669,.0735489942405796
varmiss,bjs,243,1,2.774287537809869,.0847059056830907
varmiss,bjs,243,2,3.320365906456573,.0804097194738243
varmiss,bjs_wtr,243,0,2.067805633882926,.0762154235773837
varmiss,bjs_wtr,243,1,2.690126464847708,.0856706708315004
varmiss,bjs_wtr,243,2,3.089932527196652,.0847445460536541
varmiss,dcdh,243,0,1.767127197256353,.0971751377392031
varmiss,dcdh,243,1,2.462557517736777,.132623392346648
varmiss,dcdh,243,2,2.955529822525615,.1295794284865101
varmiss,lpdid,243,0,1.643409931282398,.1018372249872619
varmiss,lpdid,243,1,2.383803900054826,.1521216432349533
varmiss,lpdid,243,2,2.992862508209047,.1492799186284252
varmiss,lpdid_rw,243,0,1.767127238706749,.1040298887996087
varmiss,lpdid_rw,243,1,2.399481889374501,.1613915809762168
varmiss,lpdid_rw,243,2,2.84019595905434,.1509183019508008
varmiss,sa,243,0,1.90829680413306,.0898196520296053
varmiss,sa,243,1,2.776191700719243,.0996723914791775
varmiss,sa,243,2,3.359827776747159,.1036873991094847
varmiss,csdid,244,0,1.903549443066329,.1089780780694257
varmiss,csdid,244,1,2.61854535330266,.1154365625651895
varmiss,csdid,244,2,2.910321423324032,.1141620895332324
varmiss,jwdid,244,0,1.795967092732002,.0739290766353777
varmiss,jwdid,244,1,2.673007741785058,.080875461289799
varmiss,jwdid,244,2,3.15404858562127,.0796951047822465
varmiss,jwdid_uc,244,0,1.795967092731999,.0826873402388048
varmiss,jwdid_uc,244,1,2.67300774178505,.089517802174863
varmiss,jwdid_uc,244,2,3.154048585621267,.0873658960439863
varmiss,bjs,244,0,1.791288340520168,.0758697653608394
varmiss,bjs,244,1,2.682468946062727,.0816534369130041
varmiss,bjs,244,2,3.145304711013523,.0803686045330068
varmiss,bjs_wtr,244,0,1.904198020219155,.078388113350887
varmiss,bjs_wtr,244,1,2.641138464743563,.083003550497339
varmiss,bjs_wtr,244,2,2.937202408382291,.0846045134270891
varmiss,dcdh,244,0,1.67954784370361,.1086309519516385
varmiss,dcdh,244,1,2.418447155462449,.1344017230861571
varmiss,dcdh,244,2,3.078049192315298,.1320883197087813
varmiss,lpdid,244,0,1.566744405933238,.105207657970233
varmiss,lpdid,244,1,2.330541043145254,.1507784142060652
varmiss,lpdid,244,2,3.082945969404527,.156124096604446
varmiss,lpdid_rw,244,0,1.679548055296378,.111430923869726
varmiss,lpdid_rw,244,1,2.469378807624071,.1533714262153567
varmiss,lpdid_rw,244,2,3.007538284175967,.1574359095274785
varmiss,sa,244,0,1.819637912844327,.0917499524108028
varmiss,sa,244,1,2.702342166310331,.0975945541034418
varmiss,sa,244,2,3.207928278705039,.1042701531295098
varmiss,csdid,245,0,2.007831899863801,.1009432175725996
varmiss,csdid,245,1,2.403562775484367,.1090568846877535
varmiss,csdid,245,2,2.885606837812628,.1113414234771976
varmiss,jwdid,245,0,1.778117252883606,.0695997457267073
varmiss,jwdid,245,1,2.450596486296382,.079807604660987
varmiss,jwdid,245,2,3.161427506983981,.0793599649529064
varmiss,jwdid_uc,245,0,1.778117252883599,.0809809550979931
varmiss,jwdid_uc,245,1,2.450596486296377,.0908765031597015
varmiss,jwdid_uc,245,2,3.161427506983987,.0851453598507486
varmiss,bjs,245,0,1.762203240623421,.0705863569579841
varmiss,bjs,245,1,2.453427830856526,.0808595725613757
varmiss,bjs,245,2,3.160559200910939,.0805600025083539
varmiss,bjs_wtr,245,0,1.97808824861977,.0747059331723355
varmiss,bjs_wtr,245,1,2.414149483287474,.0822973048059499
varmiss,bjs_wtr,245,2,2.926218500779214,.0869959743812333
varmiss,dcdh,245,0,1.613746033083681,.0907565658315417
varmiss,dcdh,245,1,2.132534351377926,.1180712312452574
varmiss,dcdh,245,2,2.978052511703115,.1260262451814859
varmiss,lpdid,245,0,1.508335520500609,.0943752993958209
varmiss,lpdid,245,1,2.018446342009752,.128804429140649
varmiss,lpdid,245,2,2.987458301924405,.1387559185666865
varmiss,lpdid_rw,245,0,1.613745476546211,.095532619818166
varmiss,lpdid_rw,245,1,2.152657637308842,.1309007378752679
varmiss,lpdid_rw,245,2,2.865484729563397,.1421829793430693
varmiss,sa,245,0,1.775680958068735,.0861703346372891
varmiss,sa,245,1,2.437892396271256,.0954131672922977
varmiss,sa,245,2,3.154068672138917,.1014137872778358
varmiss,csdid,246,0,1.922845136014972,.0994293908683503
varmiss,csdid,246,1,2.294312388834064,.1069463403132267
varmiss,csdid,246,2,2.932671577854042,.1063058496950704
varmiss,jwdid,246,0,1.78835773044502,.0689863704315062
varmiss,jwdid,246,1,2.433026397062991,.0755181060098597
varmiss,jwdid,246,2,3.082950799042434,.0778720855344261
varmiss,jwdid_uc,246,0,1.788357730445018,.0769520014327846
varmiss,jwdid_uc,246,1,2.433026397062998,.0894108876430735
varmiss,jwdid_uc,246,2,3.082950799042433,.0866652168537178
varmiss,bjs,246,0,1.810074377693127,.0707144693223831
varmiss,bjs,246,1,2.412829730241356,.0771997809626266
varmiss,bjs,246,2,3.072287124523427,.0786636806245597
varmiss,bjs_wtr,246,0,1.9328103253265,.0718823768563454
varmiss,bjs_wtr,246,1,2.336914529937076,.078809403341818
varmiss,bjs_wtr,246,2,2.885983617292368,.0801371458872895
varmiss,dcdh,246,0,1.759644337097381,.0950221304377724
varmiss,dcdh,246,1,2.016680697280585,.1195283480565919
varmiss,dcdh,246,2,2.835671308866603,.1215212690320314
varmiss,lpdid,246,0,1.656296542673456,.0978918462309019
varmiss,lpdid,246,1,2.003341638230079,.1392620534566389
varmiss,lpdid,246,2,2.751662535921471,.1397402632772353
varmiss,lpdid_rw,246,0,1.759644211214803,.0983381352545426
varmiss,lpdid_rw,246,1,2.058388878599164,.1427724494918714
varmiss,lpdid_rw,246,2,2.641160878718179,.1407925913545313
varmiss,sa,246,0,1.818111998686449,.083416601452618
varmiss,sa,246,1,2.452871656746729,.0931430937556741
varmiss,sa,246,2,3.09449772949873,.0987166144617915
varmiss,csdid,247,0,2.092526184974846,.107133868984253
varmiss,csdid,247,1,2.698585553023917,.1128612327268776
varmiss,csdid,247,2,3.131056822227133,.1078288675965937
varmiss,jwdid,247,0,1.730149110389114,.0689220395924007
varmiss,jwdid,247,1,2.682303548948185,.0826606815884161
varmiss,jwdid,247,2,3.210233610770231,.077903884076593
varmiss,jwdid_uc,247,0,1.730149110389107,.0808989658575444
varmiss,jwdid_uc,247,1,2.682303548948161,.0913645792429771
varmiss,jwdid_uc,247,2,3.210233610770218,.083153565478328
varmiss,bjs,247,0,1.725375486169469,.0700785198522137
varmiss,bjs,247,1,2.681448965726304,.0838054482492666
varmiss,bjs,247,2,3.218378123812727,.0784674177237197
varmiss,bjs_wtr,247,0,1.961597466496642,.0742836960771563
varmiss,bjs_wtr,247,1,2.620944083577342,.0839710905214904
varmiss,bjs_wtr,247,2,3.058789906062884,.0810306930737532
varmiss,dcdh,247,0,1.74228763482944,.0897769537068018
varmiss,dcdh,247,1,2.43643187770885,.1325114712599376
varmiss,dcdh,247,2,3.056503062650658,.1259911834473299
varmiss,lpdid,247,0,1.648783428883456,.0938972550381357
varmiss,lpdid,247,1,2.392049989055485,.1494739520400401
varmiss,lpdid,247,2,3.115211058901934,.142588363993897
varmiss,lpdid_rw,247,0,1.742287980436447,.0954038585113625
varmiss,lpdid_rw,247,1,2.42610188814835,.147663613246794
varmiss,lpdid_rw,247,2,2.975038144377905,.1435445778114852
varmiss,sa,247,0,1.855468816345733,.0847808963279344
varmiss,sa,247,1,2.744662686907661,.0979495785655691
varmiss,sa,247,2,3.25983386790316,.1007800538910505
varmiss,csdid,248,0,1.971125806971374,.1036515712321128
varmiss,csdid,248,1,2.421138293617064,.1099385716655064
varmiss,csdid,248,2,2.878537262383909,.1087512561955883
varmiss,jwdid,248,0,1.80226315105775,.069703937382113
varmiss,jwdid,248,1,2.42770872589012,.0814794850524013
varmiss,jwdid,248,2,3.159131132775445,.0765003356472156
varmiss,jwdid_uc,248,0,1.802263151057763,.0796131594874047
varmiss,jwdid_uc,248,1,2.427708725890123,.0924722344622812
varmiss,jwdid_uc,248,2,3.15913113277547,.0861602215470424
varmiss,bjs,248,0,1.793897055304114,.0724660692523557
varmiss,bjs,248,1,2.422527516660921,.0832284743376366
varmiss,bjs,248,2,3.151196188358881,.0775836513730204
varmiss,bjs_wtr,248,0,1.93337231177884,.0757643431278138
varmiss,bjs_wtr,248,1,2.374445631405251,.0845781722359378
varmiss,bjs_wtr,248,2,2.880437869585876,.0834996059289789
varmiss,dcdh,248,0,1.738821255335237,.0948631160602957
varmiss,dcdh,248,1,2.097537901391553,.1240104369520756
varmiss,dcdh,248,2,2.93748944130295,.1245942479196716
varmiss,lpdid,248,0,1.614262724782405,.0986269618141483
varmiss,lpdid,248,1,2.024747746738383,.1404689803143909
varmiss,lpdid,248,2,2.778096727883157,.1500398143318093
varmiss,lpdid_rw,248,0,1.73882196565525,.1011526648401926
varmiss,lpdid_rw,248,1,2.129916023097081,.1423476137026641
varmiss,lpdid_rw,248,2,2.59690713954114,.1552186808623408
varmiss,sa,248,0,1.803954732346793,.086954233708392
varmiss,sa,248,1,2.457111150613795,.0983741281300222
varmiss,sa,248,2,3.218472664792899,.1054138895905905
varmiss,csdid,249,0,2.121723561308195,.1088311835541491
varmiss,csdid,249,1,2.530850273510701,.1140471292700203
varmiss,csdid,249,2,3.112652093409062,.1110164901783972
varmiss,jwdid,249,0,1.913208663182912,.0692827376666903
varmiss,jwdid,249,1,2.55949804033157,.0795170648509019
varmiss,jwdid,249,2,3.242536839958309,.0784856562915544
varmiss,jwdid_uc,249,0,1.91320866318291,.0800895025989173
varmiss,jwdid_uc,249,1,2.559498040331563,.0919760543427746
varmiss,jwdid_uc,249,2,3.24253683995831,.0838295962528694
varmiss,bjs,249,0,1.896134844811058,.0709781580010106
varmiss,bjs,249,1,2.56139176663055,.0807851228512371
varmiss,bjs,249,2,3.242579518566345,.0793680037280001
varmiss,bjs_wtr,249,0,2.076615898343789,.0735374721315484
varmiss,bjs_wtr,249,1,2.483200820643106,.0825462354855074
varmiss,bjs_wtr,249,2,3.077281139459956,.0828265311871152
varmiss,dcdh,249,0,1.867520720279966,.098427753486937
varmiss,dcdh,249,1,2.178643557351517,.1364324010830648
varmiss,dcdh,249,2,2.828483744558082,.1433702374537837
varmiss,lpdid,249,0,1.770585548863429,.1032798209005763
varmiss,lpdid,249,1,2.155003646128916,.1540064813702978
varmiss,lpdid,249,2,2.857061492301258,.1592930919711593
varmiss,lpdid_rw,249,0,1.867520525111839,.1037274890423524
varmiss,lpdid_rw,249,1,2.203624864188878,.15606539939187
varmiss,lpdid_rw,249,2,2.736528406803667,.1578318760700778
varmiss,sa,249,0,1.886330400426679,.0895808207555422
varmiss,sa,249,1,2.545107058131409,.1033733015548671
varmiss,sa,249,2,3.280654481015729,.1073792081011793
varmiss,csdid,250,0,1.931464816086824,.1037638472440618
varmiss,csdid,250,1,2.328943240878761,.1104524273218375
varmiss,csdid,250,2,2.852948459657739,.1160903195837216
varmiss,jwdid,250,0,1.83891469131028,.069522245650793
varmiss,jwdid,250,1,2.446108433553078,.0788223663336795
varmiss,jwdid,250,2,3.164814694857135,.0826381844642252
varmiss,jwdid_uc,250,0,1.838914691310289,.0780031984751488
varmiss,jwdid_uc,250,1,2.446108433553109,.0849424399498012
varmiss,jwdid_uc,250,2,3.164814694857149,.0914570750307056
varmiss,bjs,250,0,1.85487275712785,.0716825741747688
varmiss,bjs,250,1,2.41982190599083,.0810656441611091
varmiss,bjs,250,2,3.173727454583059,.0839696911186075
varmiss,bjs_wtr,250,0,2.021187640189055,.0757235744409802
varmiss,bjs_wtr,250,1,2.387697406731604,.0826150880787847
varmiss,bjs_wtr,250,2,2.937243072179626,.0889658699333268
varmiss,dcdh,250,0,1.654008589236066,.0951114104972526
varmiss,dcdh,250,1,1.978025915709324,.1233813694770516
varmiss,dcdh,250,2,2.82262891645357,.1309372481975515
varmiss,lpdid,250,0,1.568513207521933,.0956766697497889
varmiss,lpdid,250,1,1.902737194349466,.1431119417613531
varmiss,lpdid,250,2,2.808483163155632,.1592325001293266
varmiss,lpdid_rw,250,0,1.654009332790039,.0983130831001597
varmiss,lpdid_rw,250,1,2.01235623740161,.1467712446785084
varmiss,lpdid_rw,250,2,2.677372013186452,.1631083765535382
varmiss,sa,250,0,1.76926511153408,.0864547104858608
varmiss,sa,250,1,2.407830758266857,.0903318680235176
varmiss,sa,250,2,3.106654806136859,.1068158721821514
varmiss,csdid,251,0,2.063110204046693,.1069148747251132
varmiss,csdid,251,1,2.567977176183383,.1182799333763407
varmiss,csdid,251,2,3.013457249298254,.1115091720247471
varmiss,jwdid,251,0,1.874161504600044,.0710174767220867
varmiss,jwdid,251,1,2.583494133648204,.0850833140974663
varmiss,jwdid,251,2,3.211177866718456,.0843237441005397
varmiss,jwdid_uc,251,0,1.874161504600045,.0808698246306618
varmiss,jwdid_uc,251,1,2.583494133648188,.096100254600908
varmiss,jwdid_uc,251,2,3.211177866718435,.0932069602689181
varmiss,bjs,251,0,1.865821102670452,.0732378061350295
varmiss,bjs,251,1,2.613082082556502,.0871717162941572
varmiss,bjs,251,2,3.217303933617586,.0854932562167063
varmiss,bjs_wtr,251,0,2.038884654190042,.0780216586201273
varmiss,bjs_wtr,251,1,2.552617344525061,.0899388649171794
varmiss,bjs_wtr,251,2,2.986327072495214,.0892905922119821
varmiss,dcdh,251,0,1.743894064803393,.0975341163471651
varmiss,dcdh,251,1,2.244413925191981,.1384916995679967
varmiss,dcdh,251,2,2.976890791438513,.1354164880654551
varmiss,lpdid,251,0,1.669041813323254,.0999327211823189
varmiss,lpdid,251,1,2.117050252932054,.1533640627422335
varmiss,lpdid,251,2,2.964512937650834,.1533900045539848
varmiss,lpdid_rw,251,0,1.743893620557487,.101992481833763
varmiss,lpdid_rw,251,1,2.233085892164326,.1558466933512836
varmiss,lpdid_rw,251,2,2.743855381312515,.1568317860182789
varmiss,sa,251,0,1.914294395454863,.089521445559978
varmiss,sa,251,1,2.635808522980807,.1022854154927974
varmiss,sa,251,2,3.284503474590895,.104851339010285
varmiss,csdid,252,0,1.951782188728374,.0977833411238959
varmiss,csdid,252,1,2.523694236368777,.1114581169080042
varmiss,csdid,252,2,2.898083636059938,.1120959747865685
varmiss,jwdid,252,0,1.831888343947581,.0677857161309459
varmiss,jwdid,252,1,2.535089344591802,.0795640210681409
varmiss,jwdid,252,2,3.178402247249321,.082751141286364
varmiss,jwdid_uc,252,0,1.831888343947566,.0786204658370703
varmiss,jwdid_uc,252,1,2.535089344591798,.0934850429011126
varmiss,jwdid_uc,252,2,3.1784022472493,.0917845864321255
varmiss,bjs,252,0,1.834200781659092,.0691057874882898
varmiss,bjs,252,1,2.534272750490345,.0816392557350914
varmiss,bjs,252,2,3.175988335337024,.083874100611403
varmiss,bjs_wtr,252,0,1.982797064783881,.0707019458891644
varmiss,bjs_wtr,252,1,2.476801978955336,.0825851144265773
varmiss,bjs_wtr,252,2,2.930646123444603,.0872187827293667
varmiss,dcdh,252,0,1.652208543949964,.0896245781983586
varmiss,dcdh,252,1,2.089061188481397,.1253465995375357
varmiss,dcdh,252,2,2.923377844114939,.1244222578619601
varmiss,lpdid,252,0,1.546080984387973,.0943025026425301
varmiss,lpdid,252,1,1.884425241195749,.1438615352743478
varmiss,lpdid,252,2,2.903677613155958,.1466404695415159
varmiss,lpdid_rw,252,0,1.652208617696005,.0936877061043971
varmiss,lpdid_rw,252,1,2.063215574492981,.1453970079723869
varmiss,lpdid_rw,252,2,2.804058614755585,.1482999321779011
varmiss,sa,252,0,1.807873031264164,.084522908207463
varmiss,sa,252,1,2.536921846282595,.0979780701628209
varmiss,sa,252,2,3.177701753387488,.1054472157330625
varmiss,csdid,253,0,2.070424227334039,.1007516671171987
varmiss,csdid,253,1,2.510880461611125,.1083249269535648
varmiss,csdid,253,2,3.1949890370447,.1041252541009817
varmiss,jwdid,253,0,1.891777548620198,.068736198343176
varmiss,jwdid,253,1,2.548858460745905,.0807154670584061
varmiss,jwdid,253,2,3.388055193167428,.0791202537916379
varmiss,jwdid_uc,253,0,1.891777548620198,.0802447479200992
varmiss,jwdid_uc,253,1,2.548858460745895,.091696832101509
varmiss,jwdid_uc,253,2,3.388055193167419,.0858508866844527
varmiss,bjs,253,0,1.909550506021333,.0703052781350767
varmiss,bjs,253,1,2.562555718101066,.0821728611521972
varmiss,bjs,253,2,3.41239381795458,.0802423440895222
varmiss,bjs_wtr,253,0,2.059124539428012,.0721847464729465
varmiss,bjs_wtr,253,1,2.50714996473107,.0832704802241126
varmiss,bjs_wtr,253,2,3.142306618741713,.0874278660628985
varmiss,dcdh,253,0,1.774941531905163,.0932333767083801
varmiss,dcdh,253,1,2.263932363438571,.1266816211441291
varmiss,dcdh,253,2,3.05687270957775,.1283841023593967
varmiss,lpdid,253,0,1.648713323878849,.0977807852880524
varmiss,lpdid,253,1,2.131174777726118,.1407760117866791
varmiss,lpdid,253,2,3.068540290680188,.1434655673350192
varmiss,lpdid_rw,253,0,1.774940947427511,.0992364067068309
varmiss,lpdid_rw,253,1,2.283271312029259,.1438610673693669
varmiss,lpdid_rw,253,2,2.928844412768889,.1474043241902759
varmiss,sa,253,0,1.919342607342222,.0864181242454361
varmiss,sa,253,1,2.568762376118706,.0966266722373639
varmiss,sa,253,2,3.415442735423166,.0989890310302149
varmiss,csdid,254,0,1.938961154947515,.1086379604208662
varmiss,csdid,254,1,2.456124340119268,.1108342257811673
varmiss,csdid,254,2,2.947544958361483,.110458536073284
varmiss,jwdid,254,0,1.774380050061909,.0683077641364482
varmiss,jwdid,254,1,2.55803603003478,.0791134030895349
varmiss,jwdid,254,2,3.206707704903378,.0797023253928692
varmiss,jwdid_uc,254,0,1.774380050061908,.0797513124966719
varmiss,jwdid_uc,254,1,2.558036030034781,.0901005335093173
varmiss,jwdid_uc,254,2,3.206707704903362,.088463229021353
varmiss,bjs,254,0,1.753892885116329,.0700734317493322
varmiss,bjs,254,1,2.54597341349654,.0800347877156687
varmiss,bjs,254,2,3.202005500585074,.0813213283263053
varmiss,bjs_wtr,254,0,1.89629618678623,.0718149464835529
varmiss,bjs_wtr,254,1,2.435589193184569,.0798878094260657
varmiss,bjs_wtr,254,2,2.943468406054308,.0856943641786646
varmiss,dcdh,254,0,1.639699979853985,.0988612110781295
varmiss,dcdh,254,1,2.287298400415568,.127635997669466
varmiss,dcdh,254,2,3.034103072190599,.1285135335910947
varmiss,lpdid,254,0,1.487582188628953,.1009743762702634
varmiss,lpdid,254,1,2.186008302245249,.15260528948821
varmiss,lpdid,254,2,3.021791730967222,.1462853453913428
varmiss,lpdid_rw,254,0,1.639699764324008,.1047990798750726
varmiss,lpdid_rw,254,1,2.367879798654855,.1555918014555526
varmiss,lpdid_rw,254,2,2.892772625005295,.1469065973972651
varmiss,sa,254,0,1.778719733795867,.0867337567774452
varmiss,sa,254,1,2.564473905762005,.098045977741335
varmiss,sa,254,2,3.20882293792836,.1032228152027412
varmiss,csdid,255,0,1.980630860352162,.1096930202726468
varmiss,csdid,255,1,2.62623234961704,.1107045702225272
varmiss,csdid,255,2,3.066399217818743,.1086311336139457
varmiss,jwdid,255,0,1.887417263553331,.0702057149433712
varmiss,jwdid,255,1,2.685595762007676,.0768001614981367
varmiss,jwdid,255,2,3.401368796647646,.0728271860126649
varmiss,jwdid_uc,255,0,1.887417263553323,.0850260126354356
varmiss,jwdid_uc,255,1,2.685595762007696,.0902007486720476
varmiss,jwdid_uc,255,2,3.401368796647645,.0798999127384937
varmiss,bjs,255,0,1.881480080126494,.0713344613970952
varmiss,bjs,255,1,2.651681567445848,.0790499193515943
varmiss,bjs,255,2,3.399958179157693,.0737133669369542
varmiss,bjs_wtr,255,0,2.036090137265091,.0730075320870813
varmiss,bjs_wtr,255,1,2.582381656482539,.0809686277128154
varmiss,bjs_wtr,255,2,3.211259662020893,.0756715844680271
varmiss,dcdh,255,0,1.638187332139126,.1037992074239066
varmiss,dcdh,255,1,2.316419261013977,.1267493667503418
varmiss,dcdh,255,2,3.126927965990152,.1190729757142794
varmiss,lpdid,255,0,1.464447976764963,.1062989878215121
varmiss,lpdid,255,1,2.125482238995565,.151065171237772
varmiss,lpdid,255,2,3.030965481823297,.1371978588401637
varmiss,lpdid_rw,255,0,1.638187020837326,.1108508478398478
varmiss,lpdid_rw,255,1,2.381868250211927,.1561753975201222
varmiss,lpdid_rw,255,2,2.92185730600694,.1382099434149117
varmiss,sa,255,0,1.787705530118956,.0943614189451569
varmiss,sa,255,1,2.61051812832594,.097563740975495
varmiss,sa,255,2,3.329642594153022,.0976729222675931
varmiss,csdid,256,0,2.013476447059269,.1044203046511469
varmiss,csdid,256,1,2.497208614288731,.1112472995001514
varmiss,csdid,256,2,3.076766066257713,.109515151892596
varmiss,jwdid,256,0,1.745751161998657,.0716051033807401
varmiss,jwdid,256,1,2.430341760140496,.0821432036361565
varmiss,jwdid,256,2,3.2316652570798,.0787642124064341
varmiss,jwdid_uc,256,0,1.745751161998661,.0807629846867541
varmiss,jwdid_uc,256,1,2.430341760140502,.0897332132361304
varmiss,jwdid_uc,256,2,3.23166525707983,.08616406136875
varmiss,bjs,256,0,1.749022526102635,.072483426124463
varmiss,bjs,256,1,2.45675850763655,.0848256242412006
varmiss,bjs,256,2,3.2374997017032,.0796425615298233
varmiss,bjs_wtr,256,0,1.913072093255323,.0762738130364891
varmiss,bjs_wtr,256,1,2.415969511068397,.0861601854415555
varmiss,bjs_wtr,256,2,3.003535221832863,.0850705341720974
varmiss,dcdh,256,0,1.681116007944583,.0952067759895307
varmiss,dcdh,256,1,2.226000765801402,.124345002403895
varmiss,dcdh,256,2,2.963546508893311,.1286093085440942
varmiss,lpdid,256,0,1.60106572280618,.0977353413935831
varmiss,lpdid,256,1,2.149007990861302,.1352377436821961
varmiss,lpdid,256,2,2.941672886001653,.1474413861183874
varmiss,lpdid_rw,256,0,1.681116080410075,.0991688405221912
varmiss,lpdid_rw,256,1,2.221370701962858,.1502506730776634
varmiss,lpdid_rw,256,2,2.8131982159571,.1527662317182532
varmiss,sa,256,0,1.767362033091588,.0877323347623824
varmiss,sa,256,1,2.445781943332427,.0985698911294804
varmiss,sa,256,2,3.258704240378469,.1025373480095643
varmiss,csdid,257,0,1.999225654563944,.103757633685208
varmiss,csdid,257,1,2.402976191786458,.1052672651907711
varmiss,csdid,257,2,2.99944853541142,.1024081880318816
varmiss,jwdid,257,0,1.819466786095439,.0684211076475057
varmiss,jwdid,257,1,2.450690488250295,.0755172622644521
varmiss,jwdid,257,2,3.221444849059066,.0763344013401391
varmiss,jwdid_uc,257,0,1.819466786095447,.0786142786160615
varmiss,jwdid_uc,257,1,2.450690488250307,.088378930719682
varmiss,jwdid_uc,257,2,3.221444849059076,.0838005171999076
varmiss,bjs,257,0,1.829940642979068,.0696301730366202
varmiss,bjs,257,1,2.455266254139133,.0772678147169435
varmiss,bjs,257,2,3.236681351580046,.0779582160906554
varmiss,bjs_wtr,257,0,2.018286391057018,.0720396990493436
varmiss,bjs_wtr,257,1,2.395865275779215,.0792176055791463
varmiss,bjs_wtr,257,2,3.007522559339122,.0825047396326938
varmiss,dcdh,257,0,1.778740809410922,.0953051884720228
varmiss,dcdh,257,1,2.228825063285258,.1230408631310113
varmiss,dcdh,257,2,2.937689716900672,.1265734500361019
varmiss,lpdid,257,0,1.682856902533568,.0978021986045121
varmiss,lpdid,257,1,2.194408035907061,.1313653445479025
varmiss,lpdid,257,2,2.919169117420099,.1423683714091182
varmiss,lpdid_rw,257,0,1.778740912698514,.0994257494540093
varmiss,lpdid_rw,257,1,2.26485258452196,.1335429325475559
varmiss,lpdid_rw,257,2,2.81941313834123,.1459666747364871
varmiss,sa,257,0,1.868405372268314,.0852256570663116
varmiss,sa,257,1,2.501035366355348,.0927056744251537
varmiss,sa,257,2,3.269769295948783,.0989179573455858
varmiss,csdid,258,0,1.945640435115012,.1037242250153229
varmiss,csdid,258,1,2.479078544119627,.1123947815494343
varmiss,csdid,258,2,2.972532495688628,.1083950099121654
varmiss,jwdid,258,0,1.692953610205278,.0707178363289508
varmiss,jwdid,258,1,2.403383905557827,.0817048145605898
varmiss,jwdid,258,2,3.084296761473027,.0808158930002179
varmiss,jwdid_uc,258,0,1.692953610205254,.078485460970236
varmiss,jwdid_uc,258,1,2.403383905557811,.0939657898459929
varmiss,jwdid_uc,258,2,3.084296761473037,.0900043541220751
varmiss,bjs,258,0,1.688280769534686,.0726279636440968
varmiss,bjs,258,1,2.401857760049097,.083303966567324
varmiss,bjs,258,2,3.073000810703888,.0821039571523903
varmiss,bjs_wtr,258,0,1.850113728092765,.0761006744989759
varmiss,bjs_wtr,258,1,2.300252053590157,.0844438711838339
varmiss,bjs_wtr,258,2,2.839614240885567,.0864715164450814
varmiss,dcdh,258,0,1.563017782153892,.0991058344733169
varmiss,dcdh,258,1,2.057764007613898,.1340177183156132
varmiss,dcdh,258,2,2.821331820554204,.1354690699051777
varmiss,lpdid,258,0,1.486009977465412,.1000806960381561
varmiss,lpdid,258,1,1.868503311399511,.1481757681155218
varmiss,lpdid,258,2,2.786819057067081,.148913973648095
varmiss,lpdid_rw,258,0,1.563018110341405,.101920907205169
varmiss,lpdid_rw,258,1,2.046994714313682,.1526026055981542
varmiss,lpdid_rw,258,2,2.631950013366132,.1546662996083011
varmiss,sa,258,0,1.780519437526849,.0856665191615014
varmiss,sa,258,1,2.471538331648522,.1012995005694745
varmiss,sa,258,2,3.155873258438988,.1031961833377494
varmiss,csdid,259,0,2.029342842545603,.102508601696011
varmiss,csdid,259,1,2.387785725601427,.1045185828331192
varmiss,csdid,259,2,3.030109280657045,.1040799754456939
varmiss,jwdid,259,0,1.892266422367942,.0726662860996839
varmiss,jwdid,259,1,2.549365396028262,.0787909526852459
varmiss,jwdid,259,2,3.408506454086708,.0784775609595227
varmiss,jwdid_uc,259,0,1.892266422367948,.0814595002593743
varmiss,jwdid_uc,259,1,2.549365396028267,.0899364941828373
varmiss,jwdid_uc,259,2,3.408506454086688,.0875231895031575
varmiss,bjs,259,0,1.888903994473367,.0750221630985823
varmiss,bjs,259,1,2.558202938461363,.0806584184129564
varmiss,bjs,259,2,3.383566558477469,.0791645740660357
varmiss,bjs_wtr,259,0,2.08710258386418,.0796771150805616
varmiss,bjs_wtr,259,1,2.477415830194786,.0835448787940232
varmiss,bjs_wtr,259,2,3.083025409549009,.0820577726714964
varmiss,dcdh,259,0,1.672572750423219,.0917722474954533
varmiss,dcdh,259,1,2.198497757904478,.1259403095552169
varmiss,dcdh,259,2,2.980252717302474,.1211494464069215
varmiss,lpdid,259,0,1.612473256606032,.0943950758973292
varmiss,lpdid,259,1,2.108920059821945,.1396096797392508
varmiss,lpdid,259,2,2.945462262388579,.1350720377189227
varmiss,lpdid_rw,259,0,1.672572687127712,.0949127930296456
varmiss,lpdid_rw,259,1,2.113190834467854,.1386506469913407
varmiss,lpdid_rw,259,2,2.744511368147778,.1425287944244208
varmiss,sa,259,0,1.902126104173042,.0860270434896638
varmiss,sa,259,1,2.52595992569419,.0921226666787189
varmiss,sa,259,2,3.332814538957606,.0966860677709868
varmiss,csdid,260,0,1.906577736057282,.1038734907802953
varmiss,csdid,260,1,2.361714391848123,.1101709516731613
varmiss,csdid,260,2,2.850887048332154,.1105962826941534
varmiss,jwdid,260,0,1.853335782460014,.0705254729161958
varmiss,jwdid,260,1,2.483028357823486,.0764109114959578
varmiss,jwdid,260,2,3.119782121798864,.0803244697172689
varmiss,jwdid_uc,260,0,1.853335782460012,.0788313819697148
varmiss,jwdid_uc,260,1,2.483028357823493,.0856267997091482
varmiss,jwdid_uc,260,2,3.119782121798841,.0902582664336779
varmiss,bjs,260,0,1.846350723339128,.0730046257123666
varmiss,bjs,260,1,2.499116381970452,.0778270645913053
varmiss,bjs,260,2,3.103984595512429,.0814689463327141
varmiss,bjs_wtr,260,0,1.977570370318062,.0764848263922553
varmiss,bjs_wtr,260,1,2.429756608198659,.0807171902468242
varmiss,bjs_wtr,260,2,2.814981233062099,.0832415105310209
varmiss,dcdh,260,0,1.829955873092513,.0929392693097377
varmiss,dcdh,260,1,2.252862473601479,.1202653895431538
varmiss,dcdh,260,2,2.77149424641337,.1294131272146265
varmiss,lpdid,260,0,1.740458429147306,.0943739762015039
varmiss,lpdid,260,1,2.20245389046992,.133944858683508
varmiss,lpdid,260,2,2.869690516148458,.1515209143217328
varmiss,lpdid_rw,260,0,1.829956127672568,.0968255414090801
varmiss,lpdid_rw,260,1,2.294163378076754,.1368686818431143
varmiss,lpdid_rw,260,2,2.671148799929508,.152411565079906
varmiss,sa,260,0,1.806758932774836,.0851906904237859
varmiss,sa,260,1,2.436753594265256,.0901153631631841
varmiss,sa,260,2,3.071993050645504,.106848239708872
varmiss,csdid,261,0,2.015077631432692,.1040811589858972
varmiss,csdid,261,1,2.639252996474087,.1129380816909174
varmiss,csdid,261,2,2.97312226486402,.109150085284458
varmiss,jwdid,261,0,1.900638446859352,.0696560341214678
varmiss,jwdid,261,1,2.677938296488929,.0832243215254494
varmiss,jwdid,261,2,3.168307925832659,.0806646213347846
varmiss,jwdid_uc,261,0,1.900638446859352,.0769549613127634
varmiss,jwdid_uc,261,1,2.677938296488899,.0909992642396759
varmiss,jwdid_uc,261,2,3.168307925832653,.0876326670493772
varmiss,bjs,261,0,1.884549623322528,.0723809529119253
varmiss,bjs,261,1,2.680689540491585,.0850188000719554
varmiss,bjs,261,2,3.180174814024213,.0819243624752122
varmiss,bjs_wtr,261,0,2.020477901955928,.0740946963131506
varmiss,bjs_wtr,261,1,2.61399540520506,.0854241170235478
varmiss,bjs_wtr,261,2,2.974729439025396,.084663158099151
varmiss,dcdh,261,0,1.813539218609646,.098351506118282
varmiss,dcdh,261,1,2.380132282397513,.1339394171780077
varmiss,dcdh,261,2,2.824187347349695,.1301673938758115
varmiss,lpdid,261,0,1.742535003692574,.1002131772757458
varmiss,lpdid,261,1,2.374620303636445,.146121880052533
varmiss,lpdid,261,2,2.887094128840145,.1496615586030535
varmiss,lpdid_rw,261,0,1.813539251408974,.101047269111841
varmiss,lpdid_rw,261,1,2.454361218411781,.1475473334738857
varmiss,lpdid_rw,261,2,2.743064465731765,.148134069695455
varmiss,sa,261,0,1.862075839457659,.0840962375448138
varmiss,sa,261,1,2.633544785535356,.0984744877944633
varmiss,sa,261,2,3.11909155196014,.1037417222366714
varmiss,csdid,262,0,2.03471559239355,.1067282378002508
varmiss,csdid,262,1,2.571744453283499,.1132111537357817
varmiss,csdid,262,2,3.086241724034266,.1080907374178071
varmiss,jwdid,262,0,1.761954871071413,.0713404601797415
varmiss,jwdid,262,1,2.505199593345621,.0814909926190928
varmiss,jwdid,262,2,3.201676406438349,.0773806749073634
varmiss,jwdid_uc,262,0,1.76195487107142,.0800123796378304
varmiss,jwdid_uc,262,1,2.505199593345647,.0937668772165582
varmiss,jwdid_uc,262,2,3.201676406438366,.0856051023090351
varmiss,bjs,262,0,1.763537306964281,.0731593322480924
varmiss,bjs,262,1,2.504125335134177,.0825246893072129
varmiss,bjs,262,2,3.194312624480517,.0786113099366962
varmiss,bjs_wtr,262,0,1.911967850082874,.0758111875388898
varmiss,bjs_wtr,262,1,2.433083670096948,.0841729386294245
varmiss,bjs_wtr,262,2,2.966097607339179,.0822680638982368
varmiss,dcdh,262,0,1.669789022095763,.09657315135361
varmiss,dcdh,262,1,2.218837977281666,.1250041447784951
varmiss,dcdh,262,2,2.908648475232694,.1231928921797183
varmiss,lpdid,262,0,1.58976760545657,.0998384540051781
varmiss,lpdid,262,1,2.165699158341111,.1387910186820691
varmiss,lpdid,262,2,3.001647170273128,.1358456796357635
varmiss,lpdid_rw,262,0,1.66978885195575,.1006793438284897
varmiss,lpdid_rw,262,1,2.255191409521884,.1419744535462983
varmiss,lpdid_rw,262,2,2.880515268385767,.137499541877942
varmiss,sa,262,0,1.787347052274685,.0886647132409904
varmiss,sa,262,1,2.555696263272671,.1023999078716373
varmiss,sa,262,2,3.298109716277408,.0998338797785724
varmiss,csdid,263,0,1.960951784149705,.1066362708820962
varmiss,csdid,263,1,2.408396176036541,.1151600571002968
varmiss,csdid,263,2,2.795225605408768,.1133702526374135
varmiss,jwdid,263,0,1.853953888072005,.0707659716704399
varmiss,jwdid,263,1,2.643484646042221,.0820307254152972
varmiss,jwdid,263,2,3.144913215187768,.0801156709078298
varmiss,jwdid_uc,263,0,1.853953888071997,.0806557983526401
varmiss,jwdid_uc,263,1,2.643484646042227,.0927149833726542
varmiss,jwdid_uc,263,2,3.144913215187788,.0873509491144705
varmiss,bjs,263,0,1.879826169028092,.0720240947434452
varmiss,bjs,263,1,2.685746784196454,.0838400504204272
varmiss,bjs,263,2,3.158449648050009,.0810345685116589
varmiss,bjs_wtr,263,0,2.056077986529999,.0751798903388
varmiss,bjs_wtr,263,1,2.595966805654825,.0853770547124541
varmiss,bjs_wtr,263,2,2.930025580220899,.0859146420734015
varmiss,dcdh,263,0,1.747766188738795,.10117105817438
varmiss,dcdh,263,1,2.539175933340678,.1318508751370818
varmiss,dcdh,263,2,3.030319888319995,.1311910562726512
varmiss,lpdid,263,0,1.631417800082198,.1030717433079034
varmiss,lpdid,263,1,2.160204049409452,.1536297075749742
varmiss,lpdid,263,2,3.124642057967314,.1536219203053258
varmiss,lpdid_rw,263,0,1.747767025905209,.1058989801888495
varmiss,lpdid_rw,263,1,2.327663538219911,.1583662408896321
varmiss,lpdid_rw,263,2,3.016532477852964,.1565255363421821
varmiss,sa,263,0,1.816455496761812,.0897860715654528
varmiss,sa,263,1,2.626568015571204,.1004870055612988
varmiss,sa,263,2,3.134503098165782,.1020964768209177
varmiss,csdid,264,0,1.973010403404882,.1110297421439847
varmiss,csdid,264,1,2.539833202841389,.1152017139757669
varmiss,csdid,264,2,2.919966116666254,.1118520514721748
varmiss,jwdid,264,0,1.738349492557734,.0730378114282363
varmiss,jwdid,264,1,2.58650446023207,.0793726815806874
varmiss,jwdid,264,2,3.102131739331746,.0800378506045636
varmiss,jwdid_uc,264,0,1.738349492557729,.0818243322862895
varmiss,jwdid_uc,264,1,2.586504460232054,.0886111126962815
varmiss,jwdid_uc,264,2,3.10213173933173,.085969246811932
varmiss,bjs,264,0,1.747114636395054,.0744431812452486
varmiss,bjs,264,1,2.593678453547909,.0809373411217725
varmiss,bjs,264,2,3.100749047574936,.080720116613968
varmiss,bjs_wtr,264,0,1.91546440224829,.0788920869537879
varmiss,bjs_wtr,264,1,2.502931639282906,.0818158174190573
varmiss,bjs_wtr,264,2,2.933925955192535,.0834931080657622
varmiss,dcdh,264,0,1.692954103653802,.1019717281313279
varmiss,dcdh,264,1,2.193349344668923,.1319503875580038
varmiss,dcdh,264,2,2.889636790791938,.1264379501538412
varmiss,lpdid,264,0,1.58012401889182,.1051686574969964
varmiss,lpdid,264,1,2.162053761508862,.1498601200586689
varmiss,lpdid,264,2,2.883985476743963,.1433147532814414
varmiss,lpdid_rw,264,0,1.692954230351469,.1073782283454605
varmiss,lpdid_rw,264,1,2.233303618587713,.1536299863852237
varmiss,lpdid_rw,264,2,2.765171124044851,.1444535496495524
varmiss,sa,264,0,1.744324519198642,.0911134072649301
varmiss,sa,264,1,2.617706448153415,.1014240994875274
varmiss,sa,264,2,3.198062737798489,.1052202484157589
varmiss,csdid,265,0,2.148821218007859,.1048817511174157
varmiss,csdid,265,1,2.457895030988948,.110921358139044
varmiss,csdid,265,2,3.102916951791567,.1057923624320154
varmiss,jwdid,265,0,1.97392751619525,.0751435129964264
varmiss,jwdid,265,1,2.526729403894487,.083529256185058
varmiss,jwdid,265,2,3.22743532217234,.0799284152486599
varmiss,jwdid_uc,265,0,1.973927516195238,.0831047147973106
varmiss,jwdid_uc,265,1,2.526729403894491,.0910423270455293
varmiss,jwdid_uc,265,2,3.227435322172339,.0889542788571545
varmiss,bjs,265,0,1.980140304018278,.076353102028757
varmiss,bjs,265,1,2.542655280387407,.0847378864848742
varmiss,bjs,265,2,3.221147705655312,.0805052210719493
varmiss,bjs_wtr,265,0,2.122845345737005,.0791306572324187
varmiss,bjs_wtr,265,1,2.493496180188231,.0863878329056663
varmiss,bjs_wtr,265,2,3.011789623160439,.0836846355177569
varmiss,dcdh,265,0,1.785697229702085,.1047451473461387
varmiss,dcdh,265,1,2.271236473869883,.1312535396876714
varmiss,dcdh,265,2,2.85946295488036,.1285960569332866
varmiss,lpdid,265,0,1.684895312751798,.1068949775117163
varmiss,lpdid,265,1,2.075353760284262,.1458641288484967
varmiss,lpdid,265,2,2.798403898660164,.1431084465984834
varmiss,lpdid_rw,265,0,1.785697046942977,.1083957274898232
varmiss,lpdid_rw,265,1,2.191934153519705,.1472979110964836
varmiss,lpdid_rw,265,2,2.67208460452059,.1461029252478857
varmiss,sa,265,0,1.902889829956264,.0909805457075881
varmiss,sa,265,1,2.477790587880612,.0973172395807386
varmiss,sa,265,2,3.181110922893973,.1019431998532381
varmiss,csdid,266,0,2.152964081896331,.102690967805536
varmiss,csdid,266,1,2.601666022223319,.1104559026024477
varmiss,csdid,266,2,3.122035215395064,.1085602282511487
varmiss,jwdid,266,0,1.79737147853145,.0672854001314309
varmiss,jwdid,266,1,2.483704360954471,.0810176829363295
varmiss,jwdid,266,2,3.213237805237687,.0803334524576473
varmiss,jwdid_uc,266,0,1.797371478531444,.0782231680954692
varmiss,jwdid_uc,266,1,2.483704360954472,.0938093347704357
varmiss,jwdid_uc,266,2,3.213237805237672,.0902652331708731
varmiss,bjs,266,0,1.77724754278546,.0689967820908187
varmiss,bjs,266,1,2.477098296527402,.0829867587856131
varmiss,bjs,266,2,3.198044466415013,.0813175761936897
varmiss,bjs_wtr,266,0,1.976466428267884,.072457901159547
varmiss,bjs_wtr,266,1,2.434119891411683,.0852113182613272
varmiss,bjs_wtr,266,2,2.984381608446711,.0846002408492623
varmiss,dcdh,266,0,1.669336302980024,.0938743431666013
varmiss,dcdh,266,1,2.06463834255276,.1320634421000257
varmiss,dcdh,266,2,2.92032519736886,.1328192042792515
varmiss,lpdid,266,0,1.578111699155566,.0962594999394464
varmiss,lpdid,266,1,1.854804507083525,.1493560848053693
varmiss,lpdid,266,2,3.006118518243055,.1594766235656615
varmiss,lpdid_rw,266,0,1.669335757961858,.0982951715145316
varmiss,lpdid_rw,266,1,2.016776658509071,.154653165680585
varmiss,lpdid_rw,266,2,2.725694212588065,.1636089052267297
varmiss,sa,266,0,1.804179878561933,.0875983296493563
varmiss,sa,266,1,2.519687070896859,.102505108387066
varmiss,sa,266,2,3.275497024413678,.1055476540433858
varmiss,csdid,267,0,1.929003812239667,.1011188511786162
varmiss,csdid,267,1,2.395613515559931,.1086556181245566
varmiss,csdid,267,2,2.927815430324327,.1133130313378457
varmiss,jwdid,267,0,1.813194528713545,.0665946268982741
varmiss,jwdid,267,1,2.603280199956196,.0777022823207331
varmiss,jwdid,267,2,3.227180826752176,.0799623616635264
varmiss,jwdid_uc,267,0,1.813194528713545,.076282284420124
varmiss,jwdid_uc,267,1,2.603280199956204,.086914480006528
varmiss,jwdid_uc,267,2,3.227180826752201,.0896929435309802
varmiss,bjs,267,0,1.813501363509204,.0686563376107075
varmiss,bjs,267,1,2.610677430704527,.0787663055310567
varmiss,bjs,267,2,3.225102943535603,.0813014065308273
varmiss,bjs_wtr,267,0,1.964719515253819,.0720451425193614
varmiss,bjs_wtr,267,1,2.477666009617678,.0794534372659311
varmiss,bjs_wtr,267,2,2.922560005783453,.0852747980046076
varmiss,dcdh,267,0,1.773451333407802,.0941736218246721
varmiss,dcdh,267,1,2.371738639274386,.1243295480169721
varmiss,dcdh,267,2,3.122402540080197,.1221271797619556
varmiss,lpdid,267,0,1.647300534201149,.0988824565560191
varmiss,lpdid,267,1,2.265726868100328,.1461594629997793
varmiss,lpdid,267,2,3.183663837607889,.143737945294481
varmiss,lpdid_rw,267,0,1.773451597886378,.1005278672675446
varmiss,lpdid_rw,267,1,2.465655789938145,.1473876997113192
varmiss,lpdid_rw,267,2,3.015262468604805,.1476230958859613
varmiss,sa,267,0,1.820244971115831,.0832886055614092
varmiss,sa,267,1,2.611684393462835,.0944754950568414
varmiss,sa,267,2,3.239775774777422,.1037246460427813
varmiss,csdid,268,0,1.930820224504851,.1049795865116573
varmiss,csdid,268,1,2.269678135287708,.1109795482638602
varmiss,csdid,268,2,2.790170101797601,.1054661673919259
varmiss,jwdid,268,0,1.824806095142981,.0662931339296891
varmiss,jwdid,268,1,2.418213939546791,.0805090589284332
varmiss,jwdid,268,2,3.104550200230653,.0732927497007977
varmiss,jwdid_uc,268,0,1.824806095142972,.0785038932564164
varmiss,jwdid_uc,268,1,2.418213939546764,.091279031217382
varmiss,jwdid_uc,268,2,3.104550200230653,.0814233571110628
varmiss,bjs,268,0,1.835432384905289,.0679257622603407
varmiss,bjs,268,1,2.375734448392905,.0819165488985444
varmiss,bjs,268,2,3.113967303561367,.0742891872335889
varmiss,bjs_wtr,268,0,2.037718109917478,.0723242718897707
varmiss,bjs_wtr,268,1,2.325963590879837,.0829569033025
varmiss,bjs_wtr,268,2,2.948496441866155,.0781126075597844
varmiss,dcdh,268,0,1.620393651393275,.0927521782430015
varmiss,dcdh,268,1,2.09492018003878,.1287264704274632
varmiss,dcdh,268,2,2.801098260018739,.1264404142719529
varmiss,lpdid,268,0,1.515277307571117,.0947821039675859
varmiss,lpdid,268,1,1.948239712335323,.1429319662237014
varmiss,lpdid,268,2,2.807421717561717,.1391002706297676
varmiss,lpdid_rw,268,0,1.620393050277545,.0979808540194065
varmiss,lpdid_rw,268,1,2.075207769684731,.1478490325369999
varmiss,lpdid_rw,268,2,2.674129750102353,.1416354786079124
varmiss,sa,268,0,1.745642441468624,.0869318963989665
varmiss,sa,268,1,2.350786066821633,.0988006443485913
varmiss,sa,268,2,3.034993985097218,.0952936116064902
varmiss,csdid,269,0,2.033645969134638,.1046887205793868
varmiss,csdid,269,1,2.601877695589597,.109826685163574
varmiss,csdid,269,2,3.050114895364648,.1051999035434839
varmiss,jwdid,269,0,1.798635472577002,.0700792005615632
varmiss,jwdid,269,1,2.60641024195124,.0814031945002871
varmiss,jwdid,269,2,3.206462389229044,.081319995190416
varmiss,jwdid_uc,269,0,1.798635472577006,.0816066195362991
varmiss,jwdid_uc,269,1,2.60641024195125,.0923570842888543
varmiss,jwdid_uc,269,2,3.206462389229053,.0875003933697423
varmiss,bjs,269,0,1.795246953221067,.0711496603233062
varmiss,bjs,269,1,2.606856287013215,.0833170108364637
varmiss,bjs,269,2,3.198622671232442,.0818564607291949
varmiss,bjs_wtr,269,0,2.001041787789291,.0734184584526553
varmiss,bjs_wtr,269,1,2.574262536974857,.0854902094868808
varmiss,bjs_wtr,269,2,3.02311037670006,.085254205757275
varmiss,dcdh,269,0,1.653180162764094,.0955627585256152
varmiss,dcdh,269,1,2.162286286871324,.1278230418919236
varmiss,dcdh,269,2,2.994044632208722,.1245688411462712
varmiss,lpdid,269,0,1.56614052813333,.098811806719079
varmiss,lpdid,269,1,2.071768342657736,.1468127907158809
varmiss,lpdid,269,2,3.02048972259315,.1432415637762029
varmiss,lpdid_rw,269,0,1.653179346257197,.1005050051217185
varmiss,lpdid_rw,269,1,2.192804621288918,.1537018725665474
varmiss,lpdid_rw,269,2,2.920643176789215,.1445572029094664
varmiss,sa,269,0,1.853084399176028,.0834618578877643
varmiss,sa,269,1,2.576179439728511,.093582966756459
varmiss,sa,269,2,3.119985097392477,.0974016174384752
varmiss,csdid,270,0,1.957554268825212,.1100746066052481
varmiss,csdid,270,1,2.453439345688766,.110586240100484
varmiss,csdid,270,2,3.057056786546544,.104861809555119
varmiss,jwdid,270,0,1.800625459977736,.0739654656088637
varmiss,jwdid,270,1,2.606448368250643,.0793608770760012
varmiss,jwdid,270,2,3.2786699387556,.0767358245657128
varmiss,jwdid_uc,270,0,1.800625459977724,.0891147110588621
varmiss,jwdid_uc,270,1,2.606448368250638,.0933462253810092
varmiss,jwdid_uc,270,2,3.278669938755592,.0834969916563818
varmiss,bjs,270,0,1.820207911729085,.0749514870271009
varmiss,bjs,270,1,2.621173341724784,.0816137108110766
varmiss,bjs,270,2,3.279814994702974,.0777921665827698
varmiss,bjs_wtr,270,0,2.060849804369354,.0761462804353217
varmiss,bjs_wtr,270,1,2.554661503775719,.0832665529314022
varmiss,bjs_wtr,270,2,3.100887282831536,.0798316476198881
varmiss,dcdh,270,0,1.591856146224748,.1034598482315964
varmiss,dcdh,270,1,2.352484326203724,.1300262239017791
varmiss,dcdh,270,2,3.066930754211204,.1304439604633988
varmiss,lpdid,270,0,1.462753882954221,.110905686895399
varmiss,lpdid,270,1,2.210102812432773,.1490915502414398
varmiss,lpdid,270,2,3.058736251097602,.1427005352156899
varmiss,lpdid_rw,270,0,1.591855665147178,.1110701641932547
varmiss,lpdid_rw,270,1,2.308668994053731,.146502697318873
varmiss,lpdid_rw,270,2,2.944674869944928,.1464819256392918
varmiss,sa,270,0,1.751728632092759,.0997886450823401
varmiss,sa,270,1,2.591026401898069,.1011644851757873
varmiss,sa,270,2,3.291600066817799,.1017171069569634
varmiss,csdid,271,0,1.987250508117499,.0999694154780203
varmiss,csdid,271,1,2.431647073251338,.1049635798101105
varmiss,csdid,271,2,2.833083940730392,.1029524305662461
varmiss,jwdid,271,0,1.743403313915174,.0683430364969031
varmiss,jwdid,271,1,2.446185162169012,.0786628579145518
varmiss,jwdid,271,2,3.044693248211906,.0754332261675358
varmiss,jwdid_uc,271,0,1.743403313915192,.0764974705363328
varmiss,jwdid_uc,271,1,2.446185162169023,.0891580776602469
varmiss,jwdid_uc,271,2,3.044693248211916,.084177806445772
varmiss,bjs,271,0,1.746980278408842,.0693544640488727
varmiss,bjs,271,1,2.456651805468937,.0792854074519551
varmiss,bjs,271,2,3.063334861020849,.0763096655449205
varmiss,bjs_wtr,271,0,1.891313522227506,.0714309313409101
varmiss,bjs_wtr,271,1,2.372732354246182,.0799892012361384
varmiss,bjs_wtr,271,2,2.799856259618537,.0819218202342548
varmiss,dcdh,271,0,1.696478001727118,.0914901888417393
varmiss,dcdh,271,1,2.203847172954974,.1262849111795652
varmiss,dcdh,271,2,2.930357035920173,.1188523524203923
varmiss,lpdid,271,0,1.626131987162418,.0948722940194322
varmiss,lpdid,271,1,2.123703926130669,.139442728371261
varmiss,lpdid,271,2,2.897347414290831,.1356583820477631
varmiss,lpdid_rw,271,0,1.696477907900499,.0955898609503799
varmiss,lpdid_rw,271,1,2.209033823195296,.137613030678801
varmiss,lpdid_rw,271,2,2.750884454324607,.139247832340689
varmiss,sa,271,0,1.718275013497136,.0853219004065626
varmiss,sa,271,1,2.453121987044456,.0970332125524868
varmiss,sa,271,2,3.076835588864683,.0983373697823001
varmiss,csdid,272,0,1.840536352732013,.1060708256103338
varmiss,csdid,272,1,2.357974241068965,.1101502022057701
varmiss,csdid,272,2,2.984348148298535,.1083607331113144
varmiss,jwdid,272,0,1.724924218974273,.0691239508354495
varmiss,jwdid,272,1,2.598299338023403,.0816693381824487
varmiss,jwdid,272,2,3.272007100198357,.0777049344154391
varmiss,jwdid_uc,272,0,1.72492421897428,.0805017280073789
varmiss,jwdid_uc,272,1,2.598299338023393,.0923588216740467
varmiss,jwdid_uc,272,2,3.27200710019834,.0847291795820199
varmiss,bjs,272,0,1.718129858023531,.0708741336196234
varmiss,bjs,272,1,2.570794452414702,.083118547383162
varmiss,bjs,272,2,3.268222404527478,.0791506324329329
varmiss,bjs_wtr,272,0,2.001432349974493,.073976115334157
varmiss,bjs_wtr,272,1,2.510587605327601,.0827974472337421
varmiss,bjs_wtr,272,2,3.066917869000463,.0833394741923488
varmiss,dcdh,272,0,1.631711330352703,.0973486994940577
varmiss,dcdh,272,1,2.088205206907358,.1262186306868092
varmiss,dcdh,272,2,2.892314216624627,.1384260555186806
varmiss,lpdid,272,0,1.561961403906558,.101238699455767
varmiss,lpdid,272,1,2.103743412482858,.1444401549097294
varmiss,lpdid,272,2,2.954402560789574,.1570655575363898
varmiss,lpdid_rw,272,0,1.631710967506454,.101584180814405
varmiss,lpdid_rw,272,1,2.154612948980507,.1446442114411396
varmiss,lpdid_rw,272,2,2.77976284581254,.1617484791660901
varmiss,sa,272,0,1.717087325950672,.0909268854792526
varmiss,sa,272,1,2.607334849252954,.0973744277792104
varmiss,sa,272,2,3.276928180251198,.0968103699430525
varmiss,csdid,273,0,2.047281461932144,.1061852432827515
varmiss,csdid,273,1,2.679636748891293,.1089850886770433
varmiss,csdid,273,2,3.024371493783121,.1130277155398736
varmiss,jwdid,273,0,1.874288175490868,.0703875068535913
varmiss,jwdid,273,1,2.737427446179072,.0783841174660206
varmiss,jwdid,273,2,3.244024364144329,.0762981866766496
varmiss,jwdid_uc,273,0,1.874288175490868,.0793828367280204
varmiss,jwdid_uc,273,1,2.737427446179061,.0863957216046085
varmiss,jwdid_uc,273,2,3.244024364144316,.0851877229526686
varmiss,bjs,273,0,1.87977313183228,.0714399116840085
varmiss,bjs,273,1,2.719242418901558,.0796647438606475
varmiss,bjs,273,2,3.230738731217571,.0767997770755129
varmiss,bjs_wtr,273,0,2.046072666337068,.0751239764513257
varmiss,bjs_wtr,273,1,2.620420879416997,.0804955498380492
varmiss,bjs_wtr,273,2,3.001042234216584,.081632210791007
varmiss,dcdh,273,0,1.773402155117554,.1035371933222606
varmiss,dcdh,273,1,2.484439599344608,.1273022513303744
varmiss,dcdh,273,2,2.767863488934842,.1316774450696422
varmiss,lpdid,273,0,1.654408938802531,.1071428241085858
varmiss,lpdid,273,1,2.29595492299721,.1453858025413756
varmiss,lpdid,273,2,2.919052300629184,.155183852908077
varmiss,lpdid_rw,273,0,1.773401688565256,.109634081707047
varmiss,lpdid_rw,273,1,2.379231285309356,.1477319696326678
varmiss,lpdid_rw,273,2,2.746158346615736,.1595912948518536
varmiss,sa,273,0,1.80296348204293,.0918037970003058
varmiss,sa,273,1,2.728800150155195,.0967243177676766
varmiss,sa,273,2,3.259985859053146,.1032355302173403
varmiss,csdid,274,0,1.845471045681329,.1047904550357939
varmiss,csdid,274,1,2.289403241850811,.1093767091517692
varmiss,csdid,274,2,2.846779887653756,.1094871011907368
varmiss,jwdid,274,0,1.720040379776541,.0699830886712065
varmiss,jwdid,274,1,2.516997106257742,.0791085470604795
varmiss,jwdid,274,2,3.167220438358483,.0793088306126344
varmiss,jwdid_uc,274,0,1.720040379776546,.078931658705588
varmiss,jwdid_uc,274,1,2.516997106257749,.0927525769464536
varmiss,jwdid_uc,274,2,3.167220438358491,.0865645575049005
varmiss,bjs,274,0,1.735153861876142,.0711012584475156
varmiss,bjs,274,1,2.493067521897501,.0801944879326185
varmiss,bjs,274,2,3.158517009273055,.0801049010644131
varmiss,bjs_wtr,274,0,1.878048617017839,.0727467139256385
varmiss,bjs_wtr,274,1,2.365505162147429,.0805622111974673
varmiss,bjs_wtr,274,2,2.918664104654454,.0841758660503597
varmiss,dcdh,274,0,1.563163561307179,.0971615761693972
varmiss,dcdh,274,1,2.095308990260672,.1201188303345632
varmiss,dcdh,274,2,2.857854860564619,.1267989923404768
varmiss,lpdid,274,0,1.469517673982109,.0986163915898322
varmiss,lpdid,274,1,1.887565704665081,.1399338089783435
varmiss,lpdid,274,2,2.87465014893231,.1408688166557216
varmiss,lpdid_rw,274,0,1.563163719734447,.1007017375040972
varmiss,lpdid_rw,274,1,2.053355355683891,.1415949877343372
varmiss,lpdid_rw,274,2,2.689985770336511,.1432453235215276
varmiss,sa,274,0,1.692052069973546,.0871031067201971
varmiss,sa,274,1,2.496420706904137,.0998770274340074
varmiss,sa,274,2,3.152738054260563,.1032653058907781
varmiss,csdid,275,0,2.030835943128685,.1042124646664172
varmiss,csdid,275,1,2.387263127404608,.1075393703348225
varmiss,csdid,275,2,2.959385732522777,.1076149606710659
varmiss,jwdid,275,0,1.84573807895874,.0718732707219001
varmiss,jwdid,275,1,2.558498775993438,.0769904553992642
varmiss,jwdid,275,2,3.230448073411388,.0772010876894896
varmiss,jwdid_uc,275,0,1.845738078958735,.0812834572262516
varmiss,jwdid_uc,275,1,2.558498775993442,.0887483897821957
varmiss,jwdid_uc,275,2,3.230448073411385,.0869048848821001
varmiss,bjs,275,0,1.850903187981203,.0739742957661071
varmiss,bjs,275,1,2.545214173631393,.078077409280484
varmiss,bjs,275,2,3.241757307965599,.0780611652867151
varmiss,bjs_wtr,275,0,2.029268887385115,.0791268952011936
varmiss,bjs_wtr,275,1,2.516798649921839,.0789598088700017
varmiss,bjs_wtr,275,2,2.969067618687404,.0835445702355975
varmiss,dcdh,275,0,1.726441707599347,.0985349140413454
varmiss,dcdh,275,1,2.131596860264216,.1251308533316408
varmiss,dcdh,275,2,2.778090596825511,.129634309585005
varmiss,lpdid,275,0,1.645695336049512,.0987843297037891
varmiss,lpdid,275,1,1.981348851541278,.142289475386918
varmiss,lpdid,275,2,2.840680697960711,.1470107941656474
varmiss,lpdid_rw,275,0,1.726441972049936,.1018624505219847
varmiss,lpdid_rw,275,1,2.092629450277249,.1480523579366274
varmiss,lpdid_rw,275,2,2.686378203867429,.1496718271885359
varmiss,sa,275,0,1.830640308633329,.0868626761665782
varmiss,sa,275,1,2.527398917259264,.0947964720192238
varmiss,sa,275,2,3.178839983957026,.1015245136719971
varmiss,csdid,276,0,2.178604352856008,.1067725898897247
varmiss,csdid,276,1,2.501780961063408,.110393082193641
varmiss,csdid,276,2,3.017176549959305,.1133154113717609
varmiss,jwdid,276,0,1.860015297170054,.0690790439515116
varmiss,jwdid,276,1,2.510513200821515,.0778458202678897
varmiss,jwdid,276,2,3.237723908505021,.0792447208998316
varmiss,jwdid_uc,276,0,1.860015297170048,.0806741530231082
varmiss,jwdid_uc,276,1,2.510513200821519,.0851439730083165
varmiss,jwdid_uc,276,2,3.237723908505007,.0872146226131194
varmiss,bjs,276,0,1.84186202980618,.0707895590453527
varmiss,bjs,276,1,2.480405336493277,.0800085866627554
varmiss,bjs,276,2,3.208999211012269,.0805175427838641
varmiss,bjs_wtr,276,0,2.05330602119011,.073831664620322
varmiss,bjs_wtr,276,1,2.465238197510189,.0813761217958595
varmiss,bjs_wtr,276,2,2.940776521951193,.086771107105759
varmiss,dcdh,276,0,1.832496188099448,.0925253935550766
varmiss,dcdh,276,1,2.124493946400709,.1268328257113825
varmiss,dcdh,276,2,2.997591090660427,.1356309271582792
varmiss,lpdid,276,0,1.732411764920629,.0973069370018708
varmiss,lpdid,276,1,2.066869470064222,.1386744887563633
varmiss,lpdid,276,2,2.93671598535067,.1576184027890224
varmiss,lpdid_rw,276,0,1.832495551657523,.098670068382489
varmiss,lpdid_rw,276,1,2.163366125593826,.1440055321644207
varmiss,lpdid_rw,276,2,2.744788273448705,.1613889870428839
varmiss,sa,276,0,1.854044932106698,.0900976166173777
varmiss,sa,276,1,2.542237637120407,.0910341288983005
varmiss,sa,276,2,3.304366128332041,.1052878172917843
varmiss,csdid,277,0,2.105418107435268,.1034064763635035
varmiss,csdid,277,1,2.651882667909936,.1068076826483447
varmiss,csdid,277,2,3.057176736464916,.107244527032936
varmiss,jwdid,277,0,1.850545581627034,.0672965727743701
varmiss,jwdid,277,1,2.656467693727291,.0773766140715314
varmiss,jwdid,277,2,3.206476253763639,.0753130029545088
varmiss,jwdid_uc,277,0,1.850545581627027,.0796766162201216
varmiss,jwdid_uc,277,1,2.656467693727276,.086634259923498
varmiss,jwdid_uc,277,2,3.206476253763642,.0847271201837339
varmiss,bjs,277,0,1.84463028756727,.0698071002026903
varmiss,bjs,277,1,2.682884505953552,.0787737369158959
varmiss,bjs,277,2,3.20007338324649,.076163614304604
varmiss,bjs_wtr,277,0,2.062177142225664,.0732498033408706
varmiss,bjs_wtr,277,1,2.616314054026589,.0795102005249653
varmiss,bjs_wtr,277,2,2.99460988087958,.0792246640835888
varmiss,dcdh,277,0,1.796484876881337,.0907673956835672
varmiss,dcdh,277,1,2.386581479943169,.1251203095234685
varmiss,dcdh,277,2,3.067914222076886,.1221428734988149
varmiss,lpdid,277,0,1.71844256256526,.0952787940056769
varmiss,lpdid,277,1,2.325472271891049,.1370397566410153
varmiss,lpdid,277,2,3.149706861373288,.1439574709163654
varmiss,lpdid_rw,277,0,1.796484907293158,.096023068377571
varmiss,lpdid_rw,277,1,2.410042835379595,.1388021177641029
varmiss,lpdid_rw,277,2,2.994316791433962,.1457946548804609
varmiss,sa,277,0,1.901444260622341,.0860451376450266
varmiss,sa,277,1,2.703505958199583,.0954262050047571
varmiss,sa,277,2,3.263918019954033,.1016627340626002
varmiss,csdid,278,0,1.935600046973272,.103401948228594
varmiss,csdid,278,1,2.502282364126311,.1150797189599683
varmiss,csdid,278,2,2.905364166423575,.114499577493857
varmiss,jwdid,278,0,1.895933389028376,.0674964624945885
varmiss,jwdid,278,1,2.654434456891028,.0831891598929419
varmiss,jwdid,278,2,3.172591553073634,.0799319335962712
varmiss,jwdid_uc,278,0,1.895933389028377,.0760274601957552
varmiss,jwdid_uc,278,1,2.654434456891027,.0902606862012847
varmiss,jwdid_uc,278,2,3.172591553073635,.0857503150594506
varmiss,bjs,278,0,1.890276088110113,.0690746991396846
varmiss,bjs,278,1,2.65943500087451,.0841209547659112
varmiss,bjs,278,2,3.179409338834375,.0808785484719276
varmiss,bjs_wtr,278,0,2.040647477952007,.0712498052739508
varmiss,bjs_wtr,278,1,2.59203053409874,.0849471218471627
varmiss,bjs_wtr,278,2,2.966079824489498,.0866967586700188
varmiss,dcdh,278,0,1.749868413958411,.0985659247746963
varmiss,dcdh,278,1,2.57787601202689,.1279002969184507
varmiss,dcdh,278,2,2.901799708066757,.1271820932335768
varmiss,lpdid,278,0,1.590565864411879,.0977156855384115
varmiss,lpdid,278,1,2.390878632754743,.1463100869200413
varmiss,lpdid,278,2,3.003999093944926,.1579095101516788
varmiss,lpdid_rw,278,0,1.749868017760515,.1036383542955795
varmiss,lpdid_rw,278,1,2.546616146672549,.156244806884469
varmiss,lpdid_rw,278,2,2.931295158247471,.1595118043490826
varmiss,sa,278,0,1.864605756626638,.0843137918189588
varmiss,sa,278,1,2.639040594586036,.098855895486134
varmiss,sa,278,2,3.195785638907984,.1016462994853646
varmiss,csdid,279,0,1.984859016830587,.1018036790394642
varmiss,csdid,279,1,2.564773968489379,.113003290415195
varmiss,csdid,279,2,2.959387510092485,.108793980226933
varmiss,jwdid,279,0,1.802102617541903,.0698052919424545
varmiss,jwdid,279,1,2.602714925589493,.0802462268154907
varmiss,jwdid,279,2,3.248198498658148,.0784876000242455
varmiss,jwdid_uc,279,0,1.802102617541901,.078747618293562
varmiss,jwdid_uc,279,1,2.602714925589483,.0899874348752034
varmiss,jwdid_uc,279,2,3.248198498658138,.0858729259553425
varmiss,bjs,279,0,1.834836008661568,.0713998006567174
varmiss,bjs,279,1,2.603464325926325,.0829387458810518
varmiss,bjs,279,2,3.262183952203486,.0794863196508675
varmiss,bjs_wtr,279,0,2.020545521022314,.0745252891697073
varmiss,bjs_wtr,279,1,2.551205521776865,.0858529483310902
varmiss,bjs_wtr,279,2,3.033373522397596,.0844927014249747
varmiss,dcdh,279,0,1.585685449880281,.0944369962880516
varmiss,dcdh,279,1,2.139407318514984,.1396240439731647
varmiss,dcdh,279,2,2.909680269131941,.1341437617846535
varmiss,lpdid,279,0,1.52400382704886,.0958302698435468
varmiss,lpdid,279,1,2.077365244345013,.1498033500584435
varmiss,lpdid,279,2,2.915860608138256,.1557026296679225
varmiss,lpdid_rw,279,0,1.585686174460552,.0967002227174396
varmiss,lpdid_rw,279,1,2.152108377387037,.1532959400261648
varmiss,lpdid_rw,279,2,2.765073879386617,.1574661169386374
varmiss,sa,279,0,1.796168057920143,.08389388955276
varmiss,sa,279,1,2.55728606160244,.0956870451632194
varmiss,sa,279,2,3.148810036213499,.1012562572626252
varmiss,csdid,280,0,2.133027854891817,.10423951034851
varmiss,csdid,280,1,2.615347188764726,.1094037222149876
varmiss,csdid,280,2,3.095077956243461,.1115008788185088
varmiss,jwdid,280,0,1.847906847668981,.071976242811183
varmiss,jwdid,280,1,2.469215547835921,.0798975390657902
varmiss,jwdid,280,2,3.304984846575402,.0826942240452838
varmiss,jwdid_uc,280,0,1.847906847668982,.0817141535973732
varmiss,jwdid_uc,280,1,2.469215547835923,.0906355144026349
varmiss,jwdid_uc,280,2,3.304984846575377,.09146459009882
varmiss,bjs,280,0,1.847402507850347,.0730890801566029
varmiss,bjs,280,1,2.489462048391943,.0813493134974867
varmiss,bjs,280,2,3.321023902884917,.0835153314633232
varmiss,bjs_wtr,280,0,2.00952733424856,.0756789049915378
varmiss,bjs_wtr,280,1,2.473318971922708,.0822689301475361
varmiss,bjs_wtr,280,2,3.049437807967479,.086677324352643
varmiss,dcdh,280,0,1.732897395386479,.0996706359585542
varmiss,dcdh,280,1,2.238024884222088,.1268160703006284
varmiss,dcdh,280,2,2.959525498154166,.1311580758387075
varmiss,lpdid,280,0,1.602513699319202,.1023250759679788
varmiss,lpdid,280,1,2.145721732502213,.1517139258782667
varmiss,lpdid,280,2,2.918611743377514,.1536468379034449
varmiss,lpdid_rw,280,0,1.732897044393123,.1057631984351181
varmiss,lpdid_rw,280,1,2.252463260252457,.1596377656164191
varmiss,lpdid_rw,280,2,2.783049055031289,.1546640129113175
varmiss,sa,280,0,1.845510675478118,.0881154275659524
varmiss,sa,280,1,2.483452877733401,.0982491664546281
varmiss,sa,280,2,3.372494642358717,.1083583177606155
varmiss,csdid,281,0,2.053810552891369,.1015371018843086
varmiss,csdid,281,1,2.568509457885671,.1132826307971985
varmiss,csdid,281,2,3.021643218182737,.1093063114687644
varmiss,jwdid,281,0,1.87133639400841,.0699215672970563
varmiss,jwdid,281,1,2.554409310118282,.0815061482873786
varmiss,jwdid,281,2,3.192086647539245,.0768499126167162
varmiss,jwdid_uc,281,0,1.871336394008409,.0822988630875343
varmiss,jwdid_uc,281,1,2.554409310118292,.0913869148954161
varmiss,jwdid_uc,281,2,3.192086647539259,.0851177958317262
varmiss,bjs,281,0,1.869120998409926,.0720423722691463
varmiss,bjs,281,1,2.568146213778562,.0837537786201625
varmiss,bjs,281,2,3.20422591292845,.0776231346689406
varmiss,bjs_wtr,281,0,2.075165661764913,.0767877032368365
varmiss,bjs_wtr,281,1,2.547366807231811,.0853667615830346
varmiss,bjs_wtr,281,2,2.97472072499022,.08288009557512
varmiss,dcdh,281,0,1.819886711756214,.0888043509675885
varmiss,dcdh,281,1,2.335241117890368,.1283205986736542
varmiss,dcdh,281,2,2.990955836843705,.1205803401573439
varmiss,lpdid,281,0,1.724794605408081,.0937270428312093
varmiss,lpdid,281,1,2.197083047127423,.1413975638224158
varmiss,lpdid,281,2,3.074166133671009,.1383093842095881
varmiss,lpdid_rw,281,0,1.819886676506947,.0950755736864998
varmiss,lpdid_rw,281,1,2.276011668829344,.1432852243199616
varmiss,lpdid_rw,281,2,2.876387460411336,.1472040172513878
varmiss,sa,281,0,1.91069950097397,.0875738675309987
varmiss,sa,281,1,2.602671146418315,.0983294551731616
varmiss,sa,281,2,3.256670188852985,.0990748338673173
varmiss,csdid,282,0,2.022176912624566,.1028578833157204
varmiss,csdid,282,1,2.465978874128996,.109422812423883
varmiss,csdid,282,2,3.038749461993788,.1060840468034541
varmiss,jwdid,282,0,1.824647627759858,.0677013330817783
varmiss,jwdid,282,1,2.551729639994953,.0833065501095747
varmiss,jwdid,282,2,3.27099734094452,.0825648455789243
varmiss,jwdid_uc,282,0,1.824647627759867,.0776667501682983
varmiss,jwdid_uc,282,1,2.551729639994947,.0927482492013391
varmiss,jwdid_uc,282,2,3.270997340944537,.0887111949562255
varmiss,bjs,282,0,1.813057829625905,.069232243479098
varmiss,bjs,282,1,2.521464202454808,.0850432084591081
varmiss,bjs,282,2,3.249567987144474,.0843550124145438
varmiss,bjs_wtr,282,0,1.980160706549214,.0735373216530972
varmiss,bjs_wtr,282,1,2.454536644778273,.0854124320168557
varmiss,bjs_wtr,282,2,3.043197580540436,.0899387662997324
varmiss,dcdh,282,0,1.734704092199503,.0934037829665304
varmiss,dcdh,282,1,2.358145427066941,.1307807356170644
varmiss,dcdh,282,2,3.01260032345195,.1269125068353618
varmiss,lpdid,282,0,1.633327248804786,.0951527221493544
varmiss,lpdid,282,1,2.278624626691146,.1481868398328774
varmiss,lpdid,282,2,3.021017770814835,.1415493258185259
varmiss,lpdid_rw,282,0,1.734704178879471,.0978903388491745
varmiss,lpdid_rw,282,1,2.414446827200364,.1515104885985111
varmiss,lpdid_rw,282,2,2.870636782358315,.1467385092463911
varmiss,sa,282,0,1.810907307130043,.0859066010234495
varmiss,sa,282,1,2.560861003715698,.1004343312870268
varmiss,sa,282,2,3.310910838934149,.1009539437049934
varmiss,csdid,283,0,1.993048976581412,.1079625509850354
varmiss,csdid,283,1,2.447696348777606,.1185549903217099
varmiss,csdid,283,2,2.955322128179707,.1113193626728547
varmiss,jwdid,283,0,1.785194940526006,.070442892242274
varmiss,jwdid,283,1,2.527860047127146,.0835658947913134
varmiss,jwdid,283,2,3.137831698687922,.0787646325948587
varmiss,jwdid_uc,283,0,1.785194940526001,.081506489293493
varmiss,jwdid_uc,283,1,2.52786004712713,.0968787955207704
varmiss,jwdid_uc,283,2,3.13783169868791,.087457808950965
varmiss,bjs,283,0,1.795641791066373,.0721459370007841
varmiss,bjs,283,1,2.525306184968031,.0856354565474668
varmiss,bjs,283,2,3.12638327507193,.0799161927271683
varmiss,bjs_wtr,283,0,1.983415516673631,.0764681327752493
varmiss,bjs_wtr,283,1,2.402738480128392,.0863891789187586
varmiss,bjs_wtr,283,2,2.923092588809595,.0828595976204448
varmiss,dcdh,283,0,1.514210033415488,.094609846696238
varmiss,dcdh,283,1,2.125682649671106,.1305380275976852
varmiss,dcdh,283,2,2.751066570761866,.1345218862130265
varmiss,lpdid,283,0,1.435182426543519,.0972035642395196
varmiss,lpdid,283,1,1.942916069991026,.149882820712912
varmiss,lpdid,283,2,2.850963263955645,.1519379729672736
varmiss,lpdid_rw,283,0,1.514210872485167,.0990756624370852
varmiss,lpdid_rw,283,1,2.050347182817696,.1506438715678034
varmiss,lpdid_rw,283,2,2.684649024092342,.1561295750682783
varmiss,sa,283,0,1.728576361683932,.0915276513848354
varmiss,sa,283,1,2.523820747434903,.1088459181040307
varmiss,sa,283,2,3.161469551792047,.1040157244997428
varmiss,csdid,284,0,1.925180315044869,.1057555374009616
varmiss,csdid,284,1,2.606895605411925,.1138446986404395
varmiss,csdid,284,2,3.145576503431434,.1031209838319264
varmiss,jwdid,284,0,1.743568293283193,.0712700258838658
varmiss,jwdid,284,1,2.529098579285992,.0790515359291538
varmiss,jwdid,284,2,3.245137475865906,.0728223532040121
varmiss,jwdid_uc,284,0,1.743568293283202,.0807146704265898
varmiss,jwdid_uc,284,1,2.529098579285995,.0893065665400725
varmiss,jwdid_uc,284,2,3.245137475865923,.0796445090302184
varmiss,bjs,284,0,1.735348573265583,.0732085349870838
varmiss,bjs,284,1,2.554045481301728,.0799437298234912
varmiss,bjs,284,2,3.251711926106509,.0738000871607807
varmiss,bjs_wtr,284,0,1.903091753756598,.0751334958143115
varmiss,bjs_wtr,284,1,2.525976165115935,.0816792244837678
varmiss,bjs_wtr,284,2,3.056135601655114,.077440706494586
varmiss,dcdh,284,0,1.782871739066324,.0989831282353476
varmiss,dcdh,284,1,2.302341295751269,.1365176268360347
varmiss,dcdh,284,2,3.002149812123161,.1207104548697371
varmiss,lpdid,284,0,1.682872248786436,.1014739968546631
varmiss,lpdid,284,1,2.262751342034028,.1521387196041203
varmiss,lpdid,284,2,3.151618700685328,.1372181676762091
varmiss,lpdid_rw,284,0,1.782871840679164,.1030368010274011
varmiss,lpdid_rw,284,1,2.456688429546936,.1526052473915869
varmiss,lpdid_rw,284,2,3.037204799449059,.1393196168946312
varmiss,sa,284,0,1.788117741423473,.0886044647335694
varmiss,sa,284,1,2.588106959811012,.0977601265946387
varmiss,sa,284,2,3.314464869262169,.094290218472745
varmiss,csdid,285,0,2.088393459498989,.1064943678239428
varmiss,csdid,285,1,2.555082071214644,.1124068432788483
varmiss,csdid,285,2,2.963752849321191,.1150406706859882
varmiss,jwdid,285,0,1.917483387027725,.0681523245737354
varmiss,jwdid,285,1,2.687438612891186,.0777182515247069
varmiss,jwdid,285,2,3.342253011828186,.0790680125189799
varmiss,jwdid_uc,285,0,1.917483387027712,.0807741491024953
varmiss,jwdid_uc,285,1,2.687438612891179,.0885681065671066
varmiss,jwdid_uc,285,2,3.342253011828166,.0882972860392693
varmiss,bjs,285,0,1.894029844152101,.0696814152576818
varmiss,bjs,285,1,2.677728224609382,.0794315013565075
varmiss,bjs,285,2,3.332577707788005,.0802522849908998
varmiss,bjs_wtr,285,0,2.102368900913007,.0727225020034956
varmiss,bjs_wtr,285,1,2.643885452940594,.0814787652678016
varmiss,bjs_wtr,285,2,3.032356792125938,.0846558222058257
varmiss,dcdh,285,0,1.775683967075455,.0950827362145763
varmiss,dcdh,285,1,2.339290193154349,.1319025144425594
varmiss,dcdh,285,2,2.992439082494608,.1352461846924003
varmiss,lpdid,285,0,1.684784710457016,.0993974815539237
varmiss,lpdid,285,1,2.343380541661813,.1454406492425796
varmiss,lpdid,285,2,3.010205886325668,.1576002861025054
varmiss,lpdid_rw,285,0,1.775683810671167,.1008435695398668
varmiss,lpdid_rw,285,1,2.439073738746484,.1475872786609465
varmiss,lpdid_rw,285,2,2.763976410620981,.1603509633463337
varmiss,sa,285,0,1.918825980551051,.0888663008302434
varmiss,sa,285,1,2.707588660934358,.0949616961935479
varmiss,sa,285,2,3.360463968317482,.1067402074347658
varmiss,csdid,286,0,1.988790007126554,.1023966821507292
varmiss,csdid,286,1,2.540583979512363,.1135116335470262
varmiss,csdid,286,2,3.133485382315924,.1142589873910909
varmiss,jwdid,286,0,1.81785880946452,.0710699806702983
varmiss,jwdid,286,1,2.641006465977264,.0766019721078093
varmiss,jwdid,286,2,3.375719946055498,.0768410694740529
varmiss,jwdid_uc,286,0,1.817858809464506,.0793823414641372
varmiss,jwdid_uc,286,1,2.641006465977268,.0900712959055751
varmiss,jwdid_uc,286,2,3.37571994605551,.0855545515055137
varmiss,bjs,286,0,1.845963451037278,.072601281313747
varmiss,bjs,286,1,2.636597140925005,.0775851538130537
varmiss,bjs,286,2,3.372143734100973,.0780829807305845
varmiss,bjs_wtr,286,0,1.97116963132612,.073882881564548
varmiss,bjs_wtr,286,1,2.572326811041421,.0790799560207826
varmiss,bjs_wtr,286,2,3.113611028413288,.0808262936623347
varmiss,dcdh,286,0,1.857069607582225,.1017350915483892
varmiss,dcdh,286,1,2.3799399663009,.1269070576409027
varmiss,dcdh,286,2,3.149128755418448,.1314029331021468
varmiss,lpdid,286,0,1.704814863664498,.1025409026813941
varmiss,lpdid,286,1,2.196264304167833,.1475386561749262
varmiss,lpdid,286,2,2.949849401753291,.1593627207873452
varmiss,lpdid_rw,286,0,1.857069667062137,.1064364827186362
varmiss,lpdid_rw,286,1,2.396200307723424,.1488382967225748
varmiss,lpdid_rw,286,2,2.850857846958249,.1564982447068139
varmiss,sa,286,0,1.838760824442152,.0860042494545181
varmiss,sa,286,1,2.689107461513179,.0994814386439271
varmiss,sa,286,2,3.461762070777335,.112196816378631
varmiss,csdid,287,0,1.998512338295121,.1022745123490908
varmiss,csdid,287,1,2.467494241999344,.1063986690287098
varmiss,csdid,287,2,3.018338773802607,.1073889769367268
varmiss,jwdid,287,0,1.863762922194343,.0706100661674037
varmiss,jwdid,287,1,2.45101083214438,.0800111668994045
varmiss,jwdid,287,2,3.254800023628312,.0787334112231212
varmiss,jwdid_uc,287,0,1.86376292219436,.0801278259119632
varmiss,jwdid_uc,287,1,2.451010832144391,.0917001918767884
varmiss,jwdid_uc,287,2,3.254800023628328,.0892442892054575
varmiss,bjs,287,0,1.858475826832546,.0719716022181254
varmiss,bjs,287,1,2.475045139166468,.0806104854082064
varmiss,bjs,287,2,3.254337748705439,.0797597971153649
varmiss,bjs_wtr,287,0,1.994598180440335,.073774121814117
varmiss,bjs_wtr,287,1,2.456101890362334,.0817219070005599
varmiss,bjs_wtr,287,2,3.021913869295531,.0825539410506758
varmiss,dcdh,287,0,1.716080835257657,.0974874364189501
varmiss,dcdh,287,1,2.206922167364973,.1296473924107164
varmiss,dcdh,287,2,2.796609532957897,.1269322507811545
varmiss,lpdid,287,0,1.608492355589667,.1002398536919226
varmiss,lpdid,287,1,2.132617401061692,.1440099108455002
varmiss,lpdid,287,2,2.805375176948397,.1447624550457728
varmiss,lpdid_rw,287,0,1.716080668357132,.102229786719531
varmiss,lpdid_rw,287,1,2.248161062771094,.1467723922540106
varmiss,lpdid_rw,287,2,2.690994454953848,.1455237879400658
varmiss,sa,287,0,1.911696307771236,.0851124894572459
varmiss,sa,287,1,2.47259422855616,.0974128239048402
varmiss,sa,287,2,3.267303662048612,.1019101971362527
varmiss,csdid,288,0,1.978758039258764,.1091755283848804
varmiss,csdid,288,1,2.508774683131635,.1139169769854827
varmiss,csdid,288,2,3.140454090855398,.112331712643156
varmiss,jwdid,288,0,1.903073553703325,.0727124402284183
varmiss,jwdid,288,1,2.67222300497551,.0822606303145899
varmiss,jwdid,288,2,3.31949469905472,.0789364416584919
varmiss,jwdid_uc,288,0,1.903073553703324,.0833272219835815
varmiss,jwdid_uc,288,1,2.672223004975496,.0905086379492181
varmiss,jwdid_uc,288,2,3.319494699054709,.0846034881454809
varmiss,bjs,288,0,1.915290974305208,.0740699140496547
varmiss,bjs,288,1,2.679803766004625,.084411515302174
varmiss,bjs,288,2,3.326521500872332,.0804158438621302
varmiss,bjs_wtr,288,0,2.081544521717205,.0761644929488616
varmiss,bjs_wtr,288,1,2.576948437319516,.0860782716499264
varmiss,bjs_wtr,288,2,3.143339071200899,.0852596003102705
varmiss,dcdh,288,0,1.633084992731481,.1026297131055501
varmiss,dcdh,288,1,2.26497170913249,.1368404086172978
varmiss,dcdh,288,2,2.883076665913658,.1370405935593039
varmiss,lpdid,288,0,1.539201809789099,.1053390470950348
varmiss,lpdid,288,1,2.128674557305017,.1633963735560292
varmiss,lpdid,288,2,2.873605467565251,.1561020775711399
varmiss,lpdid_rw,288,0,1.633084987758867,.1064054852373938
varmiss,lpdid_rw,288,1,2.309892282216974,.1682647616915307
varmiss,lpdid_rw,288,2,2.749057567369936,.1645803107416157
varmiss,sa,288,0,1.904315462971582,.0905459489361768
varmiss,sa,288,1,2.626860090129752,.0952385449264255
varmiss,sa,288,2,3.213750573587697,.0989815484092973
varmiss,csdid,289,0,2.236212630432326,.1031291052839923
varmiss,csdid,289,1,2.550645516052183,.1108015331735932
varmiss,csdid,289,2,3.06137832349614,.1093569519547244
varmiss,jwdid,289,0,1.960461983572839,.0697360651894018
varmiss,jwdid,289,1,2.52941920822079,.0795047307253156
varmiss,jwdid,289,2,3.200089463812217,.07875557335476
varmiss,jwdid_uc,289,0,1.960461983572839,.0810075350019596
varmiss,jwdid_uc,289,1,2.529419208220778,.0920615730074602
varmiss,jwdid_uc,289,2,3.200089463812205,.0855704518009314
varmiss,bjs,289,0,1.981913417566375,.0713124136716587
varmiss,bjs,289,1,2.547387311406055,.0818038110371891
varmiss,bjs,289,2,3.232136059250479,.079903688251189
varmiss,bjs_wtr,289,0,2.130210988550971,.0739863181528146
varmiss,bjs_wtr,289,1,2.522940278569877,.0828141492363736
varmiss,bjs_wtr,289,2,3.048965654546919,.082241724729425
varmiss,dcdh,289,0,1.918631129326892,.097247410102667
varmiss,dcdh,289,1,2.183014899270387,.1376187881111348
varmiss,dcdh,289,2,3.031600292235076,.1260549508312795
varmiss,lpdid,289,0,1.7997470149829,.0995987154813607
varmiss,lpdid,289,1,2.071898013825635,.1544306014619515
varmiss,lpdid,289,2,3.089421996567431,.1426443168390791
varmiss,lpdid_rw,289,0,1.918631813821199,.1020684464333426
varmiss,lpdid_rw,289,1,2.242786266026155,.1514445794083331
varmiss,lpdid_rw,289,2,2.984474776609575,.1453165022794339
varmiss,sa,289,0,1.970261543344008,.0888724317131862
varmiss,sa,289,1,2.555240022600948,.1011802980210269
varmiss,sa,289,2,3.260035796953049,.102836303016965
varmiss,csdid,290,0,1.967686821055757,.104476407881894
varmiss,csdid,290,1,2.64795477773765,.1102614048246495
varmiss,csdid,290,2,3.091697426930595,.1066662568873021
varmiss,jwdid,290,0,1.826789544920579,.0670605961462515
varmiss,jwdid,290,1,2.639192945090525,.0775064109877057
varmiss,jwdid,290,2,3.323219956663286,.0792453449451881
varmiss,jwdid_uc,290,0,1.826789544920585,.0778974293675083
varmiss,jwdid_uc,290,1,2.639192945090521,.0861291229128602
varmiss,jwdid_uc,290,2,3.323219956663292,.0879055400996796
varmiss,bjs,290,0,1.799541945791134,.0687384247943658
varmiss,bjs,290,1,2.633802344813375,.0788765545913851
varmiss,bjs,290,2,3.30787799769314,.0800388283175159
varmiss,bjs_wtr,290,0,1.950895550959103,.0707309979070451
varmiss,bjs_wtr,290,1,2.597021769212006,.0808493309337251
varmiss,bjs_wtr,290,2,3.058415737163159,.0840880272985092
varmiss,dcdh,290,0,1.615503621229378,.0917194214395011
varmiss,dcdh,290,1,2.363279888495892,.1272035617916259
varmiss,dcdh,290,2,2.902443028561346,.1234142247270731
varmiss,lpdid,290,0,1.500543862607139,.0933183843043982
varmiss,lpdid,290,1,2.266189276330624,.1417266465680337
varmiss,lpdid,290,2,2.925475853663387,.1411526168745391
varmiss,lpdid_rw,290,0,1.615503076712867,.0959627849810838
varmiss,lpdid_rw,290,1,2.381860111659011,.1522402231348243
varmiss,lpdid_rw,290,2,2.798781853834513,.1443057259833217
varmiss,sa,290,0,1.826756760673619,.0828750168587763
varmiss,sa,290,1,2.641865483412832,.0923935112910369
varmiss,sa,290,2,3.332650817151244,.1026759204185423
varmiss,csdid,291,0,2.01997552099994,.0992282548928352
varmiss,csdid,291,1,2.449328942074242,.1093650984605332
varmiss,csdid,291,2,3.086335249440248,.1058616751007058
varmiss,jwdid,291,0,1.897661576254229,.0667713167514645
varmiss,jwdid,291,1,2.634908026085199,.0829560025532272
varmiss,jwdid,291,2,3.382138571757585,.0792290648745331
varmiss,jwdid_uc,291,0,1.89766157625424,.07797976079866
varmiss,jwdid_uc,291,1,2.634908026085208,.0911746511439046
varmiss,jwdid_uc,291,2,3.382138571757598,.0889480756437065
varmiss,bjs,291,0,1.898072834410414,.0679551393967301
varmiss,bjs,291,1,2.663484537730255,.0843784510278424
varmiss,bjs,291,2,3.380431622968899,.0803725505113227
varmiss,bjs_wtr,291,0,2.112172738594381,.0713654430585198
varmiss,bjs_wtr,291,1,2.621509426629927,.0847772660998523
varmiss,bjs_wtr,291,2,3.115079126491764,.083166830961884
varmiss,dcdh,291,0,1.714927548228753,.09134634228287
varmiss,dcdh,291,1,2.325456782989578,.1249755471224139
varmiss,dcdh,291,2,2.873661347842376,.1218770844124601
varmiss,lpdid,291,0,1.625073765250952,.0927396772591159
varmiss,lpdid,291,1,2.245920041313105,.1413963022391926
varmiss,lpdid,291,2,2.893693773460235,.1409024879679674
varmiss,lpdid_rw,291,0,1.71492775662269,.0949255127063532
varmiss,lpdid_rw,291,1,2.361721168897936,.1448374939348616
varmiss,lpdid_rw,291,2,2.743944853682897,.1430443432525205
varmiss,sa,291,0,1.868102486717824,.0859798466522528
varmiss,sa,291,1,2.615700129654085,.0968380601906029
varmiss,sa,291,2,3.355035660887688,.1025704055585105
varmiss,csdid,292,0,1.890615204929651,.1020526998493343
varmiss,csdid,292,1,2.33426080682094,.106856009692864
varmiss,csdid,292,2,3.016831145948798,.109249997659534
varmiss,jwdid,292,0,1.892556559419409,.0720662703704766
varmiss,jwdid,292,1,2.589223196567287,.0772285539026925
varmiss,jwdid,292,2,3.301096968812705,.0764108893468881
varmiss,jwdid_uc,292,0,1.892556559419403,.0804733829820606
varmiss,jwdid_uc,292,1,2.589223196567277,.0890867327614843
varmiss,jwdid_uc,292,2,3.30109696881269,.0858417839530442
varmiss,bjs,292,0,1.91910641006325,.0733183816616825
varmiss,bjs,292,1,2.580406999279148,.0797487294280314
varmiss,bjs,292,2,3.333281138999155,.077512341127697
varmiss,bjs_wtr,292,0,2.100202978381276,.0765727807380233
varmiss,bjs_wtr,292,1,2.504296767889173,.0807117648764203
varmiss,bjs_wtr,292,2,3.093173784160172,.0824157866948588
varmiss,dcdh,292,0,1.771548580480757,.0994824514437899
varmiss,dcdh,292,1,2.309974543533134,.125328150963532
varmiss,dcdh,292,2,3.02040413617339,.1294411315332178
varmiss,lpdid,292,0,1.692212446563891,.1009040450274919
varmiss,lpdid,292,1,2.084090008711628,.1452784915807177
varmiss,lpdid,292,2,3.037638262828908,.145406993745831
varmiss,lpdid_rw,292,0,1.771548132999858,.1031375690492272
varmiss,lpdid_rw,292,1,2.315582080569106,.1527656459606034
varmiss,lpdid_rw,292,2,2.945594615607444,.1461585025924927
varmiss,sa,292,0,1.959081239213882,.0843849979398415
varmiss,sa,292,1,2.605195211539849,.0921302674566922
varmiss,sa,292,2,3.239359950410613,.1001089530293826
varmiss,csdid,293,0,1.888292549493466,.0977362432885251
varmiss,csdid,293,1,2.394120477375305,.1107111469052697
varmiss,csdid,293,2,3.033502378860705,.1070971258567985
varmiss,jwdid,293,0,1.721168857290017,.0656283244841922
varmiss,jwdid,293,1,2.442126255194493,.0810640768070901
varmiss,jwdid,293,2,3.260560558273074,.0797669697635669
varmiss,jwdid_uc,293,0,1.721168857290017,.0768448798001552
varmiss,jwdid_uc,293,1,2.442126255194488,.0927399866949476
varmiss,jwdid_uc,293,2,3.260560558273045,.0886562455368721
varmiss,bjs,293,0,1.756856654872536,.0677616631149962
varmiss,bjs,293,1,2.457052399951863,.083245899731798
varmiss,bjs,293,2,3.276483440982702,.0813718741048975
varmiss,bjs_wtr,293,0,1.913718521931514,.0700807376513322
varmiss,bjs_wtr,293,1,2.376727720871713,.0831736907532329
varmiss,bjs_wtr,293,2,2.989604531197983,.0851136938920555
varmiss,dcdh,293,0,1.647066107710342,.0940661125015751
varmiss,dcdh,293,1,2.278647375273479,.1266854141136677
varmiss,dcdh,293,2,3.131104992430112,.1199129422543879
varmiss,lpdid,293,0,1.500759851997227,.0959041920837925
varmiss,lpdid,293,1,2.006271758454001,.1527080788158635
varmiss,lpdid,293,2,3.08849956368833,.1420581661240491
varmiss,lpdid_rw,293,0,1.647066940091427,.1000358247759885
varmiss,lpdid_rw,293,1,2.185795066582696,.1636515355455766
varmiss,lpdid_rw,293,2,2.96718121971992,.1441539284277205
varmiss,sa,293,0,1.71475140773691,.0821514101135141
varmiss,sa,293,1,2.438474874198376,.0975103164759706
varmiss,sa,293,2,3.230107293388032,.1016864740204481
varmiss,csdid,294,0,1.967540990593101,.1076910386547082
varmiss,csdid,294,1,2.410793464252093,.1112488729990766
varmiss,csdid,294,2,3.003556912217577,.1084548584424568
varmiss,jwdid,294,0,1.710736993769686,.0686197403635072
varmiss,jwdid,294,1,2.397836716634671,.0787445577604225
varmiss,jwdid,294,2,3.118532621084805,.077799638493715
varmiss,jwdid_uc,294,0,1.710736993769695,.0772893055886816
varmiss,jwdid_uc,294,1,2.397836716634673,.0912971749099734
varmiss,jwdid_uc,294,2,3.118532621084825,.0853484756398388
varmiss,bjs,294,0,1.732212983144564,.0701657483016225
varmiss,bjs,294,1,2.416933693439205,.0804533297714971
varmiss,bjs,294,2,3.103540324627829,.078131654842477
varmiss,bjs_wtr,294,0,1.919224965549802,.0723954792617754
varmiss,bjs_wtr,294,1,2.370104081779573,.0809500730502059
varmiss,bjs_wtr,294,2,2.908793368464103,.0810851259345257
varmiss,dcdh,294,0,1.60723733776994,.0952252307643945
varmiss,dcdh,294,1,2.063473183043709,.1266784382209887
varmiss,dcdh,294,2,2.769069928023964,.1294825508535095
varmiss,lpdid,294,0,1.533978756418162,.0963719574919277
varmiss,lpdid,294,1,2.037846349785989,.1443861176043356
varmiss,lpdid,294,2,2.820200171267291,.1497847004310424
varmiss,lpdid_rw,294,0,1.607237270797379,.0980166780119953
varmiss,lpdid_rw,294,1,2.145770393543726,.150460672862631
varmiss,lpdid_rw,294,2,2.694896788357034,.1493808116047235
varmiss,sa,294,0,1.755096912299974,.0834920080087559
varmiss,sa,294,1,2.413031190607616,.0988975858544859
varmiss,sa,294,2,3.129444332142826,.1024912660400288
varmiss,csdid,295,0,2.033048978282193,.1035114027206553
varmiss,csdid,295,1,2.614054901091872,.1118746090796002
varmiss,csdid,295,2,2.972020731277605,.1076974312058528
varmiss,jwdid,295,0,1.834204513925164,.0691180376244145
varmiss,jwdid,295,1,2.606842847923348,.0803269768957359
varmiss,jwdid,295,2,3.161707329767792,.0770210013172331
varmiss,jwdid_uc,295,0,1.834204513925163,.0784752755524921
varmiss,jwdid_uc,295,1,2.606842847923343,.0939377019150143
varmiss,jwdid_uc,295,2,3.16170732976778,.0852691062610516
varmiss,bjs,295,0,1.853546061112866,.0710074614686015
varmiss,bjs,295,1,2.600618393371406,.0824142519454576
varmiss,bjs,295,2,3.16324702858401,.0776679312290604
varmiss,bjs_wtr,295,0,2.035640523503389,.0747510611540149
varmiss,bjs_wtr,295,1,2.539097911598219,.0831080773096883
varmiss,bjs_wtr,295,2,2.922752902130014,.0821065864543
varmiss,dcdh,295,0,1.752317976806815,.0968522437339358
varmiss,dcdh,295,1,2.244897727871347,.1271936619126572
varmiss,dcdh,295,2,2.989810689850775,.1331788878067981
varmiss,lpdid,295,0,1.649735191818252,.0989094268957063
varmiss,lpdid,295,1,2.058887321384426,.1491248426854592
varmiss,lpdid,295,2,2.927392561663049,.1467694327485322
varmiss,lpdid_rw,295,0,1.752318086182606,.1009106802498515
varmiss,lpdid_rw,295,1,2.231275617447189,.1534849566534494
varmiss,lpdid_rw,295,2,2.816587573270958,.1501807185730415
varmiss,sa,295,0,1.83969471132318,.085801866651834
varmiss,sa,295,1,2.601332208788503,.1004533500587368
varmiss,sa,295,2,3.160442444590402,.1020183435608513
varmiss,csdid,296,0,2.051662184988374,.1075282688669154
varmiss,csdid,296,1,2.61319162795743,.1113979591179676
varmiss,csdid,296,2,3.10578435426771,.109357563163148
varmiss,jwdid,296,0,1.812707504967262,.0702686364234269
varmiss,jwdid,296,1,2.532289558060351,.0799464641851476
varmiss,jwdid,296,2,3.23734068170983,.0845359787560034
varmiss,jwdid_uc,296,0,1.812707504967256,.0789053323586432
varmiss,jwdid_uc,296,1,2.532289558060341,.0922921840155178
varmiss,jwdid_uc,296,2,3.237340681709808,.0922303839031553
varmiss,bjs,296,0,1.810668841644656,.0723092693735529
varmiss,bjs,296,1,2.541084540182055,.0824475603526882
varmiss,bjs,296,2,3.252850090870197,.0855817843715722
varmiss,bjs_wtr,296,0,1.992757473526581,.0783775358106337
varmiss,bjs_wtr,296,1,2.504753742963658,.0841153162540924
varmiss,bjs_wtr,296,2,2.993327583004429,.0894884078767291
varmiss,dcdh,296,0,1.685764105793312,.0963556093394223
varmiss,dcdh,296,1,2.144572346488064,.1352700303769601
varmiss,dcdh,296,2,3.082692187103847,.1421275862992971
varmiss,lpdid,296,0,1.614679154560112,.0969422638983779
varmiss,lpdid,296,1,2.033445584365094,.152600637699425
varmiss,lpdid,296,2,3.023955351904402,.1595538363079659
varmiss,lpdid_rw,296,0,1.685763959454913,.0997916865073255
varmiss,lpdid_rw,296,1,2.122701580112111,.1551796629159047
varmiss,lpdid_rw,296,2,2.911284971527119,.1616011912727398
varmiss,sa,296,0,1.872682554829768,.0869422576618688
varmiss,sa,296,1,2.58094165572682,.0979723445426556
varmiss,sa,296,2,3.28497209760849,.1066019339221236
varmiss,csdid,297,0,1.999631813159624,.108287622326799
varmiss,csdid,297,1,2.58286164554371,.1151498124905696
varmiss,csdid,297,2,3.154938767875358,.1122008894449299
varmiss,jwdid,297,0,1.835439571585424,.0718915349574163
varmiss,jwdid,297,1,2.65128315201181,.0775987060649883
varmiss,jwdid,297,2,3.283804413651334,.0801462733885316
varmiss,jwdid_uc,297,0,1.835439571585418,.0837662104543162
varmiss,jwdid_uc,297,1,2.651283152011831,.0925228973825487
varmiss,jwdid_uc,297,2,3.283804413651353,.0871768047700655
varmiss,bjs,297,0,1.831662880445947,.0742650735178996
varmiss,bjs,297,1,2.619732343497162,.0800360130241618
varmiss,bjs,297,2,3.26490041334182,.0808180517243188
varmiss,bjs_wtr,297,0,2.02311436933087,.0756145599585221
varmiss,bjs_wtr,297,1,2.529166948006605,.0807144013287705
varmiss,bjs_wtr,297,2,3.04416143585695,.0838783292445456
varmiss,dcdh,297,0,1.839279938758029,.1001803346227056
varmiss,dcdh,297,1,2.388030915188203,.1425581145199259
varmiss,dcdh,297,2,3.114852628347101,.1279021611886109
varmiss,lpdid,297,0,1.744973092184567,.1040055603709714
varmiss,lpdid,297,1,2.24318966719574,.1594658716805556
varmiss,lpdid,297,2,3.142827288092082,.1474999211355439
varmiss,lpdid_rw,297,0,1.839279707388505,.1052063729595921
varmiss,lpdid_rw,297,1,2.360670060209922,.1603282033713775
varmiss,lpdid_rw,297,2,2.998640928512353,.1506342334450954
varmiss,sa,297,0,1.824169659142812,.0953272975043793
varmiss,sa,297,1,2.721594660412936,.1047399188011752
varmiss,sa,297,2,3.412187420311742,.1074612042583974
varmiss,csdid,298,0,1.949606213852289,.1028491857290859
varmiss,csdid,298,1,2.404730313577571,.1092205361733031
varmiss,csdid,298,2,2.945274012255512,.1037880032324277
varmiss,jwdid,298,0,1.680562597577616,.0710001361516403
varmiss,jwdid,298,1,2.430404406700734,.0775268601598043
varmiss,jwdid,298,2,3.115046529997265,.0745681293609747
varmiss,jwdid_uc,298,0,1.68056259757762,.0811704757250767
varmiss,jwdid_uc,298,1,2.43040440670074,.0882972282546353
varmiss,jwdid_uc,298,2,3.11504652999728,.0814327141323177
varmiss,bjs,298,0,1.72486983244562,.0729782344987104
varmiss,bjs,298,1,2.43759584343934,.0786406756108911
varmiss,bjs,298,2,3.113728383468697,.0757146335016943
varmiss,bjs_wtr,298,0,1.892852172324183,.0748881312492308
varmiss,bjs_wtr,298,1,2.392486180247943,.0808902118303137
varmiss,bjs_wtr,298,2,2.915418155200314,.077913563981028
varmiss,dcdh,298,0,1.66809581463409,.0977161978913486
varmiss,dcdh,298,1,2.326882239707367,.1337638615348491
varmiss,dcdh,298,2,2.831418855537573,.1279096066628221
varmiss,lpdid,298,0,1.565607318684032,.1026957321680829
varmiss,lpdid,298,1,2.238181582564577,.1535340257023184
varmiss,lpdid,298,2,2.902006632345397,.1540365707979544
varmiss,lpdid_rw,298,0,1.668095464580944,.1037342039507148
varmiss,lpdid_rw,298,1,2.436304275773399,.1621562695206527
varmiss,lpdid_rw,298,2,2.75736703493449,.1538690348285957
varmiss,sa,298,0,1.671939200673802,.090036048383878
varmiss,sa,298,1,2.468484491901,.0978956258880859
varmiss,sa,298,2,3.220835568410021,.098525385012153
varmiss,csdid,299,0,2.099056341324519,.0992947565546308
varmiss,csdid,299,1,2.561572403450922,.1112646128730384
varmiss,csdid,299,2,3.014013823882327,.1056793452787066
varmiss,jwdid,299,0,1.90823462381691,.0695183558167452
varmiss,jwdid,299,1,2.578560206103062,.0825240960974007
varmiss,jwdid,299,2,3.192094172735031,.0789899061522157
varmiss,jwdid_uc,299,0,1.908234623816895,.0777936387986783
varmiss,jwdid_uc,299,1,2.578560206103055,.0931017072977558
varmiss,jwdid_uc,299,2,3.192094172735009,.0850578180243627
varmiss,bjs,299,0,1.90569368127035,.0710753055224892
varmiss,bjs,299,1,2.616374712015386,.0845376416396802
varmiss,bjs,299,2,3.196234678929613,.0798397288075389
varmiss,bjs_wtr,299,0,2.04278090952721,.073653334892847
varmiss,bjs_wtr,299,1,2.557487615833452,.0859163912853641
varmiss,bjs_wtr,299,2,3.012755572664901,.0828953643232227
varmiss,dcdh,299,0,1.797642191961677,.0926921683339249
varmiss,dcdh,299,1,2.261039215992901,.1313319615240189
varmiss,dcdh,299,2,2.97211457591657,.1326282973327153
varmiss,lpdid,299,0,1.722028583290863,.0933855528121177
varmiss,lpdid,299,1,2.187090883039447,.1475519680258419
varmiss,lpdid,299,2,2.977838367346392,.1418886730094956
varmiss,lpdid_rw,299,0,1.797642264104554,.0955641480132858
varmiss,lpdid_rw,299,1,2.325592918766163,.1504782614054424
varmiss,lpdid_rw,299,2,2.879614529649682,.1471260877935236
varmiss,sa,299,0,1.908578075378286,.0863362408130719
varmiss,sa,299,1,2.592030628149236,.0953464291286766
varmiss,sa,299,2,3.171036040766656,.0961012981942634
varmiss,csdid,300,0,2.080380732249589,.1058413427092606
varmiss,csdid,300,1,2.582411642612497,.1130819776990348
varmiss,csdid,300,2,3.191586350388548,.1134589335827075
varmiss,jwdid,300,0,1.896455934625651,.0695048108941975
varmiss,jwdid,300,1,2.6460054897096,.0841550717822437
varmiss,jwdid,300,2,3.33474057985627,.0822468679979126
varmiss,jwdid_uc,300,0,1.896455934625655,.0807859676332222
varmiss,jwdid_uc,300,1,2.646005489709605,.0937699032125108
varmiss,jwdid_uc,300,2,3.334740579856279,.0887586171172602
varmiss,bjs,300,0,1.898050610874407,.0713941019132081
varmiss,bjs,300,1,2.633305568695505,.0850775974212369
varmiss,bjs,300,2,3.325688660948799,.0833395465053408
varmiss,bjs_wtr,300,0,2.077068784943776,.0749614732140862
varmiss,bjs_wtr,300,1,2.552837106210973,.0853399519483444
varmiss,bjs_wtr,300,2,3.134010800396936,.088215481447895
varmiss,dcdh,300,0,1.713040340201414,.0949812316897389
varmiss,dcdh,300,1,2.310412975007627,.1219014612920232
varmiss,dcdh,300,2,3.099629504165728,.1341604400390939
varmiss,lpdid,300,0,1.608112734849854,.0984157139275471
varmiss,lpdid,300,1,2.168494914173548,.1377640280028148
varmiss,lpdid,300,2,2.981390314191897,.1496649701451247
varmiss,lpdid_rw,300,0,1.713039895672815,.0989422620544698
varmiss,lpdid_rw,300,1,2.280754124333505,.1495472165048287
varmiss,lpdid_rw,300,2,2.870611855284886,.1549591829183287
varmiss,sa,300,0,1.873586795439704,.0894704136749933
varmiss,sa,300,1,2.635016389427426,.1018253817079028
varmiss,sa,300,2,3.324053954272317,.1023613819789294
varmiss,csdid,301,0,1.944098778576749,.1016050521067737
varmiss,csdid,301,1,2.412372209003869,.1051422460468338
varmiss,csdid,301,2,2.910813802720835,.1060491408022757
varmiss,jwdid,301,0,1.884336411934333,.0656746831780104
varmiss,jwdid,301,1,2.434825318648593,.0737532217320724
varmiss,jwdid,301,2,3.110595159425104,.0730804291334023
varmiss,jwdid_uc,301,0,1.884336411934329,.0763137692564436
varmiss,jwdid_uc,301,1,2.434825318648598,.0818829920410811
varmiss,jwdid_uc,301,2,3.110595159425106,.0802252223433729
varmiss,bjs,301,0,1.905249586357968,.067888472895736
varmiss,bjs,301,1,2.435450989563833,.0758933380994146
varmiss,bjs,301,2,3.123519406181003,.0738948402723584
varmiss,bjs_wtr,301,0,2.051300644467119,.0704130211322058
varmiss,bjs_wtr,301,1,2.442866870096623,.0766798635701158
varmiss,bjs_wtr,301,2,2.9283269343141,.0765955510518161
varmiss,dcdh,301,0,1.805536201960407,.0914509074036062
varmiss,dcdh,301,1,2.171859007764608,.1134351752840576
varmiss,dcdh,301,2,3.035514560192823,.1172317254497669
varmiss,lpdid,301,0,1.651150405594336,.0967554119373095
varmiss,lpdid,301,1,2.051905068383062,.130220142398983
varmiss,lpdid,301,2,3.082313465138921,.13987988549844
varmiss,lpdid_rw,301,0,1.805536132236314,.0983985742832258
varmiss,lpdid_rw,301,1,2.271948838370459,.1339635133468557
varmiss,lpdid_rw,301,2,3.004996169179373,.1402822986436764
varmiss,sa,301,0,1.878974688427097,.0844816814450624
varmiss,sa,301,1,2.446142801074405,.0880475957267303
varmiss,sa,301,2,3.122097294487748,.0943515555353936
varmiss,csdid,302,0,1.634184650242848,.1051160684928537
varmiss,csdid,302,1,2.406891924748598,.1116186595810073
varmiss,csdid,302,2,2.863229270690558,.1102640030538801
varmiss,jwdid,302,0,1.789175719567502,.0718994310589366
varmiss,jwdid,302,1,2.599007350083242,.0817612205111383
varmiss,jwdid,302,2,3.275730614976315,.080846135871076
varmiss,jwdid_uc,302,0,1.789175719567505,.0810453149871193
varmiss,jwdid_uc,302,1,2.59900735008325,.0953945210501234
varmiss,jwdid_uc,302,2,3.275730614976354,.0882499356901359
varmiss,bjs,302,0,1.803313221207873,.0734028409468473
varmiss,bjs,302,1,2.577213304736233,.0830908482245806
varmiss,bjs,302,2,3.283243365345697,.0819451835672694
varmiss,bjs_wtr,302,0,1.93070069329201,.076649861618555
varmiss,bjs_wtr,302,1,2.512393924306934,.0859940531945558
varmiss,bjs_wtr,302,2,3.060405063173675,.0872172572287588
varmiss,dcdh,302,0,1.582800150018387,.0993015986363571
varmiss,dcdh,302,1,2.243918393128262,.1211447930496193
varmiss,dcdh,302,2,3.031143165199097,.1347186420482837
varmiss,lpdid,302,0,1.467814227284999,.1011826707682985
varmiss,lpdid,302,1,2.1256333896722,.1388890802933221
varmiss,lpdid,302,2,3.014592442264892,.1555245860650972
varmiss,lpdid_rw,302,0,1.582799831342782,.1036754683341083
varmiss,lpdid_rw,302,1,2.220102679026719,.1480233842276059
varmiss,lpdid_rw,302,2,2.930771682749714,.1585912142275962
varmiss,sa,302,0,1.768812782343747,.087508545188198
varmiss,sa,302,1,2.560656528972729,.0958737755945568
varmiss,sa,302,2,3.171342551205147,.0995135622955848
varmiss,csdid,303,0,1.965950150932821,.1114914301263589
varmiss,csdid,303,1,2.566400955012833,.1145858193508715
varmiss,csdid,303,2,2.904876224437974,.1160833564512493
varmiss,jwdid,303,0,1.900165727310239,.076963867756863
varmiss,jwdid,303,1,2.709801981426444,.0816407281933317
varmiss,jwdid,303,2,3.218682994217299,.0838806063868752
varmiss,jwdid_uc,303,0,1.90016572731025,.0859771366829835
varmiss,jwdid_uc,303,1,2.709801981426438,.0909007465657747
varmiss,jwdid_uc,303,2,3.218682994217316,.0917710519400301
varmiss,bjs,303,0,1.911583302968666,.0787643207037003
varmiss,bjs,303,1,2.708404999800678,.083237519219767
varmiss,bjs,303,2,3.206466667325003,.0852119612483189
varmiss,bjs_wtr,303,0,2.037143314637433,.0812245494488347
varmiss,bjs_wtr,303,1,2.661264795105581,.0845071979804309
varmiss,bjs_wtr,303,2,2.954971226499765,.089735211461845
varmiss,dcdh,303,0,1.610685974731761,.1063388793702955
varmiss,dcdh,303,1,2.248467083994221,.1335490623470908
varmiss,dcdh,303,2,2.812305901612462,.1379229665367703
varmiss,lpdid,303,0,1.515310137499519,.108699715079285
varmiss,lpdid,303,1,2.113210450079011,.1492120018355628
varmiss,lpdid,303,2,2.741494142163284,.1514433587097699
varmiss,lpdid_rw,303,0,1.610685722093227,.1101273343161315
varmiss,lpdid_rw,303,1,2.201259672870314,.1515168818105021
varmiss,lpdid_rw,303,2,2.609295572994833,.1545132852206517
varmiss,sa,303,0,1.86806558814309,.0929208211940773
varmiss,sa,303,1,2.642548542003785,.0977971303046626
varmiss,sa,303,2,3.136168411001677,.1087395484158428
varmiss,csdid,304,0,1.988138826173204,.104254013212543
varmiss,csdid,304,1,2.470307610279048,.1089940866324758
varmiss,csdid,304,2,2.891629825310227,.1095157523958968
varmiss,jwdid,304,0,1.832873022072151,.068985070113211
varmiss,jwdid,304,1,2.545117636852154,.080053298983512
varmiss,jwdid,304,2,3.168057564780172,.0824022974325333
varmiss,jwdid_uc,304,0,1.832873022072148,.0790529603619298
varmiss,jwdid_uc,304,1,2.545117636852177,.0869363005487545
varmiss,jwdid_uc,304,2,3.168057564780165,.0906889312631451
varmiss,bjs,304,0,1.837900576054381,.0700501615924293
varmiss,bjs,304,1,2.568769283920119,.0811136330034096
varmiss,bjs,304,2,3.161208216090017,.0834098919736135
varmiss,bjs_wtr,304,0,2.029633494201335,.0732217879411243
varmiss,bjs_wtr,304,1,2.527452898604679,.0822034149758265
varmiss,bjs_wtr,304,2,2.941898126155138,.0865655099532073
varmiss,dcdh,304,0,1.644500173048591,.095250949108085
varmiss,dcdh,304,1,2.319790391384224,.1291433260566275
varmiss,dcdh,304,2,2.62984395097454,.1276938600286699
varmiss,lpdid,304,0,1.564229637899743,.0980696029712469
varmiss,lpdid,304,1,2.11156281659646,.147461360441861
varmiss,lpdid,304,2,2.580842645919999,.1457634843284479
varmiss,lpdid_rw,304,0,1.644500164975264,.0982461236290198
varmiss,lpdid_rw,304,1,2.223521047346783,.1506152613127481
varmiss,lpdid_rw,304,2,2.457426311541522,.1484062534160124
varmiss,sa,304,0,1.816712773209029,.0866917730195766
varmiss,sa,304,1,2.527470800072634,.09376276418721
varmiss,sa,304,2,3.125429761782943,.1039031990981703
varmiss,csdid,305,0,1.977762876299571,.1056244220878778
varmiss,csdid,305,1,2.496375900645488,.1054430569052765
varmiss,csdid,305,2,2.984228572521323,.1025948248733825
varmiss,jwdid,305,0,1.790468203827091,.0703302609276939
varmiss,jwdid,305,1,2.617854563082655,.0786447597370773
varmiss,jwdid,305,2,3.227297414637441,.0803445387834172
varmiss,jwdid_uc,305,0,1.790468203827076,.0852834280751456
varmiss,jwdid_uc,305,1,2.617854563082644,.089958530157784
varmiss,jwdid_uc,305,2,3.227297414637428,.0878347333101105
varmiss,bjs,305,0,1.792827010714973,.0720493056126184
varmiss,bjs,305,1,2.630007538603877,.0807142208906465
varmiss,bjs,305,2,3.240960844152141,.0814162108616067
varmiss,bjs_wtr,305,0,2.024586929932411,.0732805894952692
varmiss,bjs_wtr,305,1,2.583711376637439,.0808079913095882
varmiss,bjs_wtr,305,2,3.03936528894701,.0838340561360462
varmiss,dcdh,305,0,1.663223123560893,.0946609981555663
varmiss,dcdh,305,1,2.295810705196113,.1267322477644743
varmiss,dcdh,305,2,3.029530528474599,.1169517784272972
varmiss,lpdid,305,0,1.554615246182881,.0985227734927114
varmiss,lpdid,305,1,2.303901711368902,.1368873675036028
varmiss,lpdid,305,2,3.06662144619093,.1287749602902287
varmiss,lpdid_rw,305,0,1.6632243681211,.1001257368595704
varmiss,lpdid_rw,305,1,2.356757056265792,.1365035915112121
varmiss,lpdid_rw,305,2,2.966596934513519,.1296802337845559
varmiss,sa,305,0,1.833489385181082,.0890593253583305
varmiss,sa,305,1,2.592269741597855,.0926855705063964
varmiss,sa,305,2,3.176588458579996,.0990911920414732
varmiss,csdid,306,0,2.015153530720585,.1052177150302625
varmiss,csdid,306,1,2.62782174997189,.1163857036804386
varmiss,csdid,306,2,3.155543170005913,.112501447392891
varmiss,jwdid,306,0,1.922584444175217,.0648581066556202
varmiss,jwdid,306,1,2.658376579161983,.0828199674505364
varmiss,jwdid,306,2,3.27826429451204,.0824409727924281
varmiss,jwdid_uc,306,0,1.922584444175231,.0777716047974513
varmiss,jwdid_uc,306,1,2.658376579162,.0932252278495107
varmiss,jwdid_uc,306,2,3.278264294512058,.0883072332036364
varmiss,bjs,306,0,1.915226146017176,.0659540056783154
varmiss,bjs,306,1,2.659074286697432,.0838496442824712
varmiss,bjs,306,2,3.272574241886105,.0827838454080364
varmiss,bjs_wtr,306,0,2.094300381533685,.0694921709093843
varmiss,bjs_wtr,306,1,2.639792725862208,.0837784642524637
varmiss,bjs_wtr,306,2,3.097677078190827,.084675644776309
varmiss,dcdh,306,0,1.729515121138814,.0910050222561589
varmiss,dcdh,306,1,2.302529133104326,.1182972334211807
varmiss,dcdh,306,2,2.851415074046714,.1402768462958964
varmiss,lpdid,306,0,1.618806419601583,.0934735761217078
varmiss,lpdid,306,1,2.195827860840417,.1305242686366691
varmiss,lpdid,306,2,2.829671606157356,.1591309641116179
varmiss,lpdid_rw,306,0,1.7295149910308,.0956826576696854
varmiss,lpdid_rw,306,1,2.339016852421083,.1294653677066036
varmiss,lpdid_rw,306,2,2.690923668749257,.1592315622596082
varmiss,sa,306,0,1.93560994441382,.0862897319159216
varmiss,sa,306,1,2.68251577787479,.1000280794696505
varmiss,sa,306,2,3.303047320173335,.1060959987938901
varmiss,csdid,307,0,1.993293975400723,.1033863983052686
varmiss,csdid,307,1,2.528469236130739,.1092172240818967
varmiss,csdid,307,2,3.043092828381091,.1066800633723003
varmiss,jwdid,307,0,1.833813560498214,.0713034864470398
varmiss,jwdid,307,1,2.55215161206664,.0794776044489015
varmiss,jwdid,307,2,3.306198462831869,.0781525772998919
varmiss,jwdid_uc,307,0,1.833813560498214,.0844015705165293
varmiss,jwdid_uc,307,1,2.552151612066647,.0910611376930597
varmiss,jwdid_uc,307,2,3.306198462831857,.085083171410922
varmiss,bjs,307,0,1.838291690788537,.0740291705158757
varmiss,bjs,307,1,2.506890154314533,.081818462415061
varmiss,bjs,307,2,3.283789970810176,.079440219750619
varmiss,bjs_wtr,307,0,2.052367686235812,.0787830972897591
varmiss,bjs_wtr,307,1,2.490728446677167,.0847417629553735
varmiss,bjs_wtr,307,2,3.072828152508009,.083038486534392
varmiss,dcdh,307,0,1.679487630400065,.0975609627293618
varmiss,dcdh,307,1,2.222306704199093,.1275171680985971
varmiss,dcdh,307,2,3.178384904192953,.1210162608094559
varmiss,lpdid,307,0,1.539774558452568,.1005288243088713
varmiss,lpdid,307,1,2.176039730431003,.1509554518164914
varmiss,lpdid,307,2,3.27410866180783,.1423793784579536
varmiss,lpdid_rw,307,0,1.679488164516088,.1043808254618156
varmiss,lpdid_rw,307,1,2.420485070615588,.1558252438513623
varmiss,lpdid_rw,307,2,3.118685416847951,.1454385382943434
varmiss,sa,307,0,1.77135001998633,.0926524319013778
varmiss,sa,307,1,2.511599030145093,.097455122152289
varmiss,sa,307,2,3.263137704279636,.1002847803327127
varmiss,csdid,308,0,2.05400102673708,.1024661777178062
varmiss,csdid,308,1,2.545157174410441,.1053276610774517
varmiss,csdid,308,2,2.988292397337396,.10698280386452
varmiss,jwdid,308,0,1.94955572518789,.0673909537214319
varmiss,jwdid,308,1,2.662300140089408,.077831537509838
varmiss,jwdid,308,2,3.279780468004147,.0762790450464599
varmiss,jwdid_uc,308,0,1.949555725187876,.0777414182312739
varmiss,jwdid_uc,308,1,2.662300140089398,.0884989458584172
varmiss,jwdid_uc,308,2,3.279780468004104,.0853409959853989
varmiss,bjs,308,0,1.941093482811993,.0694801817206246
varmiss,bjs,308,1,2.649929558450822,.0793872973041227
varmiss,bjs,308,2,3.262239008618053,.0770687813163509
varmiss,bjs_wtr,308,0,2.110768390944941,.071010703955965
varmiss,bjs_wtr,308,1,2.577477343897044,.0798404193510988
varmiss,bjs_wtr,308,2,2.979175268919789,.0814347632929136
varmiss,dcdh,308,0,1.768082708877162,.0936787212054239
varmiss,dcdh,308,1,2.247815644279176,.1215361888641797
varmiss,dcdh,308,2,2.969138054289148,.127798688425154
varmiss,lpdid,308,0,1.683999700364594,.094332110323123
varmiss,lpdid,308,1,2.173867368683172,.1370844639878478
varmiss,lpdid,308,2,2.830225606799139,.1509612971291092
varmiss,lpdid_rw,308,0,1.768082478038712,.0966138727422846
varmiss,lpdid_rw,308,1,2.276224099837931,.1376485549100157
varmiss,lpdid_rw,308,2,2.752474392707937,.1524443989117285
varmiss,sa,308,0,1.95761711109124,.0837293341805181
varmiss,sa,308,1,2.638771330682212,.0919766294186381
varmiss,sa,308,2,3.19358416295151,.0994361193818009
varmiss,csdid,309,0,2.14527861532012,.1069012827255336
varmiss,csdid,309,1,2.516430097671195,.106897858006987
varmiss,csdid,309,2,2.978481920981951,.1062688736078385
varmiss,jwdid,309,0,1.87488307341269,.0738670348365568
varmiss,jwdid,309,1,2.484218700155157,.0769121977215627
varmiss,jwdid,309,2,3.196639932226797,.0777891560631478
varmiss,jwdid_uc,309,0,1.8748830734127,.083528988353553
varmiss,jwdid_uc,309,1,2.484218700155168,.0889240045660061
varmiss,jwdid_uc,309,2,3.196639932226809,.0856401957857467
varmiss,bjs,309,0,1.874091502457304,.0762943147043235
varmiss,bjs,309,1,2.453931629344879,.0782828738939491
varmiss,bjs,309,2,3.192622141104948,.0797319917008615
varmiss,bjs_wtr,309,0,2.020241522895958,.0782945202948533
varmiss,bjs_wtr,309,1,2.411188588303048,.0792051503753989
varmiss,bjs_wtr,309,2,2.967532219008717,.0843273119414422
varmiss,dcdh,309,0,1.724837022659137,.1033266289068484
varmiss,dcdh,309,1,2.142539207402329,.1361380088336367
varmiss,dcdh,309,2,2.894483293874197,.1240876428029569
varmiss,lpdid,309,0,1.634755010132645,.1054623093689362
varmiss,lpdid,309,1,2.028478685069782,.1563230031703295
varmiss,lpdid,309,2,2.893516581910346,.1460385225428003
varmiss,lpdid_rw,309,0,1.724836890901686,.1080300320865052
varmiss,lpdid_rw,309,1,2.159812847348523,.1571582766367649
varmiss,lpdid_rw,309,2,2.750920646656501,.1491986719945955
varmiss,sa,309,0,1.91039312837553,.0909682096332202
varmiss,sa,309,1,2.518776572389808,.0977716037101941
varmiss,sa,309,2,3.258966568246287,.1024774573110646
varmiss,csdid,310,0,1.996582103696236,.1087032837149107
varmiss,csdid,310,1,2.310963705897483,.110612334880387
varmiss,csdid,310,2,2.92129517049758,.1089663363253866
varmiss,jwdid,310,0,1.908102542708414,.0692607484464809
varmiss,jwdid,310,1,2.45004397921553,.0779958054584535
varmiss,jwdid,310,2,3.096060340830415,.0795840209771671
varmiss,jwdid_uc,310,0,1.908102542708412,.0783080294998796
varmiss,jwdid_uc,310,1,2.45004397921552,.0866068498694996
varmiss,jwdid_uc,310,2,3.096060340830397,.0850148130927482
varmiss,bjs,310,0,1.898154561764386,.0711232769429811
varmiss,bjs,310,1,2.481721515730896,.0803179033062963
varmiss,bjs,310,2,3.103412023320004,.0804524546746025
varmiss,bjs_wtr,310,0,2.062034830207267,.0741286358656509
varmiss,bjs_wtr,310,1,2.411543505470036,.0809766615132549
varmiss,bjs_wtr,310,2,2.918110636967072,.0820670408515577
varmiss,dcdh,310,0,1.729962056997114,.0993466145173609
varmiss,dcdh,310,1,2.131854281790207,.125306184737502
varmiss,dcdh,310,2,2.913168137956665,.1216761739083212
varmiss,lpdid,310,0,1.626965905431127,.1010652498096439
varmiss,lpdid,310,1,2.00512940811729,.1365346220158543
varmiss,lpdid,310,2,2.775976047491355,.1418406413443843
varmiss,lpdid_rw,310,0,1.729962103615222,.1035979828764544
varmiss,lpdid_rw,310,1,2.017129398319681,.142108521914185
varmiss,lpdid_rw,310,2,2.696176512101053,.1434713951157517
varmiss,sa,310,0,1.911682459711429,.0844789633381039
varmiss,sa,310,1,2.434921663679129,.0927270211017671
varmiss,sa,310,2,3.064241997869161,.0998763063238032
varmiss,csdid,311,0,2.028766247655823,.1037477561150317
varmiss,csdid,311,1,2.384915077206754,.1152793872949305
varmiss,csdid,311,2,2.858720392460557,.1087905400487581
varmiss,jwdid,311,0,1.823643015355666,.0683563654376529
varmiss,jwdid,311,1,2.430190089739146,.0788350852592822
varmiss,jwdid,311,2,3.132834793575136,.0785070210159705
varmiss,jwdid_uc,311,0,1.823643015355653,.0752482229147131
varmiss,jwdid_uc,311,1,2.430190089739123,.0897093993039529
varmiss,jwdid_uc,311,2,3.132834793575111,.084626105343006
varmiss,bjs,311,0,1.808297548961491,.0698458315864358
varmiss,bjs,311,1,2.405361357497895,.0806241319821334
varmiss,bjs,311,2,3.123987016791943,.079707323333244
varmiss,bjs_wtr,311,0,1.970580246004829,.0730095555117161
varmiss,bjs_wtr,311,1,2.347666963651136,.083795061153733
varmiss,bjs_wtr,311,2,2.909207705641165,.0847146367896333
varmiss,dcdh,311,0,1.708878320665122,.096777610766241
varmiss,dcdh,311,1,2.027395261449737,.1348799876189591
varmiss,dcdh,311,2,2.878799443935847,.1412871455161666
varmiss,lpdid,311,0,1.630544842473631,.097672773116014
varmiss,lpdid,311,1,1.978077809107265,.1481105542983974
varmiss,lpdid,311,2,2.928308203797248,.1615697559091454
varmiss,lpdid_rw,311,0,1.708878134964106,.0995424160404835
varmiss,lpdid_rw,311,1,2.076307011774579,.1562006673814072
varmiss,lpdid_rw,311,2,2.769260133554049,.1628894075381671
varmiss,sa,311,0,1.850829765331172,.0829362116900384
varmiss,sa,311,1,2.454616497260059,.097570129490358
varmiss,sa,311,2,3.182869295368751,.1025796703967732
varmiss,csdid,312,0,2.134166478405088,.1061704302863896
varmiss,csdid,312,1,2.580181633925595,.1079121429291208
varmiss,csdid,312,2,3.167053551049874,.1059841327362348
varmiss,jwdid,312,0,1.90459992802955,.0690426649643403
varmiss,jwdid,312,1,2.623297273017206,.0788050187443543
varmiss,jwdid,312,2,3.347219562341274,.0787770111415822
varmiss,jwdid_uc,312,0,1.904599928029543,.0798895208807493
varmiss,jwdid_uc,312,1,2.623297273017199,.0873389399291565
varmiss,jwdid_uc,312,2,3.347219562341296,.0862083384065885
varmiss,bjs,312,0,1.892079526958696,.0708908859508537
varmiss,bjs,312,1,2.617574391355447,.0805945974521604
varmiss,bjs,312,2,3.344461676140781,.0791819093705103
varmiss,bjs_wtr,312,0,2.080491602646362,.076344588964641
varmiss,bjs_wtr,312,1,2.568046743788727,.0815042756018469
varmiss,bjs_wtr,312,2,3.110184194345493,.0829438272649007
varmiss,dcdh,312,0,1.743727130882576,.0979211499481551
varmiss,dcdh,312,1,2.116826220934386,.1235044950564478
varmiss,dcdh,312,2,3.040489623476126,.1248092062241679
varmiss,lpdid,312,0,1.657317470499905,.1010135668021507
varmiss,lpdid,312,1,1.943899069344661,.1401330007580303
varmiss,lpdid,312,2,2.937816718419058,.1408736409140923
varmiss,lpdid_rw,312,0,1.743726330614142,.1029970886347412
varmiss,lpdid_rw,312,1,2.053428660711194,.1432012917420468
varmiss,lpdid_rw,312,2,2.784802623719904,.144382143804009
varmiss,sa,312,0,1.92622958376199,.0881205319179074
varmiss,sa,312,1,2.620201875608386,.0947363251066737
varmiss,sa,312,2,3.35451601169839,.1037729521033197
varmiss,csdid,313,0,1.975664543042075,.1045544766489831
varmiss,csdid,313,1,2.528306300891809,.1109532511493054
varmiss,csdid,313,2,3.041844033818503,.1096815323890927
varmiss,jwdid,313,0,1.787273461566928,.0703477561771273
varmiss,jwdid,313,1,2.563157948518298,.0776591488811515
varmiss,jwdid,313,2,3.250034125747264,.0803811307655576
varmiss,jwdid_uc,313,0,1.787273461566925,.0772498213922985
varmiss,jwdid_uc,313,1,2.5631579485183,.0897579546751402
varmiss,jwdid_uc,313,2,3.250034125747274,.088731115521607
varmiss,bjs,313,0,1.801561164882514,.0734321738076898
varmiss,bjs,313,1,2.606792914084508,.0792392390704414
varmiss,bjs,313,2,3.281186428506771,.0814490456756912
varmiss,bjs_wtr,313,0,1.939622046498698,.0783526047327751
varmiss,bjs_wtr,313,1,2.544682958933663,.0823594606185932
varmiss,bjs_wtr,313,2,3.030892842543835,.0869051464711748
varmiss,dcdh,313,0,1.764026974969896,.0998359611560563
varmiss,dcdh,313,1,2.27315054873013,.1295304024619985
varmiss,dcdh,313,2,3.039873856998875,.1278082460461859
varmiss,lpdid,313,0,1.681050214038927,.1001340224966762
varmiss,lpdid,313,1,2.119243025582918,.1424256207279692
varmiss,lpdid,313,2,2.95389186195414,.14490968851352
varmiss,lpdid_rw,313,0,1.764026792673389,.1030275102095029
varmiss,lpdid_rw,313,1,2.198085210683172,.1504135745179476
varmiss,lpdid_rw,313,2,2.829024111779031,.1483617361023186
varmiss,sa,313,0,1.878583539538165,.084441458928547
varmiss,sa,313,1,2.639513147288204,.097406620593525
varmiss,sa,313,2,3.337160241420149,.102256810991814
varmiss,csdid,314,0,2.045936436714697,.1039272278919153
varmiss,csdid,314,1,2.523324737559494,.1130943460222305
varmiss,csdid,314,2,2.862302236754748,.1114827599245297
varmiss,jwdid,314,0,1.733131169050494,.070584331456294
varmiss,jwdid,314,1,2.566174611267222,.0792497751010274
varmiss,jwdid,314,2,3.152398770713029,.0786399648934497
varmiss,jwdid_uc,314,0,1.7331311690505,.0805244699070768
varmiss,jwdid_uc,314,1,2.566174611267225,.0896732272445511
varmiss,jwdid_uc,314,2,3.152398770713043,.0859605029850729
varmiss,bjs,314,0,1.746803912963514,.074056441827276
varmiss,bjs,314,1,2.576713399200344,.0805578450119516
varmiss,bjs,314,2,3.157670400581992,.0795327325184074
varmiss,bjs_wtr,314,0,1.925975649082829,.0761753878546814
varmiss,bjs_wtr,314,1,2.514458839335703,.0823775777994061
varmiss,bjs_wtr,314,2,2.902128062647535,.0846687568223107
varmiss,dcdh,314,0,1.61590417082329,.095058902352756
varmiss,dcdh,314,1,2.280823180435141,.1319989244075709
varmiss,dcdh,314,2,2.800531419969384,.1320382763007525
varmiss,lpdid,314,0,1.51450216666871,.0976321979875412
varmiss,lpdid,314,1,2.277330463731024,.1517400441557912
varmiss,lpdid,314,2,2.831252331517129,.1489188477501148
varmiss,lpdid_rw,314,0,1.615903735438296,.0994834524008572
varmiss,lpdid_rw,314,1,2.357732886775092,.1536818567893999
varmiss,lpdid_rw,314,2,2.700254337266457,.1539846407967225
varmiss,sa,314,0,1.775295337678816,.084530055549999
varmiss,sa,314,1,2.565284021648443,.096506389031293
varmiss,sa,314,2,3.115027238149591,.1024886169478982
varmiss,csdid,315,0,1.781473558701218,.1013927008522179
varmiss,csdid,315,1,2.194448690492987,.109226352543065
varmiss,csdid,315,2,2.785519585068108,.1022882468200338
varmiss,jwdid,315,0,1.747959656450021,.0704464851063093
varmiss,jwdid,315,1,2.493889226023119,.0789355761658032
varmiss,jwdid,315,2,3.183562604707722,.0725823052321032
varmiss,jwdid_uc,315,0,1.747959656450023,.0820735341386717
varmiss,jwdid_uc,315,1,2.49388922602311,.0911994644399047
varmiss,jwdid_uc,315,2,3.183562604707728,.0817322959120854
varmiss,bjs,315,0,1.753057923156121,.0714555174341197
varmiss,bjs,315,1,2.497990847521578,.0802881979793484
varmiss,bjs,315,2,3.17150477742689,.0735031060895133
varmiss,bjs_wtr,315,0,1.950909112711486,.0748332508477946
varmiss,bjs_wtr,315,1,2.397768484268454,.0823295844727027
varmiss,bjs_wtr,315,2,2.944837810631725,.0766174868263968
varmiss,dcdh,315,0,1.560469769262741,.0964749846045722
varmiss,dcdh,315,1,2.150086068679974,.127473745618265
varmiss,dcdh,315,2,2.791332368143912,.1228534171146628
varmiss,lpdid,315,0,1.453524573522316,.0985746634520002
varmiss,lpdid,315,1,2.04802456413451,.1449692794771704
varmiss,lpdid,315,2,2.85733947752719,.1434663292428444
varmiss,lpdid_rw,315,0,1.560469889627475,.1014505654107927
varmiss,lpdid_rw,315,1,2.108704110675736,.1457897285930406
varmiss,lpdid_rw,315,2,2.680302380373532,.1423141624673161
varmiss,sa,315,0,1.710395301220884,.0859214869402583
varmiss,sa,315,1,2.449936657068708,.0966426294887535
varmiss,sa,315,2,3.118846457558105,.0960045054845046
varmiss,csdid,316,0,1.901411638652356,.1052780028210801
varmiss,csdid,316,1,2.4619249170836,.1111379570217851
varmiss,csdid,316,2,2.959833777201947,.107190786941017
varmiss,jwdid,316,0,1.774469845803035,.0673464885798216
varmiss,jwdid,316,1,2.601669742220215,.0817029059764985
varmiss,jwdid,316,2,3.236281809567837,.0778865316201569
varmiss,jwdid_uc,316,0,1.774469845803024,.0756966343718042
varmiss,jwdid_uc,316,1,2.601669742220194,.0918563590094549
varmiss,jwdid_uc,316,2,3.236281809567819,.0857038790583171
varmiss,bjs,316,0,1.768988028696185,.0697780891272362
varmiss,bjs,316,1,2.593375920056133,.0832994699190493
varmiss,bjs,316,2,3.22781766319531,.0787957614553903
varmiss,bjs_wtr,316,0,1.922861886081591,.0726086872721977
varmiss,bjs_wtr,316,1,2.532059720782854,.0854011007148317
varmiss,bjs_wtr,316,2,2.994965509009489,.0824005838834164
varmiss,dcdh,316,0,1.683082291672386,.0941357714017522
varmiss,dcdh,316,1,2.216983927326014,.1338240982000147
varmiss,dcdh,316,2,2.951445561584269,.1200350575304803
varmiss,lpdid,316,0,1.575359768753679,.0976359155671238
varmiss,lpdid,316,1,2.149258169802025,.1465513810025821
varmiss,lpdid,316,2,2.955727522322997,.1456436466345942
varmiss,lpdid_rw,316,0,1.683082572510058,.0983745934615412
varmiss,lpdid_rw,316,1,2.206764290106655,.1492721189955987
varmiss,lpdid_rw,316,2,2.844459036692517,.1473526264905623
varmiss,sa,316,0,1.77946497592254,.0841967959390198
varmiss,sa,316,1,2.603438020478224,.1014747440529389
varmiss,sa,316,2,3.27968952189954,.1046478586194111
varmiss,csdid,317,0,2.024453021878162,.1055762479172002
varmiss,csdid,317,1,2.438496727395548,.1101498852395508
varmiss,csdid,317,2,2.927337508693746,.1089878135868375
varmiss,jwdid,317,0,1.879182216128324,.0688961777712911
varmiss,jwdid,317,1,2.510723026091648,.0798315381024591
varmiss,jwdid,317,2,3.211213342106524,.0797594725711369
varmiss,jwdid_uc,317,0,1.879182216128318,.0776729801187283
varmiss,jwdid_uc,317,1,2.51072302609164,.0898826225282058
varmiss,jwdid_uc,317,2,3.211213342106511,.0873640107841699
varmiss,bjs,317,0,1.900131585627605,.0707875354839963
varmiss,bjs,317,1,2.525595881408663,.0817172795362166
varmiss,bjs,317,2,3.213162696573363,.0807706028123689
varmiss,bjs_wtr,317,0,2.046785915297733,.0728783887490238
varmiss,bjs_wtr,317,1,2.468882952642161,.0831217370146939
varmiss,bjs_wtr,317,2,2.992804362821516,.0834497677507338
varmiss,dcdh,317,0,1.801171278760195,.0945645271203658
varmiss,dcdh,317,1,2.100555618890066,.1188989805093577
varmiss,dcdh,317,2,3.019589013454573,.1241643725087823
varmiss,lpdid,317,0,1.717104540296853,.0977154620486618
varmiss,lpdid,317,1,2.023279378018652,.1388430662702715
varmiss,lpdid,317,2,3.055089329284292,.1441799146648213
varmiss,lpdid_rw,317,0,1.801171040050225,.0981193031212914
varmiss,lpdid_rw,317,1,2.077451518505649,.1388188711386546
varmiss,lpdid_rw,317,2,2.868581496838984,.145333541574139
varmiss,sa,317,0,1.923825661709671,.0841195449412823
varmiss,sa,317,1,2.501914338806598,.0964957547182317
varmiss,sa,317,2,3.206100549856505,.1040474540462333
varmiss,csdid,318,0,1.988337157423363,.1016728791900037
varmiss,csdid,318,1,2.484099290315248,.1148926162392345
varmiss,csdid,318,2,3.109749376483461,.1082284283702372
varmiss,jwdid,318,0,1.795479379820572,.0709110953813231
varmiss,jwdid,318,1,2.580976651739103,.0789609791936903
varmiss,jwdid,318,2,3.224680572115167,.0753602917895569
varmiss,jwdid_uc,318,0,1.795479379820568,.0771036748368058
varmiss,jwdid_uc,318,1,2.580976651739109,.0903102688697272
varmiss,jwdid_uc,318,2,3.224680572115147,.0823627208114107
varmiss,bjs,318,0,1.776406842662254,.0725595278616242
varmiss,bjs,318,1,2.575332616207106,.0816819950971836
varmiss,bjs,318,2,3.219249584704812,.076893458395919
varmiss,bjs_wtr,318,0,1.903987602072448,.0741051727160813
varmiss,bjs_wtr,318,1,2.489202458194541,.0835576613591004
varmiss,bjs_wtr,318,2,3.000754478158342,.0805680338751628
varmiss,dcdh,318,0,1.75225775567824,.1022938775073575
varmiss,dcdh,318,1,2.170996650160405,.1422202665260833
varmiss,dcdh,318,2,2.670336281643469,.1284716377838004
varmiss,lpdid,318,0,1.673531066745211,.1039274099134151
varmiss,lpdid,318,1,2.073268752138792,.1534361626614535
varmiss,lpdid,318,2,2.615788978882437,.1485380289602075
varmiss,lpdid_rw,318,0,1.752257707720255,.1056806033950511
varmiss,lpdid_rw,318,1,2.162574741032539,.1550014299284558
varmiss,lpdid_rw,318,2,2.482076247506004,.1498009666012124
varmiss,sa,318,0,1.822902451565449,.0867754373748242
varmiss,sa,318,1,2.593732931867009,.0991414356928183
varmiss,sa,318,2,3.261514570979137,.1011053361828788
varmiss,csdid,319,0,1.865254455347327,.1034371665911651
varmiss,csdid,319,1,2.473498280371111,.1140076855604563
varmiss,csdid,319,2,3.099451289471193,.1088944410322585
varmiss,jwdid,319,0,1.759381461640441,.0698956443714875
varmiss,jwdid,319,1,2.571958666485601,.082844546355976
varmiss,jwdid,319,2,3.37721899093659,.0809392021539168
varmiss,jwdid_uc,319,0,1.759381461640458,.0799379018488411
varmiss,jwdid_uc,319,1,2.571958666485613,.0965505559260865
varmiss,jwdid_uc,319,2,3.37721899093661,.0876643419057865
varmiss,bjs,319,0,1.757212466125338,.0714262050579501
varmiss,bjs,319,1,2.561297377171286,.084202394954717
varmiss,bjs,319,2,3.386895029805601,.0813072659788707
varmiss,bjs_wtr,319,0,1.904676754371962,.0727539033494867
varmiss,bjs_wtr,319,1,2.474654547433602,.0848286550902944
varmiss,bjs_wtr,319,2,3.190595251588093,.083612624096952
varmiss,dcdh,319,0,1.542046013931569,.098049491110155
varmiss,dcdh,319,1,2.253714669968933,.1278111173542664
varmiss,dcdh,319,2,2.95351402596524,.1289992881553061
varmiss,lpdid,319,0,1.438147411017951,.1002397130210152
varmiss,lpdid,319,1,2.102758032005941,.1454137482251592
varmiss,lpdid,319,2,2.987682136563543,.147342220801929
varmiss,lpdid_rw,319,0,1.542045084986711,.1019361650566065
varmiss,lpdid_rw,319,1,2.245800478261419,.1474658280161393
varmiss,lpdid_rw,319,2,2.875210251257363,.1494966432220614
varmiss,sa,319,0,1.74621694638,.0862977646408883
varmiss,sa,319,1,2.536323521917407,.1028259429167679
varmiss,sa,319,2,3.319930219780244,.1056804094941618
varmiss,csdid,320,0,2.001730634220446,.104488696423347
varmiss,csdid,320,1,2.464662938922591,.1076101310774781
varmiss,csdid,320,2,2.873870758162611,.1086599445867654
varmiss,jwdid,320,0,1.852466825158437,.0697506311549108
varmiss,jwdid,320,1,2.629113880651714,.075518840820461
varmiss,jwdid,320,2,3.088535415209619,.0770535375679789
varmiss,jwdid_uc,320,0,1.852466825158437,.0787903481595176
varmiss,jwdid_uc,320,1,2.629113880651726,.087863697533568
varmiss,jwdid_uc,320,2,3.088535415209638,.0858834633990775
varmiss,bjs,320,0,1.857717800102364,.0712737507694068
varmiss,bjs,320,1,2.662812096319612,.077236452412302
varmiss,bjs,320,2,3.102241476954077,.0787118098623742
varmiss,bjs_wtr,320,0,2.013060322444289,.0731084840030076
varmiss,bjs_wtr,320,1,2.601404931436264,.0780778951893888
varmiss,bjs_wtr,320,2,2.885210035514319,.0810925452105601
varmiss,dcdh,320,0,1.753720400383673,.0969413120005932
varmiss,dcdh,320,1,2.257506069491606,.1159852163961445
varmiss,dcdh,320,2,2.674578130230248,.1230073462223836
varmiss,lpdid,320,0,1.635563252660142,.1006438158691158
varmiss,lpdid,320,1,2.137712210210496,.1356694953249195
varmiss,lpdid,320,2,2.633302784249464,.1452649820309975
varmiss,lpdid_rw,320,0,1.75372139261073,.1016670490490206
varmiss,lpdid_rw,320,1,2.2985538578219,.1364299055353674
varmiss,lpdid_rw,320,2,2.524543641945886,.1464114094982327
varmiss,sa,320,0,1.87160239375188,.0851445785916875
varmiss,sa,320,1,2.623219838318847,.0922638350046779
varmiss,sa,320,2,3.030780693388067,.0996459551644655
varmiss,csdid,321,0,2.022121660397114,.1025202562000438
varmiss,csdid,321,1,2.357199027909662,.1106391566815503
varmiss,csdid,321,2,2.929565550330632,.1084901577522537
varmiss,jwdid,321,0,1.852237939640295,.0739611327133688
varmiss,jwdid,321,1,2.418017617618283,.0809500442178874
varmiss,jwdid,321,2,3.074833100833069,.0766918414178095
varmiss,jwdid_uc,321,0,1.852237939640307,.0828323742926389
varmiss,jwdid_uc,321,1,2.418017617618289,.0907883381275426
varmiss,jwdid_uc,321,2,3.074833100833077,.084685117999194
varmiss,bjs,321,0,1.85120110297612,.0762746180887069
varmiss,bjs,321,1,2.427847770617063,.0834749996946637
varmiss,bjs,321,2,3.06562651830609,.0785168963799253
varmiss,bjs_wtr,321,0,1.984369276777215,.078936541186672
varmiss,bjs_wtr,321,1,2.370165011495715,.0855150020854142
varmiss,bjs_wtr,321,2,2.851085618021898,.083374025072773
varmiss,dcdh,321,0,1.755395300328715,.0962679310016463
varmiss,dcdh,321,1,2.158820036679268,.1339916343718249
varmiss,dcdh,321,2,2.893370606764808,.119633344975808
varmiss,lpdid,321,0,1.653749175003252,.0969414596547777
varmiss,lpdid,321,1,1.929483802999721,.153891255984969
varmiss,lpdid,321,2,2.775651342480929,.1384062919186749
varmiss,lpdid_rw,321,0,1.755394884973193,.0990837662415266
varmiss,lpdid_rw,321,1,2.08687387143272,.1610214773632517
varmiss,lpdid_rw,321,2,2.718247256946791,.1394591834827953
varmiss,sa,321,0,1.921079012279504,.086415441203373
varmiss,sa,321,1,2.438669844437328,.0960251828562838
varmiss,sa,321,2,3.060919093068048,.1004057806233446
varmiss,csdid,322,0,1.998171706726661,.1070064728871667
varmiss,csdid,322,1,2.4752185455075,.1049286804295595
varmiss,csdid,322,2,3.141310840680678,.1019955467394794
varmiss,jwdid,322,0,1.753876411263031,.0713273946188738
varmiss,jwdid,322,1,2.496472143829184,.0784758258045348
varmiss,jwdid,322,2,3.27224989312429,.0761306161801172
varmiss,jwdid_uc,322,0,1.753876411263019,.0828868687981288
varmiss,jwdid_uc,322,1,2.496472143829189,.0890154828622827
varmiss,jwdid_uc,322,2,3.272249893124275,.0848286271930489
varmiss,bjs,322,0,1.778801338403355,.0730151932010716
varmiss,bjs,322,1,2.504683158041189,.08029259453997
varmiss,bjs,322,2,3.260321573790861,.0767785938365177
varmiss,bjs_wtr,322,0,1.977671329923396,.0746938706493946
varmiss,bjs_wtr,322,1,2.467316844825746,.0808140589598297
varmiss,bjs_wtr,322,2,3.065643694906612,.0792317220203382
varmiss,dcdh,322,0,1.662197984466684,.1040002129626606
varmiss,dcdh,322,1,2.148744091116273,.125925529171923
varmiss,dcdh,322,2,3.182790996876353,.1327768233545712
varmiss,lpdid,322,0,1.549360163787038,.1060176103122099
varmiss,lpdid,322,1,2.052706183779443,.1475689727162927
varmiss,lpdid,322,2,3.153774808191387,.1561683788048448
varmiss,lpdid_rw,322,0,1.662197733284816,.1083316889294631
varmiss,lpdid_rw,322,1,2.134448017607623,.1487894195129962
varmiss,lpdid_rw,322,2,3.006401187027322,.1564244667323537
varmiss,sa,322,0,1.789753102073412,.0894176930306005
varmiss,sa,322,1,2.521714422917913,.094231917331222
varmiss,sa,322,2,3.279361716730238,.0991546324439831
varmiss,csdid,323,0,1.962088675548758,.1018792451682443
varmiss,csdid,323,1,2.531702014213468,.1089730323578083
varmiss,csdid,323,2,2.987324231717669,.1066539900071812
varmiss,jwdid,323,0,1.780259336453788,.0678495224247465
varmiss,jwdid,323,1,2.581928351164183,.0796033511341092
varmiss,jwdid,323,2,3.198515180126527,.0766723308997486
varmiss,jwdid_uc,323,0,1.780259336453788,.0772490243766798
varmiss,jwdid_uc,323,1,2.581928351164164,.0902151245024284
varmiss,jwdid_uc,323,2,3.198515180126519,.0849302123288283
varmiss,bjs,323,0,1.814316871718859,.0694655467475628
varmiss,bjs,323,1,2.563157215292449,.0820896006384398
varmiss,bjs,323,2,3.211578783317236,.0775324229563924
varmiss,bjs_wtr,323,0,1.980039083205611,.0722407323267643
varmiss,bjs_wtr,323,1,2.474983195330424,.08237644980879
varmiss,bjs_wtr,323,2,2.999228924571071,.0811693599141375
varmiss,dcdh,323,0,1.817880151142743,.09640294710434
varmiss,dcdh,323,1,2.450455769504175,.1208331474278621
varmiss,dcdh,323,2,2.917365048966233,.1284553661619534
varmiss,lpdid,323,0,1.742385403392622,.0987323367297456
varmiss,lpdid,323,1,2.41725057515551,.1412203777948688
varmiss,lpdid,323,2,3.104159777905983,.1508449503068916
varmiss,lpdid_rw,323,0,1.81787978371054,.099753845915009
varmiss,lpdid_rw,323,1,2.507000767693213,.1394462995439653
varmiss,lpdid_rw,323,2,2.92025826284091,.1526246217973981
varmiss,sa,323,0,1.831342336594075,.0842930304717874
varmiss,sa,323,1,2.640978060573298,.0980093093420632
varmiss,sa,323,2,3.253599148653385,.1036033628721326
varmiss,csdid,324,0,2.083529565845006,.1055032569491382
varmiss,csdid,324,1,2.563852446944998,.1074800913668544
varmiss,csdid,324,2,2.982561977513298,.1127619453005226
varmiss,jwdid,324,0,1.956732474603738,.0718018474253044
varmiss,jwdid,324,1,2.719668293369797,.0790118883861671
varmiss,jwdid,324,2,3.3031087082114,.0794854702231078
varmiss,jwdid_uc,324,0,1.956732474603734,.0841472571597013
varmiss,jwdid_uc,324,1,2.719668293369785,.0882826015195139
varmiss,jwdid_uc,324,2,3.303108708211399,.0875978161411985
varmiss,bjs,324,0,1.973867863915075,.0738057200044303
varmiss,bjs,324,1,2.716973358032192,.0802121058966076
varmiss,bjs,324,2,3.294549184795869,.0805371751961443
varmiss,bjs_wtr,324,0,2.165419252853098,.0766849017603232
varmiss,bjs_wtr,324,1,2.618054578164447,.0810292678555975
varmiss,bjs_wtr,324,2,3.046384903312173,.0854658345990021
varmiss,dcdh,324,0,1.835599158555457,.1007270002870414
varmiss,dcdh,324,1,2.352156638470127,.127864843009124
varmiss,dcdh,324,2,3.001242329412369,.1258284040215099
varmiss,lpdid,324,0,1.70873741032653,.1039582647769022
varmiss,lpdid,324,1,2.179988506506672,.1405909248025632
varmiss,lpdid,324,2,2.894756182497214,.1524627397355288
varmiss,lpdid_rw,324,0,1.835599611534752,.1065523632634952
varmiss,lpdid_rw,324,1,2.31668800617688,.1457514507505293
varmiss,lpdid_rw,324,2,2.739166401207308,.1531334099016526
varmiss,sa,324,0,1.938232912715177,.0908880525135902
varmiss,sa,324,1,2.712088583503371,.0936029026498702
varmiss,sa,324,2,3.279435242505624,.1033933635776231
varmiss,csdid,325,0,2.175793890169384,.1044561680353917
varmiss,csdid,325,1,2.735462580878502,.1093505858174459
varmiss,csdid,325,2,3.218448206222845,.108502479435496
varmiss,jwdid,325,0,1.941010383275126,.0716860959977131
varmiss,jwdid,325,1,2.661991965039768,.078274679870708
varmiss,jwdid,325,2,3.317081753631276,.0806226905236869
varmiss,jwdid_uc,325,0,1.941010383275134,.0829730401112655
varmiss,jwdid_uc,325,1,2.661991965039757,.0879633231399752
varmiss,jwdid_uc,325,2,3.317081753631273,.0856103107140581
varmiss,bjs,325,0,1.896059910744953,.0739959006522991
varmiss,bjs,325,1,2.672403312921233,.0801632728737361
varmiss,bjs,325,2,3.343081671800746,.0816641670088472
varmiss,bjs_wtr,325,0,2.065223934034293,.0765670571408726
varmiss,bjs_wtr,325,1,2.617818644030194,.0818677176909832
varmiss,bjs_wtr,325,2,3.174424201436977,.0857295777438857
varmiss,dcdh,325,0,1.800100116697191,.0966434226348118
varmiss,dcdh,325,1,2.551310190435876,.1288643503770611
varmiss,dcdh,325,2,3.176887758188286,.1375278186445927
varmiss,lpdid,325,0,1.695489101551523,.0988572234777073
varmiss,lpdid,325,1,2.322007576242411,.1423512297508469
varmiss,lpdid,325,2,3.122959546307896,.1553450852354776
varmiss,lpdid_rw,325,0,1.800100682256555,.1007247760871342
varmiss,lpdid_rw,325,1,2.440547551095065,.1421569058774579
varmiss,lpdid_rw,325,2,3.043473478895363,.1566740693793471
varmiss,sa,325,0,1.986039719402264,.0891703414750773
varmiss,sa,325,1,2.726678070721145,.0949994245866858
varmiss,sa,325,2,3.383233068119472,.103392412953525
varmiss,csdid,326,0,2.152442335114699,.0995022428755527
varmiss,csdid,326,1,2.609232697291937,.1110950193662672
varmiss,csdid,326,2,2.908350639248087,.1089261463554959
varmiss,jwdid,326,0,1.899998797441281,.0700503891786157
varmiss,jwdid,326,1,2.630213709673771,.0817117083203111
varmiss,jwdid,326,2,3.136809940713524,.0794009648509959
varmiss,jwdid_uc,326,0,1.899998797441292,.0791110342286818
varmiss,jwdid_uc,326,1,2.630213709673756,.0920511385013737
varmiss,jwdid_uc,326,2,3.136809940713504,.0892070972964249
varmiss,bjs,326,0,1.892593864684386,.0717506757096295
varmiss,bjs,326,1,2.61122984035319,.0825390553248521
varmiss,bjs,326,2,3.148896110424403,.0808953672856041
varmiss,bjs_wtr,326,0,2.037404366146802,.0734955359446002
varmiss,bjs_wtr,326,1,2.546044049879129,.0835668462817278
varmiss,bjs_wtr,326,2,2.909057399391486,.0862457332748811
varmiss,dcdh,326,0,1.85597094750071,.0963118780993023
varmiss,dcdh,326,1,2.240207049055006,.1314680659567017
varmiss,dcdh,326,2,2.833353363246263,.1263511412861527
varmiss,lpdid,326,0,1.729981093581918,.1017431494317152
varmiss,lpdid,326,1,2.106898805835433,.1471956382108484
varmiss,lpdid,326,2,2.906091128799446,.1468120209766784
varmiss,lpdid_rw,326,0,1.855970061636536,.1015395232909985
varmiss,lpdid_rw,326,1,2.267006158705577,.1506101800588192
varmiss,lpdid_rw,326,2,2.788486513639005,.1499509825964713
varmiss,sa,326,0,1.9213299163248,.0869612608493448
varmiss,sa,326,1,2.664850401087109,.102145331467994
varmiss,sa,326,2,3.202851764462709,.1039349900746528
varmiss,csdid,327,0,2.022309855198591,.1048859715796819
varmiss,csdid,327,1,2.670460358392204,.1097374570114689
varmiss,csdid,327,2,3.109514439283891,.1091746716091189
varmiss,jwdid,327,0,1.800956033635063,.0718785619189927
varmiss,jwdid,327,1,2.623462410367964,.0807229432068633
varmiss,jwdid,327,2,3.34504964992559,.0782857454403105
varmiss,jwdid_uc,327,0,1.800956033635079,.0838466511096871
varmiss,jwdid_uc,327,1,2.623462410367988,.0925350991181202
varmiss,jwdid_uc,327,2,3.345049649925609,.0866728732511171
varmiss,bjs,327,0,1.771295739258221,.0743415936202295
varmiss,bjs,327,1,2.617944004100764,.0814764515845042
varmiss,bjs,327,2,3.355871627078159,.0793939957507455
varmiss,bjs_wtr,327,0,1.944510800351509,.0772307310657831
varmiss,bjs_wtr,327,1,2.572498139329582,.0812342100279212
varmiss,bjs_wtr,327,2,3.072788876801496,.0827055260561983
varmiss,dcdh,327,0,1.720410733880242,.0970976070893715
varmiss,dcdh,327,1,2.370260577596724,.1233380154502382
varmiss,dcdh,327,2,3.073226291786879,.1299351194583859
varmiss,lpdid,327,0,1.597814949589809,.100256035021635
varmiss,lpdid,327,1,2.356033210330755,.1387548240943673
varmiss,lpdid,327,2,3.017853835729396,.1508988085021718
varmiss,lpdid_rw,327,0,1.720410802139585,.1035193841314998
varmiss,lpdid_rw,327,1,2.488374283363408,.1398971200849491
varmiss,lpdid_rw,327,2,2.892367140491108,.1488902125394342
varmiss,sa,327,0,1.816182991741083,.090426375026525
varmiss,sa,327,1,2.655254426536075,.0991641523638136
varmiss,sa,327,2,3.414070798788456,.1078700844896166
varmiss,csdid,328,0,2.076607372985408,.1065930886582145
varmiss,csdid,328,1,2.675887299049687,.1116823654937433
varmiss,csdid,328,2,3.230678242385674,.1111318963866167
varmiss,jwdid,328,0,1.909297312450457,.0689727200256106
varmiss,jwdid,328,1,2.669667611144458,.0790188396299691
varmiss,jwdid,328,2,3.361475081876232,.0788707776195073
varmiss,jwdid_uc,328,0,1.909297312450452,.0774699526973917
varmiss,jwdid_uc,328,1,2.669667611144455,.0872244207187293
varmiss,jwdid_uc,328,2,3.361475081876249,.0857244129973123
varmiss,bjs,328,0,1.930598276001547,.0706859698681509
varmiss,bjs,328,1,2.679444986992166,.0808335879116047
varmiss,bjs,328,2,3.351381424294232,.0797585783306578
varmiss,bjs_wtr,328,0,2.056180627175763,.0735332149216923
varmiss,bjs_wtr,328,1,2.637255834008101,.0820824592037819
varmiss,bjs_wtr,328,2,3.142406141334504,.0842173250475941
varmiss,dcdh,328,0,1.764538984479381,.0944234257179649
varmiss,dcdh,328,1,2.419316799090078,.1202577176239108
varmiss,dcdh,328,2,3.133432760700576,.1231951056521065
varmiss,lpdid,328,0,1.661512477040648,.0963664383281462
varmiss,lpdid,328,1,2.377112665279107,.1355090641695287
varmiss,lpdid,328,2,3.112707703966185,.14624321800079
varmiss,lpdid_rw,328,0,1.764538774689574,.0980237340657469
varmiss,lpdid_rw,328,1,2.450752430797957,.1354423593531451
varmiss,lpdid_rw,328,2,3.02948367170668,.1496919947744599
varmiss,sa,328,0,1.891780951555784,.0853629646304928
varmiss,sa,328,1,2.636812292036337,.0943447623315903
varmiss,sa,328,2,3.339606819183455,.1032275847763302
varmiss,csdid,329,0,1.87885593179579,.1051714073274615
varmiss,csdid,329,1,2.374781003314235,.114815204642841
varmiss,csdid,329,2,2.921929006886964,.1077374245660263
varmiss,jwdid,329,0,1.763791565327873,.0713006277566813
varmiss,jwdid,329,1,2.515324022207843,.0820590488486888
varmiss,jwdid,329,2,3.167080672917991,.0746212959627768
varmiss,jwdid_uc,329,0,1.763791565327872,.0812138491299138
varmiss,jwdid_uc,329,1,2.515324022207853,.092727182716344
varmiss,jwdid_uc,329,2,3.167080672918012,.0834868453470703
varmiss,bjs,329,0,1.746833809480449,.0727926696179877
varmiss,bjs,329,1,2.498051970651431,.0837617957560572
varmiss,bjs,329,2,3.14545644700047,.0755872075587534
varmiss,bjs_wtr,329,0,1.88872737532165,.0742545924403691
varmiss,bjs_wtr,329,1,2.422493156460405,.0854211015240885
varmiss,bjs_wtr,329,2,2.899311935863807,.0812105575338157
varmiss,dcdh,329,0,1.761175107447905,.1009467455287121
varmiss,dcdh,329,1,2.257886567795304,.1503691170470748
varmiss,dcdh,329,2,2.804199771668187,.1296410099833776
varmiss,lpdid,329,0,1.649761758473051,.1039584411592662
varmiss,lpdid,329,1,2.176475594990158,.1610631275577451
varmiss,lpdid,329,2,2.900979641494212,.145090512644294
varmiss,lpdid_rw,329,0,1.76117503936297,.1050827712445872
varmiss,lpdid_rw,329,1,2.248010811308117,.1669011662815852
varmiss,lpdid_rw,329,2,2.774535615146652,.1525495290835776
varmiss,sa,329,0,1.781117063101434,.0873976888209303
varmiss,sa,329,1,2.502989483854396,.102426069514315
varmiss,sa,329,2,3.132403267092016,.097999570019237
varmiss,csdid,330,0,2.000832946938012,.1115732143738498
varmiss,csdid,330,1,2.650881832005425,.1163290524041797
varmiss,csdid,330,2,3.113270137152481,.11561981275591
varmiss,jwdid,330,0,1.867150740554904,.0716996439956526
varmiss,jwdid,330,1,2.648614774348465,.0821368029074902
varmiss,jwdid,330,2,3.328357384729347,.079489599986775
varmiss,jwdid_uc,330,0,1.867150740554913,.0821846280190573
varmiss,jwdid_uc,330,1,2.648614774348457,.0928206804199466
varmiss,jwdid_uc,330,2,3.328357384729351,.088521192207705
varmiss,bjs,330,0,1.838780405028956,.0733938692016081
varmiss,bjs,330,1,2.651143000552111,.0835555118998151
varmiss,bjs,330,2,3.333806889175321,.0801980989335897
varmiss,bjs_wtr,330,0,2.011057839489695,.0769024337166297
varmiss,bjs_wtr,330,1,2.604554445631948,.085904448485749
varmiss,bjs_wtr,330,2,3.090119698666967,.0846922295428765
varmiss,dcdh,330,0,1.877251515267053,.1001387772240758
varmiss,dcdh,330,1,2.285233239396228,.1363694445066762
varmiss,dcdh,330,2,3.136408684896427,.132022989717168
varmiss,lpdid,330,0,1.703863735663904,.105275498023182
varmiss,lpdid,330,1,2.216488928403028,.1512394538175954
varmiss,lpdid,330,2,3.070474950243272,.1519946953916676
varmiss,lpdid_rw,330,0,1.877251727629849,.108614929659847
varmiss,lpdid_rw,330,1,2.435335356841266,.1591870639065799
varmiss,lpdid_rw,330,2,2.902071891192676,.1511441480681883
varmiss,sa,330,0,1.812715346653583,.0923520581295726
varmiss,sa,330,1,2.643227463905656,.1043111053682963
varmiss,sa,330,2,3.393313399936582,.1088665314678148
varmiss,csdid,331,0,1.920918661491478,.107181496695545
varmiss,csdid,331,1,2.307775901674485,.1092917778130067
varmiss,csdid,331,2,2.841560126846894,.1063856707367156
varmiss,jwdid,331,0,1.754535762796052,.0727637155728633
varmiss,jwdid,331,1,2.431394013192485,.0809673999839268
varmiss,jwdid,331,2,3.130068673446951,.0802358301132565
varmiss,jwdid_uc,331,0,1.754535762796055,.0808628972048529
varmiss,jwdid_uc,331,1,2.4313940131925,.0901830193098349
varmiss,jwdid_uc,331,2,3.130068673446951,.0899199894011734
varmiss,bjs,331,0,1.741012836565631,.0745198034766005
varmiss,bjs,331,1,2.417325943284595,.0830741705555162
varmiss,bjs,331,2,3.12198334844561,.0812102992936049
varmiss,bjs_wtr,331,0,1.902260076874001,.076828790816821
varmiss,bjs_wtr,331,1,2.331218805877143,.0844546253521923
varmiss,bjs_wtr,331,2,2.868478636902637,.0839591895801518
varmiss,dcdh,331,0,1.595963705530756,.101806524784371
varmiss,dcdh,331,1,2.010815048514639,.1394465550174369
varmiss,dcdh,331,2,2.902504519913476,.13471249588255
varmiss,lpdid,331,0,1.522122916176608,.104650530045818
varmiss,lpdid,331,1,1.901547923122774,.1488757953724962
varmiss,lpdid,331,2,2.934539197744702,.1605973838911011
varmiss,lpdid_rw,331,0,1.595963989031048,.1060565731279843
varmiss,lpdid_rw,331,1,1.944995469694599,.1535243388918984
varmiss,lpdid_rw,331,2,2.708620339800091,.1626481034528783
varmiss,sa,331,0,1.813843284185912,.0874589178348449
varmiss,sa,331,1,2.456017668245244,.0981152379842085
varmiss,sa,331,2,3.133301881271904,.1049516497422003
varmiss,csdid,332,0,1.967622112597912,.0997655865905771
varmiss,csdid,332,1,2.558927307404878,.1090967586872886
varmiss,csdid,332,2,3.070597168084373,.104890462389867
varmiss,jwdid,332,0,1.840806671267061,.0675948499150999
varmiss,jwdid,332,1,2.632038025435862,.079087261085151
varmiss,jwdid,332,2,3.286671289303627,.0774761656239499
varmiss,jwdid_uc,332,0,1.840806671267058,.0775642934059276
varmiss,jwdid_uc,332,1,2.632038025435879,.0882171303396712
varmiss,jwdid_uc,332,2,3.286671289303642,.0842700572413045
varmiss,bjs,332,0,1.833780673663568,.0684111844832462
varmiss,bjs,332,1,2.602608251156198,.0803361525527392
varmiss,bjs,332,2,3.27172298305959,.0783980169877814
varmiss,bjs_wtr,332,0,2.010064600617625,.0720404490042973
varmiss,bjs_wtr,332,1,2.525578248436432,.0806238058841491
varmiss,bjs_wtr,332,2,3.076048454488046,.0804303508161111
varmiss,dcdh,332,0,1.717063850954638,.092483471173494
varmiss,dcdh,332,1,2.282615707825145,.1298039367367894
varmiss,dcdh,332,2,2.880527107433261,.1176416754942694
varmiss,lpdid,332,0,1.587532952520936,.0926967142709017
varmiss,lpdid,332,1,2.045668284793017,.1499494732481927
varmiss,lpdid,332,2,2.894055340474043,.1393675140511961
varmiss,lpdid_rw,332,0,1.717063761872716,.0966578593840592
varmiss,lpdid_rw,332,1,2.211445761956564,.1541943024224219
varmiss,lpdid_rw,332,2,2.804802468499076,.1402059795621926
varmiss,sa,332,0,1.819787732981831,.0829840422922708
varmiss,sa,332,1,2.594850953700873,.0940923575036531
varmiss,sa,332,2,3.232296668387276,.099009867326355
varmiss,csdid,333,0,1.961525577209396,.0994345593031276
varmiss,csdid,333,1,2.427693174215677,.107505145748149
varmiss,csdid,333,2,2.953042501539768,.1073750136408261
varmiss,jwdid,333,0,1.763491222040232,.0680345399079896
varmiss,jwdid,333,1,2.527178019387797,.0780391648626082
varmiss,jwdid,333,2,3.216673434457083,.0804971283608692
varmiss,jwdid_uc,333,0,1.76349122204023,.0764424345308039
varmiss,jwdid_uc,333,1,2.527178019387796,.0883773116467658
varmiss,jwdid_uc,333,2,3.216673434457075,.0869092502151673
varmiss,bjs,333,0,1.813086509951972,.0699583402396729
varmiss,bjs,333,1,2.521381043946803,.0798366776317216
varmiss,bjs,333,2,3.227682494485634,.0812470369150396
varmiss,bjs_wtr,333,0,1.97488832783165,.0738066012286642
varmiss,bjs_wtr,333,1,2.43455423669684,.080402112281745
varmiss,bjs_wtr,333,2,2.996390481726849,.086461353735706
varmiss,dcdh,333,0,1.480039598017645,.094813076481033
varmiss,dcdh,333,1,2.146224674517969,.1232917925246331
varmiss,dcdh,333,2,2.905315310611307,.1286432513884585
varmiss,lpdid,333,0,1.412231658704598,.0962175025812525
varmiss,lpdid,333,1,1.95489961933781,.1484835318783442
varmiss,lpdid,333,2,2.954084852756265,.1545657912769818
varmiss,lpdid_rw,333,0,1.480040124197902,.0971071160754979
varmiss,lpdid_rw,333,1,2.099760226307225,.1554595445275797
varmiss,lpdid_rw,333,2,2.813976817636263,.1586240545531556
varmiss,sa,333,0,1.754863493581543,.0846535124606534
varmiss,sa,333,1,2.481157529407089,.0936518836694677
varmiss,sa,333,2,3.145082729050279,.1012909262642393
varmiss,csdid,334,0,2.049962058528946,.1079505816700676
varmiss,csdid,334,1,2.45918175955622,.1053399845842228
varmiss,csdid,334,2,3.095516573225098,.1071864160024458
varmiss,jwdid,334,0,1.799639429464918,.0692791417347195
varmiss,jwdid,334,1,2.530023884660299,.0740238988342052
varmiss,jwdid,334,2,3.324608384164407,.0776303938620598
varmiss,jwdid_uc,334,0,1.799639429464919,.0792447874728482
varmiss,jwdid_uc,334,1,2.530023884660306,.088462694253017
varmiss,jwdid_uc,334,2,3.324608384164413,.0873550593233276
varmiss,bjs,334,0,1.798109588309217,.0715776981097372
varmiss,bjs,334,1,2.503098977424088,.0765627023772401
varmiss,bjs,334,2,3.317021192458924,.0783251920017262
varmiss,bjs_wtr,334,0,2.00722715033146,.074437731656155
varmiss,bjs_wtr,334,1,2.447210744110635,.0775466075220505
varmiss,bjs_wtr,334,2,3.089487536082743,.0808902544658911
varmiss,dcdh,334,0,1.707320379333827,.0989596316628061
varmiss,dcdh,334,1,2.158891623699617,.1252802609657278
varmiss,dcdh,334,2,2.906780871619641,.1302918171839735
varmiss,lpdid,334,0,1.61199610451125,.1006722555112939
varmiss,lpdid,334,1,2.116099165809604,.1432643044050075
varmiss,lpdid,334,2,3.047155312289333,.1546403473625957
varmiss,lpdid_rw,334,0,1.707320675094636,.1025168216975157
varmiss,lpdid_rw,334,1,2.205627014840738,.1458797241034057
varmiss,lpdid_rw,334,2,2.897890780232667,.1553162838526158
varmiss,sa,334,0,1.786383678727046,.0883527589817835
varmiss,sa,334,1,2.52027675744336,.0943626051401768
varmiss,sa,334,2,3.310463255234021,.1038051336558883
varmiss,csdid,335,0,1.953423172634739,.104152548232987
varmiss,csdid,335,1,2.582728248525268,.1065344403857487
varmiss,csdid,335,2,2.922082531520676,.1080348740806044
varmiss,jwdid,335,0,1.881138866309054,.0701246444023299
varmiss,jwdid,335,1,2.695748779157022,.0774722606975143
varmiss,jwdid,335,2,3.175099737837676,.077686615642332
varmiss,jwdid_uc,335,0,1.881138866309051,.0789975875743906
varmiss,jwdid_uc,335,1,2.695748779157005,.0872318104701184
varmiss,jwdid_uc,335,2,3.175099737837634,.0872662037116795
varmiss,bjs,335,0,1.858458451908518,.0725433745256652
varmiss,bjs,335,1,2.697185487186061,.0795161946599206
varmiss,bjs,335,2,3.179339977185009,.0787768268033362
varmiss,bjs_wtr,335,0,2.010276561635692,.0753183476520303
varmiss,bjs_wtr,335,1,2.602370211916877,.0799531366754069
varmiss,bjs_wtr,335,2,2.937608075197204,.0821584251963105
varmiss,dcdh,335,0,1.717136254047001,.0982809205513066
varmiss,dcdh,335,1,2.331619121242531,.1175808819825295
varmiss,dcdh,335,2,2.823299807916304,.1360994446494276
varmiss,lpdid,335,0,1.644371082109831,.1007204645212127
varmiss,lpdid,335,1,2.24291665775768,.132537829552972
varmiss,lpdid,335,2,2.87987668619199,.1499285444319257
varmiss,lpdid_rw,335,0,1.71713652714437,.1020062471025007
varmiss,lpdid_rw,335,1,2.327216468846906,.13793117891743
varmiss,lpdid_rw,335,2,2.705830036139445,.1508790013151813
varmiss,sa,335,0,1.885675418327482,.0848768716130388
varmiss,sa,335,1,2.688426379331426,.0929469973186598
varmiss,sa,335,2,3.141994077642217,.102831780198679
varmiss,csdid,336,0,2.175296792087631,.1055710470389844
varmiss,csdid,336,1,2.496241782443023,.1137779220160373
varmiss,csdid,336,2,3.051465703505455,.1103730673739711
varmiss,jwdid,336,0,1.972031896514383,.0728444282646663
varmiss,jwdid,336,1,2.503141118211993,.0839286813542321
varmiss,jwdid,336,2,3.208621395108161,.0813809480417091
varmiss,jwdid_uc,336,0,1.972031896514371,.0817865089055136
varmiss,jwdid_uc,336,1,2.503141118212007,.091488462920634
varmiss,jwdid_uc,336,2,3.208621395108173,.0869361302102569
varmiss,bjs,336,0,1.969928834667371,.0742383024528304
varmiss,bjs,336,1,2.493810981687602,.0855064037136923
varmiss,bjs,336,2,3.190615250918199,.0822794435126833
varmiss,bjs_wtr,336,0,2.13252244188061,.0775450045816924
varmiss,bjs_wtr,336,1,2.448510682099368,.0875322923811746
varmiss,bjs_wtr,336,2,2.98803808138473,.0861965626672884
varmiss,dcdh,336,0,1.841142380451541,.1012172928449715
varmiss,dcdh,336,1,2.1754909144395,.1384964274510551
varmiss,dcdh,336,2,3.064058891588163,.1329641501694434
varmiss,lpdid,336,0,1.750782742106586,.1014050355581392
varmiss,lpdid,336,1,2.108075985372547,.1583739567674412
varmiss,lpdid,336,2,3.100631750400835,.1535653437022078
varmiss,lpdid_rw,336,0,1.841142510318894,.1041568246324662
varmiss,lpdid_rw,336,1,2.228336824714573,.1656548992628484
varmiss,lpdid_rw,336,2,3.01313592629075,.1534917894272998
varmiss,sa,336,0,1.997306431822859,.0850697165403677
varmiss,sa,336,1,2.49861904160672,.0951891348976181
varmiss,sa,336,2,3.152209595427816,.0997496260189954
varmiss,csdid,337,0,1.990999213451956,.1069566712631684
varmiss,csdid,337,1,2.525367983560396,.1133112570055533
varmiss,csdid,337,2,2.972363596552118,.1107335511876278
varmiss,jwdid,337,0,1.755056596463797,.0711870750421594
varmiss,jwdid,337,1,2.641256168050513,.0821095942822583
varmiss,jwdid,337,2,3.151349888874023,.0797867309153093
varmiss,jwdid_uc,337,0,1.755056596463799,.0809908936161468
varmiss,jwdid_uc,337,1,2.641256168050501,.0955610241350822
varmiss,jwdid_uc,337,2,3.151349888873995,.0861183122337686
varmiss,bjs,337,0,1.772992763292223,.0717521264204092
varmiss,bjs,337,1,2.658732685506493,.0833112717621704
varmiss,bjs,337,2,3.16427236891559,.0805190419515047
varmiss,bjs_wtr,337,0,1.997639833891753,.0777159636645432
varmiss,bjs_wtr,337,1,2.545541096993475,.085499357243259
varmiss,bjs_wtr,337,2,2.955750654022268,.0866124013862979
varmiss,dcdh,337,0,1.683717846021687,.0987188812269592
varmiss,dcdh,337,1,2.417979788751843,.1279444002795802
varmiss,dcdh,337,2,2.935158516011595,.138712885773118
varmiss,lpdid,337,0,1.570163338921882,.1006570715822376
varmiss,lpdid,337,1,2.261547467315006,.1503413642806519
varmiss,lpdid,337,2,2.943553516903151,.1595555430765492
varmiss,lpdid_rw,337,0,1.683717464899494,.1034923020252285
varmiss,lpdid_rw,337,1,2.392733533616702,.1564084255767718
varmiss,lpdid_rw,337,2,2.845016838139086,.1635288696862386
varmiss,sa,337,0,1.804851420219781,.0884603232419346
varmiss,sa,337,1,2.674876403442375,.1006688654821592
varmiss,sa,337,2,3.181833265024474,.1018569095266229
varmiss,csdid,338,0,1.898384532021514,.1007465444396227
varmiss,csdid,338,1,2.314579078886625,.1086180200129124
varmiss,csdid,338,2,2.936649617610277,.1040745506714291
varmiss,jwdid,338,0,1.888455537642775,.0697366715802063
varmiss,jwdid,338,1,2.592902602314789,.0788493046782307
varmiss,jwdid,338,2,3.236584079971445,.0736936976039369
varmiss,jwdid_uc,338,0,1.88845553764279,.0771632014724687
varmiss,jwdid_uc,338,1,2.592902602314806,.0859683421323512
varmiss,jwdid_uc,338,2,3.236584079971457,.0792457947794973
varmiss,bjs,338,0,1.899596944873338,.0714634283257586
varmiss,bjs,338,1,2.620268010763539,.080645060109412
varmiss,bjs,338,2,3.244969598497846,.0747176784525955
varmiss,bjs_wtr,338,0,2.061301672438276,.0739052981694383
varmiss,bjs_wtr,338,1,2.535412399709458,.0820801113917326
varmiss,bjs_wtr,338,2,3.056430149576045,.0781254801678607
varmiss,dcdh,338,0,1.584168307305136,.0946463135533167
varmiss,dcdh,338,1,2.124428944304228,.12512898015115
varmiss,dcdh,338,2,2.726524783578982,.1266690162701103
varmiss,lpdid,338,0,1.513415838616821,.0957862281333217
varmiss,lpdid,338,1,2.01488798568705,.1367913540456143
varmiss,lpdid,338,2,2.796559726525701,.1376678041210886
varmiss,lpdid_rw,338,0,1.584168348125604,.0969558521586307
varmiss,lpdid_rw,338,1,2.135652866117806,.1392352389479809
varmiss,lpdid_rw,338,2,2.711120395516622,.1399885380292268
varmiss,sa,338,0,1.763002172634126,.0845546949052392
varmiss,sa,338,1,2.426838428110051,.0907983497231696
varmiss,sa,338,2,3.008705679074996,.0964666628344335
varmiss,csdid,339,0,1.978327466017496,.1040469798287225
varmiss,csdid,339,1,2.531789733405492,.1088330981488748
varmiss,csdid,339,2,3.018760256758265,.1049091247067044
varmiss,jwdid,339,0,1.737004014828479,.0690442007193863
varmiss,jwdid,339,1,2.426439087503699,.079925672573283
varmiss,jwdid,339,2,3.08142615199857,.0766430428416965
varmiss,jwdid_uc,339,0,1.737004014828482,.0788033126827436
varmiss,jwdid_uc,339,1,2.426439087503696,.0907758791556037
varmiss,jwdid_uc,339,2,3.081426151998558,.081999028471774
varmiss,bjs,339,0,1.715221919876058,.0709768820774322
varmiss,bjs,339,1,2.438749090691999,.0810689125076114
varmiss,bjs,339,2,3.074713826892548,.0780119626237712
varmiss,bjs_wtr,339,0,1.8869423667511,.073569643203343
varmiss,bjs_wtr,339,1,2.387002159293843,.0819104293410731
varmiss,bjs_wtr,339,2,2.872047866079811,.0825305953165892
varmiss,dcdh,339,0,1.612544098155295,.0974942950113055
varmiss,dcdh,339,1,2.229057958825989,.1307067307832464
varmiss,dcdh,339,2,2.942052041149606,.1333767840785565
varmiss,lpdid,339,0,1.539520586880437,.0992635158687258
varmiss,lpdid,339,1,2.132317865891062,.147745561399455
varmiss,lpdid,339,2,2.84502169428422,.1507522225019092
varmiss,lpdid_rw,339,0,1.612544184968976,.1006511667283278
varmiss,lpdid_rw,339,1,2.253803502872931,.1482718219906304
varmiss,lpdid_rw,339,2,2.745126238569415,.1513904554616125
varmiss,sa,339,0,1.757006264103136,.087654413517427
varmiss,sa,339,1,2.44007541968672,.0980083635925074
varmiss,sa,339,2,3.103447528095896,.0987668577254876
varmiss,csdid,340,0,1.899340548655568,.106754465839338
varmiss,csdid,340,1,2.603185244967963,.1121392966796518
varmiss,csdid,340,2,3.038551922460024,.108840227228454
varmiss,jwdid,340,0,1.772814325948718,.0713227210602909
varmiss,jwdid,340,1,2.659572472550072,.0816801942115435
varmiss,jwdid,340,2,3.240063220871312,.0815856424442792
varmiss,jwdid_uc,340,0,1.772814325948729,.0801208678088497
varmiss,jwdid_uc,340,1,2.659572472550073,.0919456874675983
varmiss,jwdid_uc,340,2,3.24006322087132,.0883494894820415
varmiss,bjs,340,0,1.809246943415928,.072680281270497
varmiss,bjs,340,1,2.674991666062851,.0830118414532965
varmiss,bjs,340,2,3.248269545001676,.0827839123770926
varmiss,bjs_wtr,340,0,1.97396084441425,.0769512800537337
varmiss,bjs_wtr,340,1,2.635591742637416,.0841457437134595
varmiss,bjs_wtr,340,2,3.05626707978081,.0876605343868125
varmiss,dcdh,340,0,1.739797354624453,.0944145668824645
varmiss,dcdh,340,1,2.273452369026361,.1222935038920915
varmiss,dcdh,340,2,2.917238904598543,.1325960565468486
varmiss,lpdid,340,0,1.646267548628841,.0954846742478572
varmiss,lpdid,340,1,2.239706600920397,.1418597593437986
varmiss,lpdid,340,2,2.84215022983059,.1536681532818457
varmiss,lpdid_rw,340,0,1.739798166043087,.0975100206589006
varmiss,lpdid_rw,340,1,2.273345015912625,.1497745367814875
varmiss,lpdid_rw,340,2,2.721677262871231,.157191776209869
varmiss,sa,340,0,1.760862935236816,.0851229708443525
varmiss,sa,340,1,2.66131085283418,.0963654637682999
varmiss,sa,340,2,3.224054818261815,.1045926626317511
varmiss,csdid,341,0,1.797691738756882,.1022580993180812
varmiss,csdid,341,1,2.32679206404478,.1041458434707058
varmiss,csdid,341,2,2.945602071551914,.1019252290127914
varmiss,jwdid,341,0,1.751726773648346,.0674530858480877
varmiss,jwdid,341,1,2.557773684727487,.0756586619939831
varmiss,jwdid,341,2,3.219484826196138,.0727295545623214
varmiss,jwdid_uc,341,0,1.75172677364835,.076374109417824
varmiss,jwdid_uc,341,1,2.557773684727495,.0867035884784327
varmiss,jwdid_uc,341,2,3.219484826196138,.0798111667693636
varmiss,bjs,341,0,1.749947130878354,.0691947501857991
varmiss,bjs,341,1,2.586087512287577,.0775510404620418
varmiss,bjs,341,2,3.232202208610033,.0732137443706186
varmiss,bjs_wtr,341,0,1.913471603068956,.0728236872507947
varmiss,bjs_wtr,341,1,2.518940077487514,.0788654151744652
varmiss,bjs_wtr,341,2,3.030162064098477,.0767726416017948
varmiss,dcdh,341,0,1.607638719359878,.0958250207409909
varmiss,dcdh,341,1,2.261408060694113,.1283658089145623
varmiss,dcdh,341,2,2.919628362596035,.1168804726228258
varmiss,lpdid,341,0,1.507146050099187,.0986843208912272
varmiss,lpdid,341,1,2.072187590076716,.1449293952865495
varmiss,lpdid,341,2,2.894114914820126,.1360218277174879
varmiss,lpdid_rw,341,0,1.607638405071863,.0998308318535612
varmiss,lpdid_rw,341,1,2.197620258746246,.1466432313433788
varmiss,lpdid_rw,341,2,2.760271921051686,.1374235969752654
varmiss,sa,341,0,1.716075436690721,.0848912437004544
varmiss,sa,341,1,2.526743750064711,.0928468672717452
varmiss,sa,341,2,3.169563787406075,.0953148753739618
varmiss,csdid,342,0,2.200031170057648,.1073218495650517
varmiss,csdid,342,1,2.563575074598842,.1068000532527428
varmiss,csdid,342,2,3.073318419603138,.1060567059029304
varmiss,jwdid,342,0,1.895193732048631,.0708578970265637
varmiss,jwdid,342,1,2.559931951957696,.0784363608566096
varmiss,jwdid,342,2,3.20653690323319,.0775961983426274
varmiss,jwdid_uc,342,0,1.895193732048624,.0819148447061254
varmiss,jwdid_uc,342,1,2.55993195195767,.0886550343817244
varmiss,jwdid_uc,342,2,3.206536903233194,.0860607612374609
varmiss,bjs,342,0,1.877557897625593,.0727160692421178
varmiss,bjs,342,1,2.567411918993002,.0795701660019034
varmiss,bjs,342,2,3.210708062324557,.078290884440644
varmiss,bjs_wtr,342,0,2.035542049085052,.076182547309192
varmiss,bjs_wtr,342,1,2.493612283709808,.0808710243683755
varmiss,bjs_wtr,342,2,2.96413166943239,.0825921485768745
varmiss,dcdh,342,0,1.845584452211916,.1003026023836805
varmiss,dcdh,342,1,2.234939332156479,.1385622583262869
varmiss,dcdh,342,2,3.017178902165727,.1303544282043634
varmiss,lpdid,342,0,1.748520456177016,.1022045540601867
varmiss,lpdid,342,1,2.156472868748703,.15919046807448
varmiss,lpdid,342,2,3.042519550775281,.1470043128174218
varmiss,lpdid_rw,342,0,1.845583979736458,.1048527139139773
varmiss,lpdid_rw,342,1,2.31430675846065,.1625003984255317
varmiss,lpdid_rw,342,2,2.921020458689089,.1471716043134267
varmiss,sa,342,0,1.952531291485094,.0899394269082114
varmiss,sa,342,1,2.629025646906437,.0959488622690344
varmiss,sa,342,2,3.291228853794831,.1017622037973415
varmiss,csdid,343,0,1.821124974711041,.1068123455246084
varmiss,csdid,343,1,2.304065957503411,.111405170122521
varmiss,csdid,343,2,2.969550802214474,.1059738617533892
varmiss,jwdid,343,0,1.78918024729276,.0680984305145455
varmiss,jwdid,343,1,2.580799200188952,.0805619020984345
varmiss,jwdid,343,2,3.267319376004451,.0804449404388327
varmiss,jwdid_uc,343,0,1.789180247292763,.08015636808436
varmiss,jwdid_uc,343,1,2.58079920018896,.0909377859886368
varmiss,jwdid_uc,343,2,3.267319376004436,.086004736033577
varmiss,bjs,343,0,1.79772270646572,.069700566354363
varmiss,bjs,343,1,2.610018157104605,.0823293871443587
varmiss,bjs,343,2,3.28382601672638,.0810545728780613
varmiss,bjs_wtr,343,0,2.012923075937579,.0743271517359697
varmiss,bjs_wtr,343,1,2.509079400196242,.0848429851984648
varmiss,bjs_wtr,343,2,3.080090871007997,.0859245590570871
varmiss,dcdh,343,0,1.69029054624957,.0933490345994359
varmiss,dcdh,343,1,2.059650300965142,.1281551691781298
varmiss,dcdh,343,2,2.930109617614502,.1213367852540903
varmiss,lpdid,343,0,1.571440675015651,.0949844394000725
varmiss,lpdid,343,1,1.993891586190475,.1445458002861957
varmiss,lpdid,343,2,3.018091901476154,.1423677019670539
varmiss,lpdid_rw,343,0,1.690291080570705,.0981896322532207
varmiss,lpdid_rw,343,1,2.106658773443207,.1511453816716616
varmiss,lpdid_rw,343,2,2.895243127983846,.1449363508501395
varmiss,sa,343,0,1.782891997768334,.0842600913391296
varmiss,sa,343,1,2.542331686323962,.0930762370451401
varmiss,sa,343,2,3.192154560607657,.0967880921157665
varmiss,csdid,344,0,1.842840668104395,.1046699876848295
varmiss,csdid,344,1,2.551556399879487,.1123654132497146
varmiss,csdid,344,2,3.020082799155759,.1132510573891917
varmiss,jwdid,344,0,1.842836514510724,.0690207555047659
varmiss,jwdid,344,1,2.790469108218698,.0774629698174842
varmiss,jwdid,344,2,3.31733577672623,.0783218476655009
varmiss,jwdid_uc,344,0,1.842836514510729,.0799136765852872
varmiss,jwdid_uc,344,1,2.790469108218709,.0915917982247992
varmiss,jwdid_uc,344,2,3.317335776726223,.086636289949195
varmiss,bjs,344,0,1.829618196574302,.0706472363665035
varmiss,bjs,344,1,2.768939938627682,.0802845174512441
varmiss,bjs,344,2,3.316803635862016,.0794657935974256
varmiss,bjs_wtr,344,0,1.979966116935429,.072925283671422
varmiss,bjs_wtr,344,1,2.645246552043773,.0810721637871196
varmiss,bjs_wtr,344,2,3.061677247620537,.0838279486084504
varmiss,dcdh,344,0,1.642805254190514,.0985295714502541
varmiss,dcdh,344,1,2.37760514733405,.1278901259658346
varmiss,dcdh,344,2,2.990946246054604,.1331769310407352
varmiss,lpdid,344,0,1.537106004623181,.1003077859217367
varmiss,lpdid,344,1,2.238363420662093,.1477399021065188
varmiss,lpdid,344,2,2.925803989998693,.1553767927672523
varmiss,lpdid_rw,344,0,1.642805538499162,.1026307048768163
varmiss,lpdid_rw,344,1,2.40719981565296,.151231246801406
varmiss,lpdid_rw,344,2,2.82104920615911,.1583196275198521
varmiss,sa,344,0,1.872395004616616,.0891402059742183
varmiss,sa,344,1,2.812116681614381,.0991741791459597
varmiss,sa,344,2,3.351844310031977,.103054495207006
varmiss,csdid,345,0,2.082924276905142,.1066472992713155
varmiss,csdid,345,1,2.65625473573182,.1114597788495534
varmiss,csdid,345,2,3.032766470171702,.1118742051700065
varmiss,jwdid,345,0,1.823790154493616,.0721410485233433
varmiss,jwdid,345,1,2.728178719696195,.0836188228399129
varmiss,jwdid,345,2,3.264719528850371,.0788518603386431
varmiss,jwdid_uc,345,0,1.823790154493624,.0814075674918174
varmiss,jwdid_uc,345,1,2.728178719696177,.0940568286730037
varmiss,jwdid_uc,345,2,3.264719528850367,.0847696453317761
varmiss,bjs,345,0,1.81546869896647,.0740539822649999
varmiss,bjs,345,1,2.682950298484684,.0855063764897191
varmiss,bjs,345,2,3.246529876654677,.0797838665303299
varmiss,bjs_wtr,345,0,1.978516305471203,.0777420571057847
varmiss,bjs_wtr,345,1,2.613565294012005,.0864998429338198
varmiss,bjs_wtr,345,2,3.005969265148451,.0863632589687703
varmiss,dcdh,345,0,1.792670405242157,.0931384206859077
varmiss,dcdh,345,1,2.508585864659286,.1328358043947835
varmiss,dcdh,345,2,2.998331164735064,.1219527133187453
varmiss,lpdid,345,0,1.680185536422427,.0961928313229621
varmiss,lpdid,345,1,2.298150241404209,.1470863385772458
varmiss,lpdid,345,2,2.875458746741634,.1324070089766327
varmiss,lpdid_rw,345,0,1.792670583204595,.098340859907073
varmiss,lpdid_rw,345,1,2.511498123299551,.1457704425514974
varmiss,lpdid_rw,345,2,2.750506145075866,.1383757746277663
varmiss,sa,345,0,1.842591178409576,.0890983868150113
varmiss,sa,345,1,2.7724379723031,.1005675636540495
varmiss,sa,345,2,3.341873775056802,.0991427204057879
varmiss,csdid,346,0,1.957117927204073,.102076329238886
varmiss,csdid,346,1,2.426643497425938,.1102960272873742
varmiss,csdid,346,2,2.962596141791536,.1030651151135194
varmiss,jwdid,346,0,1.849982301843215,.0667832467500112
varmiss,jwdid,346,1,2.637875629942733,.0800837293660144
varmiss,jwdid,346,2,3.236049375790883,.0752328219223336
varmiss,jwdid_uc,346,0,1.849982301843215,.0752099594443823
varmiss,jwdid_uc,346,1,2.637875629942753,.0893362646684042
varmiss,jwdid_uc,346,2,3.236049375790922,.0821587080346245
varmiss,bjs,346,0,1.845345426495442,.0690488450808884
varmiss,bjs,346,1,2.637583930627443,.0817947240726298
varmiss,bjs,346,2,3.24913524738804,.0763030658491946
varmiss,bjs_wtr,346,0,1.991605835556129,.0731188960897577
varmiss,bjs_wtr,346,1,2.586742076091468,.0828254376835172
varmiss,bjs_wtr,346,2,3.040067136869766,.0806732004351706
varmiss,dcdh,346,0,1.793540744682218,.092239225906539
varmiss,dcdh,346,1,2.2747844019036,.1269978800886472
varmiss,dcdh,346,2,2.934386747561343,.1204710682754813
varmiss,lpdid,346,0,1.686415046569503,.0928375457113071
varmiss,lpdid,346,1,2.259108903423297,.1393260167795938
varmiss,lpdid,346,2,2.968979186924602,.1363489302498385
varmiss,lpdid_rw,346,0,1.793540263023173,.0961159900289603
varmiss,lpdid_rw,346,1,2.335704413033272,.1432350347702342
varmiss,lpdid_rw,346,2,2.797506422778082,.1392493400688496
varmiss,sa,346,0,1.863291362737894,.0812111785208657
varmiss,sa,346,1,2.643853778941402,.095708594150834
varmiss,sa,346,2,3.226162504636371,.0967771008219155
varmiss,csdid,347,0,2.081595763560301,.1038984385310169
varmiss,csdid,347,1,2.502172025388477,.1072495665442728
varmiss,csdid,347,2,3.089890471631063,.1121497853962286
varmiss,jwdid,347,0,1.865541598498261,.0705288386537553
varmiss,jwdid,347,1,2.621782415157747,.079246594849716
varmiss,jwdid,347,2,3.315195231276083,.0796146658098399
varmiss,jwdid_uc,347,0,1.865541598498253,.0804756505701699
varmiss,jwdid_uc,347,1,2.621782415157742,.0894272403027886
varmiss,jwdid_uc,347,2,3.315195231276059,.0864572786263416
varmiss,bjs,347,0,1.857076258037523,.072327550049546
varmiss,bjs,347,1,2.632608716299728,.0798896916642863
varmiss,bjs,347,2,3.325280099668817,.080413731161608
varmiss,bjs_wtr,347,0,2.002346619666241,.0755255949638078
varmiss,bjs_wtr,347,1,2.572962705382452,.0805620408533109
varmiss,bjs_wtr,347,2,3.127721921129705,.0853349364513137
varmiss,dcdh,347,0,1.774241424929948,.0958997956181673
varmiss,dcdh,347,1,2.528690120982629,.1305191236433197
varmiss,dcdh,347,2,3.182315258089012,.1324797005115389
varmiss,lpdid,347,0,1.647159673897973,.0965470284438289
varmiss,lpdid,347,1,2.466723480783567,.1479390714265455
varmiss,lpdid,347,2,3.279436179105986,.1482705398806316
varmiss,lpdid_rw,347,0,1.774242410146711,.1005421336431679
varmiss,lpdid_rw,347,1,2.62510870624456,.1522567844329893
varmiss,lpdid_rw,347,2,3.122008961894964,.1563659600885545
varmiss,sa,347,0,1.905522393705293,.085382785076465
varmiss,sa,347,1,2.63349709720596,.0940029398199368
varmiss,sa,347,2,3.312239083519736,.1014022152181548
varmiss,csdid,348,0,1.85390984373058,.1054296204222568
varmiss,csdid,348,1,2.389517705054572,.1148278841578069
varmiss,csdid,348,2,2.921813653518551,.1173740734364209
varmiss,jwdid,348,0,1.801251115001393,.0710353665290681
varmiss,jwdid,348,1,2.608909746713219,.0824260390999778
varmiss,jwdid,348,2,3.221913816940826,.0807645969504915
varmiss,jwdid_uc,348,0,1.801251115001401,.0801037725334508
varmiss,jwdid_uc,348,1,2.608909746713223,.0928077355383174
varmiss,jwdid_uc,348,2,3.2219138169408,.0911620685848017
varmiss,bjs,348,0,1.828675452292373,.0724934140643964
varmiss,bjs,348,1,2.61136616071235,.08370062571857
varmiss,bjs,348,2,3.233995063987095,.0819489035220316
varmiss,bjs_wtr,348,0,1.947499361502196,.0743050974767075
varmiss,bjs_wtr,348,1,2.520106827007112,.0853726693054318
varmiss,bjs_wtr,348,2,2.91063965918147,.086056314016283
varmiss,dcdh,348,0,1.651896437671434,.1007146325453232
varmiss,dcdh,348,1,2.256456083558962,.1340683593606143
varmiss,dcdh,348,2,2.855596768580018,.1395349819658259
varmiss,lpdid,348,0,1.534348674589348,.1030800131285616
varmiss,lpdid,348,1,2.112373039099049,.1573071761131098
varmiss,lpdid,348,2,2.766930539553964,.1579890787963751
varmiss,lpdid_rw,348,0,1.651896095897755,.1046221777103829
varmiss,lpdid_rw,348,1,2.309700128837124,.1656144347603829
varmiss,lpdid_rw,348,2,2.631297377744954,.1585167622471305
varmiss,sa,348,0,1.767651292548021,.0891762024878348
varmiss,sa,348,1,2.575837064854128,.1010806758923082
varmiss,sa,348,2,3.191373452959901,.110860583789675
varmiss,csdid,349,0,2.089142414586263,.1039072075846596
varmiss,csdid,349,1,2.472772855782964,.1102717058544445
varmiss,csdid,349,2,3.024136437269978,.114940005838172
varmiss,jwdid,349,0,1.907201422334125,.0668660284978504
varmiss,jwdid,349,1,2.608665185189267,.0794656114832131
varmiss,jwdid,349,2,3.275557433615879,.0797642794291654
varmiss,jwdid_uc,349,0,1.907201422334121,.0777030718932576
varmiss,jwdid_uc,349,1,2.608665185189234,.0935339681754513
varmiss,jwdid_uc,349,2,3.275557433615874,.0874462491783005
varmiss,bjs,349,0,1.911422591251721,.0691304750930024
varmiss,bjs,349,1,2.63008667752365,.0809454132271857
varmiss,bjs,349,2,3.26306167621442,.0806628088807845
varmiss,bjs_wtr,349,0,2.077605834745555,.071492344880378
varmiss,bjs_wtr,349,1,2.552200483605702,.082241534428515
varmiss,bjs_wtr,349,2,2.980150690840674,.0843986744685223
varmiss,dcdh,349,0,1.867669245246657,.0957406853470801
varmiss,dcdh,349,1,2.177227227548933,.1326890065189208
varmiss,dcdh,349,2,2.884779857188912,.1313547249900623
varmiss,lpdid,349,0,1.760718052814519,.0996610107345059
varmiss,lpdid,349,1,1.959117226508763,.1599335831287526
varmiss,lpdid,349,2,2.779627597453091,.1601788370738444
varmiss,lpdid_rw,349,0,1.867669397827332,.1015932717547762
varmiss,lpdid_rw,349,1,2.143488441864132,.1665988482684818
varmiss,lpdid_rw,349,2,2.600067669619048,.1637948185623474
varmiss,sa,349,0,1.9633905040836,.083511252024644
varmiss,sa,349,1,2.630941023196073,.1016772498145663
varmiss,sa,349,2,3.313132316180798,.1037404923418942
varmiss,csdid,350,0,2.106893824760136,.0986138978640865
varmiss,csdid,350,1,2.594520546126468,.1072573481888775
varmiss,csdid,350,2,3.072016408876984,.103453658082241
varmiss,jwdid,350,0,1.937267479598205,.0684738744181378
varmiss,jwdid,350,1,2.602683255022906,.0787359199712615
varmiss,jwdid,350,2,3.211207525091928,.0769916716546773
varmiss,jwdid_uc,350,0,1.937267479598193,.0771995275013345
varmiss,jwdid_uc,350,1,2.602683255022887,.0869917292401452
varmiss,jwdid_uc,350,2,3.211207525091917,.0834372074013437
varmiss,bjs,350,0,1.938916846649363,.0697394649627433
varmiss,bjs,350,1,2.617401080733543,.0810613230743807
varmiss,bjs,350,2,3.21760690996598,.0781468433563083
varmiss,bjs_wtr,350,0,2.071071664269425,.0712981051049343
varmiss,bjs_wtr,350,1,2.572240483128553,.0819242952102731
varmiss,bjs_wtr,350,2,3.032820537577209,.082357154611905
varmiss,dcdh,350,0,1.759479137370129,.0943594028350905
varmiss,dcdh,350,1,2.330213439418237,.1255356789751369
varmiss,dcdh,350,2,2.943878355895733,.117878647291818
varmiss,lpdid,350,0,1.667081795526021,.0964344772130572
varmiss,lpdid,350,1,2.264327213398221,.1374264687195063
varmiss,lpdid,350,2,2.922990288488638,.131718950918525
varmiss,lpdid_rw,350,0,1.759479064940963,.0979683339933932
varmiss,lpdid_rw,350,1,2.380768047992394,.1413559547129048
varmiss,lpdid_rw,350,2,2.803372635401766,.1365718610987454
varmiss,sa,350,0,1.92608966716001,.0854472170488276
varmiss,sa,350,1,2.602338219181378,.0953961316412953
varmiss,sa,350,2,3.238200359712288,.0970793378028458
varmiss,csdid,351,0,2.151426742670694,.1052875573811186
varmiss,csdid,351,1,2.576931359112887,.113689090006509
varmiss,csdid,351,2,3.045759916408096,.1106414551633361
varmiss,jwdid,351,0,1.925860769130277,.071299307691036
varmiss,jwdid,351,1,2.570225747929435,.0830148505347042
varmiss,jwdid,351,2,3.301721484259987,.0783028057273127
varmiss,jwdid_uc,351,0,1.925860769130262,.082502059475248
varmiss,jwdid_uc,351,1,2.570225747929426,.0922393604823331
varmiss,jwdid_uc,351,2,3.301721484259997,.0853862943619905
varmiss,bjs,351,0,1.925539191157895,.0730585986692335
varmiss,bjs,351,1,2.582077690512961,.0849338432321331
varmiss,bjs,351,2,3.299489792228997,.0799440746830858
varmiss,bjs_wtr,351,0,2.121770258789638,.0767481263065701
varmiss,bjs_wtr,351,1,2.55190464478801,.0874118509188165
varmiss,bjs_wtr,351,2,3.040240668708066,.0865405482081061
varmiss,dcdh,351,0,1.882384343168002,.0989785151893136
varmiss,dcdh,351,1,2.320411720079366,.1335255283845066
varmiss,dcdh,351,2,3.199969552623774,.1284544998633456
varmiss,lpdid,351,0,1.798946504785724,.1030026320250584
varmiss,lpdid,351,1,2.268731109555892,.1489880634739976
varmiss,lpdid,351,2,3.198412716833563,.1415763200358628
varmiss,lpdid_rw,351,0,1.88238409277453,.1032232557851738
varmiss,lpdid_rw,351,1,2.34011983750925,.1538462315664852
varmiss,lpdid_rw,351,2,3.06153210442418,.1470573773174239
varmiss,sa,351,0,1.986333469090474,.0882570738688346
varmiss,sa,351,1,2.610590708255812,.0978591683758966
varmiss,sa,351,2,3.300241340103311,.0987133801412933
varmiss,csdid,352,0,1.928066317101373,.1077325794519554
varmiss,csdid,352,1,2.357783767670083,.1102644808264219
varmiss,csdid,352,2,2.915338926281081,.1122851318831386
varmiss,jwdid,352,0,1.807311829286013,.0722074113178423
varmiss,jwdid,352,1,2.437380662393459,.0814270061392437
varmiss,jwdid,352,2,3.237678536106535,.0814760316166496
varmiss,jwdid_uc,352,0,1.807311829286019,.0833795261702662
varmiss,jwdid_uc,352,1,2.437380662393474,.0924357876394068
varmiss,jwdid_uc,352,2,3.237678536106562,.0911730783332956
varmiss,bjs,352,0,1.823882165077521,.0745456946758386
varmiss,bjs,352,1,2.448245346897693,.0827977273079458
varmiss,bjs,352,2,3.255444807273307,.0829849504759235
varmiss,bjs_wtr,352,0,1.99103137439306,.0780674556616633
varmiss,bjs_wtr,352,1,2.393814148309957,.0838823058273661
varmiss,bjs_wtr,352,2,2.981840320225956,.0874005480993247
varmiss,dcdh,352,0,1.587679783258032,.0980263431735843
varmiss,dcdh,352,1,1.978868910816738,.1388796382073525
varmiss,dcdh,352,2,2.726410594631781,.1279642395821655
varmiss,lpdid,352,0,1.492815063419437,.1013181041315094
varmiss,lpdid,352,1,1.821817397845588,.1545096841647437
varmiss,lpdid,352,2,2.821396340275428,.1440194983357132
varmiss,lpdid_rw,352,0,1.587679133154675,.103013117043564
varmiss,lpdid_rw,352,1,1.928322224123323,.1523965399677333
varmiss,lpdid_rw,352,2,2.590283481314803,.1494925478670703
varmiss,sa,352,0,1.718249869389781,.095034119294951
varmiss,sa,352,1,2.395761799918249,.1008596457726273
varmiss,sa,352,2,3.233034390750231,.1059258470717696
varmiss,csdid,353,0,1.933467661982567,.102531735259904
varmiss,csdid,353,1,2.609364816989681,.1107629395631254
varmiss,csdid,353,2,3.053345779005215,.1113747756936127
varmiss,jwdid,353,0,1.77925379193715,.0690771062860685
varmiss,jwdid,353,1,2.644492130845746,.0809551009594223
varmiss,jwdid,353,2,3.237201513112129,.0792912344652517
varmiss,jwdid_uc,353,0,1.779253791937156,.0782450011713778
varmiss,jwdid_uc,353,1,2.644492130845742,.0909331376490219
varmiss,jwdid_uc,353,2,3.237201513112117,.0870288086892268
varmiss,bjs,353,0,1.785874205532309,.0698055865325582
varmiss,bjs,353,1,2.646894014287682,.0816954573005289
varmiss,bjs,353,2,3.243695620583821,.0802136495131471
varmiss,bjs_wtr,353,0,1.950018906154583,.0738656489772426
varmiss,bjs_wtr,353,1,2.592580536256719,.0824287558757927
varmiss,bjs_wtr,353,2,3.011144797512316,.0852827135306209
varmiss,dcdh,353,0,1.746277918653337,.0951186762735514
varmiss,dcdh,353,1,2.372463489647248,.1304868030227534
varmiss,dcdh,353,2,2.982701078998887,.1217249549205162
varmiss,lpdid,353,0,1.659277448371057,.0971601382598766
varmiss,lpdid,353,1,2.190318792784668,.1438029157974491
varmiss,lpdid,353,2,2.937536318569538,.1440675806187715
varmiss,lpdid_rw,353,0,1.746277479991768,.0984530538496868
varmiss,lpdid_rw,353,1,2.247908168238081,.1461301033465031
varmiss,lpdid_rw,353,2,2.829502177160671,.147230201275994
varmiss,sa,353,0,1.860968946493013,.0853525130000994
varmiss,sa,353,1,2.720353250983691,.0949504224475721
varmiss,sa,353,2,3.293754285752949,.1022967599727509
varmiss,csdid,354,0,2.072306174905753,.1005321323930438
varmiss,csdid,354,1,2.460654392432267,.1116584798495904
varmiss,csdid,354,2,2.993376674208233,.1065252937573457
varmiss,jwdid,354,0,1.793406384970339,.0630346750804462
varmiss,jwdid,354,1,2.500584964712007,.0808303376876481
varmiss,jwdid,354,2,3.164526064785507,.0781745217929696
varmiss,jwdid_uc,354,0,1.793406384970337,.0716217243919077
varmiss,jwdid_uc,354,1,2.500584964712016,.0903068540075903
varmiss,jwdid_uc,354,2,3.164526064785508,.0875319845006701
varmiss,bjs,354,0,1.792255680862581,.064061966830414
varmiss,bjs,354,1,2.484364577660017,.0826780323192157
varmiss,bjs,354,2,3.160019803821342,.0794123430366111
varmiss,bjs_wtr,354,0,1.938239086746762,.0669490141903653
varmiss,bjs_wtr,354,1,2.397039509134629,.0851515265136015
varmiss,bjs_wtr,354,2,2.957529558072565,.0821760364954158
varmiss,dcdh,354,0,1.775129969957448,.0892922304899549
varmiss,dcdh,354,1,2.235405619760274,.1266625928115335
varmiss,dcdh,354,2,3.049765341040318,.1203325903136464
varmiss,lpdid,354,0,1.659592702856817,.0926063894750109
varmiss,lpdid,354,1,2.142049377011042,.1387404672503392
varmiss,lpdid,354,2,3.08753242669296,.1390104237300821
varmiss,lpdid_rw,354,0,1.775130136909289,.0943506546374697
varmiss,lpdid_rw,354,1,2.249636466875885,.140307660939928
varmiss,lpdid_rw,354,2,2.935859564838834,.140951112426774
varmiss,sa,354,0,1.7915949346689,.0810030668533474
varmiss,sa,354,1,2.511591758242474,.099058500496408
varmiss,sa,354,2,3.206303367583137,.100754248236209
varmiss,csdid,355,0,2.087269437147127,.1041763203641168
varmiss,csdid,355,1,2.531607607624132,.1114440959886779
varmiss,csdid,355,2,3.01708826665124,.109627721245711
varmiss,jwdid,355,0,1.899982181900524,.0699905324153627
varmiss,jwdid,355,1,2.589071526947966,.0807322325269329
varmiss,jwdid,355,2,3.283443448416729,.081590405758822
varmiss,jwdid_uc,355,0,1.899982181900519,.0791823130261407
varmiss,jwdid_uc,355,1,2.589071526947983,.0910664001182627
varmiss,jwdid_uc,355,2,3.283443448416735,.0901345462389379
varmiss,bjs,355,0,1.901108963034858,.0719903916462263
varmiss,bjs,355,1,2.587252949062531,.0818203100459342
varmiss,bjs,355,2,3.304720463609556,.082808860677916
varmiss,bjs_wtr,355,0,2.076904982539418,.0758418434417765
varmiss,bjs_wtr,355,1,2.535086034287815,.0828270655156182
varmiss,bjs_wtr,355,2,3.068908124987502,.0870751470091396
varmiss,dcdh,355,0,1.915273048277896,.0945431198893011
varmiss,dcdh,355,1,2.441717482086947,.1244842149114808
varmiss,dcdh,355,2,3.168700901180536,.1338796060674952
varmiss,lpdid,355,0,1.811543965210239,.0959715793849893
varmiss,lpdid,355,1,2.445520056853244,.147026624429569
varmiss,lpdid,355,2,3.284684694842614,.1534750714005524
varmiss,lpdid_rw,355,0,1.915272560333382,.0984218908065986
varmiss,lpdid_rw,355,1,2.617628759400717,.1462350313228382
varmiss,lpdid_rw,355,2,3.162525345006062,.1588418577608988
varmiss,sa,355,0,1.92310831644298,.0868484647943798
varmiss,sa,355,1,2.606375886456758,.0959029047227258
varmiss,sa,355,2,3.28444560458722,.1056700754652005
varmiss,csdid,356,0,1.979616232711987,.0993752098837464
varmiss,csdid,356,1,2.63429437335063,.1080436208745674
varmiss,csdid,356,2,3.043993048988701,.1092451095532815
varmiss,jwdid,356,0,1.864653674149846,.0669573330736105
varmiss,jwdid,356,1,2.583840380900635,.0765403812987778
varmiss,jwdid,356,2,3.284953187932215,.0759416460109279
varmiss,jwdid_uc,356,0,1.864653674149845,.0752043463233575
varmiss,jwdid_uc,356,1,2.583840380900639,.0876087581446437
varmiss,jwdid_uc,356,2,3.284953187932185,.0847805685208814
varmiss,bjs,356,0,1.855523458014432,.0688295643870093
varmiss,bjs,356,1,2.615263527111438,.0787434273843391
varmiss,bjs,356,2,3.290420521603664,.0767027599536661
varmiss,bjs_wtr,356,0,2.013672360859346,.0705658066770427
varmiss,bjs_wtr,356,1,2.575854841773662,.0807934064992254
varmiss,bjs_wtr,356,2,3.039780459243048,.0806140828411802
varmiss,dcdh,356,0,1.800987942313182,.093271616305872
varmiss,dcdh,356,1,2.25258402957232,.1194711756357259
varmiss,dcdh,356,2,3.024433186811531,.1222646413692624
varmiss,lpdid,356,0,1.704734162099635,.0959351620451275
varmiss,lpdid,356,1,2.117964917004781,.1311087246272216
varmiss,lpdid,356,2,3.125088285644519,.1387007951003698
varmiss,lpdid_rw,356,0,1.800988069843092,.0965729562973581
varmiss,lpdid_rw,356,1,2.233798814464633,.1311013645881293
varmiss,lpdid_rw,356,2,3.005746640615176,.140750963972755
varmiss,sa,356,0,1.894686684702262,.0837158600200581
varmiss,sa,356,1,2.608304050200211,.0938543926352579
varmiss,sa,356,2,3.319003189789391,.0979583752927071
varmiss,csdid,357,0,2.278381051680268,.1047506817070573
varmiss,csdid,357,1,2.794743133068428,.1140948338245886
varmiss,csdid,357,2,3.218550240355902,.1098928663964972
varmiss,jwdid,357,0,2.044443301595163,.0707256836023654
varmiss,jwdid,357,1,2.7092065173854,.0832335186393477
varmiss,jwdid,357,2,3.356182221895015,.0809922766820813
varmiss,jwdid_uc,357,0,2.044443301595161,.0799957277513243
varmiss,jwdid_uc,357,1,2.709206517385394,.0924114303951371
varmiss,jwdid_uc,357,2,3.356182221894997,.0877044659263448
varmiss,bjs,357,0,2.014050896999834,.0725974896825733
varmiss,bjs,357,1,2.695501940084796,.0851011330392751
varmiss,bjs,357,2,3.346316183975432,.0824055581482894
varmiss,bjs_wtr,357,0,2.150604751495848,.0742994956979418
varmiss,bjs_wtr,357,1,2.67240128677804,.0856960940985172
varmiss,bjs_wtr,357,2,3.135272471350618,.0855079325237082
varmiss,dcdh,357,0,1.838922223352725,.10112580632558
varmiss,dcdh,357,1,2.399125313795468,.1340577833416091
varmiss,dcdh,357,2,3.044417919712038,.1306017139106254
varmiss,lpdid,357,0,1.790154827321746,.1038934745885742
varmiss,lpdid,357,1,2.374236520747562,.1504198662476954
varmiss,lpdid,357,2,3.08593890541367,.1434377951618375
varmiss,lpdid_rw,357,0,1.838922683739118,.1044204437357836
varmiss,lpdid_rw,357,1,2.392540413394358,.1522232728671838
varmiss,lpdid_rw,357,2,2.97391779428061,.143926824178364
varmiss,sa,357,0,2.092399206210774,.0879349130449606
varmiss,sa,357,1,2.735667008640135,.0988169862341473
varmiss,sa,357,2,3.406697971904129,.1032184311690259
varmiss,csdid,358,0,1.962191356537313,.1062110326980143
varmiss,csdid,358,1,2.545250939584538,.1089204103414838
varmiss,csdid,358,2,3.088746524107332,.1031861536542182
varmiss,jwdid,358,0,1.745856303648367,.0672180514184015
varmiss,jwdid,358,1,2.429716921104959,.078031440554988
varmiss,jwdid,358,2,3.166390722824029,.0730161340072867
varmiss,jwdid_uc,358,0,1.745856303648363,.0817289722341226
varmiss,jwdid_uc,358,1,2.429716921104953,.0894456917581734
varmiss,jwdid_uc,358,2,3.166390722823993,.0808613855672696
varmiss,bjs,358,0,1.749916283658877,.0683343161515108
varmiss,bjs,358,1,2.443181719434506,.0792920600551275
varmiss,bjs,358,2,3.176746299468505,.0741342061009486
varmiss,bjs_wtr,358,0,1.929832478448134,.0703204845413568
varmiss,bjs_wtr,358,1,2.456022204603869,.0803967623545595
varmiss,bjs_wtr,358,2,2.971214856093866,.0774170680663265
varmiss,dcdh,358,0,1.599924299365971,.094763754281291
varmiss,dcdh,358,1,2.240256381971218,.1262286125337272
varmiss,dcdh,358,2,2.831496607847587,.1200041870081493
varmiss,lpdid,358,0,1.493286157645279,.0981319503309168
varmiss,lpdid,358,1,2.12480938635209,.1385215467792995
varmiss,lpdid,358,2,2.858129002519076,.1336487494154158
varmiss,lpdid_rw,358,0,1.599923490320247,.1002376431128019
varmiss,lpdid_rw,358,1,2.2006119939964,.1379670734688561
varmiss,lpdid_rw,358,2,2.763404803126426,.1349523846557111
varmiss,sa,358,0,1.768584629192744,.087814720043985
varmiss,sa,358,1,2.454938735785013,.0949691340706777
varmiss,sa,358,2,3.174509793580569,.0958485963509183
varmiss,csdid,359,0,1.930770438613854,.1072229411202288
varmiss,csdid,359,1,2.445887048511739,.108859471571178
varmiss,csdid,359,2,2.996350779080362,.1085723965860235
varmiss,jwdid,359,0,1.884791448869761,.0689187155303604
varmiss,jwdid,359,1,2.623400739767021,.0811527796497066
varmiss,jwdid,359,2,3.280637824469071,.0818978349788616
varmiss,jwdid_uc,359,0,1.884791448869772,.0782469362689885
varmiss,jwdid_uc,359,1,2.623400739767046,.0884227676690953
varmiss,jwdid_uc,359,2,3.280637824469095,.0882532835372297
varmiss,bjs,359,0,1.895283368292439,.0702508061580491
varmiss,bjs,359,1,2.640428335016622,.0830850630051805
varmiss,bjs,359,2,3.297987148922402,.0823894460504853
varmiss,bjs_wtr,359,0,2.040667770930668,.0731537300181336
varmiss,bjs_wtr,359,1,2.568976940796347,.0841299133736529
varmiss,bjs_wtr,359,2,3.096850183370407,.084553305353846
varmiss,dcdh,359,0,1.797754976549069,.1008275369890795
varmiss,dcdh,359,1,2.315873975894501,.1377746028550939
varmiss,dcdh,359,2,2.979864123424024,.129485135812757
varmiss,lpdid,359,0,1.71174072098522,.1020720130246821
varmiss,lpdid,359,1,2.180541718499919,.1557756839608861
varmiss,lpdid,359,2,2.945796855861335,.145089830099674
varmiss,lpdid_rw,359,0,1.79775501837805,.1038558510264809
varmiss,lpdid_rw,359,1,2.325958247984738,.1616868520049537
varmiss,lpdid_rw,359,2,2.865252771754512,.1455959887892205
varmiss,sa,359,0,1.914535298872436,.0868718551037269
varmiss,sa,359,1,2.654665375296573,.0962381743870822
varmiss,sa,359,2,3.318575677007018,.1038751258204001
varmiss,csdid,360,0,1.956618876075194,.1010253961108114
varmiss,csdid,360,1,2.349792070683072,.1112104156497843
varmiss,csdid,360,2,2.889531738099921,.1072925201618313
varmiss,jwdid,360,0,1.878526540629526,.0693252989275598
varmiss,jwdid,360,1,2.483223104550605,.0793012311960847
varmiss,jwdid,360,2,3.282938107653937,.0746682226088527
varmiss,jwdid_uc,360,0,1.878526540629502,.0800960065199617
varmiss,jwdid_uc,360,1,2.4832231045506,.0903338638682008
varmiss,jwdid_uc,360,2,3.282938107653923,.0826191458048471
varmiss,bjs,360,0,1.903911934663483,.0720517816506439
varmiss,bjs,360,1,2.479311285587301,.0814111303017506
varmiss,bjs,360,2,3.289781610172213,.0755056183703657
varmiss,bjs_wtr,360,0,2.077698470227915,.0737884401643184
varmiss,bjs_wtr,360,1,2.452142468385318,.0829233763033301
varmiss,bjs_wtr,360,2,3.052219028173567,.0788488252655576
varmiss,dcdh,360,0,1.892787090559371,.095365786837795
varmiss,dcdh,360,1,2.167834161396301,.1392998536140238
varmiss,dcdh,360,2,3.078481856487199,.1281389277808423
varmiss,lpdid,360,0,1.78574909183955,.0985746901636514
varmiss,lpdid,360,1,2.092591812222047,.1512139477425
varmiss,lpdid,360,2,3.106395434347881,.1395192512924293
varmiss,lpdid_rw,360,0,1.892787101888973,.0999951573776856
varmiss,lpdid_rw,360,1,2.194513704292652,.156525055271034
varmiss,lpdid_rw,360,2,3.013803451316652,.1418441206282845
varmiss,sa,360,0,1.890565039253019,.0863379062808192
varmiss,sa,360,1,2.496271764752656,.0948943940535752
varmiss,sa,360,2,3.247989635337213,.09796137279392
varmiss,csdid,361,0,2.029694317333881,.1086765734752002
varmiss,csdid,361,1,2.574371051555255,.1162137921535108
varmiss,csdid,361,2,3.089380951585945,.1109028040980689
varmiss,jwdid,361,0,1.740787777669366,.0729720293432716
varmiss,jwdid,361,1,2.59942152695304,.0847146134318504
varmiss,jwdid,361,2,3.281687095429571,.0799527237677506
varmiss,jwdid_uc,361,0,1.740787777669371,.0828580489590083
varmiss,jwdid_uc,361,1,2.599421526953037,.0979233532883101
varmiss,jwdid_uc,361,2,3.281687095429589,.0874799572772266
varmiss,bjs,361,0,1.73396866213443,.0753296726130806
varmiss,bjs,361,1,2.598468904092442,.08728066006485
varmiss,bjs,361,2,3.262930244538438,.0810856307018988
varmiss,bjs_wtr,361,0,1.89663339425897,.0785131545005534
varmiss,bjs_wtr,361,1,2.545383592783764,.0882034702355754
varmiss,bjs_wtr,361,2,3.026052935609187,.0860561447345414
varmiss,dcdh,361,0,1.577084357799811,.1008270265649066
varmiss,dcdh,361,1,2.258820589134841,.1279119169769488
varmiss,dcdh,361,2,2.897752479892019,.1354134673208582
varmiss,lpdid,361,0,1.484255757715642,.1062274336122734
varmiss,lpdid,361,1,2.177156005162569,.1469820858793431
varmiss,lpdid,361,2,2.931497717787159,.154782294066712
varmiss,lpdid_rw,361,0,1.577083878243367,.1073660306932166
varmiss,lpdid_rw,361,1,2.273652929259395,.150337572432569
varmiss,lpdid_rw,361,2,2.763180420404167,.1601666485974365
varmiss,sa,361,0,1.693583737466679,.0929343260547267
varmiss,sa,361,1,2.576649218170505,.1057362808077555
varmiss,sa,361,2,3.302725681774185,.1031055536980106
varmiss,csdid,362,0,1.828524346294139,.1082325578754523
varmiss,csdid,362,1,2.492855354032169,.1102877563963048
varmiss,csdid,362,2,2.962625975881903,.1061810706725148
varmiss,jwdid,362,0,1.764539629361801,.0707773403798964
varmiss,jwdid,362,1,2.524959596082654,.0820672375613265
varmiss,jwdid,362,2,3.104387529003109,.0815406841813898
varmiss,jwdid_uc,362,0,1.764539629361805,.0803624019086955
varmiss,jwdid_uc,362,1,2.524959596082667,.0947665115976551
varmiss,jwdid_uc,362,2,3.104387529003119,.0872059634017541
varmiss,bjs,362,0,1.77401051783454,.0725107107346855
varmiss,bjs,362,1,2.528323058813839,.0839544062619261
varmiss,bjs,362,2,3.128815356722043,.0819120141661973
varmiss,bjs_wtr,362,0,1.968036910424416,.0772513764905231
varmiss,bjs_wtr,362,1,2.477794302416441,.0845038784343112
varmiss,bjs_wtr,362,2,2.945728255595895,.0851118652849473
varmiss,dcdh,362,0,1.61173846305596,.0992326605817545
varmiss,dcdh,362,1,2.164245437175485,.1302711574587459
varmiss,dcdh,362,2,2.70499186054546,.1325271214918844
varmiss,lpdid,362,0,1.539832356454914,.1008404514615637
varmiss,lpdid,362,1,2.040512837190789,.1417573296095314
varmiss,lpdid,362,2,2.742325426363617,.1476561576246405
varmiss,lpdid_rw,362,0,1.611738103922602,.1023708028582259
varmiss,lpdid_rw,362,1,2.170154673045563,.1435709571629716
varmiss,lpdid_rw,362,2,2.615543868407171,.14910344486907
varmiss,sa,362,0,1.709953517485925,.0872113895635547
varmiss,sa,362,1,2.475824407003656,.0976800364970888
varmiss,sa,362,2,3.024798459574857,.0980149934957681
varmiss,csdid,363,0,1.970043570151208,.103443608127063
varmiss,csdid,363,1,2.442253647174269,.107626028622507
varmiss,csdid,363,2,2.94060002941344,.1047408507359711
varmiss,jwdid,363,0,1.795646741846554,.0734801197770211
varmiss,jwdid,363,1,2.481438336710623,.0811836767621411
varmiss,jwdid,363,2,3.207893537136671,.0781159076268945
varmiss,jwdid_uc,363,0,1.795646741846554,.0830341484512532
varmiss,jwdid_uc,363,1,2.481438336710621,.0937962262621387
varmiss,jwdid_uc,363,2,3.207893537136679,.0868334570057355
varmiss,bjs,363,0,1.783397599069986,.073945580787797
varmiss,bjs,363,1,2.504943995346366,.0826086230392432
varmiss,bjs,363,2,3.216220853316827,.0787485213757708
varmiss,bjs_wtr,363,0,1.961499581713952,.0757189204497843
varmiss,bjs_wtr,363,1,2.471962870389689,.0842312822311237
varmiss,bjs_wtr,363,2,2.996627970076133,.0834740181086421
varmiss,dcdh,363,0,1.752710576400276,.1015683803680895
varmiss,dcdh,363,1,2.23857121402724,.1280930366854073
varmiss,dcdh,363,2,2.984185602634332,.1293695058007492
varmiss,lpdid,363,0,1.658835804960697,.1053272755140067
varmiss,lpdid,363,1,2.15741099153928,.1446141404459444
varmiss,lpdid,363,2,3.134352638261553,.1491998712303368
varmiss,lpdid_rw,363,0,1.75271156665399,.1063967791267399
varmiss,lpdid_rw,363,1,2.22675666200128,.1445433781593632
varmiss,lpdid_rw,363,2,2.906021302673,.1580176639970756
varmiss,sa,363,0,1.815335168960857,.092533624763007
varmiss,sa,363,1,2.489207433181778,.1008559119290295
varmiss,sa,363,2,3.235542562154744,.0991450199340039
varmiss,csdid,364,0,1.923562466554875,.1071658249308704
varmiss,csdid,364,1,2.54928377855457,.1119259455716216
varmiss,csdid,364,2,2.942409094564201,.1063813996128156
varmiss,jwdid,364,0,1.792216667549734,.0708737479420316
varmiss,jwdid,364,1,2.614034613085758,.0772566029085093
varmiss,jwdid,364,2,3.092569362298734,.076199362918947
varmiss,jwdid_uc,364,0,1.792216667549734,.0805477794489948
varmiss,jwdid_uc,364,1,2.614034613085768,.0856657058208763
varmiss,jwdid_uc,364,2,3.092569362298732,.0821881143095125
varmiss,bjs,364,0,1.802122719540421,.073085614530733
varmiss,bjs,364,1,2.639060534747841,.0786616044265361
varmiss,bjs,364,2,3.12232312922788,.0771086137353666
varmiss,bjs_wtr,364,0,1.96324551077123,.0746816864642266
varmiss,bjs_wtr,364,1,2.563543436124746,.0798829654355301
varmiss,bjs_wtr,364,2,2.963389419535815,.0783633165535252
varmiss,dcdh,364,0,1.573233420238011,.1026392734836626
varmiss,dcdh,364,1,2.197404434680839,.1280801825105318
varmiss,dcdh,364,2,2.7410535506043,.1217782196261983
varmiss,lpdid,364,0,1.471960619024244,.1052300187697926
varmiss,lpdid,364,1,2.204488413945783,.1399057402360016
varmiss,lpdid,364,2,2.823887844897334,.1307330239245049
varmiss,lpdid_rw,364,0,1.573233777199153,.1069543058376664
varmiss,lpdid_rw,364,1,2.305964901433325,.1409800690605817
varmiss,lpdid_rw,364,2,2.71704647047473,.1306407413904978
varmiss,sa,364,0,1.756650421916789,.0879275328277028
varmiss,sa,364,1,2.540749130784611,.0937066648114804
varmiss,sa,364,2,2.989329924859889,.097181992968589
varmiss,csdid,365,0,1.790503591766439,.1093661674023293
varmiss,csdid,365,1,2.260457397674618,.1123969367573961
varmiss,csdid,365,2,2.806961772497233,.1108179834705942
varmiss,jwdid,365,0,1.723740095543028,.0754137585623701
varmiss,jwdid,365,1,2.44351073640212,.0820846549865256
varmiss,jwdid,365,2,3.137454895158044,.0818108287035343
varmiss,jwdid_uc,365,0,1.723740095543026,.08409666735565
varmiss,jwdid_uc,365,1,2.443510736402107,.092628485652352
varmiss,jwdid_uc,365,2,3.137454895158027,.0879300003644025
varmiss,bjs,365,0,1.719521398263169,.0776471230357016
varmiss,bjs,365,1,2.473376118025044,.0837430439754753
varmiss,bjs,365,2,3.128219576449737,.0830547193283789
varmiss,bjs_wtr,365,0,1.899674686108483,.081167324930591
varmiss,bjs_wtr,365,1,2.416577589989174,.0853451172972496
varmiss,bjs_wtr,365,2,2.922167025048111,.0867705728734338
varmiss,dcdh,365,0,1.597407141795477,.102002972188963
varmiss,dcdh,365,1,2.013183181431402,.1368565177305551
varmiss,dcdh,365,2,2.813982791408106,.1301320420759507
varmiss,lpdid,365,0,1.497671385797646,.1032445901411744
varmiss,lpdid,365,1,1.92299121814044,.1559313865714421
varmiss,lpdid,365,2,2.669468615300414,.1462820782463966
varmiss,lpdid_rw,365,0,1.597407214214962,.105052212413977
varmiss,lpdid_rw,365,1,2.056067781011289,.1606143804677888
varmiss,lpdid_rw,365,2,2.56408692074112,.1460540314058867
varmiss,sa,365,0,1.715413487006595,.091876027118995
varmiss,sa,365,1,2.424048556839563,.097645088880068
varmiss,sa,365,2,3.070683746568191,.1008084714312589
varmiss,csdid,366,0,1.910505105895509,.1025723224417911
varmiss,csdid,366,1,2.527731228281859,.1110756696807245
varmiss,csdid,366,2,2.983054585814631,.1069115495287321
varmiss,jwdid,366,0,1.734108972235775,.0713322089078453
varmiss,jwdid,366,1,2.515276283617085,.0812199970876934
varmiss,jwdid,366,2,3.137865602999612,.0822428075525211
varmiss,jwdid_uc,366,0,1.734108972235773,.0805479454621504
varmiss,jwdid_uc,366,1,2.51527628361709,.0927261871588985
varmiss,jwdid_uc,366,2,3.137865602999621,.0895845100929306
varmiss,bjs,366,0,1.731637749683955,.0723587262436649
varmiss,bjs,366,1,2.513700849856832,.0823277592181059
varmiss,bjs,366,2,3.128737748932849,.0829071794231964
varmiss,bjs_wtr,366,0,1.911205958872017,.0763054421350822
varmiss,bjs_wtr,366,1,2.488739906435512,.0838640130408557
varmiss,bjs_wtr,366,2,2.929359108830113,.0860612374229779
varmiss,dcdh,366,0,1.704852698655799,.0949175299016498
varmiss,dcdh,366,1,2.115500133626629,.1359776381337407
varmiss,dcdh,366,2,2.729436398908496,.1336372966924706
varmiss,lpdid,366,0,1.613729048452674,.0990474122741156
varmiss,lpdid,366,1,2.055252017656075,.1494429290357749
varmiss,lpdid,366,2,2.81833874647115,.1491176034850943
varmiss,lpdid_rw,366,0,1.704852257700776,.099976437530667
varmiss,lpdid_rw,366,1,2.196371172877206,.1492106838947884
varmiss,lpdid_rw,366,2,2.657283941995161,.1511929217030803
varmiss,sa,366,0,1.740406007276806,.089343997394126
varmiss,sa,366,1,2.53096606330208,.1002582613710448
varmiss,sa,366,2,3.185124748346754,.1042293660536092
varmiss,csdid,367,0,2.227175075651694,.1083633731056411
varmiss,csdid,367,1,2.74198344773479,.1147079132047004
varmiss,csdid,367,2,3.151714262456328,.1099278494404978
varmiss,jwdid,367,0,1.939471768887715,.0737077752700831
varmiss,jwdid,367,1,2.66363139450701,.0795665064791151
varmiss,jwdid,367,2,3.283459944790648,.0777309018147673
varmiss,jwdid_uc,367,0,1.939471768887723,.0847773219742198
varmiss,jwdid_uc,367,1,2.663631394507008,.0907174472359064
varmiss,jwdid_uc,367,2,3.283459944790637,.0853758685206126
varmiss,bjs,367,0,1.934405592920029,.0756127446530283
varmiss,bjs,367,1,2.657387356099207,.080687668021851
varmiss,bjs,367,2,3.280365478931344,.078353667149205
varmiss,bjs_wtr,367,0,2.090582702725442,.0788733952538618
varmiss,bjs_wtr,367,1,2.55877966627304,.0835759822145642
varmiss,bjs_wtr,367,2,3.062179115164327,.0811924871498235
varmiss,dcdh,367,0,1.945847678455014,.1024433517942596
varmiss,dcdh,367,1,2.447997121077649,.1294798192543829
varmiss,dcdh,367,2,2.998037132737812,.1215227241812426
varmiss,lpdid,367,0,1.807035406205206,.1051935004026282
varmiss,lpdid,367,1,2.39606282430625,.1519204055880966
varmiss,lpdid,367,2,2.990914552552777,.1476542263375532
varmiss,lpdid_rw,367,0,1.945848267054903,.1081163276323795
varmiss,lpdid_rw,367,1,2.574431066704733,.1553335903505549
varmiss,lpdid_rw,367,2,2.909776247335872,.1490990627054338
varmiss,sa,367,0,1.976753680347321,.0923957580383819
varmiss,sa,367,1,2.730138160765541,.1013135737244614
varmiss,sa,367,2,3.406095500477337,.106466372285019
varmiss,csdid,368,0,2.234438946832,.1038358896861393
varmiss,csdid,368,1,2.681984209957015,.1107747820057365
varmiss,csdid,368,2,3.094492104006842,.1057645510976418
varmiss,jwdid,368,0,2.003385903095598,.0712200888137856
varmiss,jwdid,368,1,2.805648187798478,.0863419555039011
varmiss,jwdid,368,2,3.320323401021094,.0797782397198936
varmiss,jwdid_uc,368,0,2.003385903095587,.0834699521221396
varmiss,jwdid_uc,368,1,2.805648187798444,.0961015451431995
varmiss,jwdid_uc,368,2,3.320323401021082,.0887056732112886
varmiss,bjs,368,0,2.025242238821193,.0731752288218337
varmiss,bjs,368,1,2.806799752550432,.0879997680449694
varmiss,bjs,368,2,3.315551800445974,.0803989462044464
varmiss,bjs_wtr,368,0,2.195561763123351,.0763662405869574
varmiss,bjs_wtr,368,1,2.666364092940057,.0879367903551166
varmiss,bjs_wtr,368,2,3.054603177712124,.0836993894270893
varmiss,dcdh,368,0,1.844878811384197,.0949895803929499
varmiss,dcdh,368,1,2.442931141681947,.1323890730499492
varmiss,dcdh,368,2,2.953475114692737,.1279980071269416
varmiss,lpdid,368,0,1.719384681948623,.0994730750989629
varmiss,lpdid,368,1,2.388392159116678,.1487206078954375
varmiss,lpdid,368,2,2.783727134270994,.1455996485714828
varmiss,lpdid_rw,368,0,1.844879829869386,.1020219187503303
varmiss,lpdid_rw,368,1,2.467035745569707,.1502233134213118
varmiss,lpdid_rw,368,2,2.676737352672101,.1462962763665827
varmiss,sa,368,0,2.016265846459835,.0906788846963435
varmiss,sa,368,1,2.835708891795226,.1036400116907128
varmiss,sa,368,2,3.389938909302903,.1052180616596958
varmiss,csdid,369,0,2.153129369250527,.1045573675661013
varmiss,csdid,369,1,2.533178454843373,.1120998495418865
varmiss,csdid,369,2,3.007356017794875,.109936340482758
varmiss,jwdid,369,0,1.973366655449009,.0685815907847503
varmiss,jwdid,369,1,2.583293088528048,.0818317824358451
varmiss,jwdid,369,2,3.219125503768285,.079973633194794
varmiss,jwdid_uc,369,0,1.973366655449003,.0787667778880004
varmiss,jwdid_uc,369,1,2.583293088528064,.090985624480275
varmiss,jwdid_uc,369,2,3.219125503768293,.0868375762033928
varmiss,bjs,369,0,1.987293021828464,.070172632332355
varmiss,bjs,369,1,2.556455874866515,.08432764456909
varmiss,bjs,369,2,3.219997681056157,.0805838038194434
varmiss,bjs_wtr,369,0,2.157852301379762,.0732127983306274
varmiss,bjs_wtr,369,1,2.52745522090845,.0847490773235379
varmiss,bjs_wtr,369,2,3.037587169407743,.0828073815335113
varmiss,dcdh,369,0,1.837315254907107,.0965538619900404
varmiss,dcdh,369,1,2.297720984834967,.133196511893028
varmiss,dcdh,369,2,3.168958628834146,.1312965908992564
varmiss,lpdid,369,0,1.741979180071568,.0970731221703378
varmiss,lpdid,369,1,2.209574316291381,.1469407984429495
varmiss,lpdid,369,2,3.104334974809293,.1531255008849663
varmiss,lpdid_rw,369,0,1.837316077631477,.1004722494230278
varmiss,lpdid_rw,369,1,2.313623772262101,.1498505114412284
varmiss,lpdid_rw,369,2,3.008808043766392,.1526754159058026
varmiss,sa,369,0,2.033918644424609,.0876025791453495
varmiss,sa,369,1,2.633335082237659,.099016905576106
varmiss,sa,369,2,3.287353311580736,.107431313924495
varmiss,csdid,370,0,2.140609503890833,.1032285406869563
varmiss,csdid,370,1,2.647987064853655,.113601337374777
varmiss,csdid,370,2,3.041006565232815,.112816278685319
varmiss,jwdid,370,0,1.828526610073131,.0670611292770695
varmiss,jwdid,370,1,2.525892970202517,.0775919973781154
varmiss,jwdid,370,2,3.187992843202444,.078950883790363
varmiss,jwdid_uc,370,0,1.828526610073122,.0789882614727581
varmiss,jwdid_uc,370,1,2.525892970202511,.091005178675735
varmiss,jwdid_uc,370,2,3.187992843202424,.0875250455948571
varmiss,bjs,370,0,1.824898668808601,.0689647645452392
varmiss,bjs,370,1,2.504758116983794,.0796522197539193
varmiss,bjs,370,2,3.204484796962788,.080050255724645
varmiss,bjs_wtr,370,0,1.977809357763363,.0709798219280455
varmiss,bjs_wtr,370,1,2.474413011051183,.0816747976483527
varmiss,bjs_wtr,370,2,2.978360774544853,.0827459190504442
varmiss,dcdh,370,0,1.745297630526077,.0871070741943125
varmiss,dcdh,370,1,2.298475176920902,.1165614696147914
varmiss,dcdh,370,2,2.886793476388624,.1223941172471152
varmiss,lpdid,370,0,1.602371828807398,.0927982003840597
varmiss,lpdid,370,1,2.209935812951761,.1323328924635172
varmiss,lpdid,370,2,2.907186254121466,.1438007446375181
varmiss,lpdid_rw,370,0,1.745296867254798,.095257282471386
varmiss,lpdid_rw,370,1,2.315174050656652,.1316534169331281
varmiss,lpdid_rw,370,2,2.730524839621637,.1480113861520992
varmiss,sa,370,0,1.809634953228981,.0878259662483968
varmiss,sa,370,1,2.517782555021184,.1002779607568734
varmiss,sa,370,2,3.244716657949843,.1042557997667179
varmiss,csdid,371,0,1.793462353713035,.0967329777893655
varmiss,csdid,371,1,2.343277961636813,.1133176814479723
varmiss,csdid,371,2,2.94060945867774,.1079218645964326
varmiss,jwdid,371,0,1.700212765822428,.067167230657606
varmiss,jwdid,371,1,2.482280151200634,.0798335573775834
varmiss,jwdid,371,2,3.278380174453134,.0761220588875726
varmiss,jwdid_uc,371,0,1.700212765822428,.0764190580694957
varmiss,jwdid_uc,371,1,2.482280151200627,.0949802015884155
varmiss,jwdid_uc,371,2,3.278380174453135,.0852425906567292
varmiss,bjs,371,0,1.705876443362399,.0692683235114826
varmiss,bjs,371,1,2.460582685891495,.0822695578795525
varmiss,bjs,371,2,3.267430607822462,.0771252537059512
varmiss,bjs_wtr,371,0,1.833878638076044,.0706704654979926
varmiss,bjs_wtr,371,1,2.320037155223872,.0831293494914442
varmiss,bjs_wtr,371,2,2.997363524689717,.0809834551712742
varmiss,dcdh,371,0,1.674303950622439,.0916217299967671
varmiss,dcdh,371,1,2.382855481445744,.1279388137047362
varmiss,dcdh,371,2,3.109577768129522,.1189530543090033
varmiss,lpdid,371,0,1.551961973632671,.0941212259522305
varmiss,lpdid,371,1,2.274018832859941,.1422486973460838
varmiss,lpdid,371,2,3.140272802785545,.1384820666293761
varmiss,lpdid_rw,371,0,1.674304576328786,.0952663904156387
varmiss,lpdid_rw,371,1,2.414898328146899,.1482684475268204
varmiss,lpdid_rw,371,2,3.039309846636416,.1390856181016553
varmiss,sa,371,0,1.718600139883933,.0831826018127706
varmiss,sa,371,1,2.497878565149812,.1026402759489972
varmiss,sa,371,2,3.2972455663074,.1034763871435652
varmiss,csdid,372,0,2.039209157463294,.1044038807420515
varmiss,csdid,372,1,2.649939432076202,.1079619493483004
varmiss,csdid,372,2,2.818530662187567,.106780228898541
varmiss,jwdid,372,0,1.862892126156106,.0710241955682018
varmiss,jwdid,372,1,2.715150201741773,.0765630989835282
varmiss,jwdid,372,2,3.066594189687825,.0772177168015495
varmiss,jwdid_uc,372,0,1.862892126156109,.0823697931397133
varmiss,jwdid_uc,372,1,2.715150201741778,.0844161061373704
varmiss,jwdid_uc,372,2,3.066594189687829,.0819692234608422
varmiss,bjs,372,0,1.87046901795668,.0718459087582967
varmiss,bjs,372,1,2.723662937423796,.0782264464090815
varmiss,bjs,372,2,3.073504548607161,.0778407175664062
varmiss,bjs_wtr,372,0,2.069721783909131,.0745476999237365
varmiss,bjs_wtr,372,1,2.690303164674333,.0798354981409286
varmiss,bjs_wtr,372,2,2.844798391131917,.0803993332389425
varmiss,dcdh,372,0,1.692365801121734,.0978430454834309
varmiss,dcdh,372,1,2.350707779059539,.1284214041065085
varmiss,dcdh,372,2,2.803223509994057,.1230693377318242
varmiss,lpdid,372,0,1.589150993318683,.101173137135337
varmiss,lpdid,372,1,2.18541362056207,.1411644953684044
varmiss,lpdid,372,2,2.771493000145091,.1407825277962491
varmiss,lpdid_rw,372,0,1.692366135153746,.1029267821219113
varmiss,lpdid_rw,372,1,2.338251147779872,.1469117848671433
varmiss,lpdid_rw,372,2,2.638447547699298,.1406629594300244
varmiss,sa,372,0,1.831384634927832,.0887513861626718
varmiss,sa,372,1,2.685570792940921,.0897072965235594
varmiss,sa,372,2,2.985245903309657,.0988497436716573
varmiss,csdid,373,0,1.916258542541431,.1037132419908863
varmiss,csdid,373,1,2.357287786010945,.1218568097677578
varmiss,csdid,373,2,2.993879066242668,.1135329266805653
varmiss,jwdid,373,0,1.808804928944752,.0686996677579157
varmiss,jwdid,373,1,2.551555463387166,.087069729258533
varmiss,jwdid,373,2,3.299062398450001,.0870086128745713
varmiss,jwdid_uc,373,0,1.80880492894475,.0783773883578091
varmiss,jwdid_uc,373,1,2.551555463387168,.0976354975689373
varmiss,jwdid_uc,373,2,3.299062398449992,.09540404497898
varmiss,bjs,373,0,1.819245199698798,.0713087706374286
varmiss,bjs,373,1,2.535862439268385,.0896438628435959
varmiss,bjs,373,2,3.277776238246588,.088598564750201
varmiss,bjs_wtr,373,0,1.974218995427691,.0733879771825739
varmiss,bjs_wtr,373,1,2.434335067664506,.0914971183247804
varmiss,bjs_wtr,373,2,3.005221711035119,.0929271686083187
varmiss,dcdh,373,0,1.64135332373028,.0975261607768448
varmiss,dcdh,373,1,2.107294536376734,.1375054463591661
varmiss,dcdh,373,2,3.134823298481161,.1403578996022808
varmiss,lpdid,373,0,1.555088554487752,.1001951660767513
varmiss,lpdid,373,1,1.984480652834602,.1566437258956334
varmiss,lpdid,373,2,3.130694201294707,.163670031082921
varmiss,lpdid_rw,373,0,1.641353000180171,.1014375828884895
varmiss,lpdid_rw,373,1,2.047931854786973,.1618794748891743
varmiss,lpdid_rw,373,2,2.97593049149171,.1635621552431792
varmiss,sa,373,0,1.768727562821547,.0868370976224376
varmiss,sa,373,1,2.51094018132512,.1036911590933802
varmiss,sa,373,2,3.241918512460228,.1121245250896932
varmiss,csdid,374,0,2.006069799319989,.1097138397268107
varmiss,csdid,374,1,2.440529009883819,.1104121625609384
varmiss,csdid,374,2,3.041347831943074,.1128125814475736
varmiss,jwdid,374,0,1.826876364582525,.0721722207599084
varmiss,jwdid,374,1,2.441367468619637,.077942912197457
varmiss,jwdid,374,2,3.326315584633873,.0811193120696449
varmiss,jwdid_uc,374,0,1.826876364582532,.081530661930222
varmiss,jwdid_uc,374,1,2.441367468619646,.0882461363255651
varmiss,jwdid_uc,374,2,3.326315584633907,.0904090823882944
varmiss,bjs,374,0,1.823893048222089,.0740449059347327
varmiss,bjs,374,1,2.428803196729859,.0788754430738499
varmiss,bjs,374,2,3.323435638096271,.0816081385170681
varmiss,bjs_wtr,374,0,2.030545224222806,.0780164845265081
varmiss,bjs_wtr,374,1,2.434366868918005,.0819467754565892
varmiss,bjs_wtr,374,2,3.048741699289167,.0882143389943721
varmiss,dcdh,374,0,1.796603897857828,.1033412878955143
varmiss,dcdh,374,1,2.152304188201695,.1293168672866534
varmiss,dcdh,374,2,3.001881637650663,.1401430156914825
varmiss,lpdid,374,0,1.680287379721555,.1038848665509882
varmiss,lpdid,374,1,2.115997994434156,.1461587699703575
varmiss,lpdid,374,2,3.145813868418884,.16390877426673
varmiss,lpdid_rw,374,0,1.796603749439101,.1075767711504844
varmiss,lpdid_rw,374,1,2.24308455257381,.1549648674256218
varmiss,lpdid_rw,374,2,2.938328026418642,.1671240284741791
varmiss,sa,374,0,1.837037817837285,.0925112098690141
varmiss,sa,374,1,2.44258434377312,.0971713995592438
varmiss,sa,374,2,3.342467285413577,.1097123799827495
varmiss,csdid,375,0,1.976467299575364,.1046756454979649
varmiss,csdid,375,1,2.281261010043284,.1113611039685154
varmiss,csdid,375,2,2.843392357338013,.1086303619153165
varmiss,jwdid,375,0,1.802807162365229,.0681965825112687
varmiss,jwdid,375,1,2.441763068839876,.0777686967578902
varmiss,jwdid,375,2,3.106091064623644,.078764150977675
varmiss,jwdid_uc,375,0,1.802807162365246,.0832965510781313
varmiss,jwdid_uc,375,1,2.441763068839904,.0916257158040468
varmiss,jwdid_uc,375,2,3.106091064623703,.0835299420431421
varmiss,bjs,375,0,1.77771377521276,.070702629020962
varmiss,bjs,375,1,2.450248570577969,.0790089660402373
varmiss,bjs,375,2,3.080208310035232,.0791022364368796
varmiss,bjs_wtr,375,0,1.978368102851164,.0728997494284017
varmiss,bjs_wtr,375,1,2.374507299839024,.0805530833509578
varmiss,bjs_wtr,375,2,2.890772664177348,.0834829692109371
varmiss,dcdh,375,0,1.564115330159761,.09396303770405
varmiss,dcdh,375,1,2.14533526869584,.123840060082749
varmiss,dcdh,375,2,2.646197687390303,.1289457491698664
varmiss,lpdid,375,0,1.447603618218835,.0976488927028047
varmiss,lpdid,375,1,1.908014001509003,.1359697611113407
varmiss,lpdid,375,2,2.641261706630314,.143789982894491
varmiss,lpdid_rw,375,0,1.564114380808417,.0994603455169132
varmiss,lpdid_rw,375,1,2.02357496541736,.1389824532702571
varmiss,lpdid_rw,375,2,2.51450434210363,.1474964978968402
varmiss,sa,375,0,1.775162657090513,.0878984261212056
varmiss,sa,375,1,2.421908961728886,.0967709451404232
varmiss,sa,375,2,3.074431931340999,.0993684809174918
varmiss,csdid,376,0,2.123509934964259,.1075680575961114
varmiss,csdid,376,1,2.564309926121148,.1074322800295651
varmiss,csdid,376,2,3.085232319149382,.1077225686554306
varmiss,jwdid,376,0,1.872941531532101,.0694902020629007
varmiss,jwdid,376,1,2.589855925465408,.0781243391508828
varmiss,jwdid,376,2,3.268369531945011,.0764333206437759
varmiss,jwdid_uc,376,0,1.872941531532114,.0804708405246568
varmiss,jwdid_uc,376,1,2.589855925465425,.0903942915401341
varmiss,jwdid_uc,376,2,3.268369531945051,.0864377074619452
varmiss,bjs,376,0,1.872773832210441,.0712252150707446
varmiss,bjs,376,1,2.597354379551689,.0792755307249857
varmiss,bjs,376,2,3.280735597425519,.0771197333849519
varmiss,bjs_wtr,376,0,2.0637965668775,.0746564786650715
varmiss,bjs_wtr,376,1,2.489202519467653,.0805519807218244
varmiss,bjs_wtr,376,2,3.027424880601757,.080714428778005
varmiss,dcdh,376,0,1.892803998023329,.0962868547404068
varmiss,dcdh,376,1,2.268606399010692,.1171890200977567
varmiss,dcdh,376,2,2.939161566637076,.1260642042102243
varmiss,lpdid,376,0,1.784060513769125,.0983650138351959
varmiss,lpdid,376,1,2.244228491537807,.1359168210985472
varmiss,lpdid,376,2,2.950430839659822,.1416024379867521
varmiss,lpdid_rw,376,0,1.892803664791533,.1006801376400866
varmiss,lpdid_rw,376,1,2.341308517011965,.1378050979993659
varmiss,lpdid_rw,376,2,2.826789673912012,.1454533211970472
varmiss,sa,376,0,1.905693972135274,.090988589357138
varmiss,sa,376,1,2.640872555215525,.0978577516351596
varmiss,sa,376,2,3.359195374310517,.1049758312168315
varmiss,csdid,377,0,1.84318485557921,.1063610359910536
varmiss,csdid,377,1,2.381775412889677,.1146768359799737
varmiss,csdid,377,2,2.959583164760339,.1116031269403875
varmiss,jwdid,377,0,1.721282992269652,.0706314987871962
varmiss,jwdid,377,1,2.415601257847668,.0837166409179158
varmiss,jwdid,377,2,3.121912131982075,.0803343664616957
varmiss,jwdid_uc,377,0,1.721282992269655,.0788949112182689
varmiss,jwdid_uc,377,1,2.415601257847673,.0936057852460324
varmiss,jwdid_uc,377,2,3.121912131982054,.0890799431809208
varmiss,bjs,377,0,1.713947042384461,.071742786507164
varmiss,bjs,377,1,2.389062831487536,.0851058966222511
varmiss,bjs,377,2,3.11839039433471,.0808843450420169
varmiss,bjs_wtr,377,0,1.899816237665618,.0754055950790756
varmiss,bjs_wtr,377,1,2.338062508883013,.0862932582775296
varmiss,bjs_wtr,377,2,2.924766418094805,.0851693637990007
varmiss,dcdh,377,0,1.6832147769048,.0965035996281989
varmiss,dcdh,377,1,2.049867573272751,.1429435066523388
varmiss,dcdh,377,2,2.775794804531961,.1385918846485202
varmiss,lpdid,377,0,1.596793048257757,.096798650967191
varmiss,lpdid,377,1,2.097636525900469,.1541205939584546
varmiss,lpdid,377,2,2.778777868356075,.1542595783880501
varmiss,lpdid_rw,377,0,1.683215303761302,.0997557502953293
varmiss,lpdid_rw,377,1,2.194237632343511,.1586903603544963
varmiss,lpdid_rw,377,2,2.579462277937903,.1610214663723997
varmiss,sa,377,0,1.70447463774161,.0871774147117648
varmiss,sa,377,1,2.41807466145465,.0992999426294861
varmiss,sa,377,2,3.126355075043505,.1042109398009876
varmiss,csdid,378,0,1.791908499159451,.1110538438033432
varmiss,csdid,378,1,2.324071081497767,.112360544483481
varmiss,csdid,378,2,2.796126695137882,.1094310958913403
varmiss,jwdid,378,0,1.683832645245312,.071655733150703
varmiss,jwdid,378,1,2.566468106015763,.0802155902988129
varmiss,jwdid,378,2,3.225570750768174,.0810695620146161
varmiss,jwdid_uc,378,0,1.683832645245319,.0842875004767975
varmiss,jwdid_uc,378,1,2.566468106015759,.0946244735595259
varmiss,jwdid_uc,378,2,3.22557075076816,.0904417765820339
varmiss,bjs,378,0,1.692836790516594,.0744912660307432
varmiss,bjs,378,1,2.557824026571325,.0814940474150888
varmiss,bjs,378,2,3.241416566768748,.0818897875824041
varmiss,bjs_wtr,378,0,1.93363449080789,.0757978372935938
varmiss,bjs_wtr,378,1,2.40252502698786,.0818872192222083
varmiss,bjs_wtr,378,2,2.923137541405595,.0866786474165294
varmiss,dcdh,378,0,1.43243682447451,.0959782715604436
varmiss,dcdh,378,1,1.996155355179845,.1320931713554101
varmiss,dcdh,378,2,2.727146349589031,.1456096693902222
varmiss,lpdid,378,0,1.336865540758406,.0998753434269411
varmiss,lpdid,378,1,1.912900280039399,.1508307582302687
varmiss,lpdid,378,2,2.897170992738332,.1656823398377885
varmiss,lpdid_rw,378,0,1.432435913490127,.1003285733656391
varmiss,lpdid_rw,378,1,1.99397256242436,.1525496210564098
varmiss,lpdid_rw,378,2,2.655538056126773,.1688750038098707
varmiss,sa,378,0,1.624773426586907,.0919825194245114
varmiss,sa,378,1,2.506540212078324,.1022872857475608
varmiss,sa,378,2,3.166023625832921,.1075019586740814
varmiss,csdid,379,0,1.983759852241124,.1050240685229804
varmiss,csdid,379,1,2.521190712413627,.1090171498991165
varmiss,csdid,379,2,2.991802823595473,.1075950140985407
varmiss,jwdid,379,0,1.86616409781271,.0706105327431951
varmiss,jwdid,379,1,2.657620821371026,.0766591379704808
varmiss,jwdid,379,2,3.254492746596648,.0781349923081389
varmiss,jwdid_uc,379,0,1.86616409781271,.0835778201707189
varmiss,jwdid_uc,379,1,2.657620821371022,.0901809565487857
varmiss,jwdid_uc,379,2,3.254492746596628,.0849530940324899
varmiss,bjs,379,0,1.820372501841121,.0728990697014093
varmiss,bjs,379,1,2.652848826004629,.0789297625824767
varmiss,bjs,379,2,3.239900132710318,.0789124564018274
varmiss,bjs_wtr,379,0,2.000600175023465,.0766630648423645
varmiss,bjs_wtr,379,1,2.573729228155571,.082267036620859
varmiss,bjs_wtr,379,2,3.078143889113562,.0814009321775178
varmiss,dcdh,379,0,1.743786926676365,.099540866987728
varmiss,dcdh,379,1,2.379238796808837,.130755305323718
varmiss,dcdh,379,2,2.979841980502833,.1370591301662761
varmiss,lpdid,379,0,1.620591428566495,.1018624669385592
varmiss,lpdid,379,1,2.231716754754011,.1452703882490203
varmiss,lpdid,379,2,2.957485891926528,.1531953254431594
varmiss,lpdid_rw,379,0,1.743786494179805,.1072285180765755
varmiss,lpdid_rw,379,1,2.381646668062398,.1508791896627955
varmiss,lpdid_rw,379,2,2.818512227348718,.1550350120689518
varmiss,sa,379,0,1.833625883813423,.0936279561507332
varmiss,sa,379,1,2.667425451314982,.0985397819516631
varmiss,sa,379,2,3.285012390402269,.1023901259352794
varmiss,csdid,380,0,1.872426410143063,.1019510541425667
varmiss,csdid,380,1,2.306875615781838,.1112325237287217
varmiss,csdid,380,2,2.88675100718099,.1052035968789211
varmiss,jwdid,380,0,1.898193341430586,.0697535779324352
varmiss,jwdid,380,1,2.480483480500026,.0785945679975445
varmiss,jwdid,380,2,3.183105931311228,.0773551772473845
varmiss,jwdid_uc,380,0,1.898193341430574,.0775375028499411
varmiss,jwdid_uc,380,1,2.48048348050002,.0884503119174061
varmiss,jwdid_uc,380,2,3.183105931311229,.0854232438467066
varmiss,bjs,380,0,1.926800960998662,.072579445589319
varmiss,bjs,380,1,2.502866159436962,.0806725863430525
varmiss,bjs,380,2,3.174926683292142,.0781794496841932
varmiss,bjs_wtr,380,0,2.022890342519531,.0743994715599403
varmiss,bjs_wtr,380,1,2.422772859905308,.0815466636121739
varmiss,bjs_wtr,380,2,2.939452971513674,.0819067212372596
varmiss,dcdh,380,0,1.698040456466754,.0970658598698596
varmiss,dcdh,380,1,2.286125613843093,.1247328623318
varmiss,dcdh,380,2,2.939615908618233,.1227606787660926
varmiss,lpdid,380,0,1.581571934026897,.0984355745307768
varmiss,lpdid,380,1,2.159203748654551,.1386364966835302
varmiss,lpdid,380,2,2.955244453582223,.1442947857605389
varmiss,lpdid_rw,380,0,1.69804028672722,.101084578402805
varmiss,lpdid_rw,380,1,2.27534262964948,.1468222990468079
varmiss,lpdid_rw,380,2,2.853887384898921,.1440997730561495
varmiss,sa,380,0,1.847149510303793,.0843856713031211
varmiss,sa,380,1,2.440933573581711,.0964672819085439
varmiss,sa,380,2,3.139378063903481,.1018855192337806
varmiss,csdid,381,0,2.20676514990945,.1067704138309066
varmiss,csdid,381,1,2.623755586434799,.1141109557689756
varmiss,csdid,381,2,3.140558260625017,.1095774858716265
varmiss,jwdid,381,0,1.936644852728991,.069928002012414
varmiss,jwdid,381,1,2.677100230519022,.0843914376706069
varmiss,jwdid,381,2,3.319165821692782,.0812817829740962
varmiss,jwdid_uc,381,0,1.936644852728994,.0799972893634843
varmiss,jwdid_uc,381,1,2.677100230519003,.0934488881255994
varmiss,jwdid_uc,381,2,3.319165821692756,.087446727721191
varmiss,bjs,381,0,1.946229787188713,.0701527396381682
varmiss,bjs,381,1,2.672354231184727,.0854172590167937
varmiss,bjs,381,2,3.338180945094791,.0821518960144534
varmiss,bjs_wtr,381,0,2.124437047114043,.0746369300222613
varmiss,bjs_wtr,381,1,2.588766411243341,.0860039066819086
varmiss,bjs_wtr,381,2,3.162125344155356,.0870384101368095
varmiss,dcdh,381,0,1.883614640779987,.095763090216429
varmiss,dcdh,381,1,2.298075951322286,.1264330069936611
varmiss,dcdh,381,2,3.141628649328389,.1326740999810583
varmiss,lpdid,381,0,1.770633144457399,.0979195279778446
varmiss,lpdid,381,1,2.039308800764301,.1464975997770149
varmiss,lpdid,381,2,3.023595875049946,.1511024498859339
varmiss,lpdid_rw,381,0,1.883615118633228,.1005694748257762
varmiss,lpdid_rw,381,1,2.213791756435218,.1534728428571594
varmiss,lpdid_rw,381,2,2.879713991490665,.1514513789332491
varmiss,sa,381,0,1.919645396429719,.0889193923936271
varmiss,sa,381,1,2.683574623945554,.1042815573207104
varmiss,sa,381,2,3.355279260737719,.1035689584012019
varmiss,csdid,382,0,1.879256278193394,.1067874422744107
varmiss,csdid,382,1,2.455144001480327,.114392547490017
varmiss,csdid,382,2,2.917485085830729,.1095046218925855
varmiss,jwdid,382,0,1.760814153622877,.0691640063012015
varmiss,jwdid,382,1,2.465042801157842,.0793396515433272
varmiss,jwdid,382,2,3.173387537206163,.0776778312686503
varmiss,jwdid_uc,382,0,1.760814153622871,.0785513875430421
varmiss,jwdid_uc,382,1,2.46504280115783,.0909659103320622
varmiss,jwdid_uc,382,2,3.173387537206144,.0865827122810668
varmiss,bjs,382,0,1.78188634635444,.0705624999553688
varmiss,bjs,382,1,2.449312506047136,.0816173260883987
varmiss,bjs,382,2,3.166675660766487,.0787454136335022
varmiss,bjs_wtr,382,0,1.938234102279239,.0736862703818384
varmiss,bjs_wtr,382,1,2.418553373668146,.0833537662260671
varmiss,bjs_wtr,382,2,2.891395358499722,.083089263763463
varmiss,dcdh,382,0,1.551190447236002,.1022992671926192
varmiss,dcdh,382,1,2.130279606592679,.1372695827447762
varmiss,dcdh,382,2,2.706453728874052,.1312838212860448
varmiss,lpdid,382,0,1.4602624066747,.1046090891040057
varmiss,lpdid,382,1,2.047603051415928,.1542988529281007
varmiss,lpdid,382,2,2.756015060757919,.153834384481764
varmiss,lpdid_rw,382,0,1.551190249326607,.1061014666090101
varmiss,lpdid_rw,382,1,2.126095700277528,.1588993430720371
varmiss,lpdid_rw,382,2,2.627659015759186,.1563162072409366
varmiss,sa,382,0,1.747682911160054,.0893248616583505
varmiss,sa,382,1,2.447258797451225,.0987295214605628
varmiss,sa,382,2,3.164856563839885,.1016409990111483
varmiss,csdid,383,0,1.930802508649592,.1066717329220879
varmiss,csdid,383,1,2.610945920976831,.1112229587939075
varmiss,csdid,383,2,3.169850856460043,.1105802211377242
varmiss,jwdid,383,0,1.740676629960273,.0720953255790669
varmiss,jwdid,383,1,2.606071436257998,.078438457462847
varmiss,jwdid,383,2,3.333088057794389,.077714462993912
varmiss,jwdid_uc,383,0,1.740676629960269,.0854131774531134
varmiss,jwdid_uc,383,1,2.606071436257991,.0928381467519668
varmiss,jwdid_uc,383,2,3.333088057794393,.0859209886969647
varmiss,bjs,383,0,1.756701609778247,.075104307280011
varmiss,bjs,383,1,2.60414876556024,.080868721097309
varmiss,bjs,383,2,3.322740040707458,.0786890212033964
varmiss,bjs_wtr,383,0,1.919878758271807,.0778047343466362
varmiss,bjs_wtr,383,1,2.538169006962562,.0825152953876804
varmiss,bjs_wtr,383,2,3.03212614146787,.0826904302997974
varmiss,dcdh,383,0,1.497943318382638,.0986063495345035
varmiss,dcdh,383,1,2.225881374234646,.128632462631023
varmiss,dcdh,383,2,2.991569109999929,.1284768664536876
varmiss,lpdid,383,0,1.357030329308801,.1011278642174691
varmiss,lpdid,383,1,2.045178203337871,.1480914194542318
varmiss,lpdid,383,2,2.93558702382025,.1476695095565633
varmiss,lpdid_rw,383,0,1.497943680006571,.1047468229960631
varmiss,lpdid_rw,383,1,2.239664530929196,.1490870274867985
varmiss,lpdid_rw,383,2,2.744681100921258,.1499350398118146
varmiss,sa,383,0,1.72137393413407,.0929861318653337
varmiss,sa,383,1,2.575512355323078,.1007393584806109
varmiss,sa,383,2,3.318839559952345,.1048235597243569
varmiss,csdid,384,0,1.976289672770139,.1049037496340444
varmiss,csdid,384,1,2.55437370991278,.1093165996943836
varmiss,csdid,384,2,3.019127572987197,.1050206387665781
varmiss,jwdid,384,0,1.778652064532162,.0694517589988474
varmiss,jwdid,384,1,2.563735356129673,.0756698605879314
varmiss,jwdid,384,2,3.24973045562223,.0773329311051474
varmiss,jwdid_uc,384,0,1.778652064532168,.0841110402562661
varmiss,jwdid_uc,384,1,2.563735356129665,.0880911391266207
varmiss,jwdid_uc,384,2,3.249730455622214,.0837393602324132
varmiss,bjs,384,0,1.786276198059568,.0711850238923207
varmiss,bjs,384,1,2.576962065315456,.0781691488507
varmiss,bjs,384,2,3.237027213239344,.0784902405230518
varmiss,bjs_wtr,384,0,2.007796911077094,.0749440670659299
varmiss,bjs_wtr,384,1,2.520667229200626,.0801381306854801
varmiss,bjs_wtr,384,2,3.027094855991891,.083163164826247
varmiss,dcdh,384,0,1.56129599259858,.0968628796714392
varmiss,dcdh,384,1,2.173249144404155,.1217696729397953
varmiss,dcdh,384,2,2.843501389475022,.1260128069183543
varmiss,lpdid,384,0,1.426831248694219,.1009689418704918
varmiss,lpdid,384,1,2.045220509702628,.141198237065888
varmiss,lpdid,384,2,2.811975007289268,.1442036375722146
varmiss,lpdid_rw,384,0,1.561295639374104,.1049480544448875
varmiss,lpdid_rw,384,1,2.192390291147449,.1446895294365381
varmiss,lpdid_rw,384,2,2.662286193948204,.1480134189609748
varmiss,sa,384,0,1.711606637302826,.0923259968728525
varmiss,sa,384,1,2.52436853410968,.0959071613878146
varmiss,sa,384,2,3.210517351972464,.1010317428240816
varmiss,csdid,385,0,2.03566431250794,.1043231631315929
varmiss,csdid,385,1,2.516044975457407,.110101423084814
varmiss,csdid,385,2,3.035680781070041,.1094148873649119
varmiss,jwdid,385,0,1.844160095451499,.0716907123677621
varmiss,jwdid,385,1,2.534244878981677,.0814503725064836
varmiss,jwdid,385,2,3.280041068919265,.0803885343687871
varmiss,jwdid_uc,385,0,1.84416009545148,.0783503409524422
varmiss,jwdid_uc,385,1,2.534244878981659,.0923812029960097
varmiss,jwdid_uc,385,2,3.280041068919259,.0877140964111432
varmiss,bjs,385,0,1.823797999197268,.0732083375510691
varmiss,bjs,385,1,2.509370120662879,.0834192725812703
varmiss,bjs,385,2,3.286832313705418,.0816377974683646
varmiss,bjs_wtr,385,0,1.936961491035618,.0756013773934893
varmiss,bjs_wtr,385,1,2.392294759580636,.0830802147244251
varmiss,bjs_wtr,385,2,3.039230228392626,.0846243936660603
varmiss,dcdh,385,0,1.806733888610732,.0958682318917471
varmiss,dcdh,385,1,2.160076482384931,.1315787170825147
varmiss,dcdh,385,2,3.022571834929288,.124596757900338
varmiss,lpdid,385,0,1.703063983569498,.0976145509093695
varmiss,lpdid,385,1,2.140743970894867,.1499362081489727
varmiss,lpdid,385,2,2.996200956825511,.1441954026544156
varmiss,lpdid_rw,385,0,1.806733942700347,.099969985157437
varmiss,lpdid_rw,385,1,2.280746658038129,.1513604018443806
varmiss,lpdid_rw,385,2,2.916241159428979,.1450646356445497
varmiss,sa,385,0,1.9276630492314,.0844915598926323
varmiss,sa,385,1,2.610292400912209,.098888567098233
varmiss,sa,385,2,3.369436072016123,.1048632374399667
varmiss,csdid,386,0,1.979886168646213,.1081313851010207
varmiss,csdid,386,1,2.641804259268666,.112086507758208
varmiss,csdid,386,2,3.172915128026739,.111061400824403
varmiss,jwdid,386,0,1.736383062405099,.0678631642940596
varmiss,jwdid,386,1,2.577924270166497,.077170126362448
varmiss,jwdid,386,2,3.310183678148609,.0794593815975375
varmiss,jwdid_uc,386,0,1.736383062405098,.0806579831070579
varmiss,jwdid_uc,386,1,2.577924270166485,.0902484722002371
varmiss,jwdid_uc,386,2,3.310183678148588,.0880824016552925
varmiss,bjs,386,0,1.714236660832285,.0689378819416307
varmiss,bjs,386,1,2.564639501344573,.0779449225057172
varmiss,bjs,386,2,3.304155073230504,.0802677859960196
varmiss,bjs_wtr,386,0,1.909964854033205,.0720497404035172
varmiss,bjs_wtr,386,1,2.490959822596778,.0785892111205587
varmiss,bjs_wtr,386,2,3.087563534070796,.082887111199166
varmiss,dcdh,386,0,1.74829198847129,.1023130462159731
varmiss,dcdh,386,1,2.471497108966112,.128633618883886
varmiss,dcdh,386,2,3.011141555145383,.1359096416058709
varmiss,lpdid,386,0,1.623223069395574,.1053128840938209
varmiss,lpdid,386,1,2.348490560870542,.1554778498322002
varmiss,lpdid,386,2,2.981840108396352,.1538230362307764
varmiss,lpdid_rw,386,0,1.748291587857469,.10801421453909
varmiss,lpdid_rw,386,1,2.490880211646851,.1593723122443479
varmiss,lpdid_rw,386,2,2.830214692822763,.1545035674325908
varmiss,sa,386,0,1.798723018716648,.0909039386868011
varmiss,sa,386,1,2.668691654980386,.1010683759882127
varmiss,sa,386,2,3.440360103045758,.1103802338032644
varmiss,csdid,387,0,2.072399552170302,.1065927291529598
varmiss,csdid,387,1,2.524508487108931,.110206623846747
varmiss,csdid,387,2,3.06429103183888,.1067924294997173
varmiss,jwdid,387,0,1.862424781554715,.071128618293279
varmiss,jwdid,387,1,2.618158945055205,.0823360132239867
varmiss,jwdid,387,2,3.224532219557827,.0826043989385695
varmiss,jwdid_uc,387,0,1.862424781554712,.0840207103566606
varmiss,jwdid_uc,387,1,2.618158945055208,.0927040133954115
varmiss,jwdid_uc,387,2,3.224532219557827,.0886462547652393
varmiss,bjs,387,0,1.859558271304195,.0722150002362426
varmiss,bjs,387,1,2.610386248590657,.0830384389220416
varmiss,bjs,387,2,3.226409434239031,.083413903258289
varmiss,bjs_wtr,387,0,2.015401518996441,.0752448783041157
varmiss,bjs_wtr,387,1,2.531415687772096,.0844201651703751
varmiss,bjs_wtr,387,2,3.042426974818227,.0852779746090115
varmiss,dcdh,387,0,1.717768451846751,.1010671527979318
varmiss,dcdh,387,1,2.510691866531329,.1298945357218529
varmiss,dcdh,387,2,2.995057900569802,.1268995563394603
varmiss,lpdid,387,0,1.570752550211713,.1026202171763586
varmiss,lpdid,387,1,2.258836416860595,.1483257444646703
varmiss,lpdid,387,2,2.966393504460692,.1433749519805544
varmiss,lpdid_rw,387,0,1.71776791825129,.1071482014371408
varmiss,lpdid_rw,387,1,2.44868228815526,.1555685853283682
varmiss,lpdid_rw,387,2,2.9085044038237,.14253376748449
varmiss,sa,387,0,1.859827351535316,.0886345150572817
varmiss,sa,387,1,2.607934848907685,.0977746663010278
varmiss,sa,387,2,3.209517500295022,.1027317030907621
varmiss,csdid,388,0,2.092706371895964,.1022826906227398
varmiss,csdid,388,1,2.486931984055812,.1128313244379437
varmiss,csdid,388,2,2.914658444624555,.1159181080121812
varmiss,jwdid,388,0,1.871157850061136,.0676378526927855
varmiss,jwdid,388,1,2.489312220358999,.0823590396436328
varmiss,jwdid,388,2,3.218152444996719,.0859020808809477
varmiss,jwdid_uc,388,0,1.87115785006112,.0752550627044478
varmiss,jwdid_uc,388,1,2.489312220358983,.0911057509850461
varmiss,jwdid_uc,388,2,3.218152444996679,.0916505163399947
varmiss,bjs,388,0,1.830850949183514,.0693397168457797
varmiss,bjs,388,1,2.501512467913926,.0834609604161945
varmiss,bjs,388,2,3.225920989032602,.0866792187078236
varmiss,bjs_wtr,388,0,1.987799693635679,.0746402596432024
varmiss,bjs_wtr,388,1,2.46202098838512,.0840389042773585
varmiss,bjs_wtr,388,2,2.978714764016331,.0939891589781294
varmiss,dcdh,388,0,1.771293317131491,.0920848579221726
varmiss,dcdh,388,1,2.145361488306691,.1266157067632721
varmiss,dcdh,388,2,2.917931177375937,.1359536354302412
varmiss,lpdid,388,0,1.68206697941148,.0937708932713022
varmiss,lpdid,388,1,2.009257601853703,.1455942743370778
varmiss,lpdid,388,2,2.834811447772571,.1565061013456674
varmiss,lpdid_rw,388,0,1.771293749207591,.0954162963214679
varmiss,lpdid_rw,388,1,2.222319431747191,.1537102932285103
varmiss,lpdid_rw,388,2,2.705840676895574,.1615148992075963
varmiss,sa,388,0,1.845921163851918,.0855659920509633
varmiss,sa,388,1,2.464854106740109,.099358418190312
varmiss,sa,388,2,3.218938266995954,.1071360666017337
varmiss,csdid,389,0,1.89018084802057,.1011699819452285
varmiss,csdid,389,1,2.531788213098143,.1020971793229296
varmiss,csdid,389,2,3.080524871212017,.1032428882355529
varmiss,jwdid,389,0,1.736970789617407,.0680319765182873
varmiss,jwdid,389,1,2.605985421437794,.072987472328303
varmiss,jwdid,389,2,3.283496699468425,.0757510362151591
varmiss,jwdid_uc,389,0,1.736970789617412,.0824693532433607
varmiss,jwdid_uc,389,1,2.6059854214378,.0833954557222159
varmiss,jwdid_uc,389,2,3.283496699468418,.0832689205388351
varmiss,bjs,389,0,1.734480795319541,.0699378991778085
varmiss,bjs,389,1,2.625226530537475,.0747493316084737
varmiss,bjs,389,2,3.278603888637008,.0767988728001277
varmiss,bjs_wtr,389,0,1.998290252551669,.0739206815421811
varmiss,bjs_wtr,389,1,2.564118162794784,.0756855736037671
varmiss,bjs_wtr,389,2,3.056088039038514,.0796483118150719
varmiss,dcdh,389,0,1.679676935809803,.0902281379714062
varmiss,dcdh,389,1,2.343074001113783,.1287172192419618
varmiss,dcdh,389,2,2.976864253314788,.1223887701033852
varmiss,lpdid,389,0,1.597618029173677,.0943983355215667
varmiss,lpdid,389,1,2.354245824044079,.1413902989189239
varmiss,lpdid,389,2,2.993134411040089,.1407422454175649
varmiss,lpdid_rw,389,0,1.679677163293585,.0956517642172092
varmiss,lpdid_rw,389,1,2.429008435978304,.1426448232988672
varmiss,lpdid_rw,389,2,2.87805576992585,.1424824506638972
varmiss,sa,389,0,1.818717892686793,.0880355895151425
varmiss,sa,389,1,2.662169708662138,.0880793373537076
varmiss,sa,389,2,3.318045170455775,.0975117059060151
varmiss,csdid,390,0,1.958192348859484,.0996200251267592
varmiss,csdid,390,1,2.569297435745209,.1082170655757049
varmiss,csdid,390,2,3.062598264173647,.1088821687123241
varmiss,jwdid,390,0,1.748869276217864,.0712463258117066
varmiss,jwdid,390,1,2.529848533464793,.075092584860541
varmiss,jwdid,390,2,3.348420158136113,.0763154592679163
varmiss,jwdid_uc,390,0,1.748869276217869,.0811969497214351
varmiss,jwdid_uc,390,1,2.529848533464797,.0891655087506507
varmiss,jwdid_uc,390,2,3.348420158136106,.0869003617225554
varmiss,bjs,390,0,1.765288871569282,.0724686993724583
varmiss,bjs,390,1,2.57590000864343,.0778375153727104
varmiss,bjs,390,2,3.355676901162951,.0775612742891639
varmiss,bjs_wtr,390,0,1.93744432339372,.074990165430463
varmiss,bjs_wtr,390,1,2.569482557337551,.0799119450526105
varmiss,bjs_wtr,390,2,3.131835762353148,.0809314654794089
varmiss,dcdh,390,0,1.657978775741149,.0938753073086558
varmiss,dcdh,390,1,2.277794698327218,.120914846912979
varmiss,dcdh,390,2,2.995643819295731,.1266107897927624
varmiss,lpdid,390,0,1.559143027253105,.0958046114739231
varmiss,lpdid,390,1,2.107220798477156,.1386184088388412
varmiss,lpdid,390,2,2.9627944362348,.1477763414158607
varmiss,lpdid_rw,390,0,1.657977922156394,.0976160130332161
varmiss,lpdid_rw,390,1,2.225548845005897,.1423234060994696
varmiss,lpdid_rw,390,2,2.802078022966444,.1524666334594298
varmiss,sa,390,0,1.755533861012491,.0861390412742246
varmiss,sa,390,1,2.519753598398913,.0926415467614891
varmiss,sa,390,2,3.312288437370939,.1000095160057397
varmiss,csdid,391,0,1.948722257581486,.107389333320434
varmiss,csdid,391,1,2.318430836986481,.1127549860690339
varmiss,csdid,391,2,2.886369105371856,.1118783455649502
varmiss,jwdid,391,0,1.806200045361823,.0704894025953525
varmiss,jwdid,391,1,2.377988955932853,.0827725928950917
varmiss,jwdid,391,2,3.159180600589537,.0802191248669482
varmiss,jwdid_uc,391,0,1.806200045361808,.0792332501216898
varmiss,jwdid_uc,391,1,2.37798895593285,.0917933502019961
varmiss,jwdid_uc,391,2,3.15918060058953,.0889415022237917
varmiss,bjs,391,0,1.814634755271754,.0730240486642088
varmiss,bjs,391,1,2.374301106618077,.0842767526211413
varmiss,bjs,391,2,3.169104633887855,.0814595139142227
varmiss,bjs_wtr,391,0,2.002053773727084,.0754638783464287
varmiss,bjs_wtr,391,1,2.302684044273519,.0848980173128409
varmiss,bjs_wtr,391,2,2.922954000342543,.0858469803064874
varmiss,dcdh,391,0,1.807104306921684,.0993222932681617
varmiss,dcdh,391,1,2.199763512621467,.1319012970442573
varmiss,dcdh,391,2,2.778601194856939,.1294597716656161
varmiss,lpdid,391,0,1.699894218928981,.103580770077938
varmiss,lpdid,391,1,2.179376620084969,.1501017046737064
varmiss,lpdid,391,2,2.735628311292322,.1544796804109725
varmiss,lpdid_rw,391,0,1.807104772977622,.1050420747963149
varmiss,lpdid_rw,391,1,2.267117975395264,.1508352786852314
varmiss,lpdid_rw,391,2,2.563406169187715,.157738723801608
varmiss,sa,391,0,1.815482961305953,.0866909664484738
varmiss,sa,391,1,2.365511633313231,.0971899086297685
varmiss,sa,391,2,3.143972151977815,.1034711377310864
varmiss,csdid,392,0,2.014682915993474,.1058022068380619
varmiss,csdid,392,1,2.617276277360369,.1072957553081316
varmiss,csdid,392,2,3.186285184897486,.1086693358007425
varmiss,jwdid,392,0,1.882570815983608,.0692704008324974
varmiss,jwdid,392,1,2.697314040004551,.0767548888570406
varmiss,jwdid,392,2,3.415001035960561,.0789865888207184
varmiss,jwdid_uc,392,0,1.882570815983608,.0801300419325035
varmiss,jwdid_uc,392,1,2.697314040004549,.0833063622981214
varmiss,jwdid_uc,392,2,3.415001035960548,.0873494028577401
varmiss,bjs,392,0,1.879934648688504,.0707616313769674
varmiss,bjs,392,1,2.712852198863402,.0779863861028109
varmiss,bjs,392,2,3.402361769549316,.079456755521256
varmiss,bjs_wtr,392,0,2.086921181205071,.0749034440995405
varmiss,bjs_wtr,392,1,2.641719616629416,.0787667287389346
varmiss,bjs_wtr,392,2,3.157759163048468,.0833488634126096
varmiss,dcdh,392,0,1.798179215030327,.0928550919083432
varmiss,dcdh,392,1,2.416705698169088,.1270383164502153
varmiss,dcdh,392,2,3.108759642878515,.1253108568996576
varmiss,lpdid,392,0,1.697386676608115,.0976196308348776
varmiss,lpdid,392,1,2.335496631853163,.1431355333840099
varmiss,lpdid,392,2,3.049271788211351,.1427400095193943
varmiss,lpdid_rw,392,0,1.798178837469736,.099478362266363
varmiss,lpdid_rw,392,1,2.459129584674017,.1464688439489687
varmiss,lpdid_rw,392,2,2.883339634772296,.1477691372722319
varmiss,sa,392,0,1.813719880372162,.0928569167642133
varmiss,sa,392,1,2.706142375108653,.0915936962399332
varmiss,sa,392,2,3.462600810768261,.1014593927729929
varmiss,csdid,393,0,1.808691145471961,.1044618337414653
varmiss,csdid,393,1,2.484827866723302,.1107037009325772
varmiss,csdid,393,2,2.980607973996424,.1113944455415027
varmiss,jwdid,393,0,1.769053103603923,.0699636148957358
varmiss,jwdid,393,1,2.514931943666475,.0775492664748796
varmiss,jwdid,393,2,3.329911818090017,.0814892832084446
varmiss,jwdid_uc,393,0,1.769053103603919,.0814355466207738
varmiss,jwdid_uc,393,1,2.514931943666485,.0886901100631545
varmiss,jwdid_uc,393,2,3.329911818090036,.0923253561404668
varmiss,bjs,393,0,1.767980138843996,.0714194109149786
varmiss,bjs,393,1,2.518934905396236,.0793269875128973
varmiss,bjs,393,2,3.326652300864225,.0830005890426396
varmiss,bjs_wtr,393,0,1.903038979107805,.0736465941021755
varmiss,bjs_wtr,393,1,2.461774912542751,.0810459243070586
varmiss,bjs_wtr,393,2,3.006157578784041,.0882587254716381
varmiss,dcdh,393,0,1.615272489414589,.0977610369659009
varmiss,dcdh,393,1,2.180469308399014,.1279166792047828
varmiss,dcdh,393,2,3.058103173493862,.1306740610527769
varmiss,lpdid,393,0,1.483440352273663,.0995443255828102
varmiss,lpdid,393,1,2.135585166527431,.155444551977949
varmiss,lpdid,393,2,3.067964204550852,.1558830315412141
varmiss,lpdid_rw,393,0,1.615272467754474,.1030138923680133
varmiss,lpdid_rw,393,1,2.351039328346861,.1666038226020505
varmiss,lpdid_rw,393,2,2.885466667626127,.1598838340188788
varmiss,sa,393,0,1.769463827747933,.0866446073832456
varmiss,sa,393,1,2.503934869662766,.0965086782825488
varmiss,sa,393,2,3.29522354322413,.1068398507884013
varmiss,csdid,394,0,2.026277490568445,.1027528414378278
varmiss,csdid,394,1,2.545097454336157,.1101213797934043
varmiss,csdid,394,2,3.151257310498556,.1111086906485008
varmiss,jwdid,394,0,1.943969431635021,.0686161370180374
varmiss,jwdid,394,1,2.549790345152369,.0767738276427939
varmiss,jwdid,394,2,3.34520512460904,.081510507789057
varmiss,jwdid_uc,394,0,1.943969431635006,.0802440806084846
varmiss,jwdid_uc,394,1,2.549790345152354,.0897298733236033
varmiss,jwdid_uc,394,2,3.34520512460902,.088835274225773
varmiss,bjs,394,0,1.930930167640327,.0702026992049408
varmiss,bjs,394,1,2.546436127184279,.0787889535434138
varmiss,bjs,394,2,3.334066146227997,.0825797851400116
varmiss,bjs_wtr,394,0,2.105635369197444,.0731805052972763
varmiss,bjs_wtr,394,1,2.558112554916079,.0803709896437918
varmiss,bjs_wtr,394,2,3.125147025173646,.085784054561619
varmiss,dcdh,394,0,1.696561496330792,.0952378808146347
varmiss,dcdh,394,1,2.206481701859468,.1331514651933539
varmiss,dcdh,394,2,2.923969958961219,.1348367218801028
varmiss,lpdid,394,0,1.608814671357366,.0991202454500883
varmiss,lpdid,394,1,2.004677104743297,.1531007512867625
varmiss,lpdid,394,2,2.919838875543484,.1517023292291538
varmiss,lpdid_rw,394,0,1.696562091009919,.0996377203311626
varmiss,lpdid_rw,394,1,2.14387680171125,.1549797980639829
varmiss,lpdid_rw,394,2,2.7928611390807,.1563494571727431
varmiss,sa,394,0,1.907958964352998,.0883213231459347
varmiss,sa,394,1,2.509042365919518,.0974483378824914
varmiss,sa,394,2,3.290584166736835,.1050366456153439
varmiss,csdid,395,0,2.047170009990993,.1022726774930469
varmiss,csdid,395,1,2.634267862422673,.1095933917970972
varmiss,csdid,395,2,2.903231097126262,.1066324634008095
varmiss,jwdid,395,0,1.776944819423439,.0707800987282009
varmiss,jwdid,395,1,2.673593406743719,.0802812386291234
varmiss,jwdid,395,2,3.130125199329844,.0805784778997014
varmiss,jwdid_uc,395,0,1.776944819423445,.0799026074918618
varmiss,jwdid_uc,395,1,2.673593406743708,.0882938621532711
varmiss,jwdid_uc,395,2,3.130125199329821,.0874326213763076
varmiss,bjs,395,0,1.794293335683051,.0719373371107216
varmiss,bjs,395,1,2.66351249861691,.0816358377951227
varmiss,bjs,395,2,3.130301416629663,.0812381284222216
varmiss,bjs_wtr,395,0,1.992927794738989,.0752915825366749
varmiss,bjs_wtr,395,1,2.572452689899364,.0833778131667088
varmiss,bjs_wtr,395,2,2.890683362958953,.0845339950029943
varmiss,dcdh,395,0,1.582059304444793,.0936508446722626
varmiss,dcdh,395,1,2.4201303504243,.122173696445604
varmiss,dcdh,395,2,2.602623384021813,.1260521984502798
varmiss,lpdid,395,0,1.515941033359111,.0943629241641725
varmiss,lpdid,395,1,2.348016523193517,.1362821234334376
varmiss,lpdid,395,2,2.60837601557367,.1469102793294333
varmiss,lpdid_rw,395,0,1.582059033086074,.0959291934823898
varmiss,lpdid_rw,395,1,2.429277986344529,.1449706252763953
varmiss,lpdid_rw,395,2,2.461864388324935,.1501576753477338
varmiss,sa,395,0,1.76601982141282,.0844469949592248
varmiss,sa,395,1,2.61569969546464,.0921821184063835
varmiss,sa,395,2,3.013305156029287,.1025250024929701
varmiss,csdid,396,0,1.94128988197031,.1034414571766805
varmiss,csdid,396,1,2.416054332002421,.1060586680943718
varmiss,csdid,396,2,3.020568847629498,.1053242596260426
varmiss,jwdid,396,0,1.780688719450994,.0688680138961064
varmiss,jwdid,396,1,2.499721626666009,.0764359576656843
varmiss,jwdid,396,2,3.257252794425523,.0757520947230488
varmiss,jwdid_uc,396,0,1.780688719450997,.078699547892318
varmiss,jwdid_uc,396,1,2.499721626666009,.0847704778217776
varmiss,jwdid_uc,396,2,3.257252794425513,.0831125846285491
varmiss,bjs,396,0,1.787665015644961,.0701672651159601
varmiss,bjs,396,1,2.501443772577659,.0783336288916541
varmiss,bjs,396,2,3.265415804173244,.076856091350176
varmiss,bjs_wtr,396,0,1.964956111914489,.0719335294536487
varmiss,bjs_wtr,396,1,2.418975343292914,.0789357116087567
varmiss,bjs_wtr,396,2,3.074901259125909,.0792616070227795
varmiss,dcdh,396,0,1.666659813203974,.0948651772236131
varmiss,dcdh,396,1,2.186107641440594,.135712227347462
varmiss,dcdh,396,2,2.912503599448649,.1175282106587391
varmiss,lpdid,396,0,1.59006098748956,.0989716219459688
varmiss,lpdid,396,1,2.153359654837607,.1525749774848884
varmiss,lpdid,396,2,3.036756616831433,.1374291077338196
varmiss,lpdid_rw,396,0,1.66665930939334,.0997190572837425
varmiss,lpdid_rw,396,1,2.234097745202257,.1581327646924781
varmiss,lpdid_rw,396,2,2.880958695780717,.1397742718879044
varmiss,sa,396,0,1.75622967642814,.0865729575863225
varmiss,sa,396,1,2.478066889994603,.0911571151921508
varmiss,sa,396,2,3.220993431121133,.0969187350697284
varmiss,csdid,397,0,1.837584108710063,.1081927919956099
varmiss,csdid,397,1,2.335705672612159,.1106751872423387
varmiss,csdid,397,2,2.783292828587624,.1108236429623248
varmiss,jwdid,397,0,1.765594747437331,.0722050138436799
varmiss,jwdid,397,1,2.484582128020294,.0796451259729875
varmiss,jwdid,397,2,3.085884971780861,.0818678988733233
varmiss,jwdid_uc,397,0,1.765594747437338,.0835846224311022
varmiss,jwdid_uc,397,1,2.484582128020294,.0901681143352886
varmiss,jwdid_uc,397,2,3.085884971780856,.0885651735227094
varmiss,bjs,397,0,1.7553822528007,.0750800286706627
varmiss,bjs,397,1,2.476751493359188,.0826561297305088
varmiss,bjs,397,2,3.108616689940391,.0834051642694894
varmiss,bjs_wtr,397,0,1.934239979241283,.0771563371976511
varmiss,bjs_wtr,397,1,2.406665477195929,.0832423186125933
varmiss,bjs_wtr,397,2,2.933400635844009,.086216458664792
varmiss,dcdh,397,0,1.623403909921325,.0981869780899453
varmiss,dcdh,397,1,2.137349836138228,.1263164362117123
varmiss,dcdh,397,2,2.799048331861043,.1332886556281066
varmiss,lpdid,397,0,1.478036811741031,.1009956298076443
varmiss,lpdid,397,1,1.972419721813054,.1475727945020913
varmiss,lpdid,397,2,2.841622448905218,.1541664519486491
varmiss,lpdid_rw,397,0,1.623403791694392,.104402712854313
varmiss,lpdid_rw,397,1,2.143549362920637,.1544966281435599
varmiss,lpdid_rw,397,2,2.787522954390707,.1542855964324933
varmiss,sa,397,0,1.760342049375401,.0890535458120567
varmiss,sa,397,1,2.434017165916063,.0945324024141016
varmiss,sa,397,2,2.98199763198093,.1040251042770853
varmiss,csdid,398,0,2.067355946653553,.1036528709379818
varmiss,csdid,398,1,2.678610487766707,.1058201259181335
varmiss,csdid,398,2,3.153665968131281,.105560813867386
varmiss,jwdid,398,0,1.856851200058683,.0657270651669165
varmiss,jwdid,398,1,2.660738542504432,.0763042233973164
varmiss,jwdid,398,2,3.305449730020327,.0770867185456544
varmiss,jwdid_uc,398,0,1.856851200058688,.0771608170387674
varmiss,jwdid_uc,398,1,2.660738542504448,.0841710926471277
varmiss,jwdid_uc,398,2,3.305449730020325,.0856565557816667
varmiss,bjs,398,0,1.844372510371613,.0671351047997027
varmiss,bjs,398,1,2.643190983129898,.0789265073884936
varmiss,bjs,398,2,3.28835887796231,.0780974869620576
varmiss,bjs_wtr,398,0,1.987245931133657,.0693608938408743
varmiss,bjs_wtr,398,1,2.58073824398889,.0785674627539722
varmiss,bjs_wtr,398,2,3.044766878701921,.079813090335403
varmiss,dcdh,398,0,1.797042752174733,.0941156795475544
varmiss,dcdh,398,1,2.344489946221576,.1249943186079459
varmiss,dcdh,398,2,2.863000525948624,.1247635238531496
varmiss,lpdid,398,0,1.641376924039153,.0967226720801505
varmiss,lpdid,398,1,2.281601900463576,.1428533728641245
varmiss,lpdid,398,2,2.856426645646569,.1493490359127207
varmiss,lpdid_rw,398,0,1.79704392610493,.1003700035606158
varmiss,lpdid_rw,398,1,2.426221091560115,.1422913718332594
varmiss,lpdid_rw,398,2,2.709736510334908,.149546978077288
varmiss,sa,398,0,1.849243409039412,.0852324941832372
varmiss,sa,398,1,2.672471861165056,.0929059568619936
varmiss,sa,398,2,3.342067495086619,.0998489135166731
varmiss,csdid,399,0,2.033864225746699,.1106398355204256
varmiss,csdid,399,1,2.54468396708669,.1139761551427623
varmiss,csdid,399,2,2.972604965025197,.1056028217304946
varmiss,jwdid,399,0,1.844741596202273,.0704366537024646
varmiss,jwdid,399,1,2.551340258628922,.0781650803974475
varmiss,jwdid,399,2,3.204204581458835,.0767264715131222
varmiss,jwdid_uc,399,0,1.844741596202259,.0850864661003573
varmiss,jwdid_uc,399,1,2.551340258628915,.0888513408798022
varmiss,jwdid_uc,399,2,3.20420458145881,.0827471896171847
varmiss,bjs,399,0,1.805257547079236,.0718278561245241
varmiss,bjs,399,1,2.534592247213368,.0795848651237668
varmiss,bjs,399,2,3.180648315301255,.0770603694008451
varmiss,bjs_wtr,399,0,1.955530580169579,.0732828872399482
varmiss,bjs_wtr,399,1,2.487604851185097,.0804293477444676
varmiss,bjs_wtr,399,2,2.985275175853758,.080522610253352
varmiss,dcdh,399,0,1.628703801691861,.1010584379085024
varmiss,dcdh,399,1,2.328113145404192,.1323884914920276
varmiss,dcdh,399,2,2.981507190505982,.1203731257482818
varmiss,lpdid,399,0,1.513887930281227,.1042339540834175
varmiss,lpdid,399,1,2.183708084931209,.1503471676227491
varmiss,lpdid,399,2,3.01716177857578,.1337310476374332
varmiss,lpdid_rw,399,0,1.628703702442259,.1069362907828838
varmiss,lpdid_rw,399,1,2.266915694109934,.1510901507463847
varmiss,lpdid_rw,399,2,2.878962978923458,.1359131241361188
varmiss,sa,399,0,1.821151094277289,.0926666886869203
varmiss,sa,399,1,2.545958970658957,.0957440669223453
varmiss,sa,399,2,3.22795688662938,.1004408206199727
varmiss,csdid,400,0,1.943915730704407,.1027757738432991
varmiss,csdid,400,1,2.429664077882459,.1140415809394483
varmiss,csdid,400,2,3.01638945580221,.1109376250545232
varmiss,jwdid,400,0,1.713439533451551,.06965037144789
varmiss,jwdid,400,1,2.45896408220741,.0809277495768877
varmiss,jwdid,400,2,3.145549073190221,.0778522357308386
varmiss,jwdid_uc,400,0,1.713439533451542,.0808453055272616
varmiss,jwdid_uc,400,1,2.458964082207428,.0928256909955445
varmiss,jwdid_uc,400,2,3.145549073190201,.0881646891763789
varmiss,bjs,400,0,1.692057101717182,.0717647711464096
varmiss,bjs,400,1,2.469116380492778,.0830903656125584
varmiss,bjs,400,2,3.136497818602948,.0794064271072634
varmiss,bjs_wtr,400,0,1.877320876105841,.0743436432879768
varmiss,bjs_wtr,400,1,2.360177509313871,.0833394490091286
varmiss,bjs_wtr,400,2,2.900552634157066,.0829364738697517
varmiss,dcdh,400,0,1.682969812066981,.0941359125027853
varmiss,dcdh,400,1,2.193147643615932,.1352450096622439
varmiss,dcdh,400,2,2.837768638168379,.125803340618144
varmiss,lpdid,400,0,1.583436899496901,.0987297917315128
varmiss,lpdid,400,1,2.128317307511981,.1439229929982205
varmiss,lpdid,400,2,2.874953976144,.1415711640323629
varmiss,lpdid_rw,400,0,1.682970582856025,.0997317402329143
varmiss,lpdid_rw,400,1,2.207148097486737,.144329274067819
varmiss,lpdid_rw,400,2,2.657897846658922,.1449221065673277
varmiss,sa,400,0,1.728757307906796,.0885256749775417
varmiss,sa,400,1,2.476096548047681,.1007828560895733
varmiss,sa,400,2,3.184121436541878,.1000201685373486
varmiss,csdid,401,0,2.178774025590584,.1073055292368141
varmiss,csdid,401,1,2.453116904050028,.1144150560820041
varmiss,csdid,401,2,3.01952859772917,.1091245527786923
varmiss,jwdid,401,0,1.978425232687256,.0719062548338263
varmiss,jwdid,401,1,2.47408565989091,.0825393947579126
varmiss,jwdid,401,2,3.223421126410666,.0809239084880337
varmiss,jwdid_uc,401,0,1.978425232687256,.0802247245546852
varmiss,jwdid_uc,401,1,2.474085659890886,.0945515398185228
varmiss,jwdid_uc,401,2,3.223421126410643,.089165859913937
varmiss,bjs,401,0,1.979246072947717,.0725147466784971
varmiss,bjs,401,1,2.472598803618894,.0839718305693173
varmiss,bjs,401,2,3.217605057583569,.0821357748711841
varmiss,bjs_wtr,401,0,2.140796871402927,.0747202372562806
varmiss,bjs_wtr,401,1,2.416670872993564,.0860124719002053
varmiss,bjs_wtr,401,2,2.973713558520103,.0870398881168874
varmiss,dcdh,401,0,1.895754727182318,.0989029253150083
varmiss,dcdh,401,1,2.288766390236735,.1330475547818694
varmiss,dcdh,401,2,2.847842232841221,.1349846746883378
varmiss,lpdid,401,0,1.798311840892089,.1019358855764547
varmiss,lpdid,401,1,2.181644269352773,.1485173325953734
varmiss,lpdid,401,2,2.811883133619149,.155544385793195
varmiss,lpdid_rw,401,0,1.89575414159591,.1026334564525301
varmiss,lpdid_rw,401,1,2.328811726736582,.1538331597382674
varmiss,lpdid_rw,401,2,2.653348135724928,.159689895102826
varmiss,sa,401,0,1.997649286124688,.0875024521760837
varmiss,sa,401,1,2.50324241023601,.1010453272283019
varmiss,sa,401,2,3.260236909551786,.1049934132123267
varmiss,csdid,402,0,1.82274943117377,.1013414642828406
varmiss,csdid,402,1,2.451902569928071,.1097954298738611
varmiss,csdid,402,2,2.959557647010501,.1098613922815206
varmiss,jwdid,402,0,1.747253062206942,.066731990506387
varmiss,jwdid,402,1,2.533484218667728,.0741755974198104
varmiss,jwdid,402,2,3.245258351230002,.0757590028714078
varmiss,jwdid_uc,402,0,1.747253062206938,.0781197125063573
varmiss,jwdid_uc,402,1,2.533484218667727,.0867215474791379
varmiss,jwdid_uc,402,2,3.245258351230003,.0832871718282048
varmiss,bjs,402,0,1.763101363500027,.0681532915663335
varmiss,bjs,402,1,2.539626853736991,.0762526901017335
varmiss,bjs,402,2,3.268888202569315,.0774178326174622
varmiss,bjs_wtr,402,0,1.936146773127803,.0699551356817624
varmiss,bjs_wtr,402,1,2.451488723279908,.0768662559953064
varmiss,bjs_wtr,402,2,3.071141956520933,.0818562885798997
varmiss,dcdh,402,0,1.549141950932913,.0945917951944781
varmiss,dcdh,402,1,2.090655480053276,.1286345243739291
varmiss,dcdh,402,2,2.899752086088061,.1293834850439308
varmiss,lpdid,402,0,1.442463114755202,.0985578298517298
varmiss,lpdid,402,1,2.050865661023321,.1430270952961785
varmiss,lpdid,402,2,2.978979950005391,.1431646328122345
varmiss,lpdid_rw,402,0,1.549141750507508,.099623978692358
varmiss,lpdid_rw,402,1,2.19364820221531,.1450434943738572
varmiss,lpdid_rw,402,2,2.877094673470653,.1432842434133598
varmiss,sa,402,0,1.729127555628279,.0851846430924796
varmiss,sa,402,1,2.481036882730492,.0950115259069263
varmiss,sa,402,2,3.182825262147731,.101435967759572
varmiss,csdid,403,0,2.193158849431547,.104057236307627
varmiss,csdid,403,1,2.435466887720469,.1117855297961382
varmiss,csdid,403,2,3.053600240898249,.1113657170943481
varmiss,jwdid,403,0,1.889191042931421,.0677141035050518
varmiss,jwdid,403,1,2.446659177128383,.0816383649099882
varmiss,jwdid,403,2,3.219457521305288,.0805698703700102
varmiss,jwdid_uc,403,0,1.889191042931419,.0777207733105628
varmiss,jwdid_uc,403,1,2.446659177128379,.0913526707056752
varmiss,jwdid_uc,403,2,3.219457521305304,.0891813674787914
varmiss,bjs,403,0,1.895920014219882,.0691271032818438
varmiss,bjs,403,1,2.440197934756725,.0834052757696015
varmiss,bjs,403,2,3.219322559474676,.0812353130859942
varmiss,bjs_wtr,403,0,2.026328335372455,.0696264900237203
varmiss,bjs_wtr,403,1,2.371519029122283,.0836911389955963
varmiss,bjs_wtr,403,2,2.995665328940959,.083930817268752
varmiss,dcdh,403,0,1.704230212634322,.0950594650315731
varmiss,dcdh,403,1,2.085209033564182,.1243649609128927
varmiss,dcdh,403,2,2.849096213688094,.1231476978161422
varmiss,lpdid,403,0,1.576868506953395,.0990622060840413
varmiss,lpdid,403,1,1.911280669415468,.1414213230982398
varmiss,lpdid,403,2,2.863610518112488,.1498592492455914
varmiss,lpdid_rw,403,0,1.704229837141572,.1003967358001114
varmiss,lpdid_rw,403,1,2.013762473931174,.140208717412036
varmiss,lpdid_rw,403,2,2.741807535629369,.1487651891289496
varmiss,sa,403,0,1.881420263493576,.084460379246687
varmiss,sa,403,1,2.44840803230631,.0997186337687785
varmiss,sa,403,2,3.247516364396107,.1074869356684963
varmiss,csdid,404,0,1.946556001955827,.1048296085041049
varmiss,csdid,404,1,2.463453738880906,.11116454569531
varmiss,csdid,404,2,2.996603970666726,.1123759163981102
varmiss,jwdid,404,0,1.874372342051417,.0682813622847669
varmiss,jwdid,404,1,2.688783783884928,.0828694986359022
varmiss,jwdid,404,2,3.293046856869517,.0832622086369033
varmiss,jwdid_uc,404,0,1.874372342051425,.0815644295363277
varmiss,jwdid_uc,404,1,2.688783783884954,.0931038487852526
varmiss,jwdid_uc,404,2,3.293046856869536,.0885474344437634
varmiss,bjs,404,0,1.883690092090546,.071134631705214
varmiss,bjs,404,1,2.702335394780675,.084456333923418
varmiss,bjs,404,2,3.302623538482294,.0850345920558171
varmiss,bjs_wtr,404,0,2.105441860158408,.0744965525241241
varmiss,bjs_wtr,404,1,2.632012722264335,.0853724034044825
varmiss,bjs_wtr,404,2,3.092626296769595,.090367325623981
varmiss,dcdh,404,0,1.758554524129895,.1015357815832515
varmiss,dcdh,404,1,2.316789043372971,.1314423509761588
varmiss,dcdh,404,2,3.050444372871775,.1359376649842619
varmiss,lpdid,404,0,1.61603831057382,.1040900647325928
varmiss,lpdid,404,1,2.065249596534271,.1509251676782584
varmiss,lpdid,404,2,2.953593264205477,.1562571203871583
varmiss,lpdid_rw,404,0,1.758553818552569,.1070512383348163
varmiss,lpdid_rw,404,1,2.290724929715803,.1578796739687938
varmiss,lpdid_rw,404,2,2.878525226917115,.1597521158836002
varmiss,sa,404,0,1.872148470636873,.0906745613043761
varmiss,sa,404,1,2.674162214049267,.09881826573993
varmiss,sa,404,2,3.245164712471312,.1041711295773906
varmiss,csdid,405,0,2.033353895339405,.1093237773421066
varmiss,csdid,405,1,2.536431101763693,.1097084605123653
varmiss,csdid,405,2,3.018567525968749,.1061281751350816
varmiss,jwdid,405,0,1.904227675230824,.0722628122892709
varmiss,jwdid,405,1,2.57166534060176,.0779074166098109
varmiss,jwdid,405,2,3.280388525029868,.0743639027613694
varmiss,jwdid_uc,405,0,1.904227675230836,.085701068603739
varmiss,jwdid_uc,405,1,2.571665340601771,.0906650886306742
varmiss,jwdid_uc,405,2,3.280388525029875,.0803141198027633
varmiss,bjs,405,0,1.895522666418401,.074520606053549
varmiss,bjs,405,1,2.55461088035463,.0797124110619777
varmiss,bjs,405,2,3.264029953454155,.0744956839015369
varmiss,bjs_wtr,405,0,2.087212155121961,.0776519223172557
varmiss,bjs_wtr,405,1,2.561327928334777,.081137861630094
varmiss,bjs_wtr,405,2,3.07223631917077,.07704325807076
varmiss,dcdh,405,0,1.705643065187268,.0981114197105101
varmiss,dcdh,405,1,2.217526542423499,.123236773157842
varmiss,dcdh,405,2,3.01332141262999,.1187992178579793
varmiss,lpdid,405,0,1.598281767665363,.1034554124719931
varmiss,lpdid,405,1,2.075431258892285,.1434587050068697
varmiss,lpdid,405,2,2.931156017776817,.1363697608191565
varmiss,lpdid_rw,405,0,1.705643712155956,.1047340835796369
varmiss,lpdid_rw,405,1,2.245617116223039,.14556671587225
varmiss,lpdid_rw,405,2,2.803705403250527,.1376706001061987
varmiss,sa,405,0,1.873673482001335,.0901619609167988
varmiss,sa,405,1,2.527372601428294,.0947166661890287
varmiss,sa,405,2,3.18293423127892,.0931924446311145
varmiss,csdid,406,0,2.09376250788307,.1052650922621474
varmiss,csdid,406,1,2.718421313823407,.1126383170501127
varmiss,csdid,406,2,3.112497745197531,.1001718648632938
varmiss,jwdid,406,0,1.732511507216689,.0706076289794276
varmiss,jwdid,406,1,2.670873807845904,.081068065360797
varmiss,jwdid,406,2,3.138416550176469,.0769114602077947
varmiss,jwdid_uc,406,0,1.732511507216674,.0845207935828368
varmiss,jwdid_uc,406,1,2.670873807845899,.0948713157868119
varmiss,jwdid_uc,406,2,3.138416550176433,.0840128438372321
varmiss,bjs,406,0,1.743512411780216,.0718099802172135
varmiss,bjs,406,1,2.665345148772758,.0824758877897044
varmiss,bjs,406,2,3.130465583486512,.0780528266192796
varmiss,bjs_wtr,406,0,1.934454894496696,.0752039485751513
varmiss,bjs_wtr,406,1,2.576876394326973,.0833070039907825
varmiss,bjs_wtr,406,2,2.913528818680788,.0802670622721169
varmiss,dcdh,406,0,1.668222653388395,.0972703787710308
varmiss,dcdh,406,1,2.350294042886319,.1287688267636915
varmiss,dcdh,406,2,3.036359135412381,.1240540945910241
varmiss,lpdid,406,0,1.540768670904064,.1015890143857653
varmiss,lpdid,406,1,2.164223704320209,.1495559900474887
varmiss,lpdid,406,2,2.931176155872999,.1389609785297884
varmiss,lpdid_rw,406,0,1.668222952525492,.1039081220515649
varmiss,lpdid_rw,406,1,2.290313718025339,.1515332479331792
varmiss,lpdid_rw,406,2,2.811937289246548,.1395891368434541
varmiss,sa,406,0,1.779003653916122,.0918349818120795
varmiss,sa,406,1,2.757852770610997,.102027103388899
varmiss,sa,406,2,3.237828480910014,.0990637377616696
varmiss,csdid,407,0,1.845840202226253,.1002021924786425
varmiss,csdid,407,1,2.453210541869999,.1111122501244563
varmiss,csdid,407,2,2.955576348401942,.1130797626252405
varmiss,jwdid,407,0,1.743036737296128,.0716084799158704
varmiss,jwdid,407,1,2.588495150520071,.0827419328505959
varmiss,jwdid,407,2,3.303402559504629,.080064192666556
varmiss,jwdid_uc,407,0,1.743036737296137,.0829160667255628
varmiss,jwdid_uc,407,1,2.588495150520083,.0927276440374058
varmiss,jwdid_uc,407,2,3.303402559504615,.0887822211717086
varmiss,bjs,407,0,1.712536682750397,.0737743686298301
varmiss,bjs,407,1,2.578023767018749,.0849966280818278
varmiss,bjs,407,2,3.314754851860926,.0816017234562304
varmiss,bjs_wtr,407,0,1.904833706082172,.0760653366944611
varmiss,bjs_wtr,407,1,2.488318768779209,.0854636471586374
varmiss,bjs_wtr,407,2,3.0565166939341,.0873137723512865
varmiss,dcdh,407,0,1.619503107691954,.0951130783890702
varmiss,dcdh,407,1,2.185743544877202,.1312626190445755
varmiss,dcdh,407,2,2.812421993105425,.1336147993833659
varmiss,lpdid,407,0,1.500925733642391,.0998194910202657
varmiss,lpdid,407,1,2.097708585571119,.1487893157377195
varmiss,lpdid,407,2,2.718305563773399,.1553365046003198
varmiss,lpdid_rw,407,0,1.61950377981023,.1011432649977432
varmiss,lpdid_rw,407,1,2.201926522253194,.1486849241725918
varmiss,lpdid_rw,407,2,2.500886989652329,.1606512202522811
varmiss,sa,407,0,1.712262862766825,.0906502229827613
varmiss,sa,407,1,2.569484421411233,.1004885549221266
varmiss,sa,407,2,3.285731998444016,.1024900668047782
varmiss,csdid,408,0,2.111319111861405,.1040182256144455
varmiss,csdid,408,1,2.534815914074751,.1072844360370035
varmiss,csdid,408,2,3.079996813773138,.1069594389340876
varmiss,jwdid,408,0,2.005466334525015,.0722234351760578
varmiss,jwdid,408,1,2.59747529253348,.076604530056341
varmiss,jwdid,408,2,3.326418537462922,.0773323124358355
varmiss,jwdid_uc,408,0,2.005466334525011,.0823252047452136
varmiss,jwdid_uc,408,1,2.597475292533478,.0895818491170991
varmiss,jwdid_uc,408,2,3.326418537462911,.0845641572839173
varmiss,bjs,408,0,1.995493129001261,.0745747808366069
varmiss,bjs,408,1,2.60014075394065,.0791364478910477
varmiss,bjs,408,2,3.33736637585389,.0787643806555347
varmiss,bjs_wtr,408,0,2.139457859197137,.0762814757890374
varmiss,bjs_wtr,408,1,2.583635129709364,.0804933423569751
varmiss,bjs_wtr,408,2,3.129386125510791,.0830774882693521
varmiss,dcdh,408,0,1.746902830850285,.1025190321549942
varmiss,dcdh,408,1,2.034367039672904,.1254320665542194
varmiss,dcdh,408,2,2.934573474842626,.1264834973231828
varmiss,lpdid,408,0,1.654288077355349,.1052570138526078
varmiss,lpdid,408,1,1.918918169466363,.1427816134993393
varmiss,lpdid,408,2,2.75693276468938,.1405254905145457
varmiss,lpdid_rw,408,0,1.746902898379829,.1061141088691642
varmiss,lpdid_rw,408,1,2.00167574714553,.1448605650961637
varmiss,lpdid_rw,408,2,2.654226139070987,.142291641443812
varmiss,sa,408,0,2.002063268257109,.0912212433419408
varmiss,sa,408,1,2.577444436277387,.0956230998847918
varmiss,sa,408,2,3.301727140705997,.1019530436704017
varmiss,csdid,409,0,2.180781927308056,.1118824781062906
varmiss,csdid,409,1,2.536948623933493,.111459396371244
varmiss,csdid,409,2,3.192282975522264,.1117466360529818
varmiss,jwdid,409,0,1.931048916647811,.0716594583711583
varmiss,jwdid,409,1,2.609712452408488,.0772683522755689
varmiss,jwdid,409,2,3.378386367903594,.0815181247728143
varmiss,jwdid_uc,409,0,1.931048916647831,.0845268735147126
varmiss,jwdid_uc,409,1,2.609712452408512,.0880281321044664
varmiss,jwdid_uc,409,2,3.378386367903613,.0888852288211877
varmiss,bjs,409,0,1.923994767848853,.0726718041396583
varmiss,bjs,409,1,2.59111471347569,.0787708680491449
varmiss,bjs,409,2,3.389355237317432,.0822860440289355
varmiss,bjs_wtr,409,0,2.129224810849337,.076428734578058
varmiss,bjs_wtr,409,1,2.534537002866273,.0807002591779888
varmiss,bjs_wtr,409,2,3.158185798756676,.0860083947580091
varmiss,dcdh,409,0,1.75163091270776,.1022182823078924
varmiss,dcdh,409,1,2.083640314150113,.1306866324808386
varmiss,dcdh,409,2,2.80629576811263,.1321565538026788
varmiss,lpdid,409,0,1.643166295074893,.1076474392580577
varmiss,lpdid,409,1,1.968776713539282,.1497834417639818
varmiss,lpdid,409,2,2.803574050223129,.1509170472224736
varmiss,lpdid_rw,409,0,1.751630912194339,.1082192081781528
varmiss,lpdid_rw,409,1,2.099554284181801,.1601811090186943
varmiss,lpdid_rw,409,2,2.580999780340107,.156357023959156
varmiss,sa,409,0,1.948460856695938,.0924904469943897
varmiss,sa,409,1,2.602212811445908,.0951793069404465
varmiss,sa,409,2,3.366150989127868,.1037225083469428
varmiss,csdid,410,0,1.900400173580741,.1087207296903089
varmiss,csdid,410,1,2.324999322698508,.1136699731575361
varmiss,csdid,410,2,2.964373541226027,.1082506471182639
varmiss,jwdid,410,0,1.775987789168473,.0684300803503727
varmiss,jwdid,410,1,2.603219666711279,.0784784635216613
varmiss,jwdid,410,2,3.244606703656812,.0758288727373549
varmiss,jwdid_uc,410,0,1.775987789168482,.0796817181627516
varmiss,jwdid_uc,410,1,2.603219666711272,.0910089098180489
varmiss,jwdid_uc,410,2,3.244606703656813,.0859522273487246
varmiss,bjs,410,0,1.760792106961389,.0708487859998387
varmiss,bjs,410,1,2.601096704389647,.0802898630180103
varmiss,bjs,410,2,3.235623271913937,.0769719811651939
varmiss,bjs_wtr,410,0,1.942822267521251,.073473870617898
varmiss,bjs_wtr,410,1,2.545702682189244,.0828053251561691
varmiss,bjs_wtr,410,2,3.011904455663171,.0811554272144938
varmiss,dcdh,410,0,1.551628504332155,.0964987442846776
varmiss,dcdh,410,1,2.105871793249622,.1290146729548566
varmiss,dcdh,410,2,2.784351944758557,.1323710917271725
varmiss,lpdid,410,0,1.450766416853167,.1001764100124502
varmiss,lpdid,410,1,2.015491632760893,.1527749902969221
varmiss,lpdid,410,2,2.820376885075349,.158954617185088
varmiss,lpdid_rw,410,0,1.551628394404188,.1017840191129791
varmiss,lpdid_rw,410,1,2.094636212418692,.1617822453674465
varmiss,lpdid_rw,410,2,2.701937135421463,.1593670993619533
varmiss,sa,410,0,1.762527790107352,.086327139042046
varmiss,sa,410,1,2.575269185007081,.0974835257253968
varmiss,sa,410,2,3.193013766507488,.1005437202058886
varmiss,csdid,411,0,1.914379503737673,.106975493725001
varmiss,csdid,411,1,2.327448257088055,.1082013996498881
varmiss,csdid,411,2,2.900981246919258,.1123325301352813
varmiss,jwdid,411,0,1.838676986309479,.0712823497436636
varmiss,jwdid,411,1,2.461849864330711,.0746291125926812
varmiss,jwdid,411,2,3.199860447543996,.0779119904285517
varmiss,jwdid_uc,411,0,1.838676986309482,.0838427752218411
varmiss,jwdid_uc,411,1,2.461849864330707,.0841192014735369
varmiss,jwdid_uc,411,2,3.199860447543998,.0873960328512364
varmiss,bjs,411,0,1.805599462050168,.0743616066717875
varmiss,bjs,411,1,2.461077133073559,.0756989509072983
varmiss,bjs,411,2,3.190015804953873,.0792646057407957
varmiss,bjs_wtr,411,0,2.017867221466986,.0757422367123887
varmiss,bjs_wtr,411,1,2.407237676847217,.079640067288067
varmiss,bjs_wtr,411,2,2.94505194487283,.0831693777344807
varmiss,dcdh,411,0,1.610568488560385,.0994873770925927
varmiss,dcdh,411,1,2.033314133561781,.1308166601293739
varmiss,dcdh,411,2,2.746207631175353,.1352734859404412
varmiss,lpdid,411,0,1.538146852441714,.1051984788177065
varmiss,lpdid,411,1,2.049631726612023,.1412464539122694
varmiss,lpdid,411,2,2.828951072392954,.1417970860223542
varmiss,lpdid_rw,411,0,1.61056849002022,.1059469382068415
varmiss,lpdid_rw,411,1,2.116901315273339,.143428724988442
varmiss,lpdid_rw,411,2,2.677757362451458,.1458485494197813
varmiss,sa,411,0,1.771675573779395,.0929468745071205
varmiss,sa,411,1,2.38705362902661,.0917345096316898
varmiss,sa,411,2,3.116635767636796,.1044725135702654
varmiss,csdid,412,0,2.03378336229484,.1018454193423883
varmiss,csdid,412,1,2.733879869862319,.1085203626271857
varmiss,csdid,412,2,3.183013869239401,.1057728122125121
varmiss,jwdid,412,0,1.790884455204462,.0691154091228007
varmiss,jwdid,412,1,2.599365939881531,.0762749273800314
varmiss,jwdid,412,2,3.340730897612754,.0780722375406492
varmiss,jwdid_uc,412,0,1.790884455204458,.0812858997631073
varmiss,jwdid_uc,412,1,2.599365939881531,.0908961013185445
varmiss,jwdid_uc,412,2,3.340730897612753,.0846711611985237
varmiss,bjs,412,0,1.766213533285423,.07076937892583
varmiss,bjs,412,1,2.580790569376404,.0781795519763256
varmiss,bjs,412,2,3.321283574201516,.0788925912153797
varmiss,bjs_wtr,412,0,1.939197120196525,.0729131514155787
varmiss,bjs_wtr,412,1,2.595308406569529,.0795474677098044
varmiss,bjs_wtr,412,2,3.11813054716913,.0812361877811853
varmiss,dcdh,412,0,1.639052151318501,.0916304732732131
varmiss,dcdh,412,1,2.002986587067396,.1188533786623134
varmiss,dcdh,412,2,3.132704705776026,.1264170813756427
varmiss,lpdid,412,0,1.541550665706676,.0964141843142239
varmiss,lpdid,412,1,1.989240736303102,.1321334619520563
varmiss,lpdid,412,2,3.178925641711615,.1434555229941734
varmiss,lpdid_rw,412,0,1.639052590465331,.0966799973774734
varmiss,lpdid_rw,412,1,2.096172967366934,.1341955051780756
varmiss,lpdid_rw,412,2,3.012135578174497,.1448654118668913
varmiss,sa,412,0,1.777993556553435,.0908962755567031
varmiss,sa,412,1,2.624710068391755,.099416892862955
varmiss,sa,412,2,3.449499030105952,.097780977324804
varmiss,csdid,413,0,1.856930200522731,.1039113423237056
varmiss,csdid,413,1,2.370097341906495,.1092770912789626
varmiss,csdid,413,2,2.952258385101963,.1007387895583525
varmiss,jwdid,413,0,1.721499469766159,.0649505567007281
varmiss,jwdid,413,1,2.574388008956079,.07629284059502
varmiss,jwdid,413,2,3.153254613121432,.0768747282605687
varmiss,jwdid_uc,413,0,1.721499469766169,.078386069434323
varmiss,jwdid_uc,413,1,2.574388008956072,.0892158840195912
varmiss,jwdid_uc,413,2,3.153254613121425,.0841591749028024
varmiss,bjs,413,0,1.714533189052872,.0666643734018429
varmiss,bjs,413,1,2.587002149381078,.0782992227066609
varmiss,bjs,413,2,3.150952599098673,.078696253269811
varmiss,bjs_wtr,413,0,1.95362934915488,.0708800482423635
varmiss,bjs_wtr,413,1,2.453278798262545,.0791442716686302
varmiss,bjs_wtr,413,2,2.950419210133987,.0812576883665122
varmiss,dcdh,413,0,1.501017927206834,.0913447569239065
varmiss,dcdh,413,1,2.122133569266121,.1274900369180883
varmiss,dcdh,413,2,2.79543697932461,.1094853126620437
varmiss,lpdid,413,0,1.429564610325322,.0944286666955249
varmiss,lpdid,413,1,2.051200912441946,.1363537592065477
varmiss,lpdid,413,2,2.759393512645755,.122908698461142
varmiss,lpdid_rw,413,0,1.501018271585198,.095853545589377
varmiss,lpdid_rw,413,1,2.104262443632467,.1396357756841279
varmiss,lpdid_rw,413,2,2.628293624242414,.1243966093435642
varmiss,sa,413,0,1.709483536011669,.0833356367569378
varmiss,sa,413,1,2.546618003785977,.0960006235137098
varmiss,sa,413,2,3.108374205185316,.0971098572026128
varmiss,csdid,414,0,2.01822168758935,.1057304598004804
varmiss,csdid,414,1,2.482744906223084,.1141527578124348
varmiss,csdid,414,2,3.024529839950628,.109124579049798
varmiss,jwdid,414,0,1.858058606304108,.0712626346504044
varmiss,jwdid,414,1,2.616742365817711,.078182221751583
varmiss,jwdid,414,2,3.319783230605292,.0777267358894808
varmiss,jwdid_uc,414,0,1.858058606304114,.0802615252646911
varmiss,jwdid_uc,414,1,2.616742365817736,.0904545111953162
varmiss,jwdid_uc,414,2,3.319783230605337,.0858736766167407
varmiss,bjs,414,0,1.855471418582056,.0726672503737244
varmiss,bjs,414,1,2.598626237708231,.078944362986297
varmiss,bjs,414,2,3.304923699490246,.0786323063006005
varmiss,bjs_wtr,414,0,1.985346639150521,.0744070581858614
varmiss,bjs_wtr,414,1,2.503579556190743,.0817001568297943
varmiss,bjs_wtr,414,2,3.031029077877974,.0836273328316058
varmiss,dcdh,414,0,1.813118304283207,.0980564997364964
varmiss,dcdh,414,1,2.200850239094489,.125282873574681
varmiss,dcdh,414,2,3.054895107311482,.1306919251416777
varmiss,lpdid,414,0,1.643773175331134,.0987647089862699
varmiss,lpdid,414,1,2.061068765849705,.1483922457391811
varmiss,lpdid,414,2,2.989964306793425,.1645915273018804
varmiss,lpdid_rw,414,0,1.813118363919282,.1037607219273214
varmiss,lpdid_rw,414,1,2.246241972618351,.1596482603245662
varmiss,lpdid_rw,414,2,2.89248594772625,.1649043850654821
varmiss,sa,414,0,1.919412811571792,.0843710746231647
varmiss,sa,414,1,2.642925836605098,.0962793128918075
varmiss,sa,414,2,3.325278519365808,.1040897746642154
varmiss,csdid,415,0,2.002866615727348,.1047582641353433
varmiss,csdid,415,1,2.505086204131378,.1116127334031653
varmiss,csdid,415,2,3.03558636648537,.1086231874197723
varmiss,jwdid,415,0,1.854465323354118,.0662425757951421
varmiss,jwdid,415,1,2.654936765555208,.0814828150713399
varmiss,jwdid,415,2,3.233941690102609,.0801992444188438
varmiss,jwdid_uc,415,0,1.854465323354114,.0761759478132571
varmiss,jwdid_uc,415,1,2.654936765555206,.0892687579465977
varmiss,jwdid_uc,415,2,3.233941690102622,.0865667528861126
varmiss,bjs,415,0,1.865928209015692,.0675178079010053
varmiss,bjs,415,1,2.667779720191902,.0829880236945802
varmiss,bjs,415,2,3.244739943256718,.0812490434365086
varmiss,bjs_wtr,415,0,2.078097205827362,.0715568889932953
varmiss,bjs_wtr,415,1,2.573185079512768,.0841551791077998
varmiss,bjs_wtr,415,2,3.049955628521275,.0833833228279307
varmiss,dcdh,415,0,1.722517536102794,.089920464078321
varmiss,dcdh,415,1,2.340228613203391,.1317166533844586
varmiss,dcdh,415,2,3.103202271364629,.1310035811751164
varmiss,lpdid,415,0,1.653907983942204,.0917388891554546
varmiss,lpdid,415,1,2.35491888517439,.1491531315341696
varmiss,lpdid,415,2,3.164737310460784,.1505915246387033
varmiss,lpdid_rw,415,0,1.722518236081372,.0928880932641748
varmiss,lpdid_rw,415,1,2.460687068403337,.151346175574616
varmiss,lpdid_rw,415,2,3.050259766343063,.1533963173830249
varmiss,sa,415,0,1.865088703321036,.081965738313732
varmiss,sa,415,1,2.607779090406702,.0945505473548532
varmiss,sa,415,2,3.128587878983335,.0987254307469843
varmiss,csdid,416,0,1.95577896257541,.1020725097663128
varmiss,csdid,416,1,2.432151424084691,.1114090224677501
varmiss,csdid,416,2,3.131149159581378,.1010853914452285
varmiss,jwdid,416,0,1.857565755132381,.0716895545392906
varmiss,jwdid,416,1,2.500622610472351,.0817324600339606
varmiss,jwdid,416,2,3.295495722623264,.0769990884218023
varmiss,jwdid_uc,416,0,1.857565755132388,.0831795884378322
varmiss,jwdid_uc,416,1,2.50062261047233,.0941332071116734
varmiss,jwdid_uc,416,2,3.295495722623265,.0823576606734969
varmiss,bjs,416,0,1.861122265097947,.0731735783409682
varmiss,bjs,416,1,2.482841102802922,.0829329503150164
varmiss,bjs,416,2,3.284034793250612,.0778233049861135
varmiss,bjs_wtr,416,0,2.029447533052007,.0749822559910851
varmiss,bjs_wtr,416,1,2.42674247395189,.0839254764113182
varmiss,bjs_wtr,416,2,3.113364715580246,.0808343380233885
varmiss,dcdh,416,0,1.724778349266596,.0930659877934798
varmiss,dcdh,416,1,2.188432181481728,.136203341193012
varmiss,dcdh,416,2,3.130793613077464,.1156446643227659
varmiss,lpdid,416,0,1.611274819637802,.0969287912592696
varmiss,lpdid,416,1,2.096467346346123,.1510782379908179
varmiss,lpdid,416,2,3.115197365766285,.1294985375265669
varmiss,lpdid_rw,416,0,1.724777486159262,.0992237075075016
varmiss,lpdid_rw,416,1,2.226439198023859,.1528831863502106
varmiss,lpdid_rw,416,2,3.009257009065878,.1323905222813638
varmiss,sa,416,0,1.875888220448318,.0880453170290004
varmiss,sa,416,1,2.545719509514333,.1002379331636553
varmiss,sa,416,2,3.348299364435001,.0977383772755276
varmiss,csdid,417,0,2.170213320748612,.107121558894775
varmiss,csdid,417,1,2.73785463644961,.1148607863239055
varmiss,csdid,417,2,3.236693878725629,.1069577294058583
varmiss,jwdid,417,0,1.977254260533207,.072775072796577
varmiss,jwdid,417,1,2.708555381837094,.0822993730624555
varmiss,jwdid,417,2,3.402375315140897,.0776914018061302
varmiss,jwdid_uc,417,0,1.97725426053322,.0836543571170056
varmiss,jwdid_uc,417,1,2.70855538183712,.0937159828005092
varmiss,jwdid_uc,417,2,3.402375315140906,.0849373093132862
varmiss,bjs,417,0,1.997983944163934,.074879544778369
varmiss,bjs,417,1,2.722838311666237,.0855474397461468
varmiss,bjs,417,2,3.419008263215801,.0787555563408467
varmiss,bjs_wtr,417,0,2.169634139512709,.0783174073419322
varmiss,bjs_wtr,417,1,2.642841848696662,.0871975868665552
varmiss,bjs_wtr,417,2,3.218863859547128,.0824908901277112
varmiss,dcdh,417,0,1.803714316991158,.0978991055117979
varmiss,dcdh,417,1,2.514499456813559,.1360520793613745
varmiss,dcdh,417,2,3.116580514743226,.1291377924667234
varmiss,lpdid,417,0,1.685898389436107,.1010379083661711
varmiss,lpdid,417,1,2.337989564702665,.1488167205196597
varmiss,lpdid,417,2,3.20956254231582,.1421496333352968
varmiss,lpdid_rw,417,0,1.803714568526882,.1032751366738087
varmiss,lpdid_rw,417,1,2.493861373350775,.1521250134820753
varmiss,lpdid_rw,417,2,3.069067913137778,.1478983264145904
varmiss,sa,417,0,1.931096093039464,.093089057251636
varmiss,sa,417,1,2.696823012469388,.1029103126131581
varmiss,sa,417,2,3.409969041248211,.100372175016699
varmiss,csdid,418,0,1.971924055816467,.101665047122379
varmiss,csdid,418,1,2.519790378432505,.110869949687465
varmiss,csdid,418,2,2.896310380338547,.1089627749388215
varmiss,jwdid,418,0,1.852039381553683,.0670353383128803
varmiss,jwdid,418,1,2.539765929815493,.0786148602572278
varmiss,jwdid,418,2,3.189444385666709,.0763953579725074
varmiss,jwdid_uc,418,0,1.852039381553692,.0758379727997107
varmiss,jwdid_uc,418,1,2.539765929815514,.089729016743864
varmiss,jwdid_uc,418,2,3.189444385666734,.0867485197876501
varmiss,bjs,418,0,1.874899816590187,.0680997189772993
varmiss,bjs,418,1,2.518970570119563,.0802382353805204
varmiss,bjs,418,2,3.196905636308657,.0767166250642307
varmiss,bjs_wtr,418,0,2.051168673053326,.0709368526180624
varmiss,bjs_wtr,418,1,2.444239376811311,.0836646144896708
varmiss,bjs_wtr,418,2,2.933876345014141,.0784485205857876
varmiss,dcdh,418,0,1.672339378935689,.0927997263811184
varmiss,dcdh,418,1,2.166181663449195,.1362068964895619
varmiss,dcdh,418,2,2.730507205114625,.1209782656420166
varmiss,lpdid,418,0,1.592825093443508,.0947433792601357
varmiss,lpdid,418,1,2.003820825053457,.1454004170583212
varmiss,lpdid,418,2,2.824914882156355,.1343348464530169
varmiss,lpdid_rw,418,0,1.672340056423342,.0962401959063381
varmiss,lpdid_rw,418,1,2.116256724345635,.1473747358270808
varmiss,lpdid_rw,418,2,2.672684871805834,.1352680557159799
varmiss,sa,418,0,1.839809894915568,.0835863235466471
varmiss,sa,418,1,2.522359194713517,.0967576152867443
varmiss,sa,418,2,3.165410828592566,.1040339713573712
varmiss,csdid,419,0,1.949084794472616,.1018062074560956
varmiss,csdid,419,1,2.507396361120121,.1070389553086399
varmiss,csdid,419,2,2.937712142565298,.107004899517605
varmiss,jwdid,419,0,1.837390429324927,.0696871954454395
varmiss,jwdid,419,1,2.636268365924204,.0797731912656845
varmiss,jwdid,419,2,3.208426686781725,.0801760374626864
varmiss,jwdid_uc,419,0,1.837390429324932,.0788564852154842
varmiss,jwdid_uc,419,1,2.636268365924203,.0916572106808398
varmiss,jwdid_uc,419,2,3.208426686781728,.0884792055135044
varmiss,bjs,419,0,1.863477312885152,.0720194007140513
varmiss,bjs,419,1,2.689202930079773,.0821441751713713
varmiss,bjs,419,2,3.191314488838543,.0814484268895136
varmiss,bjs_wtr,419,0,2.051350464775169,.0751555364252033
varmiss,bjs_wtr,419,1,2.6134576658078,.0837602736558147
varmiss,bjs_wtr,419,2,3.012663030371186,.084572533850737
varmiss,dcdh,419,0,1.646350526336371,.0939075155780636
varmiss,dcdh,419,1,2.268625417318841,.1297114253772752
varmiss,dcdh,419,2,2.856651840955692,.1302387420726157
varmiss,lpdid,419,0,1.56320119092684,.09684795781306
varmiss,lpdid,419,1,2.168121656187435,.1444381726383425
varmiss,lpdid,419,2,2.907922533418712,.1495479295322391
varmiss,lpdid_rw,419,0,1.646350191238932,.0972609774623677
varmiss,lpdid_rw,419,1,2.318011805259841,.1491922125146699
varmiss,lpdid_rw,419,2,2.747846248021421,.1543340404635944
varmiss,sa,419,0,1.857907763586713,.0842384372855157
varmiss,sa,419,1,2.610173253268804,.0937014867058371
varmiss,sa,419,2,3.135232260493171,.0992148302979612
varmiss,csdid,420,0,1.849586489861993,.1042266484909478
varmiss,csdid,420,1,2.568362420395441,.1083615943382171
varmiss,csdid,420,2,3.031465823268426,.1068984942882507
varmiss,jwdid,420,0,1.76006061917214,.0674146142333967
varmiss,jwdid,420,1,2.69384029776654,.0750036665958748
varmiss,jwdid,420,2,3.268025626064796,.0786833517036247
varmiss,jwdid_uc,420,0,1.760060619172158,.0789646651214331
varmiss,jwdid_uc,420,1,2.693840297766556,.0884291164031859
varmiss,jwdid_uc,420,2,3.268025626064803,.0863710274155564
varmiss,bjs,420,0,1.740096620103941,.0706723728559984
varmiss,bjs,420,1,2.700994829478077,.0768754784359963
varmiss,bjs,420,2,3.251522570149973,.0799336862488726
varmiss,bjs_wtr,420,0,1.921811023114969,.0739201118962898
varmiss,bjs_wtr,420,1,2.667409483015945,.0781658234201668
varmiss,bjs_wtr,420,2,3.05205254862085,.0823034248089098
varmiss,dcdh,420,0,1.638692496893154,.0937091091874323
varmiss,dcdh,420,1,2.352307557528577,.1188869787052349
varmiss,dcdh,420,2,2.913655936127027,.1264425047813062
varmiss,lpdid,420,0,1.509367353498891,.0976331202022895
varmiss,lpdid,420,1,2.180548324616906,.1386277797471579
varmiss,lpdid,420,2,2.868315956779989,.1423912073564006
varmiss,lpdid_rw,420,0,1.638692239744757,.1005344828880683
varmiss,lpdid_rw,420,1,2.415762283350805,.1444395356765397
varmiss,lpdid_rw,420,2,2.731528463066262,.1416591495442727
varmiss,sa,420,0,1.733278675930678,.0853207512419364
varmiss,sa,420,1,2.653931208262714,.0956837009728291
varmiss,sa,420,2,3.202979911765461,.0999072207312688
varmiss,csdid,421,0,1.871365780669802,.1019835988762638
varmiss,csdid,421,1,2.435346886012495,.1094382864278765
varmiss,csdid,421,2,2.922630728988753,.1064029183027419
varmiss,jwdid,421,0,1.805605131690203,.0725416350924354
varmiss,jwdid,421,1,2.563850937913648,.0814432123301669
varmiss,jwdid,421,2,3.223190408856781,.0790697572793634
varmiss,jwdid_uc,421,0,1.805605131690196,.0826595066282577
varmiss,jwdid_uc,421,1,2.563850937913651,.0922456414952062
varmiss,jwdid_uc,421,2,3.223190408856779,.0859424154117672
varmiss,bjs,421,0,1.771447204620273,.0740368961057334
varmiss,bjs,421,1,2.585885429660266,.0834039456061603
varmiss,bjs,421,2,3.228554843059101,.0796217602426604
varmiss,bjs_wtr,421,0,1.911422465897544,.0768986716753298
varmiss,bjs_wtr,421,1,2.528361463701003,.0856089034286171
varmiss,bjs_wtr,421,2,3.037214288691757,.0838135970260989
varmiss,dcdh,421,0,1.639205993856304,.100982713617052
varmiss,dcdh,421,1,2.222450432680547,.133542855435231
varmiss,dcdh,421,2,2.86967260530591,.1314968183146442
varmiss,lpdid,421,0,1.544757268347206,.1037243515718986
varmiss,lpdid,421,1,2.078830676125326,.1509452560026602
varmiss,lpdid,421,2,2.862336918815064,.1466246816831725
varmiss,lpdid_rw,421,0,1.639206691176192,.104883319139927
varmiss,lpdid_rw,421,1,2.175820006726886,.1527473935579712
varmiss,lpdid_rw,421,2,2.743367428173306,.1497220931316024
varmiss,sa,421,0,1.801143526847527,.0889817860243999
varmiss,sa,421,1,2.563400631933787,.0980137521344616
varmiss,sa,421,2,3.209364941375337,.0982721658229239
varmiss,csdid,422,0,1.910819575204243,.1034140627263311
varmiss,csdid,422,1,2.415171862581685,.1110602743712723
varmiss,csdid,422,2,2.897905860595716,.1123859387271688
varmiss,jwdid,422,0,1.817500708022959,.0709381797321232
varmiss,jwdid,422,1,2.571579034894222,.0795902778112021
varmiss,jwdid,422,2,3.210185247758951,.0780505509778315
varmiss,jwdid_uc,422,0,1.817500708022953,.0826471433531829
varmiss,jwdid_uc,422,1,2.571579034894215,.0919437204318943
varmiss,jwdid_uc,422,2,3.210185247758935,.086095716930926
varmiss,bjs,422,0,1.793698778465114,.0729883600813244
varmiss,bjs,422,1,2.560161026398418,.0816422930754393
varmiss,bjs,422,2,3.205104539536478,.0789181505086942
varmiss,bjs_wtr,422,0,1.944061499816598,.0742123048150206
varmiss,bjs_wtr,422,1,2.477409170511237,.083472954269141
varmiss,bjs_wtr,422,2,2.973322971847665,.0831023958597582
varmiss,dcdh,422,0,1.576604884837754,.1011318763687908
varmiss,dcdh,422,1,2.078932775823399,.1311620089544211
varmiss,dcdh,422,2,2.983685807595029,.1406022664018684
varmiss,lpdid,422,0,1.44880016049889,.1042398178741274
varmiss,lpdid,422,1,1.816433263527672,.1509438789289771
varmiss,lpdid,422,2,2.971959109357451,.1622489128046938
varmiss,lpdid_rw,422,0,1.576603955694507,.1065187300373203
varmiss,lpdid_rw,422,1,1.962712866305241,.1540716479910389
varmiss,lpdid_rw,422,2,2.856841153882778,.1674987045079608
varmiss,sa,422,0,1.84034652731026,.0902194628889549
varmiss,sa,422,1,2.603236208576864,.1000837166266014
varmiss,sa,422,2,3.255190244356359,.1048270945993074
varmiss,csdid,423,0,1.930159771110258,.1041336218714849
varmiss,csdid,423,1,2.559787549659405,.1120287125006495
varmiss,csdid,423,2,3.137530926088128,.111037039351979
varmiss,jwdid,423,0,1.775330342307031,.0678765838084001
varmiss,jwdid,423,1,2.61572881530473,.0799382038204959
varmiss,jwdid,423,2,3.321627671091273,.0817690243721598
varmiss,jwdid_uc,423,0,1.775330342307026,.0795385688600105
varmiss,jwdid_uc,423,1,2.615728815304747,.0932688258574239
varmiss,jwdid_uc,423,2,3.321627671091268,.0904162127179465
varmiss,bjs,423,0,1.781099318637644,.069480741057053
varmiss,bjs,423,1,2.594509721209761,.0814116397637483
varmiss,bjs,423,2,3.333780854285578,.0823143151149653
varmiss,bjs_wtr,423,0,1.938271944443841,.0713307170174411
varmiss,bjs_wtr,423,1,2.551951066721813,.082817927417609
varmiss,bjs_wtr,423,2,3.103657999716233,.0837470113468573
varmiss,dcdh,423,0,1.694521527042383,.0957749267357974
varmiss,dcdh,423,1,2.249620269057345,.1275493380995263
varmiss,dcdh,423,2,3.04977675672766,.1323361422811953
varmiss,lpdid,423,0,1.543378608482624,.0992971141656416
varmiss,lpdid,423,1,2.075319837041942,.1477718700354033
varmiss,lpdid,423,2,2.944758064706422,.1552765256671166
varmiss,lpdid_rw,423,0,1.694521830094971,.1030928879181353
varmiss,lpdid_rw,423,1,2.276639565548505,.1538961070987571
varmiss,lpdid_rw,423,2,2.850685476466196,.1558949290672868
varmiss,sa,423,0,1.788206261132203,.0852773029486156
varmiss,sa,423,1,2.627933378431261,.0998997209613469
varmiss,sa,423,2,3.3563236736283,.1073056460419006
varmiss,csdid,424,0,2.201546990734786,.109707358277018
varmiss,csdid,424,1,2.737857237551664,.1163995637931316
varmiss,csdid,424,2,3.141024189456242,.1096553346340633
varmiss,jwdid,424,0,1.810430800127886,.0717328846209945
varmiss,jwdid,424,1,2.672530789150909,.0817162477944051
varmiss,jwdid,424,2,3.242899558294993,.0809673922838949
varmiss,jwdid_uc,424,0,1.81043080012789,.0858952180717084
varmiss,jwdid_uc,424,1,2.672530789150906,.0960779657876548
varmiss,jwdid_uc,424,2,3.242899558295007,.087139623499057
varmiss,bjs,424,0,1.823424365009487,.0736026591509939
varmiss,bjs,424,1,2.667205248199025,.0834038039850486
varmiss,bjs,424,2,3.234430293960031,.0823391126119117
varmiss,bjs_wtr,424,0,2.036625829021432,.0764906337815119
varmiss,bjs_wtr,424,1,2.594728924839728,.0858151904529051
varmiss,bjs_wtr,424,2,3.025991898786742,.0856076741701399
varmiss,dcdh,424,0,1.813580249082297,.097077680788832
varmiss,dcdh,424,1,2.438527209116146,.1294465514335285
varmiss,dcdh,424,2,3.101572047784924,.1283154803068997
varmiss,lpdid,424,0,1.677282025647411,.1037040586314196
varmiss,lpdid,424,1,2.314457407135092,.1417529401883957
varmiss,lpdid,424,2,3.141608534341457,.1446576248603486
varmiss,lpdid_rw,424,0,1.813580172857179,.1062944835219894
varmiss,lpdid_rw,424,1,2.479716917519571,.14807213772511
varmiss,lpdid_rw,424,2,2.953974233162628,.1471874346593716
varmiss,sa,424,0,1.920297521168838,.0938192528697445
varmiss,sa,424,1,2.799097688132567,.107269968250164
varmiss,sa,424,2,3.434250957214678,.101808883394089
varmiss,csdid,425,0,1.953399927930731,.1042836036736062
varmiss,csdid,425,1,2.390036245949724,.1085656996282691
varmiss,csdid,425,2,2.822245944844529,.1113486817174218
varmiss,jwdid,425,0,1.855314054240728,.071313521859162
varmiss,jwdid,425,1,2.526311002308776,.0753807092364181
varmiss,jwdid,425,2,3.173971897433565,.0759269287973112
varmiss,jwdid_uc,425,0,1.855314054240737,.0813243248821292
varmiss,jwdid_uc,425,1,2.526311002308789,.0845785874717327
varmiss,jwdid_uc,425,2,3.173971897433557,.0837721153405423
varmiss,bjs,425,0,1.877690619654459,.0725403415040626
varmiss,bjs,425,1,2.522446497423516,.0765388610435868
varmiss,bjs,425,2,3.184503086336917,.0767647281018739
varmiss,bjs_wtr,425,0,2.016043064841142,.0762362309938013
varmiss,bjs_wtr,425,1,2.479437757436244,.0782399410188304
varmiss,bjs_wtr,425,2,2.949946607674065,.083351451034817
varmiss,dcdh,425,0,1.781107335690835,.1001164453140505
varmiss,dcdh,425,1,2.259830589022349,.1274241482527973
varmiss,dcdh,425,2,3.078360162134914,.1343774745956139
varmiss,lpdid,425,0,1.607773196448625,.1003675614787537
varmiss,lpdid,425,1,2.195268102507678,.1455856122721803
varmiss,lpdid,425,2,2.990121986449064,.1580938329954599
varmiss,lpdid_rw,425,0,1.781106409797423,.1071570469151595
varmiss,lpdid_rw,425,1,2.377376820054145,.1480693780852921
varmiss,lpdid_rw,425,2,2.90077876488736,.1611859667511392
varmiss,sa,425,0,1.827870207254564,.0881730893991188
varmiss,sa,425,1,2.487128384324707,.0935930981677971
varmiss,sa,425,2,3.168756641829957,.1031116497677955
varmiss,csdid,426,0,1.98176192072926,.1043795386349927
varmiss,csdid,426,1,2.414050510157068,.1068858357933864
varmiss,csdid,426,2,2.888043109868194,.1053743143222415
varmiss,jwdid,426,0,1.887023755075467,.0705571311009769
varmiss,jwdid,426,1,2.526177004535995,.0798846957283494
varmiss,jwdid,426,2,3.220359146189174,.0803891702345052
varmiss,jwdid_uc,426,0,1.887023755075483,.0813444500212296
varmiss,jwdid_uc,426,1,2.526177004536022,.0903151405795623
varmiss,jwdid_uc,426,2,3.220359146189197,.0878350252107804
varmiss,bjs,426,0,1.867585985979531,.0728554112650455
varmiss,bjs,426,1,2.488448880788837,.0830459431127398
varmiss,bjs,426,2,3.21387521152792,.0822146065992469
varmiss,bjs_wtr,426,0,1.977300005863071,.0749992728406318
varmiss,bjs_wtr,426,1,2.4399919984603,.085494273657738
varmiss,bjs_wtr,426,2,2.992972970874689,.0858487806744656
varmiss,dcdh,426,0,1.756399472902058,.1006186852334764
varmiss,dcdh,426,1,2.447868163744595,.1285049020229062
varmiss,dcdh,426,2,2.909076197605315,.1316321035468084
varmiss,lpdid,426,0,1.622048631557906,.102239280667012
varmiss,lpdid,426,1,2.343729806830039,.147569318459582
varmiss,lpdid,426,2,2.790455206478261,.1511510333046316
varmiss,lpdid_rw,426,0,1.756399920663806,.1057820774934642
varmiss,lpdid_rw,426,1,2.44004079271231,.1572779296290393
varmiss,lpdid_rw,426,2,2.717142067072321,.1522142419143691
varmiss,sa,426,0,1.884527994163559,.0859354737895865
varmiss,sa,426,1,2.504380738856962,.0950334529708124
varmiss,sa,426,2,3.184877261188228,.1013546152526374
varmiss,csdid,427,0,2.135142955873786,.1027667344195034
varmiss,csdid,427,1,2.570290646385396,.1112334223823607
varmiss,csdid,427,2,3.169380497368361,.1123535276311955
varmiss,jwdid,427,0,1.85795532239592,.0684292387512917
varmiss,jwdid,427,1,2.613930574589134,.077510517266741
varmiss,jwdid,427,2,3.358369423391985,.0766930360142441
varmiss,jwdid_uc,427,0,1.857955322395912,.0780579223178224
varmiss,jwdid_uc,427,1,2.613930574589135,.0881672041748598
varmiss,jwdid_uc,427,2,3.358369423391975,.0872198715317554
varmiss,bjs,427,0,1.853950363034528,.0699456954899745
varmiss,bjs,427,1,2.615085542959605,.0781112603290686
varmiss,bjs,427,2,3.354799151680709,.0776387312548086
varmiss,bjs_wtr,427,0,2.038059646587499,.0731831465036281
varmiss,bjs_wtr,427,1,2.571257022619648,.08047441356181
varmiss,bjs_wtr,427,2,3.069112018643864,.082730970107773
varmiss,dcdh,427,0,1.809477023416767,.0955481871924042
varmiss,dcdh,427,1,2.290510483017122,.1241823836115113
varmiss,dcdh,427,2,3.083773771800134,.123543964664326
varmiss,lpdid,427,0,1.70097408613766,.0980823598674463
varmiss,lpdid,427,1,2.295967840523299,.1407269763292627
varmiss,lpdid,427,2,3.199520565718215,.144092116981567
varmiss,lpdid_rw,427,0,1.809476219445767,.1007003570740746
varmiss,lpdid_rw,427,1,2.397965214114435,.1439834884670536
varmiss,lpdid_rw,427,2,3.035772560930414,.1485399836475703
varmiss,sa,427,0,1.899026607004644,.08664112290691
varmiss,sa,427,1,2.633199620429355,.0959983151595876
varmiss,sa,427,2,3.393285511890237,.1056333121496231
varmiss,csdid,428,0,2.029042947735111,.1014685760721735
varmiss,csdid,428,1,2.549830980263593,.1110805739668748
varmiss,csdid,428,2,3.052814190535277,.1114267638590316
varmiss,jwdid,428,0,1.791605090813257,.0680987160782623
varmiss,jwdid,428,1,2.63937002243713,.0836151965324866
varmiss,jwdid,428,2,3.281050248487794,.0814431859444877
varmiss,jwdid_uc,428,0,1.79160509081327,.078096827668083
varmiss,jwdid_uc,428,1,2.639370022437143,.0958860845497961
varmiss,jwdid_uc,428,2,3.281050248487851,.0899475509739133
varmiss,bjs,428,0,1.784981816821528,.0690975671649647
varmiss,bjs,428,1,2.664004586320516,.0848822676108353
varmiss,bjs,428,2,3.269072334488101,.082398791207855
varmiss,bjs_wtr,428,0,1.947100571738702,.0727769268547525
varmiss,bjs_wtr,428,1,2.595305325820846,.0856539152059887
varmiss,bjs_wtr,428,2,3.064319288735078,.0859424442464671
varmiss,dcdh,428,0,1.715274261351798,.0927541529841235
varmiss,dcdh,428,1,2.256206154607053,.1308202571319617
varmiss,dcdh,428,2,2.966126150942016,.1312368116295259
varmiss,lpdid,428,0,1.619997227888513,.0951113408987403
varmiss,lpdid,428,1,2.184002580299748,.1508492697724143
varmiss,lpdid,428,2,2.968047400849931,.1512225569733632
varmiss,lpdid_rw,428,0,1.715274207113561,.0971329059015018
varmiss,lpdid_rw,428,1,2.319221441489262,.1539199078312032
varmiss,lpdid_rw,428,2,2.81454372582987,.151874722268797
varmiss,sa,428,0,1.791573944605773,.0862934530716757
varmiss,sa,428,1,2.626267973036319,.104528739349509
varmiss,sa,428,2,3.29723472005533,.1045874242001216
varmiss,csdid,429,0,2.16733810355662,.1082058561514284
varmiss,csdid,429,1,2.573519201960019,.1114740102501381
varmiss,csdid,429,2,3.080190345823542,.1076849102934452
varmiss,jwdid,429,0,1.85712726636282,.0707113953080622
varmiss,jwdid,429,1,2.658967508476932,.0858358210485626
varmiss,jwdid,429,2,3.183638799965371,.0787896033763249
varmiss,jwdid_uc,429,0,1.857127266362817,.0806310767901534
varmiss,jwdid_uc,429,1,2.658967508476928,.0933105841795252
varmiss,jwdid_uc,429,2,3.183638799965363,.0850012510732221
varmiss,bjs,429,0,1.872357376903892,.0721953574642055
varmiss,bjs,429,1,2.64811425444168,.0872343727434267
varmiss,bjs,429,2,3.199974771694542,.0796458387918429
varmiss,bjs_wtr,429,0,2.03247544640908,.0755729680544391
varmiss,bjs_wtr,429,1,2.521194030086917,.0877441519871804
varmiss,bjs_wtr,429,2,3.011935141354115,.0851511759484344
varmiss,dcdh,429,0,1.649550686714386,.0966755483915598
varmiss,dcdh,429,1,2.308464744406468,.1378968724336941
varmiss,dcdh,429,2,2.860080463813625,.1315567361882247
varmiss,lpdid,429,0,1.539750376100622,.0987692678590524
varmiss,lpdid,429,1,2.122226285484506,.153844682104903
varmiss,lpdid,429,2,2.883190014474627,.1500688965142187
varmiss,lpdid_rw,429,0,1.649551298194228,.1013826350999876
varmiss,lpdid_rw,429,1,2.22565920498237,.1580011731889345
varmiss,lpdid_rw,429,2,2.752458803007902,.1525980068761048
varmiss,sa,429,0,1.810596345706505,.0903162367752598
varmiss,sa,429,1,2.666878668414578,.102938474957744
varmiss,sa,429,2,3.236679013786588,.1009791868975232
varmiss,csdid,430,0,1.99065221703339,.1060372108573672
varmiss,csdid,430,1,2.31980941784769,.1146802679555149
varmiss,csdid,430,2,3.021384109748418,.1113836566355392
varmiss,jwdid,430,0,1.796883262953944,.0722564537750926
varmiss,jwdid,430,1,2.526700990744874,.0839485862658532
varmiss,jwdid,430,2,3.254090323126763,.0826564360612055
varmiss,jwdid_uc,430,0,1.796883262953948,.0825375797676521
varmiss,jwdid_uc,430,1,2.526700990744873,.093775933675726
varmiss,jwdid_uc,430,2,3.254090323126764,.0899381524324898
varmiss,bjs,430,0,1.79936110115159,.0736298282503594
varmiss,bjs,430,1,2.522961079951529,.0848334513401857
varmiss,bjs,430,2,3.246679375966778,.0835320639329632
varmiss,bjs_wtr,430,0,1.964952113470645,.0760156788364808
varmiss,bjs_wtr,430,1,2.439297160914975,.0855231610294805
varmiss,bjs_wtr,430,2,2.9996391365421,.0879448444964944
varmiss,dcdh,430,0,1.679226670221972,.1031841790928522
varmiss,dcdh,430,1,2.097176983713626,.1377750595423789
varmiss,dcdh,430,2,3.011763193571328,.1350709477435827
varmiss,lpdid,430,0,1.551568787716361,.1070447080622318
varmiss,lpdid,430,1,1.970694590895828,.1531299569902853
varmiss,lpdid,430,2,3.01513531920053,.1620045782458478
varmiss,lpdid_rw,430,0,1.679226203956399,.1088141120635311
varmiss,lpdid_rw,430,1,2.153274693691873,.1625418257920081
varmiss,lpdid_rw,430,2,2.862495378147544,.1596317500363948
varmiss,sa,430,0,1.813773775533762,.0894788533191227
varmiss,sa,430,1,2.532592989044872,.1016946961469251
varmiss,sa,430,2,3.263792795646407,.1077993184136993
varmiss,csdid,431,0,2.058964782932095,.1034465999993001
varmiss,csdid,431,1,2.48164027925122,.1080578740824749
varmiss,csdid,431,2,3.127633109778817,.1088811321842524
varmiss,jwdid,431,0,1.848371515980583,.0689617394189966
varmiss,jwdid,431,1,2.48022418173254,.0768671402263705
varmiss,jwdid,431,2,3.27509496426249,.0802449302261426
varmiss,jwdid_uc,431,0,1.848371515980588,.0786500491351257
varmiss,jwdid_uc,431,1,2.480224181732564,.0874155952687113
varmiss,jwdid_uc,431,2,3.275094964262502,.085941088930414
varmiss,bjs,431,0,1.851360355388067,.0699769717856847
varmiss,bjs,431,1,2.471868455912045,.0782043228311992
varmiss,bjs,431,2,3.267620209793677,.0805847106206929
varmiss,bjs_wtr,431,0,1.991303331119695,.0719617187213395
varmiss,bjs_wtr,431,1,2.425263853223441,.0784694876890547
varmiss,bjs_wtr,431,2,3.078403830280877,.0818641963683414
varmiss,dcdh,431,0,1.709951945793736,.0952132655510131
varmiss,dcdh,431,1,2.090188548109942,.1186756297457083
varmiss,dcdh,431,2,3.170895037461955,.1307496269039415
varmiss,lpdid,431,0,1.621612740601385,.09770653406295
varmiss,lpdid,431,1,2.004651587708008,.1359482438106997
varmiss,lpdid,431,2,3.093414178249408,.1450205639123982
varmiss,lpdid_rw,431,0,1.709952728583961,.0992561999625955
varmiss,lpdid_rw,431,1,2.083883171342747,.1347106107843898
varmiss,lpdid_rw,431,2,3.013613493270381,.1468542446571444
varmiss,sa,431,0,1.859230175509213,.0855246030236785
varmiss,sa,431,1,2.50008133495051,.0959737010018207
varmiss,sa,431,2,3.311952841203397,.1027263480260701
varmiss,csdid,432,0,2.036697459133888,.1054583420229187
varmiss,csdid,432,1,2.358842106683748,.1155854218126395
varmiss,csdid,432,2,2.912380740107356,.1164227540670758
varmiss,jwdid,432,0,1.940984344064013,.0717143599582969
varmiss,jwdid,432,1,2.50023456639093,.0833700959200528
varmiss,jwdid,432,2,3.198658486931212,.0822066194903847
varmiss,jwdid_uc,432,0,1.940984344064021,.0842497681836118
varmiss,jwdid_uc,432,1,2.500234566390959,.092353569333513
varmiss,jwdid_uc,432,2,3.198658486931235,.0901755169923078
varmiss,bjs,432,0,1.923417199406686,.0739605201623448
varmiss,bjs,432,1,2.54005040553966,.084611774808057
varmiss,bjs,432,2,3.207668734365143,.0829712137265338
varmiss,bjs_wtr,432,0,2.089290067640832,.0771779039977112
varmiss,bjs_wtr,432,1,2.49258672904034,.0868144925901619
varmiss,bjs_wtr,432,2,2.975454728730256,.0884106590829652
varmiss,dcdh,432,0,1.76179325523859,.0992304209976861
varmiss,dcdh,432,1,2.207043059504328,.1316427748891674
varmiss,dcdh,432,2,2.841972559567003,.1334567622772187
varmiss,lpdid,432,0,1.638590386142314,.1028092950178525
varmiss,lpdid,432,1,2.133594430112212,.1470082015541069
varmiss,lpdid,432,2,2.889228111437685,.1604346946988756
varmiss,lpdid_rw,432,0,1.761792705488766,.1049892744210508
varmiss,lpdid_rw,432,1,2.19593706689363,.1533777418795153
varmiss,lpdid_rw,432,2,2.753305456336256,.160397771574306
varmiss,sa,432,0,1.913111144168754,.0884235261457949
varmiss,sa,432,1,2.47226803259044,.0971238257299084
varmiss,sa,432,2,3.135799181206589,.1061477686370064
varmiss,csdid,433,0,2.08690511668316,.104455955450538
varmiss,csdid,433,1,2.476467047134761,.1080507553515081
varmiss,csdid,433,2,3.023400793655245,.1040042737237231
varmiss,jwdid,433,0,1.939999947859507,.0678603299590047
varmiss,jwdid,433,1,2.483935946324284,.0771466298351967
varmiss,jwdid,433,2,3.226624861023376,.0770060423860315
varmiss,jwdid_uc,433,0,1.939999947859526,.0786266429293636
varmiss,jwdid_uc,433,1,2.483935946324283,.0880486173886424
varmiss,jwdid_uc,433,2,3.226624861023379,.0849302853852762
varmiss,bjs,433,0,1.932692824466358,.0690704441192389
varmiss,bjs,433,1,2.487552122642228,.0784050806343529
varmiss,bjs,433,2,3.22535247997439,.0776708305476204
varmiss,bjs_wtr,433,0,2.047482105059771,.071414412615465
varmiss,bjs_wtr,433,1,2.456546401052037,.0794026919119906
varmiss,bjs_wtr,433,2,2.986170074436814,.0802895657535882
varmiss,dcdh,433,0,1.861501358873593,.0983600692966083
varmiss,dcdh,433,1,2.206063931053859,.1239783133996541
varmiss,dcdh,433,2,3.068225274387867,.1263532144963658
varmiss,lpdid,433,0,1.730896250638883,.1002697233930285
varmiss,lpdid,433,1,2.123952668775472,.1440414970504137
varmiss,lpdid,433,2,3.010809977386173,.1479106577862526
varmiss,lpdid_rw,433,0,1.86150154336211,.1036693274084326
varmiss,lpdid_rw,433,1,2.220449140326459,.1555871461679429
varmiss,lpdid_rw,433,2,2.948832318226751,.1485875437905383
varmiss,sa,433,0,1.962206314341648,.0837300115167816
varmiss,sa,433,1,2.469012079901274,.0927238341805693
varmiss,sa,433,2,3.171948388632236,.1006658379371928
varmiss,csdid,434,0,1.894822256619923,.1040880410090161
varmiss,csdid,434,1,2.355102575439499,.1112891895372125
varmiss,csdid,434,2,2.858345898197229,.10401931093628
varmiss,jwdid,434,0,1.848663562462724,.0707345476042017
varmiss,jwdid,434,1,2.540290591482317,.0807668059830805
varmiss,jwdid,434,2,3.170781717029405,.0803103292651822
varmiss,jwdid_uc,434,0,1.848663562462728,.0794151403592495
varmiss,jwdid_uc,434,1,2.540290591482328,.0882041169581385
varmiss,jwdid_uc,434,2,3.170781717029401,.0869469615079051
varmiss,bjs,434,0,1.842801580374726,.0721953214184601
varmiss,bjs,434,1,2.532086673520098,.0821786017556759
varmiss,bjs,434,2,3.182154652967483,.080929965522145
varmiss,bjs_wtr,434,0,2.016329987716745,.0771448410973714
varmiss,bjs_wtr,434,1,2.494338941323804,.0840630560134205
varmiss,bjs_wtr,434,2,2.95441493243186,.0835003290185604
varmiss,dcdh,434,0,1.52707233455103,.0948398780505581
varmiss,dcdh,434,1,2.041384348822004,.1309959612193181
varmiss,dcdh,434,2,2.721540886244339,.1313307116634469
varmiss,lpdid,434,0,1.44770527332662,.0956188718677036
varmiss,lpdid,434,1,1.956094730039229,.1390339338770825
varmiss,lpdid,434,2,2.776179715374254,.149961139146209
varmiss,lpdid_rw,434,0,1.527072328861024,.0986472465139478
varmiss,lpdid_rw,434,1,2.013507228736615,.1421697101272495
varmiss,lpdid_rw,434,2,2.654954295345215,.1513080401647603
varmiss,sa,434,0,1.822432590460352,.0862441090398771
varmiss,sa,434,1,2.492148023461142,.0941150594714944
varmiss,sa,434,2,3.097176065508682,.1005938793677194
varmiss,csdid,435,0,1.949102240805342,.1073155466211977
varmiss,csdid,435,1,2.462643920576585,.1159210268776791
varmiss,csdid,435,2,3.024375240579728,.1121097483675822
varmiss,jwdid,435,0,1.762338559416508,.0695797084816024
varmiss,jwdid,435,1,2.601897285039936,.0852571197674315
varmiss,jwdid,435,2,3.274428473553503,.0803254738886885
varmiss,jwdid_uc,435,0,1.762338559416504,.0799800756347571
varmiss,jwdid_uc,435,1,2.60189728503994,.0966679548177059
varmiss,jwdid_uc,435,2,3.274428473553504,.0877843151149727
varmiss,bjs,435,0,1.766856762899351,.0712280562239266
varmiss,bjs,435,1,2.605013443211647,.0858710154940468
varmiss,bjs,435,2,3.272302417593892,.081276162325399
varmiss,bjs_wtr,435,0,1.972937021405414,.0734456300238498
varmiss,bjs_wtr,435,1,2.528202886405779,.0864408188901611
varmiss,bjs_wtr,435,2,3.035780732840067,.0862813680308894
varmiss,dcdh,435,0,1.579837346884295,.0985105802997411
varmiss,dcdh,435,1,2.221536993824992,.1458536340088336
varmiss,dcdh,435,2,2.935988206356404,.1307135957655642
varmiss,lpdid,435,0,1.496962872462856,.1025284557055658
varmiss,lpdid,435,1,2.078387883538547,.162325903220077
varmiss,lpdid,435,2,2.997010227680871,.149008623617988
varmiss,lpdid_rw,435,0,1.579837214979275,.102563249114164
varmiss,lpdid_rw,435,1,2.189394492835117,.1658482254593772
varmiss,lpdid_rw,435,2,2.837096648401204,.1565788706907696
varmiss,sa,435,0,1.787524751111343,.0895577607159628
varmiss,sa,435,1,2.636121571000021,.1044313166960782
varmiss,sa,435,2,3.315814624096352,.1042162776944853
varmiss,csdid,436,0,2.168756161353566,.1072529823475096
varmiss,csdid,436,1,2.757169218249297,.1086723827544313
varmiss,csdid,436,2,3.154176398434336,.1091421499854074
varmiss,jwdid,436,0,1.922368225333489,.068147708561193
varmiss,jwdid,436,1,2.773372234988485,.0789673075977844
varmiss,jwdid,436,2,3.354096293609777,.0800853195063539
varmiss,jwdid_uc,436,0,1.922368225333503,.0808490979958725
varmiss,jwdid_uc,436,1,2.773372234988507,.0889178504892385
varmiss,jwdid_uc,436,2,3.354096293609816,.0872338802354514
varmiss,bjs,436,0,1.913625680720997,.0693160524674318
varmiss,bjs,436,1,2.76185918465228,.0810177402605045
varmiss,bjs,436,2,3.363169372972834,.0807804794984697
varmiss,bjs_wtr,436,0,2.118527479355635,.0730801868108468
varmiss,bjs_wtr,436,1,2.726472006425411,.0827108335598215
varmiss,bjs_wtr,436,2,3.146618290142669,.0840529724238861
varmiss,dcdh,436,0,1.975199125243355,.0956600902002049
varmiss,dcdh,436,1,2.474842265700487,.1269911120284229
varmiss,dcdh,436,2,3.251809554443301,.1271041833195581
varmiss,lpdid,436,0,1.830898142623901,.0978241190029545
varmiss,lpdid,436,1,2.415676056393673,.1488585729760468
varmiss,lpdid,436,2,3.45064159563449,.1529523889448649
varmiss,lpdid_rw,436,0,1.975199041232272,.102923940214605
varmiss,lpdid_rw,436,1,2.585803408547017,.15408127439555
varmiss,lpdid_rw,436,2,3.230248136730562,.1522992330808314
varmiss,sa,436,0,1.938321253410535,.0908735727654251
varmiss,sa,436,1,2.818155542475196,.0983608345573418
varmiss,sa,436,2,3.457950047257976,.1069073053745414
varmiss,csdid,437,0,1.937971433453395,.1072976322617245
varmiss,csdid,437,1,2.416915631075078,.1094769511981194
varmiss,csdid,437,2,3.013929571316182,.1067056551643198
varmiss,jwdid,437,0,1.824761601508436,.071065879903312
varmiss,jwdid,437,1,2.50351125640129,.0769040805304566
varmiss,jwdid,437,2,3.251210807888681,.0778261658516698
varmiss,jwdid_uc,437,0,1.824761601508433,.0817146378711629
varmiss,jwdid_uc,437,1,2.503511256401286,.0912986275627679
varmiss,jwdid_uc,437,2,3.251210807888695,.0836753694614842
varmiss,bjs,437,0,1.819170726346783,.0728814794270519
varmiss,bjs,437,1,2.506051590957213,.0782827837794159
varmiss,bjs,437,2,3.242794099933235,.0786298884473976
varmiss,bjs_wtr,437,0,1.987204211214703,.0759279781302115
varmiss,bjs_wtr,437,1,2.514516396806357,.0789780721937748
varmiss,bjs_wtr,437,2,3.049907605411136,.0815558222189895
varmiss,dcdh,437,0,1.604581060810687,.0998125758403376
varmiss,dcdh,437,1,2.069298578900777,.1284444457082314
varmiss,dcdh,437,2,2.723255640368464,.1351194458848114
varmiss,lpdid,437,0,1.487175642489131,.102169489288242
varmiss,lpdid,437,1,1.872236940241844,.1458856946204982
varmiss,lpdid,437,2,2.689239631622352,.1530474056542307
varmiss,lpdid_rw,437,0,1.604581013693144,.1043550605497362
varmiss,lpdid_rw,437,1,2.041314186448904,.149754965553713
varmiss,lpdid_rw,437,2,2.612819154943844,.1564770605542628
varmiss,sa,437,0,1.815754857316088,.0891125255243063
varmiss,sa,437,1,2.484247926855291,.0968162019442136
varmiss,sa,437,2,3.202514548065133,.0993761515144443
varmiss,csdid,438,0,1.856205288673396,.1086483768703713
varmiss,csdid,438,1,2.413124792035767,.1131209420946503
varmiss,csdid,438,2,2.974450241907833,.1134061405274452
varmiss,jwdid,438,0,1.717013401545873,.0718518500593873
varmiss,jwdid,438,1,2.647882651891267,.081098342866002
varmiss,jwdid,438,2,3.287648714907677,.0817221422655871
varmiss,jwdid_uc,438,0,1.717013401545891,.0826497757902499
varmiss,jwdid_uc,438,1,2.647882651891278,.0908885544024876
varmiss,jwdid_uc,438,2,3.287648714907694,.0886187612160499
varmiss,bjs,438,0,1.742766794952331,.0731181548960268
varmiss,bjs,438,1,2.648172999499366,.0831132972117996
varmiss,bjs,438,2,3.291507764457492,.0831517655479691
varmiss,bjs_wtr,438,0,1.958673048928176,.075938045848697
varmiss,bjs_wtr,438,1,2.559136201336514,.0837507910916432
varmiss,bjs_wtr,438,2,3.0752064732078,.0873852577357473
varmiss,dcdh,438,0,1.606348651992419,.0969109060493479
varmiss,dcdh,438,1,2.315213059479591,.1302747528409835
varmiss,dcdh,438,2,2.83757123855283,.1351592592891388
varmiss,lpdid,438,0,1.49777557432934,.1018354232520907
varmiss,lpdid,438,1,2.243145627193146,.145439928813594
varmiss,lpdid,438,2,2.95130573639344,.1587442639904371
varmiss,lpdid_rw,438,0,1.606348739890132,.1033314648343079
varmiss,lpdid_rw,438,1,2.364874758538229,.1490221874139791
varmiss,lpdid_rw,438,2,2.78994359896183,.1616075930753628
varmiss,sa,438,0,1.664415616887788,.0927837938808502
varmiss,sa,438,1,2.655850214422701,.1015025610030556
varmiss,sa,438,2,3.336357636119917,.1066635849491084
varmiss,csdid,439,0,1.980119790836682,.1033090537067596
varmiss,csdid,439,1,2.590572430416886,.1132169031808427
varmiss,csdid,439,2,2.944490544186709,.105481596412234
varmiss,jwdid,439,0,1.784932379453056,.0679403636847915
varmiss,jwdid,439,1,2.734582395640311,.0841262792186587
varmiss,jwdid,439,2,3.20950294170104,.0798578690126718
varmiss,jwdid_uc,439,0,1.784932379453064,.0795572984533473
varmiss,jwdid_uc,439,1,2.734582395640308,.0923475870408307
varmiss,jwdid_uc,439,2,3.209502941701051,.0879558396223305
varmiss,bjs,439,0,1.778193209825076,.069996417556449
varmiss,bjs,439,1,2.692243995717263,.0864487175596012
varmiss,bjs,439,2,3.198652343303365,.0809569283466585
varmiss,bjs_wtr,439,0,1.971150047917945,.0741118015571613
varmiss,bjs_wtr,439,1,2.627593525098973,.0867990289020395
varmiss,bjs_wtr,439,2,2.971677473960881,.0836409969781442
varmiss,dcdh,439,0,1.683660312965081,.09037345041514
varmiss,dcdh,439,1,2.408122122386767,.1436688235350705
varmiss,dcdh,439,2,2.914311290743836,.1259968107369178
varmiss,lpdid,439,0,1.577021705365635,.0936897930034154
varmiss,lpdid,439,1,2.349988804381404,.1584793525645412
varmiss,lpdid,439,2,2.983264935553566,.1497894061331883
varmiss,lpdid_rw,439,0,1.683660623492843,.0967418423911985
varmiss,lpdid_rw,439,1,2.456781071363463,.1631705717849398
varmiss,lpdid_rw,439,2,2.807645941013731,.1535760716063315
varmiss,sa,439,0,1.757043614022809,.085977771672672
varmiss,sa,439,1,2.719299033450843,.0980377017764312
varmiss,sa,439,2,3.183975832168285,.1030311794262572
varmiss,csdid,440,0,1.952412404256459,.1041857336375315
varmiss,csdid,440,1,2.364674071053396,.1109564007682338
varmiss,csdid,440,2,2.902691156637738,.1063490524072323
varmiss,jwdid,440,0,1.898953577880257,.0704373145806979
varmiss,jwdid,440,1,2.506249135632453,.0813441123658526
varmiss,jwdid,440,2,3.233355473269845,.0759951834293199
varmiss,jwdid_uc,440,0,1.898953577880238,.0808497834741442
varmiss,jwdid_uc,440,1,2.506249135632429,.0960272242465436
varmiss,jwdid_uc,440,2,3.233355473269813,.0862709961111639
varmiss,bjs,440,0,1.892084188715671,.0723167577855275
varmiss,bjs,440,1,2.513487031617842,.0830170137183551
varmiss,bjs,440,2,3.226529355210914,.0765145883928544
varmiss,bjs_wtr,440,0,2.019507262724801,.0743833906608451
varmiss,bjs_wtr,440,1,2.468264929328143,.083949768348311
varmiss,bjs_wtr,440,2,2.968847230311439,.0799133169228448
varmiss,dcdh,440,0,1.67571435821964,.0980219856546021
varmiss,dcdh,440,1,2.196183434452391,.1336932460789879
varmiss,dcdh,440,2,2.835928845412951,.1274031881508861
varmiss,lpdid,440,0,1.578156378595734,.1026457717181691
varmiss,lpdid,440,1,2.125582730602289,.1525973524685826
varmiss,lpdid,440,2,2.896883672312537,.1442178316418808
varmiss,lpdid_rw,440,0,1.675714257358095,.1040752226175734
varmiss,lpdid_rw,440,1,2.224456128520762,.1528760138021416
varmiss,lpdid_rw,440,2,2.746677471365763,.1456497417920456
varmiss,sa,440,0,1.898593513782804,.0860830259801729
varmiss,sa,440,1,2.457631744239856,.0996271062709069
varmiss,sa,440,2,3.169995251216566,.1014597503685368
varmiss,csdid,441,0,2.045195220784059,.1031611974608589
varmiss,csdid,441,1,2.597332869899072,.1073006020181353
varmiss,csdid,441,2,3.040733576776168,.1037766484856813
varmiss,jwdid,441,0,1.790992865596988,.0703211002325316
varmiss,jwdid,441,1,2.606550438248406,.0796281758287435
varmiss,jwdid,441,2,3.26223395997056,.0768909232498273
varmiss,jwdid_uc,441,0,1.790992865596986,.0815068908448295
varmiss,jwdid_uc,441,1,2.606550438248415,.0921263934167028
varmiss,jwdid_uc,441,2,3.262233959970571,.0857456806782027
varmiss,bjs,441,0,1.790643553162226,.071204598628875
varmiss,bjs,441,1,2.608136708608072,.0802215800249467
varmiss,bjs,441,2,3.268206396409369,.0779944224509103
varmiss,bjs_wtr,441,0,1.976098751991231,.0742003322277597
varmiss,bjs_wtr,441,1,2.534693627450906,.080830546638768
varmiss,bjs_wtr,441,2,3.027401199662563,.0830118451182209
varmiss,dcdh,441,0,1.637474320495501,.0960248183160471
varmiss,dcdh,441,1,2.169126698501408,.1254783996040702
varmiss,dcdh,441,2,2.856389176428318,.1287782451424696
varmiss,lpdid,441,0,1.561673730539962,.0987625876665737
varmiss,lpdid,441,1,2.033182945447203,.1417324688672177
varmiss,lpdid,441,2,2.849792432174996,.1475613510270201
varmiss,lpdid_rw,441,0,1.63747447392283,.1006414508642959
varmiss,lpdid_rw,441,1,2.135860602331886,.1451809923229223
varmiss,lpdid_rw,441,2,2.662309208224253,.1506532867923285
varmiss,sa,441,0,1.81808340425073,.0855815852067138
varmiss,sa,441,1,2.58671267516641,.0957399896654649
varmiss,sa,441,2,3.215831113824096,.0998049480458171
varmiss,csdid,442,0,1.877914916836202,.102435197214535
varmiss,csdid,442,1,2.376310125605042,.1095362831925406
varmiss,csdid,442,2,2.801128941810153,.1111361429164728
varmiss,jwdid,442,0,1.786459223926615,.0695597143964174
varmiss,jwdid,442,1,2.52792140401834,.078963891664121
varmiss,jwdid,442,2,3.137514086917071,.079922588706692
varmiss,jwdid_uc,442,0,1.78645922392661,.0817337481971154
varmiss,jwdid_uc,442,1,2.527921404018328,.0885765121191558
varmiss,jwdid_uc,442,2,3.137514086917067,.088746528142603
varmiss,bjs,442,0,1.776367339276476,.0711800829253713
varmiss,bjs,442,1,2.523585022863699,.080002591433643
varmiss,bjs,442,2,3.121978342707735,.0800494908541133
varmiss,bjs_wtr,442,0,1.952911357322591,.0745104314567369
varmiss,bjs_wtr,442,1,2.451724863976779,.0808629610111534
varmiss,bjs_wtr,442,2,2.859227389097214,.0824789817356631
varmiss,dcdh,442,0,1.625398880670647,.0917026714736797
varmiss,dcdh,442,1,2.12092884457218,.1305876869578193
varmiss,dcdh,442,2,2.566630886380306,.1211184444792002
varmiss,lpdid,442,0,1.529393045849036,.0981399985678627
varmiss,lpdid,442,1,2.17555222295844,.1494015238495105
varmiss,lpdid,442,2,2.599837184641674,.1408380256505566
varmiss,lpdid_rw,442,0,1.625399326946225,.0994895057892215
varmiss,lpdid_rw,442,1,2.202460126419045,.1504481175035746
varmiss,lpdid_rw,442,2,2.430226091072818,.1412489974487353
varmiss,sa,442,0,1.738686856525469,.0883910230410206
varmiss,sa,442,1,2.497807743297875,.0960009279654842
varmiss,sa,442,2,3.129944411037036,.1012733644396677
varmiss,csdid,443,0,2.146161512823818,.1029122912285365
varmiss,csdid,443,1,2.582447280263923,.11343155283188
varmiss,csdid,443,2,3.125514655224218,.1017810071975327
varmiss,jwdid,443,0,1.778410360420218,.0668321166930525
varmiss,jwdid,443,1,2.574460279644333,.0800628026739615
varmiss,jwdid,443,2,3.236737589021601,.0782973859700078
varmiss,jwdid_uc,443,0,1.778410360420223,.0801862114147114
varmiss,jwdid_uc,443,1,2.574460279644346,.0941542284713465
varmiss,jwdid_uc,443,2,3.23673758902161,.0839119011238283
varmiss,bjs,443,0,1.774105278529532,.0697278804458948
varmiss,bjs,443,1,2.573940840384239,.0815083822184861
varmiss,bjs,443,2,3.253897660262737,.0796654595517235
varmiss,bjs_wtr,443,0,1.959537613198336,.0727741017178297
varmiss,bjs_wtr,443,1,2.457759187831471,.0826013227673083
varmiss,bjs_wtr,443,2,3.060858496814035,.0823859912880793
varmiss,dcdh,443,0,1.637130831375763,.0936769222899185
varmiss,dcdh,443,1,2.15906891403851,.1339229927246477
varmiss,dcdh,443,2,3.163226337075586,.1239514168330751
varmiss,lpdid,443,0,1.523616441173763,.0977612234018151
varmiss,lpdid,443,1,2.037736725581106,.1478167590053863
varmiss,lpdid,443,2,2.992924741366752,.1395443735740929
varmiss,lpdid_rw,443,0,1.637130307254093,.098956906687435
varmiss,lpdid_rw,443,1,2.07853106739828,.1483818298432163
varmiss,lpdid_rw,443,2,2.912003000527547,.142077886945367
varmiss,sa,443,0,1.808777555464449,.087152133113821
varmiss,sa,443,1,2.601800971694373,.1007225025067295
varmiss,sa,443,2,3.266667290746041,.0976286960942651
varmiss,csdid,444,0,2.003294875604159,.1044499749677132
varmiss,csdid,444,1,2.495256141042077,.1103354271405854
varmiss,csdid,444,2,2.96827445682508,.1109339161871517
varmiss,jwdid,444,0,1.875445669819562,.0706855939632118
varmiss,jwdid,444,1,2.57897216036703,.0823801935006355
varmiss,jwdid,444,2,3.224500092191601,.0781796073249694
varmiss,jwdid_uc,444,0,1.875445669819568,.0794764964799612
varmiss,jwdid_uc,444,1,2.578972160367033,.0912464822986065
varmiss,jwdid_uc,444,2,3.224500092191608,.0852313555357796
varmiss,bjs,444,0,1.865106520320978,.0727268902809496
varmiss,bjs,444,1,2.577955689743249,.0841868101999354
varmiss,bjs,444,2,3.239004353825294,.0792367691157203
varmiss,bjs_wtr,444,0,2.023003786908276,.074731524607497
varmiss,bjs_wtr,444,1,2.471409616526216,.0854147892369947
varmiss,bjs_wtr,444,2,3.03096055953938,.0852112891734594
varmiss,dcdh,444,0,1.704873720308891,.0972590408138479
varmiss,dcdh,444,1,2.361954281175578,.1241601852733106
varmiss,dcdh,444,2,2.913227834702433,.1336012836018522
varmiss,lpdid,444,0,1.610796466045555,.1012147261764192
varmiss,lpdid,444,1,2.249062779453619,.1405808252716825
varmiss,lpdid,444,2,2.945834180732128,.147218483215975
varmiss,lpdid_rw,444,0,1.704873638865242,.1015222199082116
varmiss,lpdid_rw,444,1,2.325152649888546,.1419680750803014
varmiss,lpdid_rw,444,2,2.825910552502889,.1514430230632126
varmiss,sa,444,0,1.899003270078004,.0880381265949971
varmiss,sa,444,1,2.602165215194315,.096843589165463
varmiss,sa,444,2,3.240728128482637,.100621466949302
varmiss,csdid,445,0,2.036354198235357,.1026376127307019
varmiss,csdid,445,1,2.550708613793133,.1090723131119764
varmiss,csdid,445,2,3.07374189106993,.1091964626807436
varmiss,jwdid,445,0,1.905018913696844,.0644534076953468
varmiss,jwdid,445,1,2.635415108620995,.0796049555681807
varmiss,jwdid,445,2,3.282110395860545,.0770296270183634
varmiss,jwdid_uc,445,0,1.905018913696851,.0766148925673492
varmiss,jwdid_uc,445,1,2.635415108620991,.0931908371770339
varmiss,jwdid_uc,445,2,3.282110395860554,.0814858434612724
varmiss,bjs,445,0,1.921849405541707,.0668353151391789
varmiss,bjs,445,1,2.631692931179714,.0814858608604675
varmiss,bjs,445,2,3.277304742190609,.0780943091451694
varmiss,bjs_wtr,445,0,2.06468494746241,.0688198174113088
varmiss,bjs_wtr,445,1,2.554800883583084,.0814606082299457
varmiss,bjs_wtr,445,2,3.075118274296983,.0839824030508249
varmiss,dcdh,445,0,1.776368930295401,.0903774195060458
varmiss,dcdh,445,1,2.384876023733744,.1225203534519487
varmiss,dcdh,445,2,3.205168214099187,.125752859707146
varmiss,lpdid,445,0,1.651282087371435,.0935751695750688
varmiss,lpdid,445,1,2.308934380678907,.1411185392586224
varmiss,lpdid,445,2,3.105139881760621,.1504408499617453
varmiss,lpdid_rw,445,0,1.776368857151747,.0968759741129972
varmiss,lpdid_rw,445,1,2.40562431854018,.1414683123245111
varmiss,lpdid_rw,445,2,3.017473147602175,.1525410369520019
varmiss,sa,445,0,1.900577939648737,.0855061351194276
varmiss,sa,445,1,2.61899085203715,.1029796923611727
varmiss,sa,445,2,3.298156642148342,.0992459222741773
varmiss,csdid,446,0,1.952868507436516,.1056564608680408
varmiss,csdid,446,1,2.56657163387673,.1054455721119864
varmiss,csdid,446,2,2.979583881631156,.1065517203998294
varmiss,jwdid,446,0,1.79928925939455,.073771882207095
varmiss,jwdid,446,1,2.606322423099115,.0803709579248636
varmiss,jwdid,446,2,3.21045334002081,.0799853618930041
varmiss,jwdid_uc,446,0,1.799289259394558,.0839832279944221
varmiss,jwdid_uc,446,1,2.60632242309912,.0880339918460452
varmiss,jwdid_uc,446,2,3.210453340020811,.0877692521896881
varmiss,bjs,446,0,1.80390372936381,.0762614273098275
varmiss,bjs,446,1,2.57381261304181,.0830226663983734
varmiss,bjs,446,2,3.205062091276886,.0805304460251747
varmiss,bjs_wtr,446,0,1.943634275849035,.0779238377449155
varmiss,bjs_wtr,446,1,2.532482729853655,.0858853342115141
varmiss,bjs_wtr,446,2,2.992581974892346,.0835476222823445
varmiss,dcdh,446,0,1.706782938527104,.1063431685153935
varmiss,dcdh,446,1,2.399218837157608,.1304365827505665
varmiss,dcdh,446,2,3.086737699844018,.1283811279593979
varmiss,lpdid,446,0,1.57080923992503,.1116566814744657
varmiss,lpdid,446,1,2.273484390049306,.1505586601584337
varmiss,lpdid,446,2,3.127278725218004,.1462196841104043
varmiss,lpdid_rw,446,0,1.706784247365907,.1136699918179332
varmiss,lpdid_rw,446,1,2.420698291029882,.1571008045231002
varmiss,lpdid_rw,446,2,3.001258733511764,.1470204629099827
varmiss,sa,446,0,1.783958188296783,.0904327943987913
varmiss,sa,446,1,2.569965200372134,.0929300022505323
varmiss,sa,446,2,3.171525605595993,.1014400417514042
varmiss,csdid,447,0,1.955062901557068,.1003335062786518
varmiss,csdid,447,1,2.593884971780698,.1086934480949939
varmiss,csdid,447,2,3.170905414079172,.1090932463307175
varmiss,jwdid,447,0,1.888137337072384,.0681038879752515
varmiss,jwdid,447,1,2.570046334171097,.0737827065313876
varmiss,jwdid,447,2,3.359012339823532,.0775187523374863
varmiss,jwdid_uc,447,0,1.888137337072377,.0773932530657301
varmiss,jwdid_uc,447,1,2.57004633417109,.0855847531216502
varmiss,jwdid_uc,447,2,3.359012339823534,.0861612175076713
varmiss,bjs,447,0,1.898434606733645,.0708185041908672
varmiss,bjs,447,1,2.556762293846987,.0757790982105688
varmiss,bjs,447,2,3.336749044337921,.0786016235618043
varmiss,bjs_wtr,447,0,2.046121050236252,.0733774672610662
varmiss,bjs_wtr,447,1,2.508804837387288,.0772997755607694
varmiss,bjs_wtr,447,2,3.118537602973447,.0821904855929966
varmiss,dcdh,447,0,1.741902416183611,.0932604313425947
varmiss,dcdh,447,1,2.268428358593225,.1306017276304346
varmiss,dcdh,447,2,3.075040335562717,.128206286162198
varmiss,lpdid,447,0,1.633600988505526,.0955568114381551
varmiss,lpdid,447,1,2.180458584669152,.1473579639103675
varmiss,lpdid,447,2,3.093804640901153,.1502146399341512
varmiss,lpdid_rw,447,0,1.741902257789892,.0974000910567989
varmiss,lpdid_rw,447,1,2.29253641668035,.150362539103319
varmiss,lpdid_rw,447,2,2.918684340740111,.152339937345343
varmiss,sa,447,0,1.891123894821868,.0824381661041389
varmiss,sa,447,1,2.581075516390645,.0903578943115806
varmiss,sa,447,2,3.338261591357437,.1004718695272872
varmiss,csdid,448,0,1.890156580768897,.1036662401122263
varmiss,csdid,448,1,2.263055269492814,.1082269524492006
varmiss,csdid,448,2,2.922741523657116,.1058049422639048
varmiss,jwdid,448,0,1.755695011553001,.0705345183375201
varmiss,jwdid,448,1,2.320455818801303,.0772332869744767
varmiss,jwdid,448,2,3.20374612414703,.0769379227851247
varmiss,jwdid_uc,448,0,1.755695011553006,.0794586863136216
varmiss,jwdid_uc,448,1,2.320455818801308,.0886774622420737
varmiss,jwdid_uc,448,2,3.203746124147026,.0870794772181526
varmiss,bjs,448,0,1.774248622412415,.0734478498564728
varmiss,bjs,448,1,2.307868141275321,.078884990653532
varmiss,bjs,448,2,3.234671259373442,.0783334352037225
varmiss,bjs_wtr,448,0,1.922193599810271,.0756367039127194
varmiss,bjs_wtr,448,1,2.240337754052234,.0793930211544027
varmiss,bjs_wtr,448,2,2.956337470706643,.0796028742018853
varmiss,dcdh,448,0,1.521360624303206,.0980442246481329
varmiss,dcdh,448,1,2.104784043397167,.1299628678210375
varmiss,dcdh,448,2,2.817289612460564,.1175141465212024
varmiss,lpdid,448,0,1.436730781442922,.0997767227686112
varmiss,lpdid,448,1,1.895404963742422,.1514101755245658
varmiss,lpdid,448,2,2.699023998123237,.1387948508926391
varmiss,lpdid_rw,448,0,1.52136079863572,.1014832511137181
varmiss,lpdid_rw,448,1,2.058487433436051,.1549848967831123
varmiss,lpdid_rw,448,2,2.581517143332901,.1410833222639416
varmiss,sa,448,0,1.772575561147875,.0874517592716475
varmiss,sa,448,1,2.336719692336191,.0959352206837317
varmiss,sa,448,2,3.220663472885128,.1027903117037879
varmiss,csdid,449,0,2.02040023379682,.1042785598057722
varmiss,csdid,449,1,2.636009260408055,.1091839417718062
varmiss,csdid,449,2,3.091137634790251,.1088811460351756
varmiss,jwdid,449,0,1.776360427844455,.0674590625405469
varmiss,jwdid,449,1,2.623789445645374,.0789873234712537
varmiss,jwdid,449,2,3.21850522104729,.0781700774390935
varmiss,jwdid_uc,449,0,1.776360427844456,.0779791650780889
varmiss,jwdid_uc,449,1,2.623789445645361,.0873660840188233
varmiss,jwdid_uc,449,2,3.218505221047299,.0847128130616035
varmiss,bjs,449,0,1.796750460744988,.0706374557597114
varmiss,bjs,449,1,2.616308327450497,.0807824607173551
varmiss,bjs,449,2,3.231593232871091,.079569668754296
varmiss,bjs_wtr,449,0,1.981239821896452,.0750403578334773
varmiss,bjs_wtr,449,1,2.532126310843523,.0818210864067731
varmiss,bjs_wtr,449,2,3.054705719812773,.08479976223171
varmiss,dcdh,449,0,1.682401355390541,.0911511311756726
varmiss,dcdh,449,1,2.357382209482066,.1228691028122434
varmiss,dcdh,449,2,3.034930487760271,.1265579473084878
varmiss,lpdid,449,0,1.590789146524426,.0943488665007658
varmiss,lpdid,449,1,2.261378085279708,.1423882172623827
varmiss,lpdid,449,2,2.989544303534658,.1432601121918708
varmiss,lpdid_rw,449,0,1.682401494630283,.0952227991492037
varmiss,lpdid_rw,449,1,2.366430068435933,.1466581954855833
varmiss,lpdid_rw,449,2,2.898727626917508,.1497646157985306
varmiss,sa,449,0,1.754676992602787,.0861317584098599
varmiss,sa,449,1,2.639736656977656,.0925233002714129
varmiss,sa,449,2,3.231096593506871,.0978552360298982
varmiss,csdid,450,0,1.905385895899572,.1039446002430501
varmiss,csdid,450,1,2.42257765948766,.1112525722446688
varmiss,csdid,450,2,3.046976503127326,.1075410254565469
varmiss,jwdid,450,0,1.76480043725315,.0703797495306142
varmiss,jwdid,450,1,2.529709256975847,.0807526397224857
varmiss,jwdid,450,2,3.30081469775431,.0790107322614673
varmiss,jwdid_uc,450,0,1.764800437253139,.0807782246548924
varmiss,jwdid_uc,450,1,2.529709256975815,.091808467635812
varmiss,jwdid_uc,450,2,3.300814697754304,.0864587484232459
varmiss,bjs,450,0,1.788562367899431,.0730343759080372
varmiss,bjs,450,1,2.51769519836273,.081477911082615
varmiss,bjs,450,2,3.297396745512742,.0807556644022546
varmiss,bjs_wtr,450,0,1.984008303188602,.0756159955625573
varmiss,bjs_wtr,450,1,2.451319580957943,.0818422915976516
varmiss,bjs_wtr,450,2,3.061865895773735,.0855337348479119
varmiss,dcdh,450,0,1.53674147692962,.1016154548109531
varmiss,dcdh,450,1,2.059348321531936,.1372558595675767
varmiss,dcdh,450,2,3.118065651872362,.1385474468534719
varmiss,lpdid,450,0,1.415452111818648,.1008626540405474
varmiss,lpdid,450,1,1.83703204097617,.1568913348209173
varmiss,lpdid,450,2,3.10115797644292,.1608682247091409
varmiss,lpdid_rw,450,0,1.536742018971301,.1061340795071306
varmiss,lpdid_rw,450,1,2.002142847297471,.1610838204844925
varmiss,lpdid_rw,450,2,2.988610889435443,.1632744577424544
varmiss,sa,450,0,1.731730259039806,.0885491817549041
varmiss,sa,450,1,2.499206652340943,.0965880511667133
varmiss,sa,450,2,3.236900951650444,.1034496969688878
varmiss,csdid,451,0,2.002194757102154,.1045344178361703
varmiss,csdid,451,1,2.342171610182598,.1122210932834909
varmiss,csdid,451,2,2.911708355949807,.1098651311817294
varmiss,jwdid,451,0,1.938664474758728,.0695669431680713
varmiss,jwdid,451,1,2.547720655465604,.0813284434296269
varmiss,jwdid,451,2,3.264542977155294,.0818726230344808
varmiss,jwdid_uc,451,0,1.938664474758724,.0789616111056042
varmiss,jwdid_uc,451,1,2.547720655465606,.0922359112838342
varmiss,jwdid_uc,451,2,3.264542977155291,.0895506891471648
varmiss,bjs,451,0,1.915519721937017,.071826504531712
varmiss,bjs,451,1,2.516698793238902,.0824388507877865
varmiss,bjs,451,2,3.288158509640198,.0828003545909558
varmiss,bjs_wtr,451,0,2.06983571017463,.0738397440140917
varmiss,bjs_wtr,451,1,2.448486803383275,.0831984940536808
varmiss,bjs_wtr,451,2,3.061368581169518,.0853507616776531
varmiss,dcdh,451,0,1.682486459872533,.0976907309245087
varmiss,dcdh,451,1,1.996906292468072,.1305801213670403
varmiss,dcdh,451,2,2.922577206736642,.1333779945609472
varmiss,lpdid,451,0,1.60428275348185,.1009368508044072
varmiss,lpdid,451,1,1.886289333918209,.1459785185817819
varmiss,lpdid,451,2,2.885932582124762,.1523895163218175
varmiss,lpdid_rw,451,0,1.682486419206294,.1027179068391525
varmiss,lpdid_rw,451,1,1.938538811602715,.1512209956504807
varmiss,lpdid_rw,451,2,2.667908761549973,.1548921157583079
varmiss,sa,451,0,1.875460437603857,.089492264204129
varmiss,sa,451,1,2.497077028477277,.1011123544170024
varmiss,sa,451,2,3.245162025304999,.1072731452071342
varmiss,csdid,452,0,2.077821117517912,.105199028956505
varmiss,csdid,452,1,2.562290594027584,.1133300212417674
varmiss,csdid,452,2,3.05741989067877,.1077529219543601
varmiss,jwdid,452,0,1.87814336849533,.0673166416325832
varmiss,jwdid,452,1,2.650094912626397,.0832572279098601
varmiss,jwdid,452,2,3.215237607661991,.079459621575761
varmiss,jwdid_uc,452,0,1.878143368495333,.0795198378169689
varmiss,jwdid_uc,452,1,2.650094912626392,.091239382898263
varmiss,jwdid_uc,452,2,3.215237607662009,.0871045145429948
varmiss,bjs,452,0,1.889503456015518,.0688865078180627
varmiss,bjs,452,1,2.64644852746278,.0855924453734875
varmiss,bjs,452,2,3.190401531433963,.0804110187799868
varmiss,bjs_wtr,452,0,2.104359582121106,.0716487811901277
varmiss,bjs_wtr,452,1,2.551991970918607,.0865278817036641
varmiss,bjs_wtr,452,2,2.986209259663156,.083561413938566
varmiss,dcdh,452,0,1.731830912651522,.093962109596256
varmiss,dcdh,452,1,2.374552567981262,.13261427941383
varmiss,dcdh,452,2,2.765379643712264,.125453108966013
varmiss,lpdid,452,0,1.661345273668154,.0962652197782903
varmiss,lpdid,452,1,2.293760519592014,.1451114881350087
varmiss,lpdid,452,2,2.791195490340298,.1357026770535876
varmiss,lpdid_rw,452,0,1.731831109256277,.0973491070062993
varmiss,lpdid_rw,452,1,2.346512652173833,.1439378186933398
varmiss,lpdid_rw,452,2,2.665856791627651,.1375017918068943
varmiss,sa,452,0,1.943527260600177,.0863159454168279
varmiss,sa,452,1,2.699744883832246,.0986653839120352
varmiss,sa,452,2,3.241512405537398,.1046118198143884
varmiss,csdid,453,0,2.183577411025425,.0956851361958985
varmiss,csdid,453,1,2.724384041782309,.108182546051864
varmiss,csdid,453,2,3.160864780632644,.105701024298749
varmiss,jwdid,453,0,1.960341724921168,.0660904428788084
varmiss,jwdid,453,1,2.64653456390749,.0787055828550398
varmiss,jwdid,453,2,3.226584118156359,.0752744386170887
varmiss,jwdid_uc,453,0,1.960341724921165,.0750272200181984
varmiss,jwdid_uc,453,1,2.64653456390749,.0906205172285011
varmiss,jwdid_uc,453,2,3.226584118156346,.0832712204080971
varmiss,bjs,453,0,1.966272508870134,.0672258906274214
varmiss,bjs,453,1,2.646200821254752,.0814819988069172
varmiss,bjs,453,2,3.25468055086094,.0760819179056668
varmiss,bjs_wtr,453,0,2.1263593474971,.0709057897558847
varmiss,bjs_wtr,453,1,2.591497828441788,.0836627128229319
varmiss,bjs_wtr,453,2,3.040950237729703,.0804079276395134
varmiss,dcdh,453,0,1.897604501080591,.0912835038073874
varmiss,dcdh,453,1,2.385690183995897,.1112647491235433
varmiss,dcdh,453,2,2.979081456276427,.1136835552375616
varmiss,lpdid,453,0,1.795192691554014,.0915406122173329
varmiss,lpdid,453,1,2.249307912571754,.1260988171794339
varmiss,lpdid,453,2,2.95257211037891,.1371831204334997
varmiss,lpdid_rw,453,0,1.897603809043092,.0945748499764101
varmiss,lpdid_rw,453,1,2.350359427119964,.1313297710868113
varmiss,lpdid_rw,453,2,2.817479277917235,.138941224449014
varmiss,sa,453,0,1.966141511808423,.0825081325387693
varmiss,sa,453,1,2.65989623212693,.0957186425197107
varmiss,sa,453,2,3.248328799415209,.0985797307700678
varmiss,csdid,454,0,1.954050158591397,.10126077857627
varmiss,csdid,454,1,2.550539300061172,.1142938248825452
varmiss,csdid,454,2,2.979041721495145,.110594942469949
varmiss,jwdid,454,0,1.812077610349032,.0660524845330139
varmiss,jwdid,454,1,2.636304898975776,.0811572219270217
varmiss,jwdid,454,2,3.234446756865367,.0800513975692552
varmiss,jwdid_uc,454,0,1.812077610349031,.0764688101568376
varmiss,jwdid_uc,454,1,2.636304898975767,.0940566913202662
varmiss,jwdid_uc,454,2,3.234446756865362,.0898021753525483
varmiss,bjs,454,0,1.789884825151603,.0680865627412857
varmiss,bjs,454,1,2.67625751513151,.082727248567666
varmiss,bjs,454,2,3.24985507382371,.0815831316848096
varmiss,bjs_wtr,454,0,1.916949295577979,.0700596486827693
varmiss,bjs_wtr,454,1,2.60021301825418,.0845720992601365
varmiss,bjs_wtr,454,2,2.992532166696037,.0855065359950981
varmiss,dcdh,454,0,1.702396438810863,.0934845618062203
varmiss,dcdh,454,1,2.340879586522465,.1261094235441867
varmiss,dcdh,454,2,2.937035323930783,.1255125651151704
varmiss,lpdid,454,0,1.609706101254101,.0972062041435519
varmiss,lpdid,454,1,2.245667064534687,.147553121538604
varmiss,lpdid,454,2,2.852908208132563,.1456885368972252
varmiss,lpdid_rw,454,0,1.702395973204888,.0990479635454059
varmiss,lpdid_rw,454,1,2.381619784224573,.1526885818787743
varmiss,lpdid_rw,454,2,2.717575990720571,.1486299989647912
varmiss,sa,454,0,1.800335491989609,.0869069096000158
varmiss,sa,454,1,2.642975506069718,.1028502485266502
varmiss,sa,454,2,3.263091407642832,.1078560622614659
varmiss,csdid,455,0,2.026326425213726,.106490964553045
varmiss,csdid,455,1,2.468901878257532,.1113086371373369
varmiss,csdid,455,2,2.90500724289531,.1090059729725602
varmiss,jwdid,455,0,1.82319077982669,.0706674428870975
varmiss,jwdid,455,1,2.401467296149647,.0806465314241321
varmiss,jwdid,455,2,3.077738936821102,.0814465249232499
varmiss,jwdid_uc,455,0,1.823190779826698,.0807810127531335
varmiss,jwdid_uc,455,1,2.401467296149632,.0926362170479301
varmiss,jwdid_uc,455,2,3.077738936821099,.0891384632544448
varmiss,bjs,455,0,1.831870555361093,.0738104510717347
varmiss,bjs,455,1,2.417082055029823,.0827309717775335
varmiss,bjs,455,2,3.103554417160922,.0826089794325999
varmiss,bjs_wtr,455,0,2.008639365013551,.0764019763965
varmiss,bjs_wtr,455,1,2.383389568638449,.0826664868891452
varmiss,bjs_wtr,455,2,2.914774668704922,.0848201862906772
varmiss,dcdh,455,0,1.740044405572714,.1018040928419909
varmiss,dcdh,455,1,2.060254633870376,.1356247443199928
varmiss,dcdh,455,2,2.696883984356946,.140334910345744
varmiss,lpdid,455,0,1.674087515476987,.1043070483697998
varmiss,lpdid,455,1,2.007685498013718,.1469245611807148
varmiss,lpdid,455,2,2.816305549852747,.15918304618777
varmiss,lpdid_rw,455,0,1.740043706479753,.1057701062418137
varmiss,lpdid_rw,455,1,2.086334633660206,.1473760275120359
varmiss,lpdid_rw,455,2,2.672239190043124,.1629870051722256
varmiss,sa,455,0,1.881464439469888,.0866972852834661
varmiss,sa,455,1,2.438847949450468,.0988629046769523
varmiss,sa,455,2,3.114962263881169,.1051959280314816
varmiss,csdid,456,0,1.951162160391572,.1046001178244649
varmiss,csdid,456,1,2.360303962354439,.109052744991645
varmiss,csdid,456,2,2.91070633188996,.1064085951616927
varmiss,jwdid,456,0,1.849421361223559,.0704241409113142
varmiss,jwdid,456,1,2.395170015576142,.0776712832111784
varmiss,jwdid,456,2,3.164418538678238,.0778472713666915
varmiss,jwdid_uc,456,0,1.84942136122356,.0816364934919852
varmiss,jwdid_uc,456,1,2.395170015576133,.085184934555895
varmiss,jwdid_uc,456,2,3.164418538678237,.0840288439433955
varmiss,bjs,456,0,1.885026631012579,.0715050583118301
varmiss,bjs,456,1,2.412497498386074,.0791737710205549
varmiss,bjs,456,2,3.191879390920803,.0787079143114674
varmiss,bjs_wtr,456,0,1.998415265077938,.0738048425380824
varmiss,bjs_wtr,456,1,2.365374542292557,.0809570420093222
varmiss,bjs_wtr,456,2,2.994622950071061,.0815897119412812
varmiss,dcdh,456,0,1.665193644075378,.0940621740290958
varmiss,dcdh,456,1,1.981907222755589,.133104628894939
varmiss,dcdh,456,2,2.930874139182381,.1190422973855433
varmiss,lpdid,456,0,1.539748507203076,.0962785269796082
varmiss,lpdid,456,1,1.957007059796764,.1467695545069756
varmiss,lpdid,456,2,2.995686545899827,.1394997610875131
varmiss,lpdid_rw,456,0,1.665194258139186,.0990779706972844
varmiss,lpdid_rw,456,1,2.075317893344153,.1480475701451758
varmiss,lpdid_rw,456,2,2.899738228152331,.1392336423931972
varmiss,sa,456,0,1.83075199722614,.0850288538006311
varmiss,sa,456,1,2.36022229418022,.0897586410145742
varmiss,sa,456,2,3.080754725288781,.1005591196397689
varmiss,csdid,457,0,2.055756977854296,.1118617063169973
varmiss,csdid,457,1,2.475934795744112,.1128216570758242
varmiss,csdid,457,2,3.043799144125605,.1136056504788456
varmiss,jwdid,457,0,1.880614758628455,.0720927277267461
varmiss,jwdid,457,1,2.513032874420005,.0818835779072412
varmiss,jwdid,457,2,3.321146197637833,.0801544054606111
varmiss,jwdid_uc,457,0,1.88061475862847,.086169579332447
varmiss,jwdid_uc,457,1,2.513032874420005,.0936364067463763
varmiss,jwdid_uc,457,2,3.321146197637853,.0890054903611138
varmiss,bjs,457,0,1.892660203669038,.072921080867366
varmiss,bjs,457,1,2.495293270410912,.0828627864889438
varmiss,bjs,457,2,3.322926402062876,.0803375046050092
varmiss,bjs_wtr,457,0,2.053803282305125,.0757463957349291
varmiss,bjs_wtr,457,1,2.431340710201766,.0835273147704515
varmiss,bjs_wtr,457,2,3.110634160548216,.0844236268307552
varmiss,dcdh,457,0,1.788217971181497,.1019636467372816
varmiss,dcdh,457,1,2.364742554549128,.1386295115333777
varmiss,dcdh,457,2,2.954648681551218,.1339966383036685
varmiss,lpdid,457,0,1.629152978916177,.1048708681988381
varmiss,lpdid,457,1,2.222446207484273,.1637472890963275
varmiss,lpdid,457,2,3.021079201250518,.1666587919857533
varmiss,lpdid_rw,457,0,1.788217697175791,.1108418824903476
varmiss,lpdid_rw,457,1,2.399375858187435,.1706505537684966
varmiss,lpdid_rw,457,2,2.855038401489388,.1707599492953902
varmiss,sa,457,0,1.850177980979722,.0953395783846508
varmiss,sa,457,1,2.507052968252768,.1022091353765188
varmiss,sa,457,2,3.328912239961759,.1089294159036167
varmiss,csdid,458,0,2.061566692647914,.1062660355602461
varmiss,csdid,458,1,2.430298537516132,.1122436746038933
varmiss,csdid,458,2,2.768052432610051,.1128835884811037
varmiss,jwdid,458,0,1.865880790577836,.0711951633271296
varmiss,jwdid,458,1,2.488829122119131,.0793108814611689
varmiss,jwdid,458,2,3.084711518258615,.0792773017791062
varmiss,jwdid_uc,458,0,1.865880790577831,.0803051510213191
varmiss,jwdid_uc,458,1,2.488829122119133,.0869511042827919
varmiss,jwdid_uc,458,2,3.084711518258595,.0878051245664481
varmiss,bjs,458,0,1.87648781482676,.0724424325775302
varmiss,bjs,458,1,2.494336851227217,.0811314823930954
varmiss,bjs,458,2,3.075106677009899,.0801155844091779
varmiss,bjs_wtr,458,0,2.056658561194126,.0779929440932467
varmiss,bjs_wtr,458,1,2.453266621128932,.0843429819989143
varmiss,bjs_wtr,458,2,2.826547352204216,.0849408105098502
varmiss,dcdh,458,0,1.832301279603038,.0970019238856276
varmiss,dcdh,458,1,2.241490549621638,.1234683323568454
varmiss,dcdh,458,2,2.763412907809019,.1353214894774255
varmiss,lpdid,458,0,1.749066707809808,.0985869861448477
varmiss,lpdid,458,1,2.208486130149063,.1389993753147882
varmiss,lpdid,458,2,2.749128570206663,.1517430921139191
varmiss,lpdid_rw,458,0,1.832301713017161,.1015210599905694
varmiss,lpdid_rw,458,1,2.270496502022036,.1393385140853547
varmiss,lpdid_rw,458,2,2.546934483155408,.1562998793446124
varmiss,sa,458,0,1.868769069869222,.0859655354468096
varmiss,sa,458,1,2.48514691082161,.0923961335577518
varmiss,sa,458,2,3.049531241009421,.1029116748190287
varmiss,csdid,459,0,2.040673668686904,.1107098669135059
varmiss,csdid,459,1,2.634159708080115,.1180278428142765
varmiss,csdid,459,2,3.140124349507626,.1131178933411587
varmiss,jwdid,459,0,1.759438433556745,.0703435909981337
varmiss,jwdid,459,1,2.53628323906799,.0843198055300096
varmiss,jwdid,459,2,3.218161220284086,.0781620585300709
varmiss,jwdid_uc,459,0,1.759438433556754,.081525060821149
varmiss,jwdid_uc,459,1,2.536283239067999,.0967138908711196
varmiss,jwdid_uc,459,2,3.218161220284089,.0870302613218268
varmiss,bjs,459,0,1.743836281711992,.072635217922186
varmiss,bjs,459,1,2.52837392472793,.0863761339787512
varmiss,bjs,459,2,3.214835246712028,.0794499038917938
varmiss,bjs_wtr,459,0,1.866899560767706,.0752474497051094
varmiss,bjs_wtr,459,1,2.455847120287217,.0872672595995184
varmiss,bjs_wtr,459,2,2.986898669470975,.0839603151939621
varmiss,dcdh,459,0,1.628754452182524,.0972169514923365
varmiss,dcdh,459,1,2.378485400196131,.1292661696717803
varmiss,dcdh,459,2,2.994559186651512,.1217189443583309
varmiss,lpdid,459,0,1.503464287973343,.0983641081001899
varmiss,lpdid,459,1,2.200214230755269,.1501586839687009
varmiss,lpdid,459,2,2.9706228621883,.1381077161881143
varmiss,lpdid_rw,459,0,1.628753633540175,.1016641881941883
varmiss,lpdid_rw,459,1,2.306420015654172,.1520284854379295
varmiss,lpdid_rw,459,2,2.819724504216504,.1423594800965147
varmiss,sa,459,0,1.811376099254842,.0914903020573912
varmiss,sa,459,1,2.605313558771757,.1070328996363248
varmiss,sa,459,2,3.356452190317935,.1042752310002008
varmiss,csdid,460,0,2.034283303074314,.1023580928461022
varmiss,csdid,460,1,2.497123823098341,.1134141503123838
varmiss,csdid,460,2,2.931287305387801,.1099142696434177
varmiss,jwdid,460,0,1.90392782651926,.0693657685484004
varmiss,jwdid,460,1,2.591786875451414,.0826111566911935
varmiss,jwdid,460,2,3.204816287713722,.0825366285060665
varmiss,jwdid_uc,460,0,1.903927826519264,.0806823234857385
varmiss,jwdid_uc,460,1,2.591786875451399,.0952116883904811
varmiss,jwdid_uc,460,2,3.204816287713739,.088757644357934
varmiss,bjs,460,0,1.91457797194289,.0709211434265913
varmiss,bjs,460,1,2.606123555320664,.084579387796319
varmiss,bjs,460,2,3.195924079264159,.0830203424765985
varmiss,bjs_wtr,460,0,2.081799923569633,.0735327683620755
varmiss,bjs_wtr,460,1,2.528388724684191,.0848118533760539
varmiss,bjs_wtr,460,2,2.960671195091891,.0873970252492058
varmiss,dcdh,460,0,1.780252369473122,.1015706567660655
varmiss,dcdh,460,1,2.177478219411481,.1319005184706193
varmiss,dcdh,460,2,2.97740489155728,.1359820474569816
varmiss,lpdid,460,0,1.692992382564616,.1037817372119574
varmiss,lpdid,460,1,2.001399080161514,.1503986954959849
varmiss,lpdid,460,2,2.925983957189987,.1490279906716316
varmiss,lpdid_rw,460,0,1.780252691122271,.1053069100242091
varmiss,lpdid_rw,460,1,2.124000495473757,.1524248603404719
varmiss,lpdid_rw,460,2,2.82979719492188,.1513904624767012
varmiss,sa,460,0,1.932524348977225,.0892303229327946
varmiss,sa,460,1,2.613184962411657,.0992321468492186
varmiss,sa,460,2,3.19153393347231,.1013915490125625
varmiss,csdid,461,0,1.949767597813554,.1054503489954046
varmiss,csdid,461,1,2.392428661445896,.1099738027203153
varmiss,csdid,461,2,2.943419674602572,.1093234426405892
varmiss,jwdid,461,0,1.751246638319778,.0709716832933071
varmiss,jwdid,461,1,2.557857555571992,.0784451247295331
varmiss,jwdid,461,2,3.182967765831288,.0815572023396886
varmiss,jwdid_uc,461,0,1.751246638319779,.078536011975348
varmiss,jwdid_uc,461,1,2.557857555571986,.0889141406996122
varmiss,jwdid_uc,461,2,3.182967765831279,.0886320276061636
varmiss,bjs,461,0,1.745188012401286,.0727956931850193
varmiss,bjs,461,1,2.561203275201251,.0801533433622551
varmiss,bjs,461,2,3.19454535123441,.0829107055757864
varmiss,bjs_wtr,461,0,1.90906048658394,.0774707295373863
varmiss,bjs_wtr,461,1,2.493589022724791,.0822190440640065
varmiss,bjs_wtr,461,2,2.977106429323612,.0861752513628675
varmiss,dcdh,461,0,1.611324873411104,.0984716134726588
varmiss,dcdh,461,1,2.218311092494665,.1272523888255174
varmiss,dcdh,461,2,2.82252337696316,.1344356511816175
varmiss,lpdid,461,0,1.539073588146034,.0983238925254103
varmiss,lpdid,461,1,2.201215116362746,.1389358914399041
varmiss,lpdid,461,2,2.81191649364944,.1512568375335555
varmiss,lpdid_rw,461,0,1.611324967212494,.101278387144649
varmiss,lpdid_rw,461,1,2.278113681644545,.1422088388396834
varmiss,lpdid_rw,461,2,2.689222426641797,.153266651995473
varmiss,sa,461,0,1.713368778373445,.085106500823969
varmiss,sa,461,1,2.51072732911758,.0953344527133801
varmiss,sa,461,2,3.093505175016684,.1047346541060915
varmiss,csdid,462,0,2.065339674732277,.1124567016479023
varmiss,csdid,462,1,2.681529105382439,.1131253319662336
varmiss,csdid,462,2,3.163503480751077,.1076530477776242
varmiss,jwdid,462,0,1.855601519450053,.0709153340111652
varmiss,jwdid,462,1,2.646549972796078,.0777362830517226
varmiss,jwdid,462,2,3.225817249009133,.0786707354424837
varmiss,jwdid_uc,462,0,1.855601519450043,.0813376206802564
varmiss,jwdid_uc,462,1,2.646549972796083,.0870744341319216
varmiss,jwdid_uc,462,2,3.225817249009152,.0869911272497284
varmiss,bjs,462,0,1.887252585711394,.0728678306465568
varmiss,bjs,462,1,2.633252806313976,.0791830734196833
varmiss,bjs,462,2,3.193701714433701,.0797528271766987
varmiss,bjs_wtr,462,0,2.128817161763436,.0770255534107445
varmiss,bjs_wtr,462,1,2.544734707618773,.0809113402203351
varmiss,bjs_wtr,462,2,2.986839595036145,.0818688121703776
varmiss,dcdh,462,0,1.845930548381983,.0972843140299731
varmiss,dcdh,462,1,2.347082750402847,.130802216419125
varmiss,dcdh,462,2,2.804695472102556,.1372080331312822
varmiss,lpdid,462,0,1.767495143920917,.1011318616844689
varmiss,lpdid,462,1,2.275172889826919,.1476241177627183
varmiss,lpdid,462,2,2.765344434285548,.1537631570975286
varmiss,lpdid_rw,462,0,1.845930794778162,.1027770779627536
varmiss,lpdid_rw,462,1,2.398120995921833,.1504403251729025
varmiss,lpdid_rw,462,2,2.618670326490802,.1518633924569274
varmiss,sa,462,0,1.907873623365666,.0871876295809996
varmiss,sa,462,1,2.677230212840566,.0942352533977178
varmiss,sa,462,2,3.222543422929538,.1051758695692623
varmiss,csdid,463,0,1.886766720868191,.1033854253254412
varmiss,csdid,463,1,2.34895621555634,.105572537044114
varmiss,csdid,463,2,2.945584321149016,.1065084411017533
varmiss,jwdid,463,0,1.841632366679473,.0706499868385673
varmiss,jwdid,463,1,2.50654836261057,.0787043775711638
varmiss,jwdid,463,2,3.283790326952732,.0795069171416528
varmiss,jwdid_uc,463,0,1.841632366679474,.0798993521090818
varmiss,jwdid_uc,463,1,2.506548362610554,.0871734341952612
varmiss,jwdid_uc,463,2,3.283790326952711,.0853818871885197
varmiss,bjs,463,0,1.847901404595177,.0717143113096862
varmiss,bjs,463,1,2.498246287417714,.0807455270940584
varmiss,bjs,463,2,3.279345022325288,.0801236601484563
varmiss,bjs_wtr,463,0,2.006426697835195,.075547489725093
varmiss,bjs_wtr,463,1,2.453390286260401,.082027370543386
varmiss,bjs_wtr,463,2,3.042979025456589,.0864915894546033
varmiss,dcdh,463,0,1.665593092926108,.0939830378138186
varmiss,dcdh,463,1,2.223555785516102,.1257457765753772
varmiss,dcdh,463,2,2.939538436719237,.1210202935913695
varmiss,lpdid,463,0,1.557455625612392,.094903883937146
varmiss,lpdid,463,1,2.088651030403149,.1435733276301594
varmiss,lpdid,463,2,2.843555380216306,.1400622781435647
varmiss,lpdid_rw,463,0,1.665592956672535,.0979775180952979
varmiss,lpdid_rw,463,1,2.229058638853648,.1479775090274187
varmiss,lpdid_rw,463,2,2.769260637433563,.1388717082916748
varmiss,sa,463,0,1.804519523740615,.0855477541187337
varmiss,sa,463,1,2.45906956374121,.0936984980054522
varmiss,sa,463,2,3.214210869632175,.103252560441467
varmiss,csdid,464,0,2.052570526240266,.1008674023449151
varmiss,csdid,464,1,2.608660847284937,.1081577271314388
varmiss,csdid,464,2,3.071522125411968,.1085940629216707
varmiss,jwdid,464,0,1.756040061943236,.0664451492876951
varmiss,jwdid,464,1,2.58207623086434,.0780696636647308
varmiss,jwdid,464,2,3.217588595299223,.0812448073699106
varmiss,jwdid_uc,464,0,1.756040061943223,.0788884037189598
varmiss,jwdid_uc,464,1,2.582076230864323,.0914420784606164
varmiss,jwdid_uc,464,2,3.217588595299198,.0878829618043806
varmiss,bjs,464,0,1.795364097844868,.0677830713702217
varmiss,bjs,464,1,2.575837041646082,.0788773991135625
varmiss,bjs,464,2,3.227699107501394,.082006331243086
varmiss,bjs_wtr,464,0,2.004703719663667,.0698705714064683
varmiss,bjs_wtr,464,1,2.537000561660534,.0808263992180963
varmiss,bjs_wtr,464,2,3.039329336606897,.0849560249604325
varmiss,dcdh,464,0,1.639176077821585,.0905510661539336
varmiss,dcdh,464,1,2.351099276250762,.11787333534047
varmiss,dcdh,464,2,2.92388139183228,.1246780628839335
varmiss,lpdid,464,0,1.543203915779029,.0937364091454379
varmiss,lpdid,464,1,2.260047097751273,.1379658113656967
varmiss,lpdid,464,2,2.988555934138333,.1470255016986137
varmiss,lpdid_rw,464,0,1.639176236717028,.0958472612756455
varmiss,lpdid_rw,464,1,2.406812937437424,.1374538832493825
varmiss,lpdid_rw,464,2,2.836506556860972,.1517929005960669
varmiss,sa,464,0,1.785761551398799,.0846071675841722
varmiss,sa,464,1,2.606600609956736,.0935606513717417
varmiss,sa,464,2,3.207607779129978,.0975470589997113
varmiss,csdid,465,0,2.016457820142733,.1074828885332281
varmiss,csdid,465,1,2.47368065897748,.1073873530651876
varmiss,csdid,465,2,2.984093141625446,.1070128445157712
varmiss,jwdid,465,0,1.842770065747343,.072454056391387
varmiss,jwdid,465,1,2.572321790016686,.077831739294599
varmiss,jwdid,465,2,3.200926709460213,.07656166193441
varmiss,jwdid_uc,465,0,1.842770065747355,.082450935179748
varmiss,jwdid_uc,465,1,2.572321790016695,.0862412587982054
varmiss,jwdid_uc,465,2,3.200926709460222,.0842486803158077
varmiss,bjs,465,0,1.812805992635731,.0737638521252571
varmiss,bjs,465,1,2.599297034418214,.0802625667522691
varmiss,bjs,465,2,3.205525038472842,.0775175609028681
varmiss,bjs_wtr,465,0,1.96215535161241,.0767349946088602
varmiss,bjs_wtr,465,1,2.52665995817415,.0826241971256514
varmiss,bjs_wtr,465,2,2.988209876988549,.080301562008055
varmiss,dcdh,465,0,1.678962371944184,.1017672230176894
varmiss,dcdh,465,1,2.388968770526654,.1383550709793945
varmiss,dcdh,465,2,2.853265929219115,.1287547730145004
varmiss,lpdid,465,0,1.592853699460785,.1015771023746821
varmiss,lpdid,465,1,2.29170701459273,.1534236329839246
varmiss,lpdid,465,2,2.858793330888167,.1484250161079047
varmiss,lpdid_rw,465,0,1.678962482483795,.1048822052388961
varmiss,lpdid_rw,465,1,2.377682277400277,.1527382868348802
varmiss,lpdid_rw,465,2,2.695752778218428,.1520394509860623
varmiss,sa,465,0,1.825707377362844,.091612349490233
varmiss,sa,465,1,2.568478091228988,.094947987009882
varmiss,sa,465,2,3.216274853423143,.1019184407254514
varmiss,csdid,466,0,1.984507334148779,.1010328665315595
varmiss,csdid,466,1,2.442445095676692,.1100683472322138
varmiss,csdid,466,2,2.837488193423201,.1133566450222173
varmiss,jwdid,466,0,1.80985711568359,.0663815688182542
varmiss,jwdid,466,1,2.578083546278637,.0818658865949891
varmiss,jwdid,466,2,3.170663731999675,.0846857733731706
varmiss,jwdid_uc,466,0,1.809857115683588,.0763035025813634
varmiss,jwdid_uc,466,1,2.578083546278638,.0912867893580307
varmiss,jwdid_uc,466,2,3.17066373199968,.0939568247526901
varmiss,bjs,466,0,1.792946712956109,.0680012842254321
varmiss,bjs,466,1,2.60749782982748,.0832561525625067
varmiss,bjs,466,2,3.165174181995098,.0860935060501899
varmiss,bjs_wtr,466,0,1.958319769037189,.0716490563492976
varmiss,bjs_wtr,466,1,2.511094960857008,.0830546034727795
varmiss,bjs_wtr,466,2,2.882882834092015,.0910313183457543
varmiss,dcdh,466,0,1.691832863829514,.0912778836181044
varmiss,dcdh,466,1,2.237837282818018,.1291679132058604
varmiss,dcdh,466,2,2.782252361111523,.1339252902903076
varmiss,lpdid,466,0,1.566217243986769,.0958383710420141
varmiss,lpdid,466,1,1.969904106095967,.1506934661946901
varmiss,lpdid,466,2,2.662425523408268,.1689702589576244
varmiss,lpdid_rw,466,0,1.691833221193262,.0976616354807596
varmiss,lpdid_rw,466,1,2.112914259814559,.1601512631091575
varmiss,lpdid_rw,466,2,2.536962375209336,.1677495025593867
varmiss,sa,466,0,1.735432165256325,.0856509795754664
varmiss,sa,466,1,2.570574440745449,.0992756090462856
varmiss,sa,466,2,3.222106386244612,.1105320466673145
varmiss,csdid,467,0,2.034713950938581,.1027153262161059
varmiss,csdid,467,1,2.60135544627972,.1082740308542312
varmiss,csdid,467,2,3.02838312949473,.1090987982650324
varmiss,jwdid,467,0,1.806805873945706,.0672623242548577
varmiss,jwdid,467,1,2.593708233420523,.0752485579910319
varmiss,jwdid,467,2,3.240320220429071,.0734487166585867
varmiss,jwdid_uc,467,0,1.806805873945707,.0783793277942046
varmiss,jwdid_uc,467,1,2.593708233420534,.0864811871229793
varmiss,jwdid_uc,467,2,3.240320220429084,.0823754917967991
varmiss,bjs,467,0,1.780038388571484,.0706571999116554
varmiss,bjs,467,1,2.572432156473951,.0772182536955377
varmiss,bjs,467,2,3.240177678693726,.0746994045214238
varmiss,bjs_wtr,467,0,1.958752635997371,.0719033684549066
varmiss,bjs_wtr,467,1,2.548845032488316,.0769470634481105
varmiss,bjs_wtr,467,2,3.04490046245337,.0768567600695959
varmiss,dcdh,467,0,1.822657589378943,.0929173212588779
varmiss,dcdh,467,1,2.388361278958768,.1229744064444627
varmiss,dcdh,467,2,2.956624348636672,.1216816907309073
varmiss,lpdid,467,0,1.663554860769191,.0957331178856298
varmiss,lpdid,467,1,2.270747531579788,.1463733168468741
varmiss,lpdid,467,2,2.930876560683741,.1477490104611082
varmiss,lpdid_rw,467,0,1.822656704046118,.0995562352211046
varmiss,lpdid_rw,467,1,2.497029947532753,.148690523259033
varmiss,lpdid_rw,467,2,2.844438563075897,.1473195222998748
varmiss,sa,467,0,1.839069421396239,.0854114576787068
varmiss,sa,467,1,2.6233716245367,.0957270890219071
varmiss,sa,467,2,3.309454877288044,.1008438306964572
varmiss,csdid,468,0,1.962074067284827,.1054398713997216
varmiss,csdid,468,1,2.690071173331785,.1153464061786636
varmiss,csdid,468,2,3.264936391317653,.1080756557935298
varmiss,jwdid,468,0,1.833196414698694,.0696890357625141
varmiss,jwdid,468,1,2.646290634120182,.0812031755182941
varmiss,jwdid,468,2,3.436408966786336,.0771582159838161
varmiss,jwdid_uc,468,0,1.833196414698697,.0821490615599487
varmiss,jwdid_uc,468,1,2.646290634120186,.0937944153301246
varmiss,jwdid_uc,468,2,3.436408966786322,.0847978198234912
varmiss,bjs,468,0,1.825373036556925,.0718746834523295
varmiss,bjs,468,1,2.611314217254403,.0834917650962032
varmiss,bjs,468,2,3.416613367458922,.0777023881939204
varmiss,bjs_wtr,468,0,2.007056537849508,.0764782179725591
varmiss,bjs_wtr,468,1,2.638730353079154,.0838564839309148
varmiss,bjs_wtr,468,2,3.207467990880104,.0803362803320949
varmiss,dcdh,468,0,1.640375356721424,.0970967347899391
varmiss,dcdh,468,1,2.203065749823883,.1302303253468188
varmiss,dcdh,468,2,3.148881647889031,.1343323653406385
varmiss,lpdid,468,0,1.561902076620623,.1009823748073404
varmiss,lpdid,468,1,2.218409447807126,.1478904971315853
varmiss,lpdid,468,2,3.211739890561561,.1534031762386804
varmiss,lpdid_rw,468,0,1.640374904046616,.1017518143951104
varmiss,lpdid_rw,468,1,2.265978791836574,.1486241244169541
varmiss,lpdid_rw,468,2,3.016650177223883,.1560914727409747
varmiss,sa,468,0,1.796100452663153,.091245302448483
varmiss,sa,468,1,2.636625161638233,.1017534800037974
varmiss,sa,468,2,3.432756760762269,.1015790720950871
varmiss,csdid,469,0,1.978452253555488,.1049943263779348
varmiss,csdid,469,1,2.450077466105482,.1061650539735262
varmiss,csdid,469,2,2.951736510361274,.1106371460414047
varmiss,jwdid,469,0,1.78569384137897,.0695316233870698
varmiss,jwdid,469,1,2.580323736903123,.0753614804485988
varmiss,jwdid,469,2,3.219743803962923,.0759682691155125
varmiss,jwdid_uc,469,0,1.785693841378984,.0803548823583937
varmiss,jwdid_uc,469,1,2.580323736903122,.0839686986850501
varmiss,jwdid_uc,469,2,3.219743803962939,.084999822632299
varmiss,bjs,469,0,1.780485607485389,.070380384332122
varmiss,bjs,469,1,2.576734707072319,.0767895908006849
varmiss,bjs,469,2,3.211699959143516,.0767238925101244
varmiss,bjs_wtr,469,0,1.892440564833123,.0712953312867972
varmiss,bjs_wtr,469,1,2.4735130039262,.0779079274551564
varmiss,bjs_wtr,469,2,2.945595273855361,.0816854299712671
varmiss,dcdh,469,0,1.612522367895323,.0953149572281681
varmiss,dcdh,469,1,2.035850205519541,.1184366656104984
varmiss,dcdh,469,2,2.84149096501832,.1228162790564985
varmiss,lpdid,469,0,1.481163581701855,.0985067015790522
varmiss,lpdid,469,1,1.842074432131933,.1332146769330024
varmiss,lpdid,469,2,2.754715451376879,.1442307416883936
varmiss,lpdid_rw,469,0,1.612522702096683,.0998357368793179
varmiss,lpdid_rw,469,1,1.982225083124372,.1388462327509876
varmiss,lpdid_rw,469,2,2.653919702116034,.1444247767912273
varmiss,sa,469,0,1.757145954784041,.086686386614472
varmiss,sa,469,1,2.534350401140067,.0915750646682185
varmiss,sa,469,2,3.168014399066191,.1028772549642413
varmiss,csdid,470,0,2.225002187220872,.1070681030164368
varmiss,csdid,470,1,2.577179861631905,.1081026822545924
varmiss,csdid,470,2,3.103190073659476,.108594534452671
varmiss,jwdid,470,0,1.950024106977365,.0713859940449336
varmiss,jwdid,470,1,2.613331535085791,.0786088411508022
varmiss,jwdid,470,2,3.321849788849467,.0758622752834183
varmiss,jwdid_uc,470,0,1.950024106977357,.0848045545488012
varmiss,jwdid_uc,470,1,2.613331535085789,.0871631587269751
varmiss,jwdid_uc,470,2,3.321849788849468,.0840091896198797
varmiss,bjs,470,0,1.956594914613561,.0725872649570668
varmiss,bjs,470,1,2.617083753913903,.080781022602254
varmiss,bjs,470,2,3.337799848886789,.076987634753066
varmiss,bjs_wtr,470,0,2.181412024548081,.0765501160830526
varmiss,bjs_wtr,470,1,2.560018683112503,.0814857172167096
varmiss,bjs_wtr,470,2,3.126688323711278,.0806077362381382
varmiss,dcdh,470,0,1.735473949299031,.0966881954021403
varmiss,dcdh,470,1,2.10544392859607,.1226821267842434
varmiss,dcdh,470,2,2.946548307150438,.130646143451906
varmiss,lpdid,470,0,1.636354216414746,.1005771803760191
varmiss,lpdid,470,1,2.038028809583613,.1411938063937888
varmiss,lpdid,470,2,3.058668809465371,.1482500165084111
varmiss,lpdid_rw,470,0,1.735474867821621,.1025603233081023
varmiss,lpdid_rw,470,1,2.174123812771438,.1471625832314643
varmiss,lpdid_rw,470,2,2.872132503332588,.1518551420398497
varmiss,sa,470,0,1.93013626147893,.0904948163569055
varmiss,sa,470,1,2.564558436520937,.0924391691170605
varmiss,sa,470,2,3.236307040741006,.1013818384348441
varmiss,csdid,471,0,2.014530370281098,.1010935533206425
varmiss,csdid,471,1,2.341093661033465,.1098568725135526
varmiss,csdid,471,2,3.009263470295471,.1053812967115499
varmiss,jwdid,471,0,1.852653918566369,.0685221302066883
varmiss,jwdid,471,1,2.510084919462475,.0799252247080275
varmiss,jwdid,471,2,3.183846051245908,.0795341607954989
varmiss,jwdid_uc,471,0,1.852653918566367,.078309969195918
varmiss,jwdid_uc,471,1,2.510084919462466,.0906510278099601
varmiss,jwdid_uc,471,2,3.183846051245944,.0864360190124671
varmiss,bjs,471,0,1.835033827424468,.069606467298094
varmiss,bjs,471,1,2.513619200643006,.0819053311302991
varmiss,bjs,471,2,3.187133775834809,.0804183239953776
varmiss,bjs_wtr,471,0,2.004683603164722,.0711609537190745
varmiss,bjs_wtr,471,1,2.463307264475588,.0826270942636077
varmiss,bjs_wtr,471,2,2.998262899214751,.0817722940998576
varmiss,dcdh,471,0,1.640826401860269,.0911284270403946
varmiss,dcdh,471,1,2.126312547138217,.1257242288257044
varmiss,dcdh,471,2,2.818866724647215,.1279325490569751
varmiss,lpdid,471,0,1.576734946979047,.0943541357844246
varmiss,lpdid,471,1,2.069775623760409,.1345626035847622
varmiss,lpdid,471,2,2.733771954593369,.1448471440597837
varmiss,lpdid_rw,471,0,1.640826045167216,.0946062912978126
varmiss,lpdid_rw,471,1,2.122568025063677,.1400018030224874
varmiss,lpdid_rw,471,2,2.650494711398602,.1436589688044853
varmiss,sa,471,0,1.831374401506737,.0849704485138214
varmiss,sa,471,1,2.497485208520746,.0963122856932541
varmiss,sa,471,2,3.160407269154475,.1003928459209971
varmiss,csdid,472,0,2.081580052239698,.1042513257616759
varmiss,csdid,472,1,2.58397468711892,.1123670171134613
varmiss,csdid,472,2,3.100341850847417,.1103281111845859
varmiss,jwdid,472,0,1.964404918500517,.0706270267589379
varmiss,jwdid,472,1,2.564826540035853,.077759151572944
varmiss,jwdid,472,2,3.337218032370033,.0786638706764469
varmiss,jwdid_uc,472,0,1.964404918500514,.0799500792552953
varmiss,jwdid_uc,472,1,2.564826540035854,.089490759778688
varmiss,jwdid_uc,472,2,3.337218032370037,.0876312991896286
varmiss,bjs,472,0,1.964128768217051,.0720353849342171
varmiss,bjs,472,1,2.585501214387477,.0796643726270284
varmiss,bjs,472,2,3.32488194486541,.078745380633021
varmiss,bjs_wtr,472,0,2.081332865284821,.0737462873082234
varmiss,bjs_wtr,472,1,2.54889735391771,.0801440456172819
varmiss,bjs_wtr,472,2,3.091362488994491,.0800327585499379
varmiss,dcdh,472,0,1.843494529848011,.0987684741876382
varmiss,dcdh,472,1,2.259925901466133,.1281995918881206
varmiss,dcdh,472,2,3.14888217484948,.1191978750571877
varmiss,lpdid,472,0,1.740066090523064,.1009474645105546
varmiss,lpdid,472,1,2.213288210271487,.1433250799467794
varmiss,lpdid,472,2,3.196995432884075,.1344352079207128
varmiss,lpdid_rw,472,0,1.843494034078613,.1035158680193244
varmiss,lpdid_rw,472,1,2.35252202056068,.1481602653952576
varmiss,lpdid_rw,472,2,3.032474695916531,.1352448863959615
varmiss,sa,472,0,1.894351991041449,.0899452664098309
varmiss,sa,472,1,2.557767244971466,.0967029578513926
varmiss,sa,472,2,3.35285926768571,.1001207644136303
varmiss,csdid,473,0,1.976931197982663,.1015247650112403
varmiss,csdid,473,1,2.472929765193795,.1033497445056331
varmiss,csdid,473,2,2.857484910747008,.104815049346671
varmiss,jwdid,473,0,1.832745775654663,.069820262004792
varmiss,jwdid,473,1,2.512635685649295,.0798999700419532
varmiss,jwdid,473,2,3.133831049489098,.0791233364211882
varmiss,jwdid_uc,473,0,1.832745775654668,.0788472783168083
varmiss,jwdid_uc,473,1,2.512635685649291,.0882261186888437
varmiss,jwdid_uc,473,2,3.133831049489083,.0882749642785153
varmiss,bjs,473,0,1.857462053529161,.0717575570947233
varmiss,bjs,473,1,2.552817888084064,.0821248137066327
varmiss,bjs,473,2,3.159036694072711,.0795694090993658
varmiss,bjs_wtr,473,0,1.989572566275456,.0738621232578957
varmiss,bjs_wtr,473,1,2.524289368098835,.0820471371408165
varmiss,bjs_wtr,473,2,2.937127526245604,.0804090366771854
varmiss,dcdh,473,0,1.689641087335321,.0940692313937502
varmiss,dcdh,473,1,2.401818887192618,.1220995710114612
varmiss,dcdh,473,2,2.833044623770566,.1215593683507942
varmiss,lpdid,473,0,1.592441407153038,.0979194449540196
varmiss,lpdid,473,1,2.307979818579014,.1359813057541215
varmiss,lpdid,473,2,2.916367045052285,.1361048656676266
varmiss,lpdid_rw,473,0,1.689641076819804,.098436376689086
varmiss,lpdid_rw,473,1,2.463331794601159,.1387343994053036
varmiss,lpdid_rw,473,2,2.791006863531353,.1386179074796874
varmiss,sa,473,0,1.78299282209308,.0886930230553561
varmiss,sa,473,1,2.492933136768983,.0947265248952564
varmiss,sa,473,2,3.095229448089443,.1015994762860811
varmiss,csdid,474,0,1.799702879580729,.10612700627263
varmiss,csdid,474,1,2.43305587647699,.1144449683997201
varmiss,csdid,474,2,2.913959017648327,.1070286321938608
varmiss,jwdid,474,0,1.789753471484395,.0704242646292477
varmiss,jwdid,474,1,2.482272386639374,.0795248271204055
varmiss,jwdid,474,2,3.177004071670289,.0770493539299756
varmiss,jwdid_uc,474,0,1.789753471484384,.079360950110159
varmiss,jwdid_uc,474,1,2.48227238663938,.0908956508099093
varmiss,jwdid_uc,474,2,3.177004071670267,.0854647048516485
varmiss,bjs,474,0,1.76376957805951,.0718580190029604
varmiss,bjs,474,1,2.461405944020953,.0820444101604199
varmiss,bjs,474,2,3.180455463338149,.0780954105139575
varmiss,bjs_wtr,474,0,1.920612093861109,.0742601348021424
varmiss,bjs_wtr,474,1,2.434343975546653,.0838531536534785
varmiss,bjs_wtr,474,2,2.969623539887834,.0818564927935109
varmiss,dcdh,474,0,1.668279022665456,.1022068088955499
varmiss,dcdh,474,1,2.157029770792966,.1396768858479412
varmiss,dcdh,474,2,2.76667083822258,.1308824545392067
varmiss,lpdid,474,0,1.569127079319276,.1044188006870905
varmiss,lpdid,474,1,2.07076225706999,.1524781985554421
varmiss,lpdid,474,2,2.778924222460194,.1474220252774622
varmiss,lpdid_rw,474,0,1.668278256784575,.1062160492702433
varmiss,lpdid_rw,474,1,2.205571140595343,.1517730011890507
varmiss,lpdid_rw,474,2,2.658582066809861,.1508418080422168
varmiss,sa,474,0,1.817070689379223,.0872701787857474
varmiss,sa,474,1,2.486271999765576,.0977158502813236
varmiss,sa,474,2,3.190980349689116,.1047866233245881
varmiss,csdid,475,0,1.961576104825336,.1067858385316869
varmiss,csdid,475,1,2.675918015648633,.112695109140971
varmiss,csdid,475,2,2.955003696114386,.111825143484217
varmiss,jwdid,475,0,1.752799786529695,.0699133042989846
varmiss,jwdid,475,1,2.554923186196109,.0781345158720465
varmiss,jwdid,475,2,3.160596547227363,.0773655282372216
varmiss,jwdid_uc,475,0,1.752799786529674,.0777172485346579
varmiss,jwdid_uc,475,1,2.554923186196093,.0899653828499018
varmiss,jwdid_uc,475,2,3.160596547227343,.0867588689554451
varmiss,bjs,475,0,1.762154491338151,.0712608852766595
varmiss,bjs,475,1,2.536475455087611,.0797494872781718
varmiss,bjs,475,2,3.146076813970467,.0788011438258375
varmiss,bjs_wtr,475,0,1.90074288444157,.0744087661661305
varmiss,bjs_wtr,475,1,2.487611103835206,.0806186432592216
varmiss,bjs_wtr,475,2,2.888046281146671,.0828850248191695
varmiss,dcdh,475,0,1.608770183036104,.0993788251272199
varmiss,dcdh,475,1,2.12717785477126,.1293208379731099
varmiss,dcdh,475,2,2.826886087101884,.1254402682698693
varmiss,lpdid,475,0,1.53151268681796,.0998374129956082
varmiss,lpdid,475,1,1.993029586941526,.1464699321637224
varmiss,lpdid,475,2,2.864137522597266,.1483368901304906
varmiss,lpdid_rw,475,0,1.608769476959121,.1017160526753087
varmiss,lpdid_rw,475,1,2.09635982182972,.1495141217371283
varmiss,lpdid_rw,475,2,2.670401050593917,.150694867720402
varmiss,sa,475,0,1.729456313709354,.0873638233234087
varmiss,sa,475,1,2.583677246965195,.0985787148544379
varmiss,sa,475,2,3.235210027684873,.1036550740237757
varmiss,csdid,476,0,1.92119745810457,.1058725887941261
varmiss,csdid,476,1,2.556215079614231,.1107930963894999
varmiss,csdid,476,2,3.017245398658861,.1126618175905231
varmiss,jwdid,476,0,1.774443941972569,.0721957672475298
varmiss,jwdid,476,1,2.622990521796938,.0813127926389655
varmiss,jwdid,476,2,3.245919307918574,.0815542104152296
varmiss,jwdid_uc,476,0,1.774443941972572,.083690142655603
varmiss,jwdid_uc,476,1,2.622990521796949,.0930541491204753
varmiss,jwdid_uc,476,2,3.245919307918592,.0914471798808526
varmiss,bjs,476,0,1.765020185408503,.0734469229265412
varmiss,bjs,476,1,2.60937473713966,.0827183114862485
varmiss,bjs,476,2,3.241587956908916,.0827244849180553
varmiss,bjs_wtr,476,0,1.960897399994792,.0756252762410042
varmiss,bjs_wtr,476,1,2.546619616674434,.0838550635329056
varmiss,bjs_wtr,476,2,2.990000909907394,.0891019309013191
varmiss,dcdh,476,0,1.591890094492938,.1002282755925806
varmiss,dcdh,476,1,2.184564914820934,.1175153140200031
varmiss,dcdh,476,2,2.893158904218172,.13841037102263
varmiss,lpdid,476,0,1.502101796593851,.1047813003637297
varmiss,lpdid,476,1,2.154401116465134,.1265041184096119
varmiss,lpdid,476,2,2.941746501415149,.1557965456280595
varmiss,lpdid_rw,476,0,1.591890448171275,.1054448429369824
varmiss,lpdid_rw,476,1,2.24145006468366,.1290890743916724
varmiss,lpdid_rw,476,2,2.757873759932651,.1614058195198917
varmiss,sa,476,0,1.793968695082549,.0907423377935263
varmiss,sa,476,1,2.624496645085895,.0994079963300757
varmiss,sa,476,2,3.262057489497283,.1052751135630988
varmiss,csdid,477,0,2.18536342739512,.1102588739863056
varmiss,csdid,477,1,2.736480073532265,.1095575021297271
varmiss,csdid,477,2,2.991656654979045,.1053599446026282
varmiss,jwdid,477,0,1.923474148340753,.0728941569686447
varmiss,jwdid,477,1,2.662065844576385,.0828447714378784
varmiss,jwdid,477,2,3.181436157396551,.0778610751747295
varmiss,jwdid_uc,477,0,1.923474148340763,.0813031947226117
varmiss,jwdid_uc,477,1,2.662065844576372,.0920359516532975
varmiss,jwdid_uc,477,2,3.181436157396537,.0859938189624332
varmiss,bjs,477,0,1.921452337755909,.0747870277293911
varmiss,bjs,477,1,2.647964807359585,.0844732265241253
varmiss,bjs,477,2,3.181866122526117,.0796044978425583
varmiss,bjs_wtr,477,0,2.099904850450912,.0781123155504982
varmiss,bjs_wtr,477,1,2.54467143824877,.0850215570271114
varmiss,bjs_wtr,477,2,2.958145571872592,.0840668787685844
varmiss,dcdh,477,0,1.755824185063011,.0989610451246991
varmiss,dcdh,477,1,2.296893886595321,.1368908351678947
varmiss,dcdh,477,2,2.867657448243664,.1285584405899736
varmiss,lpdid,477,0,1.694256022366418,.0998630772115639
varmiss,lpdid,477,1,2.076156161921542,.1508601662117131
varmiss,lpdid,477,2,2.860178738257928,.1486415353541721
varmiss,lpdid_rw,477,0,1.755824389500807,.1017144684861457
varmiss,lpdid_rw,477,1,2.114219918877694,.1564609446758967
varmiss,lpdid_rw,477,2,2.663872711044247,.1518546310551216
varmiss,sa,477,0,1.954262168506216,.0872890021446645
varmiss,sa,477,1,2.666075069267156,.0984980314446968
varmiss,sa,477,2,3.183950961435865,.0981682707614408
varmiss,csdid,478,0,2.03978607889342,.1060491617951983
varmiss,csdid,478,1,2.639156087342064,.1129087530124531
varmiss,csdid,478,2,3.163732128539976,.1083866507196854
varmiss,jwdid,478,0,1.738113804162539,.0666564055391455
varmiss,jwdid,478,1,2.590362797010106,.0783102850978669
varmiss,jwdid,478,2,3.216664882295436,.0789639264164609
varmiss,jwdid_uc,478,0,1.738113804162535,.0749213184174575
varmiss,jwdid_uc,478,1,2.590362797010098,.089099117625601
varmiss,jwdid_uc,478,2,3.21666488229543,.0861979024394049
varmiss,bjs,478,0,1.733438588333229,.0674622696248838
varmiss,bjs,478,1,2.553119358388358,.0804147395503682
varmiss,bjs,478,2,3.215416844643187,.0804655153534594
varmiss,bjs_wtr,478,0,1.918855991279997,.0703642218829396
varmiss,bjs_wtr,478,1,2.496591978211654,.0818109174949354
varmiss,bjs_wtr,478,2,3.038961510173976,.0835494105815638
varmiss,dcdh,478,0,1.667677096336197,.0898363058100734
varmiss,dcdh,478,1,2.376260403586723,.1202659384211907
varmiss,dcdh,478,2,2.811175491298029,.1245446287766189
varmiss,lpdid,478,0,1.58071872958644,.0908405868170241
varmiss,lpdid,478,1,2.288620340459429,.1498024899814647
varmiss,lpdid,478,2,3.058431393545165,.1515142017095102
varmiss,lpdid_rw,478,0,1.667677420949878,.0930687689776188
varmiss,lpdid_rw,478,1,2.498905330615751,.1547878923872325
varmiss,lpdid_rw,478,2,2.862609112757979,.1549747933059892
varmiss,sa,478,0,1.752157061525734,.0815219296635452
varmiss,sa,478,1,2.620497428408061,.0945610697333741
varmiss,sa,478,2,3.219830673719779,.1006485633620191
varmiss,csdid,479,0,1.914151578836169,.0974713261904393
varmiss,csdid,479,1,2.330568890929658,.1103477463193759
varmiss,csdid,479,2,3.05449176927843,.1079725170474407
varmiss,jwdid,479,0,1.764793403457253,.0708123162073173
varmiss,jwdid,479,1,2.517190331728345,.0807655855307486
varmiss,jwdid,479,2,3.326791374757219,.0783465630839565
varmiss,jwdid_uc,479,0,1.764793403457257,.0805210278211559
varmiss,jwdid_uc,479,1,2.517190331728352,.0935740239503209
varmiss,jwdid_uc,479,2,3.326791374757214,.0868890195002888
varmiss,bjs,479,0,1.782090430961489,.0726848812015377
varmiss,bjs,479,1,2.505807936307974,.0830887696750794
varmiss,bjs,479,2,3.327998974126785,.0793388054580161
varmiss,bjs_wtr,479,0,1.92945897407958,.0745902345314056
varmiss,bjs_wtr,479,1,2.43030761758564,.0842313295152006
varmiss,bjs_wtr,479,2,3.04949240930182,.0834683543727154
varmiss,dcdh,479,0,1.684251789544318,.0903694720365244
varmiss,dcdh,479,1,2.193553719724584,.1218520449943412
varmiss,dcdh,479,2,3.210244738758804,.1264710562509334
varmiss,lpdid,479,0,1.569715809562438,.0941586461196416
varmiss,lpdid,479,1,2.046188332964317,.1445373422232166
varmiss,lpdid,479,2,3.097896942037242,.1436270971020758
varmiss,lpdid_rw,479,0,1.684252177252384,.0963886739051338
varmiss,lpdid_rw,479,1,2.208851918307817,.1479315645878607
varmiss,lpdid_rw,479,2,2.980123797508765,.1436215211847719
varmiss,sa,479,0,1.843750428391039,.0849191610474448
varmiss,sa,479,1,2.576724239375745,.1010047996720734
varmiss,sa,479,2,3.418612607568716,.1046700887638025
varmiss,csdid,480,0,2.02677205595193,.1069838654129951
varmiss,csdid,480,1,2.61715128241982,.1126540900444044
varmiss,csdid,480,2,3.032847903903931,.1073868391801381
varmiss,jwdid,480,0,1.796467259809417,.0710471920760685
varmiss,jwdid,480,1,2.516873248835036,.0815269899477032
varmiss,jwdid,480,2,3.181155085484546,.0769547382744168
varmiss,jwdid_uc,480,0,1.796467259809413,.0843824452953519
varmiss,jwdid_uc,480,1,2.516873248835062,.0942174522678757
varmiss,jwdid_uc,480,2,3.181155085484566,.0832605931236388
varmiss,bjs,480,0,1.781871880090875,.0739594136522342
varmiss,bjs,480,1,2.522083007237597,.0837842673550483
varmiss,bjs,480,2,3.175234754336998,.0783448113732522
varmiss,bjs_wtr,480,0,1.953970175166432,.0760947318284015
varmiss,bjs_wtr,480,1,2.449504530783088,.0852259959913459
varmiss,bjs_wtr,480,2,2.965459055063548,.0834536262723713
varmiss,dcdh,480,0,1.533040559188499,.0948427753570951
varmiss,dcdh,480,1,1.942472069855179,.1324204301066393
varmiss,dcdh,480,2,2.840577824069215,.1194207207022473
varmiss,lpdid,480,0,1.433669676365727,.0996156059109194
varmiss,lpdid,480,1,1.842953851382341,.143014471025127
varmiss,lpdid,480,2,2.712437369239163,.1291207509059117
varmiss,lpdid_rw,480,0,1.533041002587016,.1000099899083117
varmiss,lpdid_rw,480,1,1.906768620462442,.1431846313990085
varmiss,lpdid_rw,480,2,2.558594508467741,.1330218872802338
varmiss,sa,480,0,1.768892299905838,.0865528964172442
varmiss,sa,480,1,2.465138224455983,.0960557838320747
varmiss,sa,480,2,3.058070624262743,.0965147314590703
varmiss,csdid,481,0,1.863270885337553,.0992836020519831
varmiss,csdid,481,1,2.473084572981492,.1050716883619682
varmiss,csdid,481,2,2.813567301858343,.1111029604570441
varmiss,jwdid,481,0,1.814504014898507,.0701362659113774
varmiss,jwdid,481,1,2.626707831916065,.0761977841824353
varmiss,jwdid,481,2,3.124049035223059,.0763777664771984
varmiss,jwdid_uc,481,0,1.814504014898498,.0805261409305136
varmiss,jwdid_uc,481,1,2.626707831916073,.087276279668406
varmiss,jwdid_uc,481,2,3.124049035223078,.0853173625571632
varmiss,bjs,481,0,1.843817320075232,.0726675673598111
varmiss,bjs,481,1,2.62168791812428,.0780215333230171
varmiss,bjs,481,2,3.126087138625735,.0779686022644022
varmiss,bjs_wtr,481,0,2.007283193250714,.0746945469692266
varmiss,bjs_wtr,481,1,2.577052220638507,.0795420058597088
varmiss,bjs_wtr,481,2,2.870410256218747,.0824715721708347
varmiss,dcdh,481,0,1.644038593324954,.0986808284402946
varmiss,dcdh,481,1,2.281063241272114,.1175619500324048
varmiss,dcdh,481,2,2.720445804462495,.1377213551659785
varmiss,lpdid,481,0,1.539341435417133,.1013236752948704
varmiss,lpdid,481,1,2.179359419060671,.1378860074914566
varmiss,lpdid,481,2,2.810370324924113,.1559095750724419
varmiss,lpdid_rw,481,0,1.644038761116425,.103064794924097
varmiss,lpdid_rw,481,1,2.291944242143567,.1404885854210742
varmiss,lpdid_rw,481,2,2.681307588295253,.1575865753153722
varmiss,sa,481,0,1.813948368398813,.0856756801404341
varmiss,sa,481,1,2.610533559033152,.0914828430914275
varmiss,sa,481,2,3.077818457915113,.1034521423792533
varmiss,csdid,482,0,1.964842462690817,.1033980255234572
varmiss,csdid,482,1,2.424521449115533,.111824249426253
varmiss,csdid,482,2,2.960540412382163,.1053377477737116
varmiss,jwdid,482,0,1.913506524615499,.0675155096192252
varmiss,jwdid,482,1,2.609420833614271,.0799098611860766
varmiss,jwdid,482,2,3.297155119683557,.0756836871029316
varmiss,jwdid_uc,482,0,1.913506524615487,.0759004309366643
varmiss,jwdid_uc,482,1,2.609420833614269,.0906995611807337
varmiss,jwdid_uc,482,2,3.297155119683554,.0848754178522085
varmiss,bjs,482,0,1.895495940120782,.0695469259513586
varmiss,bjs,482,1,2.58688831336076,.0815485699706165
varmiss,bjs,482,2,3.264088721743065,.0771441153713083
varmiss,bjs_wtr,482,0,2.03962203239098,.0713781267179237
varmiss,bjs_wtr,482,1,2.503219701256057,.0820425154465843
varmiss,bjs_wtr,482,2,3.038956885915468,.0800114377837848
varmiss,dcdh,482,0,1.850067855684641,.0972591905558095
varmiss,dcdh,482,1,2.149301566297063,.1355657861589222
varmiss,dcdh,482,2,2.810933486225014,.1253887814911848
varmiss,lpdid,482,0,1.73388920955358,.1007846159683309
varmiss,lpdid,482,1,2.082553357784609,.1575940732917127
varmiss,lpdid,482,2,2.804198153905262,.1467659139489878
varmiss,lpdid_rw,482,0,1.850068135877888,.101465250366694
varmiss,lpdid_rw,482,1,2.238970368437034,.164340275069218
varmiss,lpdid_rw,482,2,2.721659958983389,.150066647203604
varmiss,sa,482,0,1.836360128504919,.0849812305561229
varmiss,sa,482,1,2.527818328557456,.0981618262222051
varmiss,sa,482,2,3.18604001941452,.1009431295257719
varmiss,csdid,483,0,2.042267200855624,.105610365551959
varmiss,csdid,483,1,2.334049911590458,.1057863609308721
varmiss,csdid,483,2,2.878866094617122,.1075441307748693
varmiss,jwdid,483,0,1.934032145472747,.0712745099424226
varmiss,jwdid,483,1,2.590387439939962,.0750312958773034
varmiss,jwdid,483,2,3.263358862142665,.0779914185510924
varmiss,jwdid_uc,483,0,1.934032145472738,.0795832571715432
varmiss,jwdid_uc,483,1,2.590387439939949,.0824551978930355
varmiss,jwdid_uc,483,2,3.263358862142674,.0843775777574444
varmiss,bjs,483,0,1.918934782121141,.0742581827068408
varmiss,bjs,483,1,2.568571643198084,.0779708201886907
varmiss,bjs,483,2,3.260596836000332,.0794629094871142
varmiss,bjs_wtr,483,0,2.092082449877125,.077116243334895
varmiss,bjs_wtr,483,1,2.531366431561764,.0795068269421847
varmiss,bjs_wtr,483,2,3.072173439672042,.0837181513320614
varmiss,dcdh,483,0,1.794021336798032,.1007202163789842
varmiss,dcdh,483,1,2.28618572425715,.1328664304025925
varmiss,dcdh,483,2,2.923857561109181,.1366777793433656
varmiss,lpdid,483,0,1.733600833707514,.1027834715412557
varmiss,lpdid,483,1,2.22846339841808,.1492195230284312
varmiss,lpdid,483,2,3.054793821694575,.1524869212853082
varmiss,lpdid_rw,483,0,1.794021319952081,.1029652472078526
varmiss,lpdid_rw,483,1,2.347553086783341,.151078375454588
varmiss,lpdid_rw,483,2,2.951649561623638,.1579692676717011
varmiss,sa,483,0,1.952301380563805,.0886485072545071
varmiss,sa,483,1,2.584013193156495,.090004098721462
varmiss,sa,483,2,3.233189330911884,.0997000483558721
varmiss,csdid,484,0,2.046822665004281,.106812678337649
varmiss,csdid,484,1,2.569163646941427,.1089283763715171
varmiss,csdid,484,2,2.951074402986196,.1050160699744302
varmiss,jwdid,484,0,1.898414970055383,.0714589176044471
varmiss,jwdid,484,1,2.561917782402618,.078592493051477
varmiss,jwdid,484,2,3.220874012052087,.0754030972670512
varmiss,jwdid_uc,484,0,1.898414970055384,.079848658076418
varmiss,jwdid_uc,484,1,2.561917782402621,.0898231362172654
varmiss,jwdid_uc,484,2,3.220874012052086,.0830303768794037
varmiss,bjs,484,0,1.884838263507845,.0734507742940038
varmiss,bjs,484,1,2.555096284406318,.0802122086830404
varmiss,bjs,484,2,3.24276238173843,.0764188381922119
varmiss,bjs_wtr,484,0,2.010278547779308,.0754314787448205
varmiss,bjs_wtr,484,1,2.53299321893428,.0810358586142807
varmiss,bjs_wtr,484,2,3.02254802591051,.0794957576676734
varmiss,dcdh,484,0,1.869302393866692,.0991546988414567
varmiss,dcdh,484,1,2.150055058824247,.1187069205665738
varmiss,dcdh,484,2,2.998147285605221,.1237716215783783
varmiss,lpdid,484,0,1.756484925769786,.1000667487544505
varmiss,lpdid,484,1,2.041809847526642,.137611151420047
varmiss,lpdid,484,2,2.941807314307621,.1489462386338385
varmiss,lpdid_rw,484,0,1.869302456770006,.1024901780961921
varmiss,lpdid_rw,484,1,2.230828342706247,.1433200540830149
varmiss,lpdid_rw,484,2,2.832642419096894,.1491597527901423
varmiss,sa,484,0,1.876564944422773,.0889217719521715
varmiss,sa,484,1,2.575822459422271,.0969200258091247
varmiss,sa,484,2,3.250779374287345,.099199356488478
varmiss,csdid,485,0,1.982655878049051,.1039754437413308
varmiss,csdid,485,1,2.456524202935744,.1094856165917397
varmiss,csdid,485,2,2.999556532634617,.1055197574534343
varmiss,jwdid,485,0,1.853960495344829,.0657415199027083
varmiss,jwdid,485,1,2.614607749469881,.0768097131325253
varmiss,jwdid,485,2,3.287423516137695,.0805840075777819
varmiss,jwdid_uc,485,0,1.853960495344824,.078894154307944
varmiss,jwdid_uc,485,1,2.614607749469868,.0889807581601904
varmiss,jwdid_uc,485,2,3.287423516137692,.087564204304429
varmiss,bjs,485,0,1.844892202011579,.0668614790484562
varmiss,bjs,485,1,2.630827105676872,.0778245376709421
varmiss,bjs,485,2,3.281549589155475,.0812290447610684
varmiss,bjs_wtr,485,0,2.093577703703659,.0712099373334447
varmiss,bjs_wtr,485,1,2.521943545682007,.0779435193934588
varmiss,bjs_wtr,485,2,3.068797074258327,.0831521895012585
varmiss,dcdh,485,0,1.568225121451214,.0901073956309122
varmiss,dcdh,485,1,2.215035754136262,.1243696141975886
varmiss,dcdh,485,2,2.802959821168259,.1288400670871835
varmiss,lpdid,485,0,1.500853592615389,.0929090718481317
varmiss,lpdid,485,1,2.060864395508782,.1379525703839534
varmiss,lpdid,485,2,2.808964122192971,.1478613651725927
varmiss,lpdid_rw,485,0,1.568224788935082,.0939424064825206
varmiss,lpdid_rw,485,1,2.082493495634469,.143149888062966
varmiss,lpdid_rw,485,2,2.69903961868708,.150701335083651
varmiss,sa,485,0,1.873714998737265,.0863395444427541
varmiss,sa,485,1,2.58826555931309,.0953475639029795
varmiss,sa,485,2,3.216348170182248,.1018505371249756
varmiss,csdid,486,0,2.025166739625223,.1043230801617581
varmiss,csdid,486,1,2.533252983952689,.1114304430616653
varmiss,csdid,486,2,2.967157581249881,.1097001963001182
varmiss,jwdid,486,0,1.908481044378916,.0717997287201863
varmiss,jwdid,486,1,2.68596873941786,.0823039580343378
varmiss,jwdid,486,2,3.203174752394341,.0814165491352722
varmiss,jwdid_uc,486,0,1.908481044378918,.0828305907917559
varmiss,jwdid_uc,486,1,2.685968739417861,.0900613955998246
varmiss,jwdid_uc,486,2,3.203174752394341,.088224059238462
varmiss,bjs,486,0,1.888564483822847,.0741187031991777
varmiss,bjs,486,1,2.655582766627049,.0845588041256949
varmiss,bjs,486,2,3.196664689123281,.0824121108596784
varmiss,bjs_wtr,486,0,2.093440306616685,.0767515490024923
varmiss,bjs_wtr,486,1,2.56893327142825,.0855955961942325
varmiss,bjs_wtr,486,2,3.00800106668612,.0864049850070646
varmiss,dcdh,486,0,1.870036917027747,.1012787508550521
varmiss,dcdh,486,1,2.471931435211693,.144304853838205
varmiss,dcdh,486,2,3.115651149437235,.1339101562377054
varmiss,lpdid,486,0,1.746208735640872,.1027716938358766
varmiss,lpdid,486,1,2.421860239827442,.1649998634374208
varmiss,lpdid,486,2,3.039160160922705,.1624265638492049
varmiss,lpdid_rw,486,0,1.870036931091418,.1068654482092987
varmiss,lpdid_rw,486,1,2.568463427819778,.1734997331827828
varmiss,lpdid_rw,486,2,2.894383593915934,.1659068470349621
varmiss,sa,486,0,1.877311661772961,.0909187702366976
varmiss,sa,486,1,2.680377743979526,.0972173595835017
varmiss,sa,486,2,3.1915598131022,.1033064866768934
varmiss,csdid,487,0,2.139428307983852,.1099338164772205
varmiss,csdid,487,1,2.51885656908404,.110092273773133
varmiss,csdid,487,2,3.030459620542531,.1082003926626927
varmiss,jwdid,487,0,1.998405427259688,.0748305885226013
varmiss,jwdid,487,1,2.589326170432979,.0788793789905865
varmiss,jwdid,487,2,3.222003909732989,.0791748764753918
varmiss,jwdid_uc,487,0,1.998405427259683,.0874223838800284
varmiss,jwdid_uc,487,1,2.589326170432967,.0882095868791475
varmiss,jwdid_uc,487,2,3.222003909732965,.0855925422428946
varmiss,bjs,487,0,1.991914611846369,.0774642576893184
varmiss,bjs,487,1,2.579127754608635,.0808425517759632
varmiss,bjs,487,2,3.217583589343121,.079935954893735
varmiss,bjs_wtr,487,0,2.15363411328326,.0793668281249769
varmiss,bjs_wtr,487,1,2.546682282227266,.0825079717055992
varmiss,bjs_wtr,487,2,3.043750397187978,.0818950978043421
varmiss,dcdh,487,0,1.971636067022892,.1042617401445775
varmiss,dcdh,487,1,2.390464070536683,.1308673610274502
varmiss,dcdh,487,2,3.003151591234471,.1249371547595116
varmiss,lpdid,487,0,1.844928706008389,.1090389835412411
varmiss,lpdid,487,1,2.309061925554912,.1480229527602675
varmiss,lpdid,487,2,3.045374812539776,.1411984153773716
varmiss,lpdid_rw,487,0,1.971635494154339,.1110711857158067
varmiss,lpdid_rw,487,1,2.451517452824389,.1555006746719126
varmiss,lpdid_rw,487,2,2.936525334559987,.1435499095892966
varmiss,sa,487,0,2.008813805456385,.0955595810126248
varmiss,sa,487,1,2.605480499596544,.0980890406375429
varmiss,sa,487,2,3.278357937771724,.1026433801568152
varmiss,csdid,488,0,1.942784792600175,.1053141891380638
varmiss,csdid,488,1,2.468843425254499,.1074942511104797
varmiss,csdid,488,2,2.963315156230214,.1081204336663404
varmiss,jwdid,488,0,1.756053755844156,.0749181556413554
varmiss,jwdid,488,1,2.566350720716222,.0797267056761591
varmiss,jwdid,488,2,3.242616837713881,.0787432147609192
varmiss,jwdid_uc,488,0,1.756053755844141,.0831558450935507
varmiss,jwdid_uc,488,1,2.566350720716223,.0899556539223203
varmiss,jwdid_uc,488,2,3.24261683771388,.0862483099119542
varmiss,bjs,488,0,1.776298857768779,.0762031891526108
varmiss,bjs,488,1,2.557922430123654,.0810151323398169
varmiss,bjs,488,2,3.247424703595243,.0800366623220885
varmiss,bjs_wtr,488,0,1.92420166547231,.0801398157489931
varmiss,bjs_wtr,488,1,2.466343957166828,.0833335496161428
varmiss,bjs_wtr,488,2,2.988920937352304,.0853638083416093
varmiss,dcdh,488,0,1.71360513978341,.1056371870140203
varmiss,dcdh,488,1,2.249757786049043,.1303553591820146
varmiss,dcdh,488,2,2.9898842889181,.1287574126924438
varmiss,lpdid,488,0,1.596578210828039,.104753082476397
varmiss,lpdid,488,1,2.243180922590005,.1448750755844209
varmiss,lpdid,488,2,2.845293278772164,.1469658638254134
varmiss,lpdid_rw,488,0,1.713604753777515,.1096680806929622
varmiss,lpdid_rw,488,1,2.389137464806472,.1466083744456922
varmiss,lpdid_rw,488,2,2.746354907579871,.1540510395366184
varmiss,sa,488,0,1.78152341277682,.0895692655478876
varmiss,sa,488,1,2.553480966534547,.093322286129572
varmiss,sa,488,2,3.175996222924399,.1017246754532741
varmiss,csdid,489,0,1.762585993461168,.1031039859763808
varmiss,csdid,489,1,2.386413217289385,.1088963567463605
varmiss,csdid,489,2,2.735231038744988,.1108072150194535
varmiss,jwdid,489,0,1.71760845294188,.071718838455616
varmiss,jwdid,489,1,2.499410254818154,.0808890145991632
varmiss,jwdid,489,2,3.141129400510062,.0750825164655974
varmiss,jwdid_uc,489,0,1.71760845294187,.0822063738144166
varmiss,jwdid_uc,489,1,2.499410254818136,.0910892929375706
varmiss,jwdid_uc,489,2,3.141129400510028,.0866887212955463
varmiss,bjs,489,0,1.720531090899385,.0736066558436733
varmiss,bjs,489,1,2.495712322597683,.0825507667755365
varmiss,bjs,489,2,3.097408461690065,.0758056660002294
varmiss,bjs_wtr,489,0,1.890482576011891,.0767115948390268
varmiss,bjs_wtr,489,1,2.413970696914475,.0839576647669543
varmiss,bjs_wtr,489,2,2.778376975096762,.0801141785488301
varmiss,dcdh,489,0,1.544343035446747,.0985514805969508
varmiss,dcdh,489,1,2.113980891674368,.1255094107337413
varmiss,dcdh,489,2,2.786949796584381,.1300788259018856
varmiss,lpdid,489,0,1.434004049305173,.1023011197843367
varmiss,lpdid,489,1,1.962896355461799,.1377370795856597
varmiss,lpdid,489,2,2.941857743934822,.152253240521515
varmiss,lpdid_rw,489,0,1.544342609521671,.1034181100109799
varmiss,lpdid_rw,489,1,2.095195566767841,.1413314933727961
varmiss,lpdid_rw,489,2,2.672876655581318,.1562929985861214
varmiss,sa,489,0,1.715418904152727,.0892555449721045
varmiss,sa,489,1,2.486997773800988,.0989575627818193
varmiss,sa,489,2,3.126307496880602,.1010427471313563
varmiss,csdid,490,0,2.0842276180096,.1021097155190945
varmiss,csdid,490,1,2.549523273388327,.1081634226395257
varmiss,csdid,490,2,3.066305098125301,.1110265785367233
varmiss,jwdid,490,0,1.829301900753992,.0692252853586413
varmiss,jwdid,490,1,2.544784227296594,.0807725067213583
varmiss,jwdid,490,2,3.339345298746076,.0806094524580458
varmiss,jwdid_uc,490,0,1.829301900753993,.0788883389129068
varmiss,jwdid_uc,490,1,2.544784227296599,.0921739791810166
varmiss,jwdid_uc,490,2,3.339345298746074,.0891561823936684
varmiss,bjs,490,0,1.814287887600585,.0706518414551979
varmiss,bjs,490,1,2.533648273487643,.0831830858325175
varmiss,bjs,490,2,3.32554842935906,.0818529781391511
varmiss,bjs_wtr,490,0,1.999479361112208,.0735030973293351
varmiss,bjs_wtr,490,1,2.499403301551069,.084900298731461
varmiss,bjs_wtr,490,2,3.034301549671,.0876116373856216
varmiss,dcdh,490,0,1.749143181161501,.0958747550415626
varmiss,dcdh,490,1,2.258297131154405,.1277655339929744
varmiss,dcdh,490,2,3.088421622948281,.1343654392830214
varmiss,lpdid,490,0,1.688125384699795,.0987217464273355
varmiss,lpdid,490,1,2.210807896399292,.1434193610619273
varmiss,lpdid,490,2,3.141917153029425,.1505226050395713
varmiss,lpdid_rw,490,0,1.749143414910781,.1001605045861134
varmiss,lpdid_rw,490,1,2.263570089531724,.1414911088535702
varmiss,lpdid_rw,490,2,2.916702975407225,.154408271000587
varmiss,sa,490,0,1.856637517732036,.0839516251555176
varmiss,sa,490,1,2.564938557141659,.0979636089057207
varmiss,sa,490,2,3.340980244741847,.1051299367567693
varmiss,csdid,491,0,2.190843175372726,.1042966928332239
varmiss,csdid,491,1,2.536699707426586,.1128865593104078
varmiss,csdid,491,2,3.064505576687109,.1106860318394594
varmiss,jwdid,491,0,1.893277360153346,.0667087989595065
varmiss,jwdid,491,1,2.487040904312958,.0788815519282747
varmiss,jwdid,491,2,3.189257574337351,.081080993790428
varmiss,jwdid_uc,491,0,1.893277360153341,.0780662094965636
varmiss,jwdid_uc,491,1,2.487040904312957,.089929961446791
varmiss,jwdid_uc,491,2,3.18925757433736,.088103152980173
varmiss,bjs,491,0,1.889267146210841,.0686554134482209
varmiss,bjs,491,1,2.475925965792158,.0793592877609334
varmiss,bjs,491,2,3.183794155609576,.0815885103899461
varmiss,bjs_wtr,491,0,2.060685940696203,.0720902080738196
varmiss,bjs_wtr,491,1,2.412169582774823,.0796932039265244
varmiss,bjs_wtr,491,2,2.993766871964908,.0846573443809399
varmiss,dcdh,491,0,1.765737780555428,.0958853994776339
varmiss,dcdh,491,1,2.200963484897581,.1287548661573215
varmiss,dcdh,491,2,2.895289088704111,.1290978246819543
varmiss,lpdid,491,0,1.660035447115689,.0983324921473057
varmiss,lpdid,491,1,2.115567480917576,.1460979851631714
varmiss,lpdid,491,2,2.887797931874826,.151574689629817
varmiss,lpdid_rw,491,0,1.765738349748869,.1009667211669442
varmiss,lpdid_rw,491,1,2.24785745395141,.1492033061313451
varmiss,lpdid_rw,491,2,2.756877403736569,.1535604970653352
varmiss,sa,491,0,1.910485287427265,.0875525333042
varmiss,sa,491,1,2.507258511264223,.0981881380025555
varmiss,sa,491,2,3.23276926166903,.1043828776112438
varmiss,csdid,492,0,1.9641861977908,.1009178780334593
varmiss,csdid,492,1,2.447388117115726,.10896974546327
varmiss,csdid,492,2,2.858162446680184,.1065238050496109
varmiss,jwdid,492,0,1.893644337431343,.0707572716623902
varmiss,jwdid,492,1,2.633051718692638,.0778386835734485
varmiss,jwdid,492,2,3.168155909913097,.0803669572310519
varmiss,jwdid_uc,492,0,1.893644337431338,.0799900501965414
varmiss,jwdid_uc,492,1,2.633051718692645,.0872790173780242
varmiss,jwdid_uc,492,2,3.168155909913088,.0863592884162104
varmiss,bjs,492,0,1.884179624110402,.0728037271534423
varmiss,bjs,492,1,2.645511897531833,.0782784427391592
varmiss,bjs,492,2,3.180724649515469,.081109795189447
varmiss,bjs_wtr,492,0,2.003370352165803,.0747242633879437
varmiss,bjs_wtr,492,1,2.580020740695545,.0785607169731378
varmiss,bjs_wtr,492,2,2.973598509699514,.0853814379438406
varmiss,dcdh,492,0,1.696942340398139,.0990719170488663
varmiss,dcdh,492,1,2.359823412078249,.1293580055532765
varmiss,dcdh,492,2,2.847897914975688,.1421086136379382
varmiss,lpdid,492,0,1.598383008966245,.099924775227637
varmiss,lpdid,492,1,2.205673136818171,.1474000379920689
varmiss,lpdid,492,2,2.847906526875216,.1591441793974127
varmiss,lpdid_rw,492,0,1.696942924095593,.1018609854673265
varmiss,lpdid_rw,492,1,2.324632226039093,.1476155461506183
varmiss,lpdid_rw,492,2,2.796322574050632,.1623026993788473
varmiss,sa,492,0,1.906832994470471,.0868563691179517
varmiss,sa,492,1,2.609681600873577,.094306984041573
varmiss,sa,492,2,3.110982458333149,.1016492548600901
varmiss,csdid,493,0,2.085918172112279,.1087384133220921
varmiss,csdid,493,1,2.540756439794736,.1130758594616071
varmiss,csdid,493,2,3.069016212009944,.1136170001919151
varmiss,jwdid,493,0,1.956707005507284,.070868995639728
varmiss,jwdid,493,1,2.609701667023731,.0798382111457318
varmiss,jwdid,493,2,3.315829887356115,.0807507494511249
varmiss,jwdid_uc,493,0,1.956707005507285,.0827426951167318
varmiss,jwdid_uc,493,1,2.609701667023733,.0896618210953457
varmiss,jwdid_uc,493,2,3.315829887356133,.0871984592406216
varmiss,bjs,493,0,1.930823904065619,.0725533122132975
varmiss,bjs,493,1,2.609664743427857,.0809215490372572
varmiss,bjs,493,2,3.30956677942595,.0817058624990677
varmiss,bjs_wtr,493,0,2.116692644525756,.0761819224416803
varmiss,bjs_wtr,493,1,2.575177032373176,.081995941287547
varmiss,bjs_wtr,493,2,3.09868940920569,.086461472003507
varmiss,dcdh,493,0,1.809508417516789,.1044828528619949
varmiss,dcdh,493,1,2.180721072141929,.133040334516493
varmiss,dcdh,493,2,3.096426213502134,.1379334912727591
varmiss,lpdid,493,0,1.70980379091187,.1045874460067974
varmiss,lpdid,493,1,2.035628362982659,.1490211735400079
varmiss,lpdid,493,2,3.02584912286303,.1547210077993656
varmiss,lpdid_rw,493,0,1.809508719626924,.1083387441867
varmiss,lpdid_rw,493,1,2.199694049409673,.1486270661221972
varmiss,lpdid_rw,493,2,2.9240317197882,.1562627442474866
varmiss,sa,493,0,1.959234301517589,.0883923330969895
varmiss,sa,493,1,2.585000491571041,.094788772081529
varmiss,sa,493,2,3.245404165947824,.1026026413136569
varmiss,csdid,494,0,2.017910237709931,.1093354799911042
varmiss,csdid,494,1,2.489540984071027,.1139050939036595
varmiss,csdid,494,2,2.954199776726405,.1072551657708979
varmiss,jwdid,494,0,1.696940746981854,.0710181461659831
varmiss,jwdid,494,1,2.408881384925394,.0794001938070145
varmiss,jwdid,494,2,3.099496666601794,.0791249196613882
varmiss,jwdid_uc,494,0,1.696940746981854,.0800095847227054
varmiss,jwdid_uc,494,1,2.408881384925387,.096297521489653
varmiss,jwdid_uc,494,2,3.099496666601792,.088904272088531
varmiss,bjs,494,0,1.711081946793684,.0735191218587339
varmiss,bjs,494,1,2.401594609964377,.0823921750521817
varmiss,bjs,494,2,3.089134554620614,.0806632801386418
varmiss,bjs_wtr,494,0,1.898734753124245,.0756576324405325
varmiss,bjs_wtr,494,1,2.344521585269831,.084355527888617
varmiss,bjs_wtr,494,2,2.835446634975597,.0838062920369937
varmiss,dcdh,494,0,1.659003191091654,.1035295288100835
varmiss,dcdh,494,1,1.961227554296813,.129050765875568
varmiss,dcdh,494,2,2.786384132784234,.1357449716047505
varmiss,lpdid,494,0,1.540045229571594,.107577061528851
varmiss,lpdid,494,1,1.849626023011361,.1502990650194471
varmiss,lpdid,494,2,2.848635118595622,.1609335598203437
varmiss,lpdid_rw,494,0,1.65900307628092,.10877295702179
varmiss,lpdid_rw,494,1,2.007947568666816,.1497591205024231
varmiss,lpdid_rw,494,2,2.697172077715173,.1613388003091722
varmiss,sa,494,0,1.710357716993459,.092490238931459
varmiss,sa,494,1,2.465102430709794,.1037888473717949
varmiss,sa,494,2,3.199195647377505,.1047283020057976
varmiss,csdid,495,0,2.037626740703324,.1023359610279541
varmiss,csdid,495,1,2.586120677791802,.1071840274106118
varmiss,csdid,495,2,2.953674672408265,.1044772285470879
varmiss,jwdid,495,0,1.873924114983129,.0653669010040468
varmiss,jwdid,495,1,2.600334039466654,.0795694808081964
varmiss,jwdid,495,2,3.164460090815196,.077918153580202
varmiss,jwdid_uc,495,0,1.873924114983128,.0783883056458557
varmiss,jwdid_uc,495,1,2.600334039466643,.0873554784112394
varmiss,jwdid_uc,495,2,3.164460090815188,.0865283894430166
varmiss,bjs,495,0,1.864480669915793,.0674009261742154
varmiss,bjs,495,1,2.603631079065963,.0814586275958264
varmiss,bjs,495,2,3.16228455833334,.0789016860601741
varmiss,bjs_wtr,495,0,2.025590962915885,.0702197990302041
varmiss,bjs_wtr,495,1,2.574336636447697,.0822606631980744
varmiss,bjs_wtr,495,2,2.963181341125164,.0812331871706096
varmiss,dcdh,495,0,1.695096393457249,.093001783808538
varmiss,dcdh,495,1,2.475498513262607,.138002198935668
varmiss,dcdh,495,2,2.892099796276668,.124260590486141
varmiss,lpdid,495,0,1.55632977128238,.0970467390504214
varmiss,lpdid,495,1,2.292531219908657,.1517603727147963
varmiss,lpdid,495,2,2.862839672644568,.1447638026572818
varmiss,lpdid_rw,495,0,1.695096046188714,.0994736637905091
varmiss,lpdid_rw,495,1,2.387872080838255,.1560581935209556
varmiss,lpdid_rw,495,2,2.758736601035461,.1461507530474986
varmiss,sa,495,0,1.872210796822228,.0892464628346806
varmiss,sa,495,1,2.613923811651681,.0969266417766276
varmiss,sa,495,2,3.220829044705556,.1018992379591066
varmiss,csdid,496,0,1.952388400986644,.0994292835008768
varmiss,csdid,496,1,2.528868580976464,.1064330113253756
varmiss,csdid,496,2,2.932304104771875,.1097612297916391
varmiss,jwdid,496,0,1.798574989176664,.0691174817263032
varmiss,jwdid,496,1,2.586493046901758,.0772288839438176
varmiss,jwdid,496,2,3.207954183783466,.0804596877686484
varmiss,jwdid_uc,496,0,1.79857498917667,.0769384498624002
varmiss,jwdid_uc,496,1,2.586493046901749,.0851642169589829
varmiss,jwdid_uc,496,2,3.207954183783461,.0887360350489015
varmiss,bjs,496,0,1.809590370414753,.0710727855345454
varmiss,bjs,496,1,2.589228532757261,.0787446204015708
varmiss,bjs,496,2,3.203716736894421,.081618509050379
varmiss,bjs_wtr,496,0,1.944305735810758,.0738735866042852
varmiss,bjs_wtr,496,1,2.512858704671089,.0802882779709166
varmiss,bjs_wtr,496,2,2.976023898721905,.0841255484374807
varmiss,dcdh,496,0,1.637765208202477,.0917629344637168
varmiss,dcdh,496,1,2.269749828783371,.1146393442457063
varmiss,dcdh,496,2,2.859166750458322,.1283826722782229
varmiss,lpdid,496,0,1.559329429059031,.0940867388495674
varmiss,lpdid,496,1,2.199595906485571,.1303274536642508
varmiss,lpdid,496,2,2.73525020132413,.1451072812003525
varmiss,lpdid_rw,496,0,1.637765539617971,.094557537920093
varmiss,lpdid_rw,496,1,2.290404167312488,.1318141559747656
varmiss,lpdid_rw,496,2,2.609313340573774,.1456962721914944
varmiss,sa,496,0,1.831123366600607,.0855043415230184
varmiss,sa,496,1,2.634449339022182,.0914325182212325
varmiss,sa,496,2,3.248167774120349,.1031219882326254
varmiss,csdid,497,0,2.16680165325431,.1085550002394868
varmiss,csdid,497,1,2.56911593701528,.1130457476893111
varmiss,csdid,497,2,3.106206640240907,.1082311588113914
varmiss,jwdid,497,0,1.908427847376772,.0687261910792215
varmiss,jwdid,497,1,2.590505284728569,.0824425543656016
varmiss,jwdid,497,2,3.214845434005732,.0781821606223241
varmiss,jwdid_uc,497,0,1.908427847376783,.0811778779586364
varmiss,jwdid_uc,497,1,2.590505284728592,.0936858392493554
varmiss,jwdid_uc,497,2,3.214845434005732,.0851326422996795
varmiss,bjs,497,0,1.899261026910608,.0710033762294737
varmiss,bjs,497,1,2.603218080545048,.0844063436310137
varmiss,bjs,497,2,3.231747293895751,.0789242356648511
varmiss,bjs_wtr,497,0,2.066446433289457,.074395358627854
varmiss,bjs_wtr,497,1,2.514218229407561,.0862846438555381
varmiss,bjs_wtr,497,2,3.026402057766973,.0828751277665107
varmiss,dcdh,497,0,1.728267077155538,.0974587910126039
varmiss,dcdh,497,1,2.445897494764423,.1340410591300139
varmiss,dcdh,497,2,2.999623967588965,.1313338202740801
varmiss,lpdid,497,0,1.601077557475185,.1013046765836319
varmiss,lpdid,497,1,2.283038513492441,.1617519034914719
varmiss,lpdid,497,2,2.941165847390779,.1584863438697401
varmiss,lpdid_rw,497,0,1.728266280254942,.103411941063393
varmiss,lpdid_rw,497,1,2.385382363803652,.1627581864504588
varmiss,lpdid_rw,497,2,2.84149807647721,.1610243833021064
varmiss,sa,497,0,1.936742944977651,.0914987267804387
varmiss,sa,497,1,2.657343273294535,.1015604394185911
varmiss,sa,497,2,3.321744294073029,.1040199207219366
varmiss,csdid,498,0,2.007096452365849,.0985637003117668
varmiss,csdid,498,1,2.509238121595574,.1075993013942266
varmiss,csdid,498,2,3.006908941534808,.1062605046820927
varmiss,jwdid,498,0,1.720497604441742,.0667057203936151
varmiss,jwdid,498,1,2.531836954527127,.0778728707290001
varmiss,jwdid,498,2,3.145024380210232,.0780116872429821
varmiss,jwdid_uc,498,0,1.720497604441759,.075238570035864
varmiss,jwdid_uc,498,1,2.531836954527135,.0897650545896403
varmiss,jwdid_uc,498,2,3.145024380210246,.0865039032629669
varmiss,bjs,498,0,1.742391880126888,.0690255323610663
varmiss,bjs,498,1,2.545903490721685,.0813892539018468
varmiss,bjs,498,2,3.131760401010979,.0801506619763511
varmiss,bjs_wtr,498,0,1.917203079419778,.0741666002892812
varmiss,bjs_wtr,498,1,2.412150162810576,.0839974330858691
varmiss,bjs_wtr,498,2,2.910225997417001,.0846402697088382
varmiss,dcdh,498,0,1.657638145277075,.0855526320533094
varmiss,dcdh,498,1,2.108523958902955,.1226293871518891
varmiss,dcdh,498,2,2.658694429767275,.1190401985767947
varmiss,lpdid,498,0,1.539800214199686,.0889923392985502
varmiss,lpdid,498,1,2.050735678801378,.1411116685785108
varmiss,lpdid,498,2,2.704798929537198,.133643983989009
varmiss,lpdid_rw,498,0,1.657637320647813,.0908476612636439
varmiss,lpdid_rw,498,1,2.190719508302822,.1474914786128884
varmiss,lpdid_rw,498,2,2.571014746614134,.1389617300387395
varmiss,sa,498,0,1.701527545959661,.0806428139466523
varmiss,sa,498,1,2.497619770263608,.0936470646636983
varmiss,sa,498,2,3.1013007793747,.1000113425824687
varmiss,csdid,499,0,1.910261938128647,.1049211380561579
varmiss,csdid,499,1,2.36254922549481,.1140607457834324
varmiss,csdid,499,2,2.759664903519919,.1115839394151404
varmiss,jwdid,499,0,1.808516097602968,.0672840931738369
varmiss,jwdid,499,1,2.441692630183031,.0766764894189384
varmiss,jwdid,499,2,3.034015054492253,.0773312651079564
varmiss,jwdid_uc,499,0,1.808516097602973,.0775220446182788
varmiss,jwdid_uc,499,1,2.441692630183053,.0861222071422186
varmiss,jwdid_uc,499,2,3.034015054492263,.0847042407681797
varmiss,bjs,499,0,1.777090682723497,.0696090678172755
varmiss,bjs,499,1,2.44228230889712,.0781795028771077
varmiss,bjs,499,2,3.01421909986675,.0787424682417307
varmiss,bjs_wtr,499,0,1.931384033806125,.0717919679701199
varmiss,bjs_wtr,499,1,2.398848557782912,.0815994918053606
varmiss,bjs_wtr,499,2,2.807482048698148,.08294324342841
varmiss,dcdh,499,0,1.767075896562977,.0997212975536638
varmiss,dcdh,499,1,2.320092561659417,.1245324886590811
varmiss,dcdh,499,2,2.668077401872893,.1241121082117091
varmiss,lpdid,499,0,1.594568488079675,.104016094497066
varmiss,lpdid,499,1,2.323440834832196,.1413088308237904
varmiss,lpdid,499,2,2.681818742396941,.1460879542087804
varmiss,lpdid_rw,499,0,1.767075952867844,.1066819780369388
varmiss,lpdid_rw,499,1,2.498159389985997,.1450194314698623
varmiss,lpdid_rw,499,2,2.597789611154361,.1481429301820573
varmiss,sa,499,0,1.772627177219256,.0859298583627148
varmiss,sa,499,1,2.396287040419784,.0945723206691599
varmiss,sa,499,2,2.993695060613895,.1001777408721732
varmiss,csdid,500,0,1.914381922949616,.1038689114575344
varmiss,csdid,500,1,2.366864928305839,.11395656488091
varmiss,csdid,500,2,3.020560510750818,.1091328604975312
varmiss,jwdid,500,0,1.815115572928611,.0671312942760824
varmiss,jwdid,500,1,2.575907934706273,.0837133841460635
varmiss,jwdid,500,2,3.322736528518384,.0809934079606778
varmiss,jwdid_uc,500,0,1.815115572928609,.0760560283091778
varmiss,jwdid_uc,500,1,2.575907934706276,.0965366061592365
varmiss,jwdid_uc,500,2,3.322736528518394,.0901129595468374
varmiss,bjs,500,0,1.813041212930329,.0683124140054213
varmiss,bjs,500,1,2.537877769916122,.0850750979972641
varmiss,bjs,500,2,3.319658224812883,.0815512498372731
varmiss,bjs_wtr,500,0,1.990883148264402,.0716629996696229
varmiss,bjs_wtr,500,1,2.494043392750427,.0861231380644752
varmiss,bjs_wtr,500,2,3.057998756099551,.0857490263366522
varmiss,dcdh,500,0,1.531405668335417,.092693064633091
varmiss,dcdh,500,1,1.978830590759999,.1378011882154898
varmiss,dcdh,500,2,2.931992958124024,.131110487680239
varmiss,lpdid,500,0,1.437835686154097,.0940009433353474
varmiss,lpdid,500,1,1.780949730000545,.1615728817358156
varmiss,lpdid,500,2,2.927741913162912,.1558234432030002
varmiss,lpdid_rw,500,0,1.53140611846713,.0962306555584527
varmiss,lpdid_rw,500,1,1.926761879774025,.1612496312735422
varmiss,lpdid_rw,500,2,2.747689272326638,.1625322542085759
varmiss,sa,500,0,1.75604866798522,.0858664168239853
varmiss,sa,500,1,2.491943114093591,.1028196208019033
varmiss,sa,500,2,3.204636600096025,.1049422131258975
