id,category,name,mandatory,scope,normative_source,criteria_ref,description,fixture_id,test_file,artifact_path,tolerance_id,decision_refs,allowed_terminal_statuses,current_status,numeric_parity,evidence,notes
F001,estimator,Static 2x2 ATT,true,core,R did 2.5.1,F001,Minimal att_gt parity,F001,tests/stata/test-f001.do,tests/fixtures/parity/f001,TOL001,D001,parity-verified|approved-divergence,parity-verified,measured,tests/fixtures/parity/f001/metadata/manifest.json;tests/stata/test-f001.do;reports/implementation-status.md,R fixture generated and Stata scaffold comparison passed on Stata 17 MP; durable evidence recorded in implementation status
F002,estimator,Balanced staggered panel,true,core,R did 2.5.1,F002,Multi group-time ATT parity,F002,tests/stata/test-f002.do,tests/fixtures/parity/f002,TOL001,D001,parity-verified|approved-divergence,parity-verified,measured,tests/fixtures/parity/f002/metadata/manifest.json;tests/stata/test-f002.do;reports/implementation-status.md,"Balanced staggered no-covariate reg ATT(g,t) fixture passed against R did 2.5.1 on Stata 17 MP; methods and covariates covered by separate rows"
F003,aggregation,Simple aggregation,true,core,R did 2.5.1,F003,aggte simple parity,F003,tests/stata/test-f003.do,tests/fixtures/parity/f003,TOL001,D001,parity-verified|approved-divergence,parity-verified,measured,tests/fixtures/parity/f003/metadata/manifest.json;tests/stata/test-f003.do;reports/implementation-status.md,Simple no-covariate reg aggregation overall ATT and analytical SE fixture passed against R did 2.5.1 on Stata 17 MP
F004,aggregation,Group aggregation,true,core,R did 2.5.1,F004,aggte group parity,F004,tests/stata/test-f004.do,tests/fixtures/parity/f004,TOL001,D001,parity-verified|approved-divergence,parity-verified,measured,tests/fixtures/parity/f004/metadata/manifest.json;tests/stata/test-f004.do;reports/implementation-status.md,Group no-covariate reg aggregation effects overall ATT and analytical SE fixture passed against R did 2.5.1 on Stata 17 MP
F005,aggregation,Calendar aggregation,true,core,R did 2.5.1,F005,aggte calendar parity,F005,tests/stata/test-f005.do,tests/fixtures/parity/f005,TOL001,D001,parity-verified|approved-divergence,parity-verified,measured,tests/fixtures/parity/f005/metadata/manifest.json;tests/stata/test-f005.do;reports/implementation-status.md,Calendar no-covariate reg aggregation effects overall ATT and analytical SE fixture passed against R did 2.5.1 on Stata 17 MP
F006,aggregation,Dynamic aggregation,true,core,R did 2.5.1,F006,Event-time aggregation parity,F006,tests/stata/test-f006.do,tests/fixtures/parity/f006,TOL001,D001,parity-verified|approved-divergence,parity-verified,measured,tests/fixtures/parity/f006/metadata/manifest.json;tests/stata/test-f006.do;reports/implementation-status.md,Dynamic no-covariate reg aggregation event-time effects overall ATT and analytical SE fixture passed against R did 2.5.1 on Stata 17 MP; window options remain covered by F025
F007,estimator,Base periods,true,core,R did 2.5.1,F007,Varying and universal base periods,F007,tests/stata/test-f007.do,tests/fixtures/parity/f007,TOL001,D001,parity-verified|approved-divergence,parity-verified,measured,tests/fixtures/parity/f007/metadata/manifest.json;tests/stata/test-f007.do;reports/implementation-status.md,Base period varying/universal point and analytical-SE fixture plus invalid-option rejection passed against R did 2.5.1 on Stata 17 MP
F008,estimator,Control groups,true,core,R did 2.5.1,F008,Never-treated and not-yet-treated controls,F008,tests/stata/test-f008.do,tests/fixtures/parity/f008,TOL001,D001,parity-verified|approved-divergence,parity-verified,measured,tests/fixtures/parity/f008/metadata/manifest.json;tests/stata/test-f008.do;reports/implementation-status.md,Control group nevertreated/notyettreated point and analytical-SE fixture passed against R did 2.5.1 on Stata 17 MP; notyet path materially differs in fixture
F009,estimator,Anticipation,true,core,R did 2.5.1,F009,Anticipation period semantics,F009,tests/stata/test-f009.do,tests/fixtures/parity/f009,TOL001,D001,parity-verified|approved-divergence,parity-verified,measured,tests/fixtures/parity/f009/metadata/manifest.json;tests/stata/test-f009.do;reports/implementation-status.md,Anticipation 0/1 point and analytical-SE fixture plus negative-option rejection passed against R did 2.5.1 on Stata 17 MP
F010,estimator,Estimation methods,true,core,R did 2.5.1,F010,dr reg ipw and aliases,F010,tests/stata/test-f010.do,tests/fixtures/parity/f010,TOL001,D001,parity-verified|approved-divergence,parity-verified,measured,tests/fixtures/parity/f010/metadata/manifest.json;tests/stata/test-f010.do;reports/implementation-status.md,"Panel and true repeated-cross-section dr/reg/ipw method-boundary point and analytical-SE fixture passed for no-covariate and numeric-covariate cells on Stata 17 MP; staggered all-method nevertreated/notyettreated control-group grid passed for panel and repeated-cross-section paths, including repeated-cross-section no-covariate notyettreated SE parity; soft-deprecated legacy aliases dripw -> dr and stdipw -> ipw pass exact canonical-matrix checks; deeper native DRDID dependency boundary remains tracked by F033"
F011,estimator,Covariates,true,core,R did 2.5.1,F011,Covariate formula and timing,F011,tests/stata/test-f011.do,tests/fixtures/parity/f011,TOL001,D001,parity-verified|approved-divergence,parity-verified,measured,tests/fixtures/parity/f011/metadata/manifest.json;tests/stata/test-f011.do;reports/implementation-status.md,"Panel and true repeated-cross-section dr/reg/ipw covariate fixture passed on Stata 17 MP for numeric time-varying covariates, factor expansion, numeric interactions, and squared transformed covariate terms; inherited RT019 dense and sparse factor boundaries pass: dense factor variables match manually expanded dummies, and rank-deficient sparse factor/manual-dummy designs emit R-style singular warnings with missing ATT/SE cells; broader inherited nuisance and native DRDID dependency stress remain tracked by RT/PY rows and F033"
F012,estimator,Weights and fix_weights,true,core,R did 2.5.1,F012,Analytic weights and fixed-weight options,F012,tests/stata/test-f012.do,tests/fixtures/parity/f012,TOL001,D001,parity-verified|approved-divergence,parity-verified,measured,tests/fixtures/parity/f012/metadata/manifest.json;tests/stata/test-f012.do;reports/implementation-status.md,"Balanced-panel default/varying/base_period/first_period iweight/weightsname slices passed for dr/reg/ipw with no covariates and numeric covariates, plus true repeated-cross-section default/varying weighted slices with no covariates and numeric covariates; scaled-weight invariance, time-invariant unit-weight fix_weights point-estimate invariance across dr/reg/ipw with no and numeric covariates, negative-weight validation, R-style time-varying-weight messaging, time-invariant no-message behavior, and fixed-reference unbalanced drop warnings passed; weighted simple/group/calendar/dynamic aggregation passed for dr/reg/ipw, no and numeric covariates, wt/wt_scaled, panel default/varying/base_period/first_period, repeated-cross-section default/varying, and unbalanced-as-rc default/varying/base_period/first_period; inherited IF consistency and custom-estimator diagnostics remain tracked by RT/PY rows"
F013,inference,Analytical standard errors,true,core,R did 2.5.1,F013,Non-bootstrap SE parity,F013,tests/stata/test-f013.do,tests/fixtures/parity/f013,TOL002,D001,parity-verified|approved-divergence,parity-verified,measured,tests/fixtures/parity/f013/metadata/manifest.json;tests/stata/test-f013.do;reports/implementation-status.md,"Analytical ATT(g,t) SE plus influence-function dimension and summary fixture passed against R did 2.5.1 for balanced panel no-covariate, balanced panel numeric-covariate dr, and true repeated-cross-section no-covariate slices on Stata 17 MP; bootstrap and clustered inference remain F014/F015"
F014,inference,Bootstrap and simultaneous bands,true,core,R did 2.5.1,F014,Multiplier bootstrap and bands,F014,tests/stata/test-f014.do,tests/fixtures/parity/f014,TOL003,D001,parity-verified|approved-divergence,approved-divergence,measured,tests/fixtures/parity/f014/metadata/manifest.json;tests/stata/test-f014.do;reports/implementation-status.md,"Approved-divergence ATT(g,t) multiplier-bootstrap smoke passed for one balanced-panel method(reg) slice with unclustered and cluster-summed influence-function paths, recorded reps/seed/distribution/cluster metadata, simultaneous cband metadata, pointwise switch, and validation events; exact seeded BMisc/R rademacher multiplier-stream parity is implemented for the public seed path and guarded by F035, while stochastic bootstrap SEs are smoke-checked and deterministic ATT, analytical SEs, clustered analytical SEs, metadata, and CI algebra are enforced; PY005/PY015 cover inherited Python clustered bootstrap smoke, RT017 covers inherited R ATT(g,t) cluster-sum bootstrap stress, and aggregation bootstrap plus inherited RT018 postprocess stress remain tracked separately"
F015,inference,Clustered inference,true,core,R did 2.5.1,F015,Cluster SE and validation,F015,tests/stata/test-f015.do,tests/fixtures/parity/f015,TOL002,D001,parity-verified|approved-divergence,parity-verified,measured,tests/fixtures/parity/f015/metadata/manifest.json;tests/stata/test-f015.do;reports/implementation-status.md,"Analytical cluster-sum SE fixture passed against R did 2.5.1 for ATT(g,t) and simple/group/calendar/dynamic aggregation across balanced panel no-covariate, balanced panel numeric-covariate dr, and true repeated-cross-section no-covariate slices; e(cluster_vec) stores per-unit cluster labels for postestimation; time-varying panel cluster validation passed; inherited Python analytical/bootstrap cluster smoke is covered by PY002/PY004/PY005/PY015 plus F014/F035, RT007 covers inherited R cluster-analytic stress, and RT017 covers inherited R ATT(g,t) cluster-sum bootstrap stress"
F016,panel,Unbalanced panels as RC,true,core,R did 2.5.1,F016,Required R default for unbalanced panels,F016,tests/stata/test-f016.do,tests/fixtures/parity/f016,TOL002,D003,parity-verified|approved-divergence,parity-verified,measured,tests/fixtures/parity/f016/metadata/manifest.json;tests/stata/test-f016.do;reports/implementation-status.md,"Owner-directed D003 unbalanced-panel default passed: unbalanced ivar() routes to the repeated-cross-section estimator and matches R did 2.5.1 for dr/reg/ipw point estimates, SEs, cell counts, clustered SEs, e(panel_mode), and time-varying cluster rejection with no covariates and x1+x2 covariates, each with and without iweights; inherited equal-row-count/missing-periods balance-detection edge case matches R missingness and finite ATT/SE values; RT027-style shuffled unbalanced clustered universal-base ATT(g,t), aggregation, cluster-vector alignment, and missing-SE base-cell parity passed; broader inherited unbalanced stress remains tracked by RT027/PY rows"
F017,legacy,Balance-dropping compatibility,false,compat,Legacy Stata,F017,Old Stata balancing modes,F017,tests/stata/test-f017.do,tests/fixtures/parity/f017,TOL001,D008,parity-verified|approved-divergence|soft-deprecated-alias,soft-deprecated-alias,measured,tests/fixtures/parity/f017/metadata/manifest.json;tests/stata/test-f017.do;reports/implementation-status.md,"Legacy bal(full), balance(full), and bal(unbal) are rejected with a clear unsupported-by-design error; default unbalanced ivar() remains R-compatible unbalanced-as-rc; long/long2 are deprecated aliases that use base_period(universal) when base_period() is omitted; asinr no-op warning is covered OWNER DECISION 2026-07-27: wboot() reps() must exceed 20. R accepts biters=1; csdid refuses, because a handful of draws cannot support a standard error or an empirical simultaneous critical value. DELIBERATE DIVERGENCE, approved: stricter than R by design."
F018,panel,True repeated cross sections,true,core,R did 2.5.1,F018,panel false behavior,F018,tests/stata/test-f018.do,tests/fixtures/parity/f018,TOL002,D001,parity-verified|approved-divergence,parity-verified,measured,tests/fixtures/parity/f018/metadata/manifest.json;tests/stata/test-f018.do;reports/implementation-status.md,True repeated-cross-section no-ivar path matches R panel=FALSE ATT/SE and stores repeated-cross-section panel mode on Stata 17 MP
F019,sample,Missingness and subset,true,core,R did 2.5.1,F019,Sample construction parity,F019,tests/stata/test-f019.do,tests/fixtures/parity/f019,EXACT,D001,parity-verified|approved-divergence,parity-verified,measured,tests/fixtures/parity/f019/metadata/manifest.json;tests/stata/test-f019.do;reports/implementation-status.md,No-covariate if-subset and missing-outcome sample mask plus ATT/SE fixture passed against R did 2.5.1 on Stata 17 MP; treatment/id/time validation covered by F021-F024/F030
F020,estimator,No never-treated units,true,core,R did 2.5.1,F020,No never-treated behavior,F020,tests/stata/test-f020.do,tests/fixtures/parity/f020,TOL001,D001,parity-verified|approved-divergence,parity-verified,measured,tests/fixtures/parity/f020/metadata/manifest.json;tests/stata/test-f020.do;reports/implementation-status.md,No never-treated cohort behavior verified for nevertreated and notyettreated controls; latest cohort comparison handling and period filtering match R did 2.5.1 on Stata 17 MP
F021,estimator,Always and first-period treated,true,core,R did 2.5.1,F021,Treatment timing edge cases,F021,tests/stata/test-f021.do,tests/fixtures/parity/f021,EXACT,D001,parity-verified|approved-divergence,parity-verified,measured,tests/fixtures/parity/f021/metadata/manifest.json;tests/stata/test-f021.do;reports/implementation-status.md,First-period treated units are removed from effective estimation sample; sample mask and ATT/SE fixture passed against R did 2.5.1 on Stata 17 MP
F022,estimator,Treatment timing encodings,true,core,R did 2.5.1,F022,Never-treated encodings,F022,tests/stata/test-f022.do,tests/fixtures/parity/f022,EXACT,D001,parity-verified|approved-divergence,parity-verified,measured,tests/fixtures/parity/f022/metadata/manifest.json;tests/stata/test-f022.do;reports/implementation-status.md,Future-treated cohorts with g > max(time)+anticipation are treated as never-treated; sample mask and ATT/SE fixture passed against R did 2.5.1 on Stata 17 MP; negative gvar values are explicitly rejected with an R 2.5.1 audit-compatible diagnostic
F023,time,Irregular time gaps,true,core,R did 2.5.1,F023,Nonconsecutive time behavior,F023,tests/stata/test-f023.do,tests/fixtures/parity/f023,EXACT,D001,parity-verified|approved-divergence,parity-verified,measured,tests/fixtures/parity/f023/metadata/manifest.json;tests/stata/test-f023.do;reports/implementation-status.md,Nonconsecutive calendar time fixture preserves R group/time/event_time rows and ATT/SE values on Stata 17 MP
F024,sample,Duplicate unit-time rows,true,core,R did 2.5.1,F024,Duplicate policy,F024,tests/stata/test-f024.do,tests/fixtures/parity/f024,EXACT,D001,parity-verified|approved-divergence,parity-verified,behavioral,tests/fixtures/parity/f024/metadata/manifest.json;tests/stata/test-f024.do;reports/implementation-status.md,Duplicate ivar-time rows are rejected before estimation; clean input passes and duplicate fixture returns r(459) on Stata 17 MP using R did 2.5.1 duplicate policy as oracle
F025,aggregation,Aggregation window options,true,core,R did 2.5.1,F025,balance_e min_e max_e na.rm,F025,tests/stata/test-f025.do,tests/fixtures/parity/f025,TOL001,D001,parity-verified|approved-divergence,parity-verified,measured,tests/fixtures/parity/f025/metadata/manifest.json;tests/stata/test-f025.do;reports/implementation-status.md,Aggregation window options verified for dynamic min_e/max_e and balance_e simple/group max_e calendar ignored windows and na_rm missing-ATT handling against R did 2.5.1 on Stata 17 MP
F026,output,Stored results,true,core,R did 2.5.1,F026,Stata e returns and matrices,F026,tests/stata/test-f026.do,tests/fixtures/parity/f026,EXACT,D001,parity-verified|approved-divergence,parity-verified,behavioral,tests/fixtures/parity/f026/metadata/manifest.json;tests/stata/test-f026.do;reports/implementation-status.md,"Stored-result schema fixture passed for panel ATT(g,t), repeated-cross-section ATT(g,t), clustered metadata, e(unit_group) id/group/weight schema, and simple aggregation e() surfaces on Stata 17 MP; export tables, plot data, and richer RIF saved artifacts remain F027/F028/F034"
F027,output,Exportable tables,true,core,R did 2.5.1,F027,Tidy and glance analogues,F027,tests/stata/test-f027.do,tests/fixtures/parity/f027,EXACT,D001,parity-verified|approved-divergence,parity-verified,measured,tests/fixtures/parity/f027/metadata/manifest.json;tests/stata/test-f027.do;reports/implementation-status.md,"csdid_estat tidy/glance export fixture passed for ATT(g,t) and simple, group, calendar, and dynamic aggregation using R did 2.5.1 formulas; table schemas, statistics, p-values, confidence intervals, and glance metadata are verified; inherited tidy/glance stress is covered by RT014, RT026, PY011, and PY022 rows"
F028,plotting,Plot data and csdid_plot,true,core,R did 2.5.1,F028,Plot data and graph commands,F028,tests/stata/test-f028.do,tests/fixtures/parity/f028,TOL005,D001,parity-verified|approved-divergence,parity-verified,measured,tests/fixtures/parity/f028/metadata/manifest.json;tests/stata/test-f028.do;reports/implementation-status.md,"csdid_plot saving() plot-data fixture passed for ATT(g,t), ATT(g,t) group filtering, simple-aggregation rejection, and dynamic/group/calendar aggregation using R did 2.5.1 ggdid formulas; plot data columns, labels, confidence intervals, significance flags, and save behavior are verified; rendered graph output, graph styling, inherited R/Python plotting tests, and JEL figure artifacts remain tracked by RT013/PY010/JEL rows"
F029,validation,Error and warning surface,true,core,R did 2.5.1,F029,Invalid options and guidance,F029,tests/stata/test-f029.do,tests/fixtures/parity/f029,EXACT,D001,parity-verified|approved-divergence,parity-verified,measured,tests/fixtures/parity/f029/metadata/manifest.json;tests/stata/test-f029.do;reports/implementation-status.md,"Validation-event fixture passed for current csdid/csdid_stats/csdid_estat/csdid_plot command surfaces, including return codes and normalized diagnostic messages for invalid methods, base periods, fixed weights, anticipation, negative weights, duplicates, unsupported options, missing prior results, missing saving(), unavailable simple plots, and empty samples; inherited Python error-handling is covered by PY008, while inherited R error-handling remains tracked by RT011"
F030,input,Data types,true,core,R did 2.5.1,F030,IDs controls and names,F030,tests/stata/test-f030.do,tests/fixtures/parity/f030,EXACT,D001,parity-verified|approved-divergence,parity-verified,measured,tests/fixtures/parity/f030/metadata/manifest.json;tests/stata/test-f030.do;reports/implementation-status.md,"Data-type and name fixture passed for numeric id/time/gvar storage classes, non-default variable names, numeric controls, e() name preservation, R-backed name-collision parity for user variables named idname/tname/gname with a harmless t1 column, R-backed name-collision parity for user variables named group/time/unit across dr/reg/ipw, output-name covariates named att/se/event_time/overall_att across dr/reg/ipw, and explicit string outcome/covariate/ivar/time/gvar/cluster rejection; broader inherited name-normalization stress remains tracked by RT/PY rows"
F031,hygiene,Mutation and temp safety,true,release,R did 2.5.1,F031,No data or state leaks,F031,tests/stata/test-f031.do,tests/fixtures/parity/f031,EXACT,D001,parity-verified|approved-divergence,parity-verified,behavioral,tests/fixtures/parity/f031/metadata/manifest.json;tests/stata/test-f031.do;reports/implementation-status.md,"State-hygiene gate passed for supported estimation, saved-RIF estimation, saved-RIF postestimation, current-frame preservation when frames are available, auxiliary-frame preservation when frames are available, absence of package global macro writes in source files, csdid_estat display/tidy/glance, csdid_stats simple/group/calendar/dynamic, csdid_plot supported plot-data exports, invalid-option rejection, and preservation of data values, order, variable order, labels, characteristics, and user matrices"
F032,performance,Optimized path equivalence,true,core,R did 2.5.1,F032,Fast path equals baseline,F032,tests/stata/test-f032.do,tests/fixtures/parity/f032,TOL002,D001,parity-verified|approved-divergence,parity-verified,measured,tests/fixtures/parity/f032/metadata/manifest.json;tests/stata/test-f032.do;reports/implementation-status.md,"Row-index fast-path equivalence fixture passed for balanced-panel no-covariate method(reg) ATT(g,t), analytical SEs, clustered analytical SEs, influence-function summaries, Gram matrix, row-order invariance, simple/group/calendar/dynamic aggregations, and nevertreated/not-yet-treated by varying/universal base-period option grid; requested-fast fallback matches baseline for dr/ipw methods, covariates, weights, and unbalanced panels; Python covariate fallback fast grid is covered by PY009; RT012/RT025 now cover inherited R faster-mode and precompute public invariants with approved R-only internal divergences; broader inherited unbalanced clustered fast-mode stress remains tracked by RT027"
F033,dependency,DRDID boundary,true,core,R did 2.5.1,F033,2x2 dependency parity,F033,tests/stata/test-f033.do,tests/fixtures/parity/f033,TOL001,D001,parity-verified|approved-divergence,approved-divergence,measured,tests/fixtures/parity/f033/metadata/manifest.json;tests/fixtures/parity/f033/expected/contract/approved-divergence.csv;tests/stata/test-f033.do;reports/implementation-status.md,"Direct R DRDID 1.3.0 boundary fixture passed for one two-period design across weighted/unweighted panel and repeated-cross-section, intercept/covariate, dr/reg/ipw normalized-IPW cells, pscoretrim(.7), and diagnostics proving Stata matches R did target functions rather than improved DRDID, RC1, or unnormalized IPW alternatives; raw DRDID helper internals are approved divergence F033-DIV001"
F034,postestimation,RIF and saved artifacts,true,core,R did 2.5.1,F034,RIF and postestimation artifacts,F034,tests/stata/test-f034.do,tests/fixtures/parity/f034,TOL002,D001,parity-verified|approved-divergence,approved-divergence,measured,tests/fixtures/parity/f034/metadata/manifest.json;tests/fixtures/parity/f034/expected/contract/approved-divergence.csv;tests/stata/test-f034.do;reports/implementation-status.md,"saverif() artifact fixture passed for panel and true repeated-cross-section no-covariate reg slices; saved RIF schema includes unit aggregation weight, dataset/variable characteristics, replace/no-replace behavior, RIF summary parity against R did 2.5.1, and csdid_stats using reload parity for simple/group/calendar/dynamic aggregation; persisted RIF datasets are approved Stata extension divergence F034-DIV001"
F035,inference,Wild bootstrap options,true,core,R did 2.5.1,F035,Stata bootstrap options under R parity,F035,tests/stata/test-f035.do,tests/fixtures/parity/f035,TOL003,D001,parity-verified|approved-divergence,approved-divergence,measured,tests/fixtures/parity/f035/metadata/manifest.json;tests/fixtures/parity/f035/expected/contract/approved-divergence.csv;tests/stata/test-f035.do;reports/implementation-status.md;tools/parity/generators/f035/generate.R,"Bootstrap option-surface fixture passed for wboot reps/biters, nested and top-level seeds, exact seeded BMisc/R rademacher multiplier-stream parity, rademacher accepted as the only multiplier and mammen/gaussian/normal refused with r(498) rather than silently coerced (CORRECTED 2026-07-28: this note previously claimed the three were mapped onto rademacher, which was the pre-2.0.0 behaviour; verified by running all four spellings), pointwise metadata, ATT(g,t) cluster bootstrap via cluster() and wboot(cluster()), mismatched/multiple cluster declarations, and invalid option diagnostics; aggregation-bootstrap postprocess remains an approved divergence F035-DIV002 CONVERTED 2026-07-27 behavioral -> measured: the assertions proved the four wboot option spellings agree with each other; the seeded bootstrap value is now pinned against R at 1e-9."
F036,legacy,Option inventory,true,contract,Legacy Stata,F036,Classify every current Stata option,F036,tests/stata/test-f036.do,tests/fixtures/parity/f036,EXACT,D008,parity-verified|approved-divergence,approved-divergence,behavioral,tests/fixtures/parity/f036/metadata/manifest.json;tests/fixtures/parity/f036/expected/contract/approved-divergence.csv;tests/stata/test-f036.do;reports/implementation-status.md,"Executable option inventory passed for current csdid/csdid_stats/csdid_estat/csdid_plot surfaces, accepted pscoretrim(), accepted soft-deprecated aliases, accepted agg(event) immediate wrapper, and explicit diagnostics for dryrun, unsupported agg() types, invalid pscoretrim() (nonpositive/missing only; >=1 is accepted and means no trimming, matching DRDID), from() (unsupported-by-design, refused by name on csdid/csdid_stats/csdid_estat), and unsupported style options; legacy Stata option classifications are frozen as approved divergence F036-DIV001"
F037,python,Parametric combination grid,true,deeper,Python csdid,F037,Python deeper combination tests,F037,tests/stata/test-f037.do,tests/fixtures/parity/f037,TOL001,D004,parity-verified|approved-divergence,approved-divergence,measured,tests/fixtures/parity/f037/metadata/manifest.json;tests/fixtures/parity/f037/expected/contract/approved-divergence.csv;tests/stata/test-f037.do;reports/implementation-status.md,"R-anchored parametric-combination grid passed for method x control-group x base-period, method x panel, method x anticipation, and method x aggte-type analytical slices with one numeric covariate; Python-only stochastic bootstrap combinations and exhaustive integration-grid residuals are approved divergence F037-DIV001 and remain covered by dedicated Python gates"
F038,python,User regression tests,true,deeper,Python csdid,F038,Python user bug-fix tests,F038,tests/stata/test-f038.do,tests/fixtures/parity/f038,TOL001,D004,parity-verified|approved-divergence,approved-divergence,measured,tests/fixtures/parity/f038/metadata/manifest.json;tests/fixtures/parity/f038/expected/contract/approved-divergence.csv;tests/stata/test-f038.do;reports/implementation-status.md,"F038 user-regression fixture passed against R did 2.5.1 for harmless t1 columns, missing-covariate complete-case panel unit dropping, fewer observed periods than treatment groups with dynamic/group/calendar aggregations, zero pre-treatment outcomes, missing formula variables, and anticipation-window treatment-group coercion; inherited residual user-bug coverage is approved divergence F038-DIV001 and covered by RT028/PY020/PY023"
F039,python,Inference tests,true,deeper,Python csdid,F039,Python inference deeper tests,F039,tests/stata/test-f039.do,tests/fixtures/parity/f039,TOL002,D004,parity-verified|approved-divergence,parity-verified,measured,tests/fixtures/parity/f039/metadata/manifest.json;tests/stata/test-f039.do;tests/fixtures/parity/py012/metadata/manifest.json;tests/stata/python/test_inference.do;tests/fixtures/parity/py012/expected/contract/upstream-test-map.csv;reports/implementation-status.md,"F039 is closed by the stronger PY012 inheritance gate plus the original F039 analytical fixture: PY012 maps all 43 parameterized assertions in DrSquare/csdid csdid/test_csdid/test_inference.py at sha256 770ee9e9c76f03810c3a0dd2f9e1d78d957262696da38b806abbb538b357965f, covering balanced-panel and repeated-cross-section finite ATT(g,t) SEs, influence-function dimensions, simple and event-level aggregation SEs, unclustered bootstrap-vs-analytical broad SE agreement, bootstrap/analytical ATT equality, overall ATT near the true effect, and DR/REG cross-method ATT agreement; the older F039 fixture remains as additional analytical R-anchored evidence"
F040,python,Python JEL tests,true,deeper,Python csdid,F040,Python JEL test inheritance,F040,tests/stata/test-f040.do,tests/fixtures/parity/f040,TOL004,D004,parity-verified|approved-divergence,approved-divergence,measured,tests/fixtures/parity/f040/metadata/manifest.json;tests/stata/test-f040.do;tests/run-jel-smoke.sh;reports/implementation-status.md,"Python JEL inheritance audit gate passed for the R/Python JEL scenario map: F041-F043 cover Table 7, 2xT, and GxT JEL analytical scenarios on actual JEL data, while F040 verifies the JEL Table 7 weighted DR covariate fast-request case falls back to baseline and matches exactly; approved divergence records that the frozen Python source path csdid/test_csdid/test_jel_replication.py is absent in the available local Python checkout, so unavailable Python-specific source contents are not certified"
F041,jel,JEL Table 7,true,empirical,JEL-DiD,F041,2x2 CS-DiD with covariates,F041,tests/stata/test-f041.do,tests/fixtures/parity/f041,TOL004,D006,parity-verified|approved-divergence,parity-verified,measured,tests/fixtures/parity/f041/metadata/manifest.json;tests/stata/test-f041.do;tests/run-jel-smoke.sh;reports/implementation-status.md;reports/jel-full-reproduction-result.md,"JEL Table 7 parity is verified: the analytical JEL smoke fixture matches R did 2.5.1 across reg/ipw/dr, weighted and unweighted designs, and the full JEL reproduction gate passed both master scripts with all committed table/figure artifacts hash-matching or semantically matching."
F042,jel,JEL 2xT event study,true,empirical,JEL-DiD,F042,2xT event-study outputs,F042,tests/stata/test-f042.do,tests/fixtures/parity/f042,TOL004,D006,parity-verified|approved-divergence,parity-verified,measured,tests/fixtures/parity/f042/metadata/manifest.json;tests/stata/test-f042.do;tests/run-jel-smoke.sh;reports/implementation-status.md;reports/jel-full-reproduction-result.md,"JEL 2xT parity is verified: the analytical JEL smoke fixture matches R did 2.5.1 for weighted trend data, raw ATT(g,t), dynamic aggregation, and post-window summaries, and the full JEL reproduction gate passed both master scripts with all committed table/figure artifacts hash-matching or semantically matching."
F043,jel,JEL GxT analysis,true,empirical,JEL-DiD,F043,Group-time analysis outputs,F043,tests/stata/test-f043.do,tests/fixtures/parity/f043,TOL004,D006,parity-verified|approved-divergence,parity-verified,measured,tests/fixtures/parity/f043/metadata/manifest.json;tests/stata/test-f043.do;tests/run-jel-smoke.sh;reports/implementation-status.md;reports/jel-full-reproduction-result.md,"JEL GxT parity is verified: the analytical JEL smoke fixture matches R did 2.5.1 for trend data, ATT(g,t), dynamic aggregation, and post-window aggregation under the recorded F043 tolerance, and the full JEL reproduction gate passed both master scripts with all committed table/figure artifacts hash-matching or semantically matching."
F044,jel,JEL figures and tables,true,empirical,JEL-DiD,F044,All JEL artifacts,F044,tests/stata/test-f044.do,tests/fixtures/parity/f044,TOL004,D006,parity-verified|approved-divergence,parity-verified,measured,tests/fixtures/parity/f044/metadata/manifest.json;tests/fixtures/parity/f044/expected/contract/jel-artifact-inventory.csv;tests/fixtures/parity/f044/expected/contract/full-reproduction-evidence.csv;tests/fixtures/jel/expected/contract/jel-artifact-rollup.csv;tests/stata/test-f044.do;tests/stata/jel/test-artifact-contract.do;reports/jel-replication-summary.md;reports/jel-full-reproduction-result.md;reports/implementation-status.md;tools/jel/run-full-reproduction.py,"F044 parity is verified for conformance profile v1: all JEL001-JEL018 scripts/artifacts are inventoried, the default artifact contract links each artifact to full reproduction evidence, and the opt-in full R/Stata JEL master gate passed with no nonmatching or missing committed artifacts."
F045,legacy,Legacy default divergences,false,compat,Legacy Stata,F045,Old defaults behind explicit options,F045,tests/stata/test-f045.do,tests/fixtures/parity/f045,TOL001,D008,parity-verified|approved-divergence|unsupported-by-design,unsupported-by-design,measured,tests/fixtures/parity/f045/metadata/manifest.json;tests/stata/test-f045.do;reports/implementation-status.md;tools/parity/generators/f045/generate.R,"Legacy default-divergence snapshot passed: balanced defaults match explicit R-compatible defaults, unbalanced ivar() defaults to the D003 unbalanced-as-repeated-cross-section path, omitted ivar() defaults to repeated cross sections, asinr remains an opt-in no-op warning, method(dripw)/method(stdipw) remain opt-in canonical aliases, long/long2 select base_period(universal) when base_period() is omitted, and removed balance/dryrun legacy default paths return explicit unsupported-by-design errors CONVERTED 2026-07-27 behavioral -> measured: 40 cells across five default-surface scenarios (balanced, RCS, ipw, unbalanced, all weighted) pinned against R at 1e-9. The assertions previously checked only that omitted options resolved to the documented defaults, not what those defaults produce."
F046,legacy,Legacy deprecation warnings,false,compat,Legacy Stata,F046,Warning and migration text,F046,tests/stata/test-f046.do,tests/fixtures/parity/f046,EXACT,D008,parity-verified|approved-divergence|unsupported-by-design,parity-verified,behavioral,tests/fixtures/parity/f046/metadata/manifest.json;tests/stata/test-f046.do;tests/meta/test-legacy-migration-guide.sh;docs/legacy-migration-guide.md;reports/implementation-status.md,"Legacy migration-warning gate passed for retained aliases method(dripw) -> dr, method(stdipw) -> ipw, asinr no-op, and wboot rademacher/mammen aliases mapped to R-compatible rademacher multipliers with requested distribution recorded; the generated migration checklist links retained warnings to F045 old-default divergence evidence, F016/F017 unbalanced and unsupported legacy evidence, F035 bootstrap option evidence, and F040-F044/JEL release blockers"
F047,differential,Randomized differential testing,true,release,R did 2.5.1,F047,Seeded small-panel differential tests,F047,tests/stata/test-f047.do,tests/fixtures/parity/f047,TOL002,D001,parity-verified|approved-divergence,parity-verified,measured,tests/fixtures/parity/f047/metadata/manifest.json;tests/stata/test-f047.do;tests/run-smoke.sh;reports/implementation-status.md,"Seeded small-panel randomized differential fixture passed against R did 2.5.1 for balanced panel, true repeated-cross-section, and unbalanced-ivar-as-RC paths across selected dr/reg/ipw, nevertreated/notyettreated, varying/universal, covariate/no-covariate, and weighted/unweighted cells; ATT(g,t) and simple/dynamic aggregation match under TOL002"
F048,monte-carlo,Monte Carlo sanity,true,release,R did 2.5.1,F048,Known DGP sanity checks,F048,tests/stata/test-f048.do,tests/fixtures/parity/f048,TOL008,D001,parity-verified|approved-divergence,parity-verified,measured,tests/fixtures/parity/f048/metadata/manifest.json;tests/stata/test-f048.do;tests/run-smoke.sh;reports/implementation-status.md,"Known-DGP Monte Carlo sanity gate passed: 200 fixed two-period balanced-panel simulations with true ATT 1.0 match R did 2.5.1 per-rep ATT/SE under TOL002, and Stata summary satisfies TOL008 with abs bias about 0.0051 and 95% coverage error 0.01"
F049,performance,Performance pathology,true,release,R did 2.5.1,F049,Scale and memory budgets,F049,tests/stata/test-f049.do,tests/fixtures/parity/f049,TOL007,D001,parity-verified|approved-divergence,parity-verified,measured,tests/fixtures/parity/f049/metadata/manifest.json;tests/stata/test-f049.do;tests/run-smoke.sh;reports/implementation-status.md,"Default performance pathology gate passed against frozen budgets: 1,000-row small smoke, 50,000-row medium fast-path panel, and 209-cell aggregation benchmark are under wall-clock budgets and Stata c(memory) setting is under default memory budgets; external max-RSS profiling remains an opt-in release wrapper task"
F050,release,Clean install and portability,true,release,R did 2.5.1,F050,Install and isolated adopath,F050,tests/stata/test-f050.do,tests/fixtures/parity/f050,EXACT,D001,parity-verified|approved-divergence,parity-verified,behavioral,tests/fixtures/parity/f050/metadata/manifest.json;tests/stata/test-f050.do;reports/implementation-status.md,"Local build and net install from the checkout into isolated temporary PLUS/PERSONAL directories passed on Stata 17 MP; installed ado/mata/help files resolved from the isolated PLUS tree and installed csdid/csdid_stats/saverif smoke commands, including saved RIF weight-column schema, passed without network access"
F051,release,Release defaults and UX,true,release,R did 2.5.1 point-estimate defaults plus frozen Stata release UX contract,F051,Omitted-option defaults and release UX surface,F051,tests/stata/test-f051.do,tests/fixtures/parity/f051,TOL001,D001;D003;D008;D009;D016,parity-verified|approved-divergence,parity-verified,measured,tests/fixtures/parity/f051/metadata/manifest.json;tests/stata/test-f051.do;reports/implementation-status.md,"RECONSTRUCTED 2026-07-27: this row existed only in the uncommitted working tree and was lost to an accidental git checkout. Structural fields are recovered from authoritative sources - matrix_id, normative_source, decision_refs and tolerance_ids from tests/fixtures/parity/f051/metadata/manifest.json; name and criteria from docs/verification-criteria.md; parity-verified status from reports/implementation-status.md. The description and this note are NOT the original wording. OWNER: verify this row against your intent before release."
RT001,r-test-map,test-aggte-clustervars-override,true,test-inheritance,R did 2.5.1,RT001,Map R test file to Stata coverage,RT001,tests/stata/r/test-aggte-clustervars-override.do,tests/fixtures/parity/rt001,EXACT,D004,parity-verified|approved-divergence,approved-divergence,measured,tests/fixtures/parity/rt001/metadata/manifest.json;tests/stata/r/test-aggte-clustervars-override.do;tests/fixtures/parity/rt001/expected/contract/upstream-test-map.csv;tests/fixtures/parity/rt001/expected/contract/approved-divergence.csv;reports/implementation-status.md,"RT001 maps analytical R aggte clustervars override behavior: csdid_stats inherits clustered aggregation SEs, honors same-variable cluster()/clustervars() overrides without warning, warns and falls back to non-clustered analytical SEs when csdid was not clustered or a different cluster variable is requested, and preserves the R source-test map. Approved divergence RT001-DIV001 records the R aggregation-bootstrap override subtest because aggregation bootstrap remains outside the current public Stata aggregation contract"
RT002,r-test-map,test-aggte-comprehensive,true,test-inheritance,R did 2.5.1,RT002,Map R aggregation comprehensive tests,RT002,tests/stata/r/test-aggte-comprehensive.do,tests/fixtures/parity/rt002,TOL002,D004,parity-verified|approved-divergence,approved-divergence,measured,tests/fixtures/parity/rt002/metadata/manifest.json;tests/stata/r/test-aggte-comprehensive.do;tests/fixtures/parity/rt002/expected/contract/upstream-test-map.csv;tests/fixtures/parity/rt002/expected/contract/approved-divergence.csv;reports/implementation-status.md;tools/parity/generators/rt002/generate.R,"RT002 maps 30 public assertions from R did 2.5.1 tests/testthat/test-aggte-comprehensive.R at sha256 99cf542b7b8dc91ca403cdd5b12028256631d48f4095997012dcf2b4211741ae to public Stata csdid_stats gates covering simple/dynamic/group/calendar aggregation, windows, balance_e, na_rm, public metadata, level preservation, and the group max_e/na_rm exclusion regression. Approved divergences RT002-DIV001 and RT002-DIV002 record R AGGTEobj aggregation influence-function slots and aggregation-level bootstrap cband critical values, which are outside the current public Stata aggregation contract CONVERTED 2026-07-27 from behavioral to measured: the aggregation assertions were loose bounds such as abs(G[1,4]-1)<.5 and never compared against R. Now pins all eight aggregations the test exercises - simple, group, calendar, dynamic, and the min_e/max_e/balance_e dynamic variants - against R overall values and 25 per-event-time cells at 1e-9."
RT003,r-test-map,test-aggte-edge-coverage,true,test-inheritance,R did 2.5.1,RT003,Map R aggregation edge tests,RT003,tests/stata/r/test-aggte-edge-coverage.do,tests/fixtures/parity/rt003,TOL002,D004,parity-verified|approved-divergence,parity-verified,measured,tests/fixtures/parity/rt003/metadata/manifest.json;tests/stata/r/test-aggte-edge-coverage.do;tests/fixtures/parity/rt003/expected/contract/upstream-test-map.csv;reports/implementation-status.md,"RT003 maps both public R did tests/testthat/test-aggte-edge-coverage.R blocks at sha256 774a712a6c3c035c4330658a3078b57b6e0031676c034331a6852cb197cb8065; Stata verifies simple/group/dynamic/calendar aggregation parity for one treated group plus never-treated controls, finite overall ATT/SE, and dynamic min_e=-1/max_e=1 event-window consistency"
RT004,r-test-map,test-always-treated-invariance,true,test-inheritance,R did 2.5.1,RT004,Map always-treated invariance tests,RT004,tests/stata/r/test-always-treated-invariance.do,tests/fixtures/parity/rt004,TOL002,D004,parity-verified|approved-divergence,parity-verified,measured,tests/fixtures/parity/rt004/metadata/manifest.json;tests/stata/r/test-always-treated-invariance.do;tests/fixtures/parity/rt004/expected/contract/upstream-test-map.csv;reports/implementation-status.md;tools/parity/generators/rt004/generate.R,"RT004 maps all seven R did tests/testthat/test-always-treated-invariance.R blocks at sha256 8c9632da1dc7d453cea1c6acc2766fa35d93a644e2c77cab39ed3f3130f062ec; Stata verifies keyed ATT(g,t) common-cell missingness and finite-value invariance after dropping literal and anticipation-induced always-treated cohorts, invariance to rescaling always-treated outcomes, fast/baseline agreement in the no-never plus always-treated regime, latest-cohort retention as controls but not estimated ATT groups, and default nevertreated fallback invariance CONVERTED 2026-07-27 behavioral -> measured: the assertions checked an invariance (rescaling one cohort leaves other cohorts unchanged), which is self-referential and holds even if every value is wrong. 57 cells across eight designs now pinned at 1e-9."
RT005,r-test-map,test-att_gt,true,test-inheritance,R did 2.5.1,RT005,Map core att_gt tests,RT005,tests/stata/r/test-att_gt.do,tests/fixtures/parity/rt005,TOL002,D004,parity-verified|approved-divergence,approved-divergence,measured,tests/fixtures/parity/rt005/metadata/manifest.json;tests/stata/r/test-att_gt.do;reports/implementation-status.md,"Stata maps 44 public source blocks from R test-att_gt through the public att_gt command gate for estimation, aggregation, unbalanced-as-RC, not-yet-treated controls, anticipation, base periods, weights, fix_weights, influence functions, clustered SEs, fast/baseline equality, validation, and reserved column names; R function-valued custom estimator callback cases are approved divergences"
RT006,r-test-map,test-audit-fixes,true,test-inheritance,R did 2.5.1,RT006,Map audit regression tests,RT006,tests/stata/r/test-audit-fixes.do,tests/fixtures/parity/rt006,TOL002,D004,parity-verified|approved-divergence,approved-divergence,measured,tests/fixtures/parity/rt006/metadata/manifest.json;tests/stata/r/test-audit-fixes.do;reports/implementation-status.md,"RT006 maps public R audit-fix behavior for fix_weights(varying), aggregation guards, negative gvar rejection, and calendar ignored-window warnings. Stata now avoids the doubled-SE regression for no-weight fix_weights(varying), preserves default no-weight simple aggregation SEs, emits R-compatible calendar ignored-window warnings, and returns clean empty-window diagnostics; approved divergences record Stata fast-request fallback for fix_weights(varying) method(dr) and R-only non-exported parallel multiplier-bootstrap helper internals."
RT007,r-test-map,test-cluster-analytic,true,test-inheritance,R did 2.5.1,RT007,Map analytical cluster tests,RT007,tests/stata/r/test-cluster-analytic.do,tests/fixtures/parity/rt007,TOL002,D004,parity-verified|approved-divergence,parity-verified,measured,tests/fixtures/parity/rt007/metadata/manifest.json;tests/stata/r/test-cluster-analytic.do;tests/fixtures/parity/rt007/expected/contract/upstream-test-map.csv;reports/implementation-status.md,"RT007 maps R did tests/testthat/test-cluster-analytic.R at sha256 6f7d7bd4ba73c1f92826c799bac176c3a4bfdc6be91a3505625ab602d6c04a56; Stata verifies analytical ATT(g,t) clustered SEs equal cluster-sum targets in regular/requested-fast panel and repeated-cross-section modes, clustered SEs differ from iid SEs when clusters share shocks, clustered bootstrap IQR/raw-draw SD scales agree with analytical SEs for panel DGPs, repeated-cross-section clustered bootstrap agrees with analytical SEs, and clustered analytical SEs propagate through simple/group/dynamic aggregation; F035 guards exact seeded BMisc/R rademacher multiplier-stream parity while RT007 remains a cluster-analytic and bootstrap-scale inheritance fixture"
RT008,r-test-map,test-compute-inffunc,true,test-inheritance,R did 2.5.1,RT008,Map compute_inffunc tests,RT008,tests/stata/r/test-compute-inffunc.do,tests/fixtures/parity/rt008,EXACT,D004,parity-verified|approved-divergence,approved-divergence,measured,tests/fixtures/parity/rt008/metadata/manifest.json;tests/stata/r/test-compute-inffunc.do;tests/fixtures/parity/rt008/expected/contract/upstream-test-map.csv;tests/fixtures/parity/rt008/expected/contract/approved-divergence.csv;reports/implementation-status.md;tools/parity/generators/rt008/generate.R,"RT008 maps R did tests/testthat/test-compute-inffunc.R at sha256 9dea0d0943c8fd425f6757a2d47fd6c67a4aa549ac0bc6785e4fccbb3a4ab59d as approved divergence: all eight source blocks directly test compute_inffunc=FALSE point-estimates-only MP object behavior and custom-estimator callbacks; the Stata port keeps influence functions available for public SEs, saved RIF artifacts, and postestimation, and rejects compute_inffunc() as unsupported CONVERTED 2026-07-27 behavioral -> measured: the influence function is compared VALUE BY VALUE, not only through the standard errors it implies. att_gt exports it on the MP object, so 972 entries across three methods are pinned at 1e-9. This is the strongest single check in the suite: the influence function drives every SE, every aggregation and every bootstrap draw."
RT009,r-test-map,test-conditional-did-pretest,true,test-inheritance,R did 2.5.1,RT009,Map conditional pretest tests,RT009,tests/stata/r/test-conditional-did-pretest.do,tests/fixtures/parity/rt009,EXACT,D004,parity-verified|approved-divergence,approved-divergence,mapping,tests/fixtures/parity/rt009/metadata/manifest.json;tests/stata/r/test-conditional-did-pretest.do;tests/fixtures/parity/rt009/expected/contract/upstream-test-map.csv;tests/fixtures/parity/rt009/expected/contract/approved-divergence.csv;reports/implementation-status.md,"RT009 maps R did tests/testthat/test-conditional-did-pretest.R at sha256 c09ea5dce40d692776f14ac6b53de39100f9d25f38bd5db87ea182daafdc83b7 as approved divergence: all three source blocks directly test the standalone conditional_did_pretest()/MP.TEST helper surface and internal precompute/bootstrap-scale behavior; the Stata port has no public conditional_did_pretest or MP.TEST surface, while public bootstrap and pre-period behavior remains verified through csdid/csdid_stats/csdid_estat inference rows"
RT010,r-test-map,test-edge-cases,true,test-inheritance,R did 2.5.1,RT010,Map R edge case tests,RT010,tests/stata/r/test-edge-cases.do,tests/fixtures/parity/rt010,TOL002,D004,parity-verified|approved-divergence,parity-verified,measured,tests/fixtures/parity/rt010/metadata/manifest.json;tests/stata/r/test-edge-cases.do;tests/fixtures/parity/rt010/expected/contract/upstream-test-map.csv;reports/implementation-status.md;tools/parity/generators/rt010/generate.R,"RT010 maps all eleven R did tests/testthat/test-edge-cases.R blocks at sha256 1250ee7e6675d809fc65d98c83f81ec9f8af42b0e297af2b82ae05f3d905a2a3; Stata verifies finite ATT(g,t) for single-treated, two-period universal-base, nonconsecutive time, balanced, unbalanced-as-RC, and single-post-treatment designs; nonmissing simple/dynamic/group/calendar aggregation for the single-treated design; no-never notyet success and nevertreated fallback warning; first-period-treated warning/drop behavior; and nonconsecutive group-value support CONVERTED 2026-07-27 behavioral -> measured: eight edge-case designs pinned against R, 40 cells at 1e-9 - single treated unit, two periods, no never-treated group, non-consecutive time and cohort codes, balanced and unbalanced, single post period. These are the shapes most likely to expose a divergence and none had an R comparison."
RT011,r-test-map,test-error-handling,true,test-inheritance,R did 2.5.1,RT011,Map error handling tests,RT011,tests/stata/r/test-error-handling.do,tests/fixtures/parity/rt011,EXACT,D004,parity-verified|approved-divergence,approved-divergence,behavioral,tests/fixtures/parity/rt011/metadata/manifest.json;tests/stata/r/test-error-handling.do;tests/fixtures/parity/rt011/expected/contract/upstream-test-map.csv;tests/fixtures/parity/rt011/expected/contract/approved-divergence.csv;reports/implementation-status.md,"RT011 maps R did tests/testthat/test-error-handling.R at sha256 66b0e390e67447f0c154ed386036bd497eb7af42c9610b41680a79a3077f50b7; Stata verifies 29 public command-surface diagnostics or success checks for invalid options, missing or malformed variables, sample dropping, repeated cross sections without ivar(), invalid level/bootstrap reps, clustered analytical/bootstrap validation, aggregation validation, overlap warnings, and no-never-treated fallback. Approved divergences RT011-DIV001 through RT011-DIV003 record R-only helper APIs, mutable S3 internals, unrepresentable argument shapes, graph helper scalar controls, Wald-pretest messaging, extra-dot warning behavior, and owner-directed unbalanced-panel handling"
RT012,r-test-map,test-faster-mode-consistency,true,test-inheritance,R did 2.5.1,RT012,Map optimized path equivalence tests,RT012,tests/stata/r/test-faster-mode-consistency.do,tests/fixtures/parity/rt012,TOL002,D004,parity-verified|approved-divergence,approved-divergence,measured,tests/fixtures/parity/rt012/metadata/manifest.json;tests/stata/r/test-faster-mode-consistency.do;tests/fixtures/parity/rt012/expected/contract/upstream-test-map.csv;tests/fixtures/parity/rt012/expected/contract/approved-divergence.csv;reports/implementation-status.md;tools/parity/generators/rt012/generate.R,"RT012 maps R did tests/testthat/test-faster-mode-consistency.R at sha256 caf632cecc7a68982b6b81d8667d6db4145eadd974875be4fcce436bd829c172; Stata verifies representative public fast/baseline behavior: requested-fast covariate fallback equality for balanced, repeated-cross-section, and unbalanced inputs, real fast no-covariate method(reg) equality, and aggregation equality. The full 36-way covariate fallback grid is covered by PY009/F032/RT025. Approved divergence RT012-DIV001 records R's custom-estimator partial-NA influence-function callback, which has no public Stata command analogue CONVERTED 2026-07-27 behavioral -> measured: the test proved the fast and baseline kernels agree with each other, which both being wrong would also satisfy. Five configurations now pinned against R, 63 cells at 1e-9."
RT013,r-test-map,test-ggdid,true,test-inheritance,R did 2.5.1,RT013,Map plotting tests through plot data,RT013,tests/stata/r/test-ggdid.do,tests/fixtures/parity/rt013,TOL005,D004,parity-verified|approved-divergence,approved-divergence,measured,tests/fixtures/parity/rt013/metadata/manifest.json;tests/stata/r/test-ggdid.do;tests/fixtures/parity/rt013/expected/contract/upstream-test-map.csv;tests/fixtures/parity/rt013/expected/contract/approved-divergence.csv;reports/implementation-status.md,"RT013 maps R did tests/testthat/test-ggdid.R at sha256 5752409812175f8f659750b50d2f57844bc78a0715beb6be98ade666f44838e3; Stata verifies csdid_plot plot-data exports for ATT(g,t), group filtering, invalid-group diagnostics, dynamic/group/calendar aggregation, and simple-aggregation rejection. Approved divergence RT013-DIV001 records that R ggplot label/theme/ref_line controls are rendered-graph styling outside the frozen Stata plot-data contract"
RT014,r-test-map,test-glance,true,test-inheritance,R did 2.5.1,RT014,Map glance output tests,RT014,tests/stata/r/test-glance.do,tests/fixtures/parity/rt014,EXACT,D004,parity-verified|approved-divergence,approved-divergence,measured,tests/fixtures/parity/rt014/metadata/manifest.json;tests/stata/r/test-glance.do;tests/fixtures/parity/rt014/expected/contract/upstream-test-map.csv;tests/fixtures/parity/rt014/expected/contract/approved-divergence.csv;reports/implementation-status.md,RT014 maps 12 public glance.MP/glance.AGGTEobj metadata tests from R did tests/testthat/test-glance.R at sha256 eb89be6352de487c4fe03983001673e96cda9c8930f9557a4b48f3ce48fe54c3; Stata verifies csdid_estat glance metadata for MP and simple/dynamic/group/calendar aggregation objects in slow and fast-request paths; approved divergence covers five R-only DIDparams slot mutation and arbitrary custom-estimator callback tests with no public Stata command analogue
RT015,r-test-map,test-inference,true,test-inheritance,R did 2.5.1,RT015,Map inference tests,RT015,tests/stata/r/test-inference.do,tests/fixtures/parity/rt015,TOL002,D004,parity-verified|approved-divergence,approved-divergence,measured,tests/fixtures/parity/rt015/metadata/manifest.json;tests/stata/r/test-inference.do;tests/fixtures/parity/rt015/expected/contract/upstream-test-map.csv;tests/fixtures/parity/rt015/expected/contract/approved-divergence.csv;reports/implementation-status.md;tools/parity/generators/rt015/generate.R,"RT015 maps current public inference surfaces from R did 2.5.1 tests/testthat/test-inference.R at sha256 3a39714114bb5157f619f3184d2e21011c49c1a1a828405ee35b24c027eb131f: panel, clustered panel, repeated-cross-section, and clustered repeated-cross-section ATT(g,t) SEs, influence-function dimensions, cluster metadata, and dynamic/group/calendar aggregation SEs. Approved divergence RT015-DIV001 records the R did 2.1.2 temporary-library historical object comparison, which has no public Stata command analogue CONVERTED 2026-07-27 from behavioral to measured: the test ran csdid across panel and repeated cross sections, three methods, and clustered/unclustered analytical inference, but never compared a standard error against R. Now pins all twelve combinations - 108 cells, 54 of them clustered - against R ATT and SE at 1e-9. Clustered analytical SEs had no R comparison anywhere before this."
RT016,r-test-map,test-jel_replication,true,test-inheritance,R did 2.5.1,RT016,Map R JEL replication tests,RT016,tests/stata/r/test-jel_replication.do,tests/fixtures/parity/rt016,TOL004,D004,parity-verified|approved-divergence,parity-verified,measured,tests/fixtures/parity/rt016/metadata/manifest.json;tests/stata/r/test-jel_replication.do;tests/run-jel-smoke.sh;reports/implementation-status.md,"R test-jel_replication.R inheritance map passed: F041 covers Table 7 point estimates, F042 covers 2xT raw ATT(g,t) and covariate-method event-study checks, F043 covers GxT no-covariate and DR-covariate checks, and F040 covers the JEL fast-request regular-mode equality case through explicit baseline fallback equality"
RT017,r-test-map,test-mboot-cluster,true,test-inheritance,R did 2.5.1,RT017,Map multiplier bootstrap cluster tests,RT017,tests/stata/r/test-mboot-cluster.do,tests/fixtures/parity/rt017,TOL003,D004,parity-verified|approved-divergence,parity-verified,measured,tests/fixtures/parity/rt017/metadata/manifest.json;tests/stata/r/test-mboot-cluster.do;tests/fixtures/parity/rt017/expected/contract/upstream-test-map.csv;reports/implementation-status.md,"RT017 maps all three public assertions in R did tests/testthat/test-mboot-cluster.R at sha256 13955d5d8c5998432833c209351f16c2c197b7e4f88bdc0ce51a842f6e923258; Stata verifies cluster_vector/influence-function alignment, unbalanced cluster-sum versus cluster-mean separation, balanced cluster-sum equals cluster-mean, clustered bootstrap SEs track the cluster-sum target for ATT(2,2), and multiple non-id cluster declarations are rejected; F035 guards exact seeded BMisc/R rademacher multiplier-stream parity while RT017 remains a cluster-summed bootstrap inheritance fixture"
RT018,r-test-map,test-mboot-postprocess,true,test-inheritance,R did 2.5.1,RT018,Map multiplier bootstrap postprocess tests,RT018,tests/stata/r/test-mboot-postprocess.do,tests/fixtures/parity/rt018,EXACT,D004,parity-verified|approved-divergence,approved-divergence,mapping,tests/fixtures/parity/rt018/metadata/manifest.json;tests/stata/r/test-mboot-postprocess.do;tests/fixtures/parity/rt018/expected/contract/upstream-test-map.csv;tests/fixtures/parity/rt018/expected/contract/approved-divergence.csv;reports/implementation-status.md,"RT018 maps R did tests/testthat/test-mboot-postprocess.R at sha256 184431a6dbf1f2dc56f2ac91aaf47592938c6b10026f21e41084e6ed500fdc6d as approved divergence: both source blocks directly test R's internal mboot() helper on synthetic influence-function matrices and DIDparams-like lists; the Stata port has no public mboot helper command, while public multiplier-bootstrap behavior remains verified through csdid/csdid_stats bootstrap, simultaneous-band, cluster-bootstrap, and inference rows"
RT019,r-test-map,test-modelmatrix-hoist,true,test-inheritance,R did 2.5.1,RT019,Map model matrix hoist tests,RT019,tests/stata/r/test-modelmatrix-hoist.do,tests/fixtures/parity/rt019,TOL002,D004,parity-verified|approved-divergence,approved-divergence,measured,tests/fixtures/parity/rt019/metadata/manifest.json;tests/stata/r/test-modelmatrix-hoist.do;reports/implementation-status.md,"Stata maps five public covariate/factor/sparse-factor source assertions from R test-modelmatrix-hoist and verifies ATT(g,t), SE, dense factor/manual-dummy equivalence, sparse missing patterns, and singular-warning counts; R-only model.matrix, faster_mode, poly(), formula-time non-finite transform, matrix-valued formula, and retained-empty-factor-level internals are approved divergences"
RT020,r-test-map,test-mutation-safety,true,test-inheritance,R did 2.5.1,RT020,Map mutation safety tests,RT020,tests/stata/r/test-mutation-safety.do,tests/fixtures/parity/rt020,EXACT,D004,parity-verified|approved-divergence,approved-divergence,behavioral,tests/fixtures/parity/rt020/metadata/manifest.json;tests/stata/r/test-mutation-safety.do;tests/fixtures/parity/rt020/expected/contract/upstream-test-map.csv;tests/fixtures/parity/rt020/expected/contract/approved-divergence.csv;reports/implementation-status.md,"RT020 maps R did tests/testthat/test-mutation-safety.R at sha256 f31e6211fbba13b3e8c49d1e9fa10a8c350c36d0258fc253e7798b9c6c41f5fb; Stata verifies active dataset variable names, values, and row order are unchanged for panel and repeated-cross-section inputs with and without requested fast mode; approved divergence RT020-DIV001 records that R's data.frame/data.table object-class split has no separate Stata command-surface analogue"
RT021,r-test-map,test-output-methods-coverage,true,test-inheritance,R did 2.5.1,RT021,Map output methods coverage tests,RT021,tests/stata/r/test-output-methods-coverage.do,tests/fixtures/parity/rt021,EXACT,D004,parity-verified|approved-divergence,approved-divergence,measured,tests/fixtures/parity/rt021/metadata/manifest.json;tests/stata/r/test-output-methods-coverage.do;tests/fixtures/parity/rt021/expected/contract/upstream-test-map.csv;tests/fixtures/parity/rt021/expected/contract/approved-divergence.csv;reports/implementation-status.md;tools/parity/generators/rt021/generate.R,"RT021 maps R did tests/testthat/test-output-methods-coverage.R at sha256 bc976fa5586002f0e83864fe84dc18d0b7607a4e35ec011419ffca673edae9bd; Stata verifies csdid_stats/csdid_estat output surfaces for all aggregation types and pointwise not-yet-treated dr/ipw/reg branches; approved divergences RT021-DIV001 through RT021-DIV003 record R-only conditional_did_pretest/MP.TEST, trimmer, and get_wide_data helper APIs with no public Stata command analogue CONVERTED 2026-07-27 behavioral -> measured: 27 cells across the three methods with not-yet-treated controls, pinned against R at 1e-9."
RT022,r-test-map,test-overlap-guard-cache,true,test-inheritance,R did 2.5.1,RT022,Map overlap guard cache tests,RT022,tests/stata/r/test-overlap-guard-cache.do,tests/fixtures/parity/rt022,EXACT,D004,parity-verified|approved-divergence,approved-divergence,measured,tests/fixtures/parity/rt022/metadata/manifest.json;tests/stata/r/test-overlap-guard-cache.do;tests/fixtures/parity/rt022/expected/contract/upstream-test-map.csv;tests/fixtures/parity/rt022/expected/contract/approved-divergence.csv;reports/implementation-status.md;tools/parity/generators/rt022/generate.R,"RT022 maps R did tests/testthat/test-overlap-guard-cache.R at sha256 0c703c15508197c525930dbe0718ff159c35163364020b7852a3a94ca80622d9; Stata verifies the public overlap-warning count/text assertion on the separated-design shape and absence of leaked internal 2x2 errors. Approved divergences RT022-DIV001 and RT022-DIV002 record direct calls to non-exported R overlap/rcond guard helpers and the R-only did.disable_check_cache toggle CONVERTED 2026-07-27 behavioral -> measured: the test counted overlap warnings, showing the guard triggers but not that it triggers on the SAME cells R refuses. Now compares the refusal SET against R cell for cell; R declines all six on this design and so must csdid."
RT023,r-test-map,test-pretest-vectorization,true,test-inheritance,R did 2.5.1,RT023,Map pretest vectorization tests,RT023,tests/stata/r/test-pretest-vectorization.do,tests/fixtures/parity/rt023,TOL002,D004,parity-verified|approved-divergence,approved-divergence,mapping,tests/fixtures/parity/rt023/metadata/manifest.json;tests/stata/r/test-pretest-vectorization.do;tests/fixtures/parity/rt023/expected/contract/upstream-test-map.csv;tests/fixtures/parity/rt023/expected/contract/approved-divergence.csv;reports/implementation-status.md,"RT023 maps R did tests/testthat/test-pretest-vectorization.R at sha256 7aa2650b67772424643c84a71e20ba9cd1056afa414f939aebb9031956960fe8 as approved divergence: all four source blocks directly test conditional-pretest helper internals indicator() and test.mboot(), including an R skipped large-array tiling path, and the Stata port has no public conditional_did_pretest or MP.TEST surface. Public bootstrap behavior remains verified through csdid/csdid_stats inference rows"
RT024,r-test-map,test-robustness-guards,true,test-inheritance,R did 2.5.1,RT024,Map robustness guard tests,RT024,tests/stata/r/test-robustness-guards.do,tests/fixtures/parity/rt024,EXACT,D004,parity-verified|approved-divergence,approved-divergence,measured,tests/fixtures/parity/rt024/metadata/manifest.json;tests/stata/r/test-robustness-guards.do;tests/fixtures/parity/rt024/expected/contract/upstream-test-map.csv;tests/fixtures/parity/rt024/expected/contract/approved-divergence.csv;reports/implementation-status.md;tools/parity/generators/rt024/generate.R,"RT024 maps R did tests/testthat/test-robustness-guards.R at sha256 7aead08bef062586173ef9c67430378fd9aa77f97487d93521c782e9d10f51da; Stata verifies duplicate id-time rejection, negative and zero-mean weight rejection, positive-weight acceptance, no-treated-cell warnings and missing cells, never-treated-small-control rejection, fractional unbalanced id baseline/fast equality, user columns named weights as outcome/covariate, transformed non-finite covariate dropping, and panel NaN-to-missing parity. Approved divergences RT024-DIV001 through RT024-DIV003 record R-only overlap_logit_fit/complete_finite_cases helpers and R Inf-coded never-treated timing, which has no Stata numeric analogue CONVERTED 2026-07-27 behavioral -> measured: most inputs exist to trigger refusals and remain behavioral by nature; the two designs that estimate (weighted, fractional-unbalanced) are pinned against R, 18 cells at 1e-9."
RT025,r-test-map,test-slowpath-precompute,true,test-inheritance,R did 2.5.1,RT025,Map slowpath precompute tests,RT025,tests/stata/r/test-slowpath-precompute.do,tests/fixtures/parity/rt025,TOL002,D004,parity-verified|approved-divergence,approved-divergence,measured,tests/fixtures/parity/rt025/metadata/manifest.json;tests/stata/r/test-slowpath-precompute.do;tests/fixtures/parity/rt025/expected/contract/upstream-test-map.csv;tests/fixtures/parity/rt025/expected/contract/approved-divergence.csv;reports/implementation-status.md;tools/parity/generators/rt025/generate.R,"RT025 maps R did tests/testthat/test-slowpath-precompute.R at sha256 eb3a27274bb20d2edffab5c50689c490af066d6bb63d1bd92d9d99a231482330; Stata verifies the two public invariants in the file: requested-fast fallback equality for repeated-cross-section and unbalanced inputs, and input-row-order invariance. Approved divergence RT025-DIV001 records six R-only did.disable_precompute/get_wide_data legacy-path comparisons that have no public Stata command analogue CONVERTED 2026-07-27 behavioral -> measured: the assertions compared the two internal paths to each other and checked row-order invariance, both self-consistency. Four designs now pinned against R, 48 cells at 1e-9."
RT026,r-test-map,test-tidy,true,test-inheritance,R did 2.5.1,RT026,Map tidy output tests,RT026,tests/stata/r/test-tidy.do,tests/fixtures/parity/rt026,EXACT,D004,parity-verified|approved-divergence,parity-verified,measured,tests/fixtures/parity/rt026/metadata/manifest.json;tests/stata/r/test-tidy.do;tests/fixtures/parity/rt026/expected/contract/upstream-test-map.csv;reports/implementation-status.md,"RT026 maps all tidy/nobs tests in R did tests/testthat/test-tidy.R at sha256 534afcf046f23224e61af67b1362f232bdeae6ccc8b6904383224e64f80bc9b3; mpdta-based Stata exports match R tidy ATT(g,t) and simple/group/calendar/dynamic aggregation tables for expected columns, statistic and p-value formulas, p-value bounds, and unique-unit nobs metadata"
RT027,r-test-map,test-unbalanced-faster-cluster-se,true,test-inheritance,R did 2.5.1,RT027,Map unbalanced faster cluster SE tests,RT027,tests/stata/r/test-unbalanced-faster-cluster-se.do,tests/fixtures/parity/rt027,TOL002,D004,parity-verified|approved-divergence,approved-divergence,measured,tests/fixtures/parity/rt027/metadata/manifest.json;tests/stata/r/test-unbalanced-faster-cluster-se.do;reports/implementation-status.md,"RT027 maps all three upstream R unbalanced faster clustered-SE tests. Balanced clustered fast path is parity-verified against R did 2.5.1; unbalanced clustered and iid ATT(g,t), cluster-vector alignment, cluster-sum analytical SEs, clustered-vs-iid SE difference, and simple/group/dynamic/calendar aggregations match R, while Stata records an approved divergence because fast requests on unbalanced panels fall back to baseline rather than running R's unbalanced faster_mode path."
RT028,r-test-map,test-user_bug_fixes,true,test-inheritance,R did 2.5.1,RT028,Map R user bug fix tests,RT028,tests/stata/r/test-user_bug_fixes.do,tests/fixtures/parity/rt028,TOL002,D004,parity-verified|approved-divergence,approved-divergence,measured,tests/fixtures/parity/rt028/metadata/manifest.json;tests/stata/r/test-user_bug_fixes.do;tests/fixtures/parity/rt028/expected/contract/upstream-test-map.csv;tests/fixtures/parity/rt028/expected/contract/approved-divergence.csv;reports/implementation-status.md;tools/parity/generators/rt028/generate.R,"RT028 maps R did tests/testthat/test-user_bug_fixes.R at sha256 0f77671d0453cade68ac730401d9c44c4946344866196f80f0a36ebc610c8979; Stata verifies six public user-bug behaviors: mpdta not-yet-treated regressions before and after adding a harmless t1 column, missing-covariate complete-case preprocessing, fewer observed periods than treatment groups with dynamic/group/calendar aggregation, zero pre-treatment ATT under universal/varying bases, unknown covariate rejection, and anticipation-window treatment-group coercion with fast-requested equality. Approved divergence RT028-DIV001 records the skipped R custom-estimator DRDID::drdid_rc1 repeated-cross-section small-group branch, which has no public Stata custom-estimator callback analogue CONVERTED 2026-07-27 behavioral -> measured: 48 cells across five user-bug-fix regressions - fewer periods, zero pre-treatment under both base periods, and two anticipation settings - pinned at 1e-9."
RT029,r-test-map,att_gt_point_estimate_tests,true,test-inheritance,R did 2.5.1,RT029,Map point estimate script tests,RT029,tests/stata/r/att_gt_point_estimate_tests.do,tests/fixtures/parity/rt029,TOL002,D004,parity-verified|approved-divergence,approved-divergence,measured,tests/fixtures/parity/rt029/metadata/manifest.json;tests/stata/r/att_gt_point_estimate_tests.do;tests/fixtures/parity/rt029/expected/contract/upstream-test-map.csv;tests/fixtures/parity/rt029/expected/contract/approved-divergence.csv;reports/implementation-status.md;tools/parity/generators/rt029/generate.R,"RT029 maps public point-estimate scenarios from legacy R did tests/testthat/att_gt_point_estimate_tests.R at sha256 bec9c2962d1ca9a6c881d6acf445c60bba051c8d514570724c5a45062e4bf2f4: panel methods, two-period aggregations, no-covariate fits, repeated cross-sections, unbalanced-as-RC, and not-yet-treated/no-never controls. Approved divergence RT029-DIV001 records that the source is an executable legacy script with printed output rather than formal testthat expectations CONVERTED 2026-07-27 from behavioral to measured: the test previously asserted only that at least one ATT(g,t) cell was within 0.75 of 1, which never compared anything against R. It now compares 104 cells across 13 scenarios - panel and repeated cross sections, dr/reg/ipw, with and without covariates, unbalanced, not-yet-treated, and a treated-only sample - against R ATT and SE at 1e-9."
RT030,r-test-map,att_gt_point_estimate_tests_rmd,true,test-inheritance,R did 2.5.1,RT030,Map point estimate Rmd tests,RT030,tests/stata/r/att_gt_point_estimate_tests_rmd.do,tests/fixtures/parity/rt030,TOL002,D004,parity-verified|approved-divergence,approved-divergence,measured,tests/fixtures/parity/rt030/metadata/manifest.json;tests/stata/r/att_gt_point_estimate_tests_rmd.do;tests/fixtures/parity/rt030/expected/contract/upstream-test-map.csv;tests/fixtures/parity/rt030/expected/contract/approved-divergence.csv;reports/implementation-status.md;tools/parity/generators/rt030/generate.R,"RT030 maps public point-estimate scenarios from legacy R did tests/testthat/att_gt_point_estimate_tests.Rmd at sha256 b89b726f4f3fbb78b2d5408712b7454116113ff46e5d8599837653ee6e4fff3c: panel methods, two-period aggregations, no-covariate fits, repeated cross-sections, unbalanced-as-RC, and not-yet-treated/no-never controls. Approved divergence RT030-DIV001 records that the source is an exploratory R Markdown document with printed output rather than formal testthat expectations CONVERTED 2026-07-27 from behavioral to measured, same as RT029: the loose ""one cell within 0.75 of 1"" assertion is replaced by a comparison of 104 cells across 13 scenarios against R ATT and SE at 1e-9."
RT031,r-test-map,test_sim_data_2_groups,true,test-inheritance,R did 2.5.1,RT031,Map R test file to Stata coverage,RT031,tests/stata/r/test_sim_data_2_groups.do,tests/fixtures/parity/rt031,TOL001,D004,parity-verified|approved-divergence,parity-verified,measured,tests/fixtures/parity/rt031/metadata/manifest.json;tests/stata/r/test_sim_data_2_groups.do;tools/parity/generators/rt031/generate.R,"RT031 completes the R test-suite map: all 31 files in bcallaway11/did tests/testthat are now represented. Upstream asserts an invariance rather than values - with two groups the never-treated and not-yet-treated control sets coincide, so all four control-group x base-period specifications must agree and the post cell must recover the true effect of 3, checked loosely at tol .1/.0001 because upstream has no external reference. Stata compares against R own ATT and SE at 1e-10 across all 14 cells, and asserts the invariance as well."
PY001,python-test-map,test_aggte_comprehensive,true,test-inheritance,Python csdid subordinate to R,PY001,Map Python aggregation comprehensive tests,PY001,tests/stata/python/test_aggte_comprehensive.do,tests/fixtures/parity/py001,TOL002,D004,parity-verified|approved-divergence,parity-verified,measured,tests/fixtures/parity/py001/metadata/manifest.json;tests/stata/python/test_aggte_comprehensive.do;tests/fixtures/parity/py001/expected/contract/upstream-test-map.csv;reports/implementation-status.md;tools/parity/generators/py001/generate.R,"PY001 maps all 46 public parameterizations in DrSquare/csdid csdid/test_csdid/test_aggte_comprehensive.py at sha256 0b8e87470662850acd90d96c449dfb1f51f7bd48393ad0864aa082ad693701df; Stata verifies simple/dynamic/group/calendar aggregation validity, event-time sorting and windows, balance_e filtering, positive SEs, na_rm behavior, public aggregation metadata, level preservation, and dr/reg/ipw cross-method aggregation checks through csdid_stats CONVERTED 2026-07-27 behavioral -> measured: 27 ATT(g,t) cells across the three methods plus all eight aggregation variants (simple, group, calendar, dynamic, and the min_e/max_e/balance_e dynamics) pinned against R at 1e-9."
PY002,python-test-map,test_analytical_cluster_se,true,test-inheritance,Python csdid subordinate to R,PY002,Map Python analytical cluster SE tests,PY002,tests/stata/python/test_analytical_cluster_se.do,tests/fixtures/parity/py002,TOL002,D004,parity-verified|approved-divergence,parity-verified,measured,tests/fixtures/parity/py002/metadata/manifest.json;tests/stata/python/test_analytical_cluster_se.do;tests/fixtures/parity/py002/expected/contract/upstream-test-map.csv;reports/implementation-status.md;tools/parity/generators/py002/generate.R,"PY002 maps all three assertions in DrSquare/csdid csdid/test_csdid/test_analytical_cluster_se.py at sha256 ecc53965a392860c01430282bb766dca041a86329b7d3ffcbbb3493c8fa8fb29; Stata verifies analytical clustered ATT(g,t) SEs run and are positive, clustered bootstrap SEs broadly agree with analytical clustered SEs under the recorded stochastic tolerance, and simple aggregation returns a positive analytical clustered SE CONVERTED 2026-07-27 behavioral -> measured: the test checked that clustered SEs were positive and differed from iid ones, never that they equalled R. 12 cells across the iid and clustered analytical runs are now pinned at 1e-9."
PY003,python-test-map,test_att_gt,true,test-inheritance,Python csdid subordinate to R,PY003,Map Python core ATT tests,PY003,tests/stata/python/test_att_gt.do,tests/fixtures/parity/py003,TOL002,D004,parity-verified|approved-divergence,approved-divergence,measured,tests/fixtures/parity/py003/metadata/manifest.json;tests/stata/python/test_att_gt.do;tests/fixtures/parity/py003/expected/contract/upstream-test-map.csv;tests/fixtures/parity/py003/expected/contract/approved-divergence.csv;reports/implementation-status.md;tools/parity/generators/py003/generate.R,"PY003 maps 93 public assertions from DrSquare/csdid csdid/test_csdid/test_att_gt.py at sha256 65d153387ad39131aa5a9f5f87abf9ae8081bf562cc26ff3bf390b953ea154fe to public Stata gates covering core dr/reg/ipw ATT(g,t), repeated cross-sections, unbalanced-as-RC routing, not-yet-treated controls, no-never fallback, dynamic aggregation, exposure windows, anticipation, level/cband metadata, validation, base-period modes, small-group warnings, weights, clustered SEs, fast/baseline equality, fix_weights behavior, influence-function summaries, and user column-name variations. Approved divergence PY003-DIV001 records Python callable est_method, which has no public Stata command analogue CONVERTED 2026-07-27 behavioral -> measured: 216 cells across 24 estimating scenarios, including the entire fix_weights block which had no R comparison. ATT agrees with R on ALL 24 at 1e-9; SE agrees on 22. All 24 scenarios agree with R on ATT and SE. A reported fix_weights(varying) SE divergence was traced to a STALE LOCAL R BUILD reporting version 2.5.1 without the 0.5 unit-folding factor that real 2.5.1 applies; csdid was correct throughout and no divergence remains."
PY004,python-test-map,test_cluster_analytic,true,test-inheritance,Python csdid subordinate to R,PY004,Map Python cluster analytic tests,PY004,tests/stata/python/test_cluster_analytic.do,tests/fixtures/parity/py004,TOL002,D004,parity-verified|approved-divergence,parity-verified,measured,tests/fixtures/parity/py004/metadata/manifest.json;tests/stata/python/test_cluster_analytic.do;tests/fixtures/parity/py004/expected/contract/upstream-test-map.csv;reports/implementation-status.md;tools/parity/generators/py004/generate.R,"PY004 maps all public assertions and parameterizations in DrSquare/csdid csdid/test_csdid/test_cluster_analytic.py at sha256 5c40c7f849bf0363d27bd5fdafb23417cc7b0941c4109eb6a641d95c11c8a178; Stata verifies clustered-vs-iid analytical SE differences, clustered analytical runs, simple/group/dynamic aggregation propagation, panel and repeated-cross-section bootstrap-vs-analytical broad agreement, repeated-cross-section requested-fast fallback equivalence, and all-method clustered analytical aggregation smoke CONVERTED 2026-07-27 behavioral -> measured: nine clustered analytical scenarios across methods and both panel and repeated-cross-section layouts, 54 cells, pinned against R at 1e-9."
PY005,python-test-map,test_clustered,true,test-inheritance,Python csdid subordinate to R,PY005,Map Python clustered tests,PY005,tests/stata/python/test_clustered.do,tests/fixtures/parity/py005,TOL002,D004,parity-verified|approved-divergence,parity-verified,measured,tests/fixtures/parity/py005/metadata/manifest.json;tests/stata/python/test_clustered.do;tests/fixtures/parity/py005/expected/contract/upstream-test-map.csv;reports/implementation-status.md;tools/parity/generators/py005/generate.R,"PY005 maps all five assertions in DrSquare/csdid csdid/test_csdid/test_clustered.py at sha256 bb9b20f7acdfdd01a1dda9a13bbe4a33635ed5460053e1e3be88de8c6bf3b462; Stata verifies clustered multiplier bootstrap runs with positive valid SEs, clustered and unclustered bootstrap SEs differ, unit-level clustering stays close to no-cluster bootstrap, and time-varying cluster variables are rejected CONVERTED 2026-07-27 behavioral -> measured: five seeded bootstrap scenarios (clustered, iid, and a unit-level cluster variable) pinned against R at 1e-9. The prior assertions only checked that clustered and iid bootstrap SEs differed from each other."
PY006,python-test-map,test_compute_inffunc,true,test-inheritance,Python csdid subordinate to R,PY006,Map Python compute_inffunc tests,PY006,tests/stata/python/test_compute_inffunc.do,tests/fixtures/parity/py006,TOL002,D004,parity-verified|approved-divergence,approved-divergence,measured,tests/fixtures/parity/py006/metadata/manifest.json;tests/stata/python/test_compute_inffunc.do;tests/fixtures/parity/py006/expected/contract/upstream-test-map.csv;tests/fixtures/parity/py006/expected/contract/approved-divergence.csv;reports/implementation-status.md;tools/parity/generators/py006/generate.R,"PY006 maps the default compute_inffunc=True assertion in DrSquare/csdid csdid/test_csdid/test_compute_inffunc.py at sha256 52ef77c7e10318364b3a2a6df35e5452413c5e5f4808e8206f00cfbddf0bca4c to Stata's public IF-backed command contract; Stata verifies e(inffunc), finite SEs, and aggregation postestimation. Approved divergence PY006-DIV001 records that Python's internal compute_inffunc=False point-estimates-only path has no public Stata command analogue CONVERTED 2026-07-27 behavioral -> measured: 900 influence-function entries across three methods pinned against R at 1e-9, value by value rather than by shape."
PY007,python-test-map,test_edge_cases,true,test-inheritance,Python csdid subordinate to R,PY007,Map Python edge case tests,PY007,tests/stata/python/test_edge_cases.do,tests/fixtures/parity/py007,TOL002,D004,parity-verified|approved-divergence,parity-verified,measured,tests/fixtures/parity/py007/metadata/manifest.json;tests/stata/python/test_edge_cases.do;tests/fixtures/parity/py007/expected/contract/upstream-test-map.csv;reports/implementation-status.md;tools/parity/generators/py007/generate.R,"PY007 maps all 27 parameterized tests in DrSquare/csdid csdid/test_csdid/test_edge_cases.py at sha256 c8ca36c53ceb2a42599e9cd4a55ad97d870ae76ebb4d0d512f8259d4be8b173f; Stata verifies dr/reg/ipw finite ATT(g,t) for single-treated, two-period universal-base, nonconsecutive-time, nonconsecutive-group, single-post-treatment, and repeated-cross-section unbalanced designs; nonmissing simple/dynamic/group/calendar aggregation; no-never notyet success and nevertreated fallback warning; first-period-treated warning/drop behavior; balanced-panel default; and unbalanced-ivar as repeated-cross-section behavior CONVERTED 2026-07-27 behavioral -> measured: 72 cells across 15 edge-case scenarios pinned against R at 1e-9, including non-consecutive time and cohort codes swept across all three methods."
PY008,python-test-map,test_error_handling,true,test-inheritance,Python csdid subordinate to R,PY008,Map Python error handling tests,PY008,tests/stata/python/test_error_handling.do,tests/fixtures/parity/py008,EXACT,D004,parity-verified|approved-divergence,parity-verified,behavioral,tests/fixtures/parity/py008/metadata/manifest.json;tests/stata/python/test_error_handling.do;tests/fixtures/parity/py008/expected/contract/upstream-test-map.csv;reports/implementation-status.md,"PY008 maps all 12 tests in DrSquare/csdid csdid/test_csdid/test_error_handling.py at sha256 fa1824e14730746a442ca24fd234aa9aafa50e0fd53d7540a5f6ca98f4951d73; Stata verifies missing-variable diagnostics, no-never-treated latest-cohort fallback warning, small-group warning, first-period-treated drop warning, missing-outcome drop diagnostic, na_rm aggregation after missing ATT injection, fix_weights validation, fast-request missing-column validation, invalid method validation, and irreversible treatment timing rejection"
PY009,python-test-map,test_faster_mode_consistency,true,test-inheritance,Python csdid subordinate to R,PY009,Map Python fast path tests,PY009,tests/stata/python/test_faster_mode_consistency.do,tests/fixtures/parity/py009,TOL002,D004,parity-verified|approved-divergence,parity-verified,measured,tests/fixtures/parity/py009/metadata/manifest.json;tests/stata/python/test_faster_mode_consistency.do;tests/fixtures/parity/py009/expected/contract/upstream-test-map.csv;tests/fixtures/parity/py009/expected/contract/scenarios.csv;reports/implementation-status.md;tools/parity/generators/py009/generate.R,"PY009 maps all 24 parameterizations in DrSquare/csdid csdid/test_csdid/test_faster_mode_consistency.py at sha256 0a96e5e21e880cbbc703b8ff77bee8b207debc2a5ff9865b86e37ee45c123028; because the Python source uses covariates, Stata verifies requested-fast baseline fallback equality (fast_requested=1, fast_used=0) against the standard path across panel/repeated-cross-section, nevertreated/notyettreated, dr/reg/ipw, and varying/universal base periods CONVERTED 2026-07-27 behavioral -> measured: the test proved fast equals nofast, which is self-consistency - both could be wrong together. All 24 scenarios of the same grid (panel and repeated cross sections, both control groups, three methods, both base periods) are now pinned against R: 252 cells at 1e-9."
PY010,python-test-map,test_ggdid,true,test-inheritance,Python csdid subordinate to R,PY010,Map Python plotting tests,PY010,tests/stata/python/test_ggdid.do,tests/fixtures/parity/py010,TOL005,D004,parity-verified|approved-divergence,approved-divergence,behavioral,tests/fixtures/parity/py010/metadata/manifest.json;tests/stata/python/test_ggdid.do;tests/fixtures/parity/py010/expected/contract/upstream-test-map.csv;tests/fixtures/parity/py010/expected/contract/approved-divergence.csv;reports/implementation-status.md,"PY010 maps DrSquare/csdid csdid/test_csdid/test_ggdid.py at sha256 75cc08b6418c85f2b4c73d05fa3affc239e9ee2e463165c932e899b6236f4376; Stata verifies csdid_plot plot-data exports for ATT(g,t), single-group filtering, and dynamic/group/calendar aggregation. Approved divergences record Python matplotlib styling APIs and Python's invalid-group raising behavior because the Stata port follows R did plot-data and invalid-group warning semantics"
PY011,python-test-map,test_glance,true,test-inheritance,Python csdid subordinate to R,PY011,Map Python glance tests,PY011,tests/stata/python/test_glance.do,tests/fixtures/parity/py011,EXACT,D004,parity-verified|approved-divergence,parity-verified,behavioral,tests/fixtures/parity/py011/metadata/manifest.json;tests/stata/python/test_glance.do;tests/fixtures/parity/py011/expected/contract/upstream-test-map.csv;reports/implementation-status.md,"PY011 maps all 19 tests/parameterizations in DrSquare/csdid csdid/test_csdid/test_glance.py at sha256 b750928e7c29d052194ac74ad22e928f3b153ef9d843350f422d67e40386d2ae; Stata verifies DIDparams/glance metadata keys and positive values, nobs/ngroup/ntime consistency, aggregation DIDparams for simple/dynamic/group/calendar, fast-request fallback metadata and ATT agreement, and dr/reg/ipw method metadata on the Python helper-style simulation fixture"
PY012,python-test-map,test_inference,true,test-inheritance,Python csdid subordinate to R,PY012,Map Python inference tests,PY012,tests/stata/python/test_inference.do,tests/fixtures/parity/py012,TOL002,D004,parity-verified|approved-divergence,parity-verified,measured,tests/fixtures/parity/py012/metadata/manifest.json;tests/stata/python/test_inference.do;tests/fixtures/parity/py012/expected/contract/upstream-test-map.csv;tests/fixtures/parity/py012/expected/contract/scenarios.csv;reports/implementation-status.md;tools/parity/generators/py012/generate.R,"PY012 maps all 43 parameterized assertions in DrSquare/csdid csdid/test_csdid/test_inference.py at sha256 770ee9e9c76f03810c3a0dd2f9e1d78d957262696da38b806abbb538b357965f; Stata verifies balanced-panel and repeated-cross-section finite ATT(g,t) SEs, influence-function dimensions, simple and event-level aggregation SEs, unclustered bootstrap-vs-analytical broad SE agreement, bootstrap/analytical ATT equality, overall ATT near the true effect, and DR/REG cross-method ATT agreement CONVERTED 2026-07-27 behavioral -> measured: 54 cells across panel and repeated-cross-section runs for all three methods, pinned against R at 1e-9. The prior assertions used DGP-implied targets with loose tolerances."
PY013,python-test-map,test_integration,true,test-inheritance,Python csdid subordinate to R,PY013,Map Python integration tests,PY013,tests/stata/python/test_integration.do,tests/fixtures/parity/py013,TOL002,D004,parity-verified|approved-divergence,approved-divergence,measured,tests/fixtures/parity/py013/metadata/manifest.json;tests/stata/python/test_integration.do;tests/fixtures/parity/py013/expected/contract/upstream-test-map.csv;tests/fixtures/parity/py013/expected/contract/approved-divergence.csv;reports/implementation-status.md;tools/parity/generators/py013/generate.R,"PY013 maps four public command-surface tests in DrSquare/csdid csdid/test_csdid/test_integration.py at sha256 dde98d8ba4d7084db5dcd2116f31855d558d8d042366ad22fbf69c40914ab4cb; Stata verifies ATT(g,t), simple/group/dynamic/calendar aggregations, positive simple overall ATT, dr/ipw/reg finite ATT estimates, and notyettreated controls. Approved divergence PY013-DIV001 records that Python's internal compute_inffunc=False construction-path equality test has no public Stata command analogue; public fast/requested-fast equivalence remains covered by F032 and PY009 CONVERTED 2026-07-27 behavioral -> measured: 32 cells across the three methods and a not-yet-treated run, pinned against R at 1e-9."
PY014,python-test-map,test_jel_replication,true,test-inheritance,Python csdid subordinate to R,PY014,Map Python JEL replication tests,PY014,tests/stata/python/test_jel_replication.do,tests/fixtures/parity/py014,TOL004,D004,parity-verified|approved-divergence,approved-divergence,measured,tests/fixtures/parity/py014/metadata/manifest.json;tests/stata/python/test_jel_replication.do;tests/run-jel-smoke.sh;reports/implementation-status.md,"Python JEL test inheritance audit passed for the R/Python JEL scenario map through F041-F043 plus the F040 fast-request fallback equality check; approved divergence records that the frozen Python source path csdid/test_csdid/test_jel_replication.py is absent in the available local Python checkout, so unavailable Python-specific source contents are not certified"
PY015,python-test-map,test_mboot_cluster,true,test-inheritance,Python csdid subordinate to R,PY015,Map Python multiplier bootstrap cluster tests,PY015,tests/stata/python/test_mboot_cluster.do,tests/fixtures/parity/py015,TOL003,D004,parity-verified|approved-divergence,parity-verified,measured,tests/fixtures/parity/py015/metadata/manifest.json;tests/stata/python/test_mboot_cluster.do;tests/fixtures/parity/py015/expected/contract/upstream-test-map.csv;reports/implementation-status.md;tools/parity/generators/py015/generate.R,"PY015 maps all three assertions in DrSquare/csdid csdid/test_csdid/test_mboot_cluster.py at sha256 1cfd3d4ecf4bf5b62b81a3b0096964664628398ad8d68b9c8183efb3f020d07c; Stata verifies clustered multiplier bootstrap returns finite positive SEs for unbalanced and balanced cluster designs and rejects multiple/list-valued bootstrap cluster declarations through the public wboot(cluster()) option CONVERTED 2026-07-27 behavioral -> measured: the assertions checked bootstrap metadata (iteration count, cluster count, multiplier distribution, seed) but never a bootstrap standard error. Now pins two seeded clustered-bootstrap scenarios against R at 1e-9. The comparison is only meaningful because csdid reproduces R random-number stream draw for draw, verified separately at max |dATT| 2.2e-15 and max |dSE| 5.8e-16 on a 499-iteration clustered bootstrap."
PY016,python-test-map,test_notyettreated,true,test-inheritance,Python csdid subordinate to R,PY016,Map Python not-yet-treated tests,PY016,tests/stata/python/test_notyettreated.do,tests/fixtures/parity/py016,TOL002,D004,parity-verified|approved-divergence,parity-verified,measured,tests/fixtures/parity/py016/metadata/manifest.json;tests/stata/python/test_notyettreated.do;tests/fixtures/parity/py016/expected/contract/upstream-test-map.csv;tests/fixtures/parity/py016/expected/contract/scenarios.csv;reports/implementation-status.md;tools/parity/generators/py016/generate.R,"PY016 maps all six tests in DrSquare/csdid csdid/test_csdid/test_notyettreated.py at sha256 5bec2a6cc01f1a4bc23a828ce0ef7544375647eb7258b319096e0635a4c2be4a; Stata verifies notyettreated with no never-treated group does not crash, the latest cohort is retained in e(unit_group) but excluded from e(group_prob), ATT estimates are finite, nevertreated fallback warns/coerces, and post-treatment ATT averages are positive CONVERTED 2026-07-27 from behavioral to measured: the assertions were structural (which cohorts appear in e(group_prob) and e(unit_group) under not-yet-treated controls) and never compared an estimate to R. All six ATT(g,t) cells of that run are now pinned at 1e-9."
PY017,python-test-map,test_parametric_combinations,true,test-inheritance,Python csdid subordinate to R,PY017,Map Python parametric grid tests,PY017,tests/stata/python/test_parametric_combinations.do,tests/fixtures/parity/py017,TOL002,D004,parity-verified|approved-divergence,parity-verified,measured,tests/fixtures/parity/py017/metadata/manifest.json;tests/stata/python/test_parametric_combinations.do;tests/fixtures/parity/py017/expected/contract/upstream-test-map.csv;reports/implementation-status.md;tools/parity/generators/py017/generate.R,"PY017 maps all 120 parameterized assertions in DrSquare/csdid csdid/test_csdid/test_parametric_combinations.py at sha256 ce505335fe16f7ed98196daffa628b25852474b0fd1fe948167c32f8e2502936; Stata verifies method/control/base-period grids, panel and repeated-cross-section paths, anticipation 0/1/2, bootstrap and non-bootstrap finite SE/ATT checks, full simple-aggregation integration, all aggregation types by method, and repeated-cross-section dynamic-effect checks CONVERTED 2026-07-27 behavioral -> measured: the assertions were ""at least one ATT is finite"" and ""at least one SE is positive"", which almost any implementation satisfies. All three parametric grids are now pinned against R - method x control x base, method x panel/RCS, and anticipation x method - 360 cells across 27 scenarios at 1e-9."
PY018,python-test-map,test_percell_failure,true,test-inheritance,Python csdid subordinate to R,PY018,Map Python per-cell failure tests,PY018,tests/stata/python/test_percell_failure.do,tests/fixtures/parity/py018,TOL002,D004,parity-verified|approved-divergence,parity-verified,measured,tests/fixtures/parity/py018/metadata/manifest.json;tests/stata/python/test_percell_failure.do;tests/fixtures/parity/py018/expected/contract/upstream-test-map.csv;reports/implementation-status.md,"PY018 maps all four tests in DrSquare/csdid csdid/test_csdid/test_percell_failure.py at sha256 e15c0c8cde82b8d035fa285f344be7735b775e15d5b0b9fc4dd2159c5f05fe8e; the Stata gate verifies collinear-covariate no-crash behavior, tiny-group no-crash and viable-group finite-cell behavior, failed-cell missingness expectations, normal-data no-regression behavior, and stricter R-backed zero-weight, overlap, singular-control, and small-comparison-group cases with exact missing-pattern/warning-count checks plus TOL002 finite ATT/SE parity"
PY019,python-test-map,test_r_parity,true,test-inheritance,Python csdid subordinate to R,PY019,Map Python live R parity tests,PY019,tests/stata/python/test_r_parity.do,tests/fixtures/parity/py019,TOL002,D004,parity-verified|approved-divergence,parity-verified,measured,tests/fixtures/parity/py019/metadata/manifest.json;tests/stata/python/test_r_parity.do;tests/fixtures/parity/py019/expected/contract/upstream-test-map.csv;reports/implementation-status.md,"PY019 maps all 36 public parameterizations in DrSquare/csdid csdid/test_csdid/test_r_parity.py at sha256 59eda1cbb9b794dc8bfdd3b15d3695ab2fa9d05e67174feee11e6b026f7f95bd; Stata verifies ATT(g,t), simple/group/dynamic/calendar overall aggregation, group/dynamic/calendar event-level aggregation, time-varying fix_weights ATT(g,t), factor-covariate parity with standard and requested-fast fallback paths, and repeated-cross-section, universal-base, anticipation, weighted, and clustered gap scenarios against the frozen R reference CSVs under the source Python tolerances"
PY020,python-test-map,test_review_fixes,true,test-inheritance,Python csdid subordinate to R,PY020,Map Python review fix tests,PY020,tests/stata/python/test_review_fixes.do,tests/fixtures/parity/py020,TOL002,D004,parity-verified|approved-divergence,approved-divergence,measured,tests/fixtures/parity/py020/metadata/manifest.json;tests/stata/python/test_review_fixes.do;tests/fixtures/parity/py020/expected/contract/upstream-test-map.csv;tests/fixtures/parity/py020/expected/contract/approved-divergence.csv;reports/implementation-status.md;tools/parity/generators/py020/generate.R,"PY020 maps all 31 tests/parameterizations in DrSquare/csdid csdid/test_csdid/test_review_fixes.py at sha256 e0206e8d37d5577d9616449dda9d1d0e74ffce4adb0f608cf36aa9f02b816711; Stata verifies 20 public review-fix behaviors including factor covariates, fast fallback equality, clustered bootstrap/analytical SE sanity, anticipation/coercion, boolean outcome analogue, formula validation, unbalanced routing, universal-base missing-SE handling, and id validation. Eleven Python helper/object-model, non-Stata-option, logical-dtype, or R-incompatible deterministic zero-IF tests are recorded as approved divergences PY020-DIV001 through PY020-DIV005 CONVERTED 2026-07-27 behavioral -> measured: 16 cells across five scenarios at 1e-9, including Stata factor covariates (i.cat_code, mapping to R factor(cat_code)), a repeated-cross-section run, and a seeded clustered bootstrap."
PY021,python-test-map,test_sim_parity,true,test-inheritance,Python csdid subordinate to R,PY021,Map Python simulation parity tests,PY021,tests/stata/python/test_sim_parity.do,tests/fixtures/parity/py021,TOL002,D004,parity-verified|approved-divergence,parity-verified,measured,tests/fixtures/parity/py021/metadata/manifest.json;tests/stata/python/test_sim_parity.do;tests/fixtures/parity/py021/expected/contract/upstream-test-map.csv;reports/implementation-status.md,"PY021 maps all 24 parameterizations in DrSquare/csdid csdid/test_csdid/test_sim_parity.py at sha256 16316fc012ce07f4cf158f94fb093115f1757db0ca58fe079721d0c87800955a; Stata verifies ATT(g,t) and analytical SE parity against frozen R simulation references for six datasets, nevertreated/notyettreated controls, and dr/reg estimators under the source Python tolerances"
PY022,python-test-map,test_tidy,true,test-inheritance,Python csdid subordinate to R,PY022,Map Python tidy tests,PY022,tests/stata/python/test_tidy.do,tests/fixtures/parity/py022,EXACT,D004,parity-verified|approved-divergence,parity-verified,behavioral,tests/fixtures/parity/py022/metadata/manifest.json;tests/stata/python/test_tidy.do;tests/fixtures/parity/py022/expected/contract/upstream-test-map.csv;reports/implementation-status.md,"PY022 maps all 16 tests/parameterizations in DrSquare/csdid csdid/test_csdid/test_tidy.py at sha256 006ac8aeb138a660153baa5c157f61e8016ebd5cc04583c7c8aa9c29c09a9502; Stata verifies nonempty ATT(g,t) tidy output with group/time/estimate columns, finite ATT and positive SE values, aggregation result keys and egt values for simple/dynamic/group/calendar, nobs metadata, and dr/reg/ipw cross-method tidy output"
PY023,python-test-map,test_user_bug_fixes,true,test-inheritance,Python csdid subordinate to R,PY023,Map Python user bug fix tests,PY023,tests/stata/python/test_user_bug_fixes.do,tests/fixtures/parity/py023,TOL002,D004,parity-verified|approved-divergence,parity-verified,measured,tests/fixtures/parity/py023/metadata/manifest.json;tests/stata/python/test_user_bug_fixes.do;tests/fixtures/parity/py023/expected/contract/upstream-test-map.csv;reports/implementation-status.md;tools/parity/generators/py023/generate.R,"PY023 maps all nine tests in DrSquare/csdid csdid/test_csdid/test_user_bug_fixes.py at sha256 48f8fa1d991d14a0739c359fd16477e2497c4c6f5385b2b92ec698389ec3f6fc; Stata verifies mpdta not-yet-treated regressions before and after adding a harmless t1 column, missing-covariate complete-case preprocessing, fewer observed periods than treatment groups with dynamic/group/calendar aggregation and dr/reg/ipw method grid, zero pre-treatment ATT under universal/varying bases, unknown covariate rejection, and anticipation-window treatment-group coercion CONVERTED 2026-07-27 behavioral -> measured: 72 cells across seven user-bug-fix regressions at 1e-9, including mpdta with and without covariates under not-yet-treated controls, zero pre-treatment under both base periods, and two anticipation settings."
PY024,python-test-map,test_validation,true,test-inheritance,Python csdid subordinate to R,PY024,Map Python validation tests,PY024,tests/stata/python/test_validation.do,tests/fixtures/parity/py024,EXACT,D004,parity-verified|approved-divergence,approved-divergence,behavioral,tests/fixtures/parity/py024/metadata/manifest.json;tests/stata/python/test_validation.do;tests/fixtures/parity/py024/expected/contract/upstream-test-map.csv;reports/implementation-status.md,"PY024 maps 20 of 22 tests/parameterizations in DrSquare/csdid csdid/test_csdid/test_validation.py at sha256 90f92c37e1123518cb4d9c3aaa9389ec6f92889b53a569fa11553cc21609b969; Stata verifies missing variables, type checks, negative treatment timing, duplicate id-time rows, invalid levels, invalid bootstrap reps, negative anticipation, unsupported control_group, negative weights, and a valid fit; approved divergence covers Python-only reserved internal column names w and rowid, which do not map to the public Stata command surface"
JEL001,jel-script,R master script,true,empirical,JEL-DiD,JEL001,Run R JEL master pipeline,JEL001,tests/stata/jel/test-artifact-contract.do,tests/fixtures/jel/jel001,TOL004,D006,parity-verified|approved-divergence,parity-verified,measured,tests/fixtures/jel/jel001/metadata/manifest.json;tests/fixtures/jel/jel001/expected/contract/artifact-audit.csv;tests/fixtures/jel/jel001/expected/contract/full-reproduction-evidence.csv;tests/stata/jel/test-artifact-contract.do;reports/jel-replication-summary.md;reports/jel-full-reproduction-result.md;tools/jel/run-full-reproduction.py,JEL empirical artifact parity is verified for conformance profile v1: the committed artifact is hashed/audited in the default fixture and linked to the full R/Stata master reproduction pass recorded in reports/jel-full-reproduction-result.md.
JEL002,jel-script,Stata master script,true,empirical,JEL-DiD,JEL002,Run Stata JEL master with isolated ado path,JEL002,tests/stata/jel/test-artifact-contract.do,tests/fixtures/jel/jel002,TOL004,D006,parity-verified|approved-divergence,parity-verified,measured,tests/fixtures/jel/jel002/metadata/manifest.json;tests/fixtures/jel/jel002/expected/contract/artifact-audit.csv;tests/fixtures/jel/jel002/expected/contract/full-reproduction-evidence.csv;tests/stata/jel/test-artifact-contract.do;reports/jel-replication-summary.md;reports/jel-full-reproduction-result.md;tools/jel/run-full-reproduction.py,JEL empirical artifact parity is verified for conformance profile v1: the committed artifact is hashed/audited in the default fixture and linked to the full R/Stata master reproduction pass recorded in reports/jel-full-reproduction-result.md.
JEL003,jel-table,table1,true,empirical,JEL-DiD,JEL003,Compare table1 R and Stata artifacts,JEL003,tests/stata/jel/test-artifact-contract.do,tests/fixtures/jel/jel003,TOL004,D006,parity-verified|approved-divergence,parity-verified,measured,tests/fixtures/jel/jel003/metadata/manifest.json;tests/fixtures/jel/jel003/expected/contract/artifact-audit.csv;tests/fixtures/jel/jel003/expected/contract/full-reproduction-evidence.csv;tests/stata/jel/test-artifact-contract.do;reports/jel-replication-summary.md;reports/jel-full-reproduction-result.md;tools/jel/run-full-reproduction.py,JEL empirical artifact parity is verified for conformance profile v1: the committed artifact is hashed/audited in the default fixture and linked to the full R/Stata master reproduction pass recorded in reports/jel-full-reproduction-result.md.
JEL004,jel-table,table2,true,empirical,JEL-DiD,JEL004,Compare table2 R and Stata artifacts,JEL004,tests/stata/jel/test-artifact-contract.do,tests/fixtures/jel/jel004,TOL004,D006,parity-verified|approved-divergence,parity-verified,measured,tests/fixtures/jel/jel004/metadata/manifest.json;tests/fixtures/jel/jel004/expected/contract/artifact-audit.csv;tests/fixtures/jel/jel004/expected/contract/full-reproduction-evidence.csv;tests/stata/jel/test-artifact-contract.do;reports/jel-replication-summary.md;reports/jel-full-reproduction-result.md;tools/jel/run-full-reproduction.py,JEL empirical artifact parity is verified for conformance profile v1: the committed artifact is hashed/audited in the default fixture and linked to the full R/Stata master reproduction pass recorded in reports/jel-full-reproduction-result.md.
JEL005,jel-table,table3,true,empirical,JEL-DiD,JEL005,Compare table3 R and Stata artifacts,JEL005,tests/stata/jel/test-artifact-contract.do,tests/fixtures/jel/jel005,TOL004,D006,parity-verified|approved-divergence,parity-verified,measured,tests/fixtures/jel/jel005/metadata/manifest.json;tests/fixtures/jel/jel005/expected/contract/artifact-audit.csv;tests/fixtures/jel/jel005/expected/contract/full-reproduction-evidence.csv;tests/stata/jel/test-artifact-contract.do;reports/jel-replication-summary.md;reports/jel-full-reproduction-result.md;tools/jel/run-full-reproduction.py,JEL empirical artifact parity is verified for conformance profile v1: the committed artifact is hashed/audited in the default fixture and linked to the full R/Stata master reproduction pass recorded in reports/jel-full-reproduction-result.md.
JEL006,jel-table,table4,true,empirical,JEL-DiD,JEL006,Compare table4 R and Stata artifacts,JEL006,tests/stata/jel/test-artifact-contract.do,tests/fixtures/jel/jel006,TOL004,D006,parity-verified|approved-divergence,parity-verified,measured,tests/fixtures/jel/jel006/metadata/manifest.json;tests/fixtures/jel/jel006/expected/contract/artifact-audit.csv;tests/fixtures/jel/jel006/expected/contract/full-reproduction-evidence.csv;tests/stata/jel/test-artifact-contract.do;reports/jel-replication-summary.md;reports/jel-full-reproduction-result.md;tools/jel/run-full-reproduction.py,JEL empirical artifact parity is verified for conformance profile v1: the committed artifact is hashed/audited in the default fixture and linked to the full R/Stata master reproduction pass recorded in reports/jel-full-reproduction-result.md.
JEL007,jel-table,table5,true,empirical,JEL-DiD,JEL007,Compare table5 R and Stata artifacts,JEL007,tests/stata/jel/test-artifact-contract.do,tests/fixtures/jel/jel007,TOL004,D006,parity-verified|approved-divergence,parity-verified,measured,tests/fixtures/jel/jel007/metadata/manifest.json;tests/fixtures/jel/jel007/expected/contract/artifact-audit.csv;tests/fixtures/jel/jel007/expected/contract/full-reproduction-evidence.csv;tests/stata/jel/test-artifact-contract.do;reports/jel-replication-summary.md;reports/jel-full-reproduction-result.md;tools/jel/run-full-reproduction.py,JEL empirical artifact parity is verified for conformance profile v1: the committed artifact is hashed/audited in the default fixture and linked to the full R/Stata master reproduction pass recorded in reports/jel-full-reproduction-result.md.
JEL008,jel-table,table6,true,empirical,JEL-DiD,JEL008,Compare table6 R and Stata artifacts,JEL008,tests/stata/jel/test-artifact-contract.do,tests/fixtures/jel/jel008,TOL004,D006,parity-verified|approved-divergence,parity-verified,measured,tests/fixtures/jel/jel008/metadata/manifest.json;tests/fixtures/jel/jel008/expected/contract/artifact-audit.csv;tests/fixtures/jel/jel008/expected/contract/full-reproduction-evidence.csv;tests/stata/jel/test-artifact-contract.do;reports/jel-replication-summary.md;reports/jel-full-reproduction-result.md;tools/jel/run-full-reproduction.py,JEL empirical artifact parity is verified for conformance profile v1: the committed artifact is hashed/audited in the default fixture and linked to the full R/Stata master reproduction pass recorded in reports/jel-full-reproduction-result.md.
JEL009,jel-table,table7,true,empirical,JEL-DiD,JEL009,Compare table7 R and Stata artifacts,JEL009,tests/stata/jel/test-artifact-contract.do,tests/fixtures/jel/jel009,TOL004,D006,parity-verified|approved-divergence,parity-verified,measured,tests/fixtures/jel/jel009/metadata/manifest.json;tests/fixtures/jel/jel009/expected/contract/artifact-audit.csv;tests/fixtures/jel/jel009/expected/contract/full-reproduction-evidence.csv;tests/stata/jel/test-artifact-contract.do;reports/jel-replication-summary.md;reports/jel-full-reproduction-result.md;tools/jel/run-full-reproduction.py,JEL empirical artifact parity is verified for conformance profile v1: the committed artifact is hashed/audited in the default fixture and linked to the full R/Stata master reproduction pass recorded in reports/jel-full-reproduction-result.md.
JEL010,jel-figure,figure1,true,empirical,JEL-DiD,JEL010,Compare figure1 plot data and rendering,JEL010,tests/stata/jel/test-artifact-contract.do,tests/fixtures/jel/jel010,TOL006,D006,parity-verified|approved-divergence,parity-verified,measured,tests/fixtures/jel/jel010/metadata/manifest.json;tests/fixtures/jel/jel010/expected/contract/artifact-audit.csv;tests/fixtures/jel/jel010/expected/contract/full-reproduction-evidence.csv;tests/stata/jel/test-artifact-contract.do;reports/jel-replication-summary.md;reports/jel-full-reproduction-result.md;tools/jel/run-full-reproduction.py,JEL empirical artifact parity is verified for conformance profile v1: the committed artifact is hashed/audited in the default fixture and linked to the full R/Stata master reproduction pass recorded in reports/jel-full-reproduction-result.md.
JEL011,jel-figure,figure2,true,empirical,JEL-DiD,JEL011,Compare figure2 plot data and rendering,JEL011,tests/stata/jel/test-artifact-contract.do,tests/fixtures/jel/jel011,TOL006,D006,parity-verified|approved-divergence,parity-verified,measured,tests/fixtures/jel/jel011/metadata/manifest.json;tests/fixtures/jel/jel011/expected/contract/artifact-audit.csv;tests/fixtures/jel/jel011/expected/contract/full-reproduction-evidence.csv;tests/stata/jel/test-artifact-contract.do;reports/jel-replication-summary.md;reports/jel-full-reproduction-result.md;tools/jel/run-full-reproduction.py,JEL empirical artifact parity is verified for conformance profile v1: the committed artifact is hashed/audited in the default fixture and linked to the full R/Stata master reproduction pass recorded in reports/jel-full-reproduction-result.md.
JEL012,jel-figure,figure3,true,empirical,JEL-DiD,JEL012,Compare figure3 plot data and rendering,JEL012,tests/stata/jel/test-artifact-contract.do,tests/fixtures/jel/jel012,TOL006,D006,parity-verified|approved-divergence,parity-verified,measured,tests/fixtures/jel/jel012/metadata/manifest.json;tests/fixtures/jel/jel012/expected/contract/artifact-audit.csv;tests/fixtures/jel/jel012/expected/contract/full-reproduction-evidence.csv;tests/stata/jel/test-artifact-contract.do;reports/jel-replication-summary.md;reports/jel-full-reproduction-result.md;tools/jel/run-full-reproduction.py,JEL empirical artifact parity is verified for conformance profile v1: the committed artifact is hashed/audited in the default fixture and linked to the full R/Stata master reproduction pass recorded in reports/jel-full-reproduction-result.md.
JEL013,jel-figure,figure4,true,empirical,JEL-DiD,JEL013,Compare figure4 plot data and rendering,JEL013,tests/stata/jel/test-artifact-contract.do,tests/fixtures/jel/jel013,TOL006,D006,parity-verified|approved-divergence,parity-verified,measured,tests/fixtures/jel/jel013/metadata/manifest.json;tests/fixtures/jel/jel013/expected/contract/artifact-audit.csv;tests/fixtures/jel/jel013/expected/contract/full-reproduction-evidence.csv;tests/stata/jel/test-artifact-contract.do;reports/jel-replication-summary.md;reports/jel-full-reproduction-result.md;tools/jel/run-full-reproduction.py,JEL empirical artifact parity is verified for conformance profile v1: the committed artifact is hashed/audited in the default fixture and linked to the full R/Stata master reproduction pass recorded in reports/jel-full-reproduction-result.md.
JEL014,jel-figure,figure5,true,empirical,JEL-DiD,JEL014,Compare figure5 plot data and rendering,JEL014,tests/stata/jel/test-artifact-contract.do,tests/fixtures/jel/jel014,TOL006,D006,parity-verified|approved-divergence,parity-verified,measured,tests/fixtures/jel/jel014/metadata/manifest.json;tests/fixtures/jel/jel014/expected/contract/artifact-audit.csv;tests/fixtures/jel/jel014/expected/contract/full-reproduction-evidence.csv;tests/stata/jel/test-artifact-contract.do;reports/jel-replication-summary.md;reports/jel-full-reproduction-result.md;tools/jel/run-full-reproduction.py,JEL empirical artifact parity is verified for conformance profile v1: the committed artifact is hashed/audited in the default fixture and linked to the full R/Stata master reproduction pass recorded in reports/jel-full-reproduction-result.md.
JEL015,jel-figure,figure6,true,empirical,JEL-DiD,JEL015,Compare figure6 plot data and rendering,JEL015,tests/stata/jel/test-artifact-contract.do,tests/fixtures/jel/jel015,TOL006,D006,parity-verified|approved-divergence,parity-verified,measured,tests/fixtures/jel/jel015/metadata/manifest.json;tests/fixtures/jel/jel015/expected/contract/artifact-audit.csv;tests/fixtures/jel/jel015/expected/contract/full-reproduction-evidence.csv;tests/stata/jel/test-artifact-contract.do;reports/jel-replication-summary.md;reports/jel-full-reproduction-result.md;tools/jel/run-full-reproduction.py,JEL empirical artifact parity is verified for conformance profile v1: the committed artifact is hashed/audited in the default fixture and linked to the full R/Stata master reproduction pass recorded in reports/jel-full-reproduction-result.md.
JEL016,jel-figure,figure7,true,empirical,JEL-DiD,JEL016,Compare figure7 plot data and rendering,JEL016,tests/stata/jel/test-artifact-contract.do,tests/fixtures/jel/jel016,TOL006,D006,parity-verified|approved-divergence,parity-verified,measured,tests/fixtures/jel/jel016/metadata/manifest.json;tests/fixtures/jel/jel016/expected/contract/artifact-audit.csv;tests/fixtures/jel/jel016/expected/contract/full-reproduction-evidence.csv;tests/stata/jel/test-artifact-contract.do;reports/jel-replication-summary.md;reports/jel-full-reproduction-result.md;tools/jel/run-full-reproduction.py,JEL empirical artifact parity is verified for conformance profile v1: the committed artifact is hashed/audited in the default fixture and linked to the full R/Stata master reproduction pass recorded in reports/jel-full-reproduction-result.md.
JEL017,jel-figure,figure8,true,empirical,JEL-DiD,JEL017,Compare figure8 plot data and rendering,JEL017,tests/stata/jel/test-artifact-contract.do,tests/fixtures/jel/jel017,TOL006,D006,parity-verified|approved-divergence,parity-verified,measured,tests/fixtures/jel/jel017/metadata/manifest.json;tests/fixtures/jel/jel017/expected/contract/artifact-audit.csv;tests/fixtures/jel/jel017/expected/contract/full-reproduction-evidence.csv;tests/stata/jel/test-artifact-contract.do;reports/jel-replication-summary.md;reports/jel-full-reproduction-result.md;tools/jel/run-full-reproduction.py,JEL empirical artifact parity is verified for conformance profile v1: the committed artifact is hashed/audited in the default fixture and linked to the full R/Stata master reproduction pass recorded in reports/jel-full-reproduction-result.md.
JEL018,jel-figure,figure9,true,empirical,JEL-DiD,JEL018,Compare figure9 plot data and rendering,JEL018,tests/stata/jel/test-artifact-contract.do,tests/fixtures/jel/jel018,TOL006,D006,parity-verified|approved-divergence,parity-verified,measured,tests/fixtures/jel/jel018/metadata/manifest.json;tests/fixtures/jel/jel018/expected/contract/artifact-audit.csv;tests/fixtures/jel/jel018/expected/contract/full-reproduction-evidence.csv;tests/stata/jel/test-artifact-contract.do;reports/jel-replication-summary.md;reports/jel-full-reproduction-result.md;tools/jel/run-full-reproduction.py,JEL empirical artifact parity is verified for conformance profile v1: the committed artifact is hashed/audited in the default fixture and linked to the full R/Stata master reproduction pass recorded in reports/jel-full-reproduction-result.md.
ENG001,engineering,Engineering reference inventory,true,contract,Stata engineering references,ENG001,Freeze pinned Mauricio Caceres Bravo and Sergio Correia engineering inventory,ENG001,tests/meta/test-engineering-inventory.sh,docs/stata-engineering-references.md,EXACT,D009,parity-verified|approved-divergence,parity-verified,measured,docs/stata-engineering-references.md;tests/meta/test-engineering-inventory.sh;reports/engineering-audit.md,Pinned Mauricio Caceres Bravo and Sergio Correia engineering-reference inventory is frozen and meta-tested
ENG002,engineering,Ado and Mata architecture,true,contract,Stata engineering references,ENG002,Freeze command layout Mata boundaries and postestimation architecture,ENG002,tests/meta/test-engineering-architecture.sh,docs/stata-engineering-references.md,EXACT,D009,parity-verified|approved-divergence,parity-verified,mapping,docs/stata-engineering-references.md;tests/meta/test-engineering-architecture.sh;reports/engineering-audit.md,Frozen ado/Mata architecture and command layout are documented and meta-tested against current source structure
ENG003,engineering,Dependency policy,true,contract,Stata engineering references,ENG003,Classify gtools ftools reghdfe drdid honestdid and utility dependencies,ENG003,tests/meta/test-dependency-policy.sh,docs/stata-engineering-references.md,EXACT,D009,parity-verified|approved-divergence,parity-verified,mapping,docs/stata-engineering-references.md;tests/meta/test-dependency-policy.sh;reports/engineering-audit.md,"Dependency policy is frozen and meta-tested: optional fast paths only for gtools/ftools, no required reghdfe, honestdid JEL/test-only, no network installs in default runtime tests"
ENG004,engineering,Performance style,true,contract,Stata engineering references,ENG004,Freeze grouping aggregation covariance and memory performance plan,ENG004,tests/meta/test-performance-plan.sh,docs/stata-engineering-references.md,TOL007,D009,parity-verified|approved-divergence,parity-verified,measured,docs/stata-engineering-references.md;inst/spec/bench-budgets.yml;tests/meta/test-performance-plan.sh;reports/engineering-audit.md,Performance plan and F049 budget evidence are frozen and meta-tested for default small/medium/aggregation budgets plus optional fast-path policy
ENG005,engineering,Engineering audit,true,release,Stata engineering references,ENG005,Implementation must pass style dependency state and performance audit,ENG005,tests/meta/test-engineering-audit.sh,reports/engineering-audit.md,EXACT,D009,parity-verified|approved-divergence,parity-verified,measured,reports/engineering-audit.md;tests/meta/test-engineering-audit.sh;reports/hardening-status.md;reports/implementation-status.md;reports/jel-full-reproduction-result.md;docs/release-checklist.md;NEWS.md,"Engineering audit is parity-verified for conformance profile v1: architecture, dependency, performance, install, smoke, JEL full reproduction, migration, release checklist, and release-note evidence are recorded and meta-tested."
F052,panel,Declared repeated cross sections,true,core,R did 2.5.1,F052,rcs option declares repeated cross sections when the data carry an identifier,F052,tests/stata/test-f052.do,tests/fixtures/parity/f052,TOL002,D001,parity-verified|approved-divergence,parity-verified,measured,tests/fixtures/parity/f052/metadata/manifest.json;tests/stata/test-f052.do,"rcs is the counterpart of R did panel=FALSE: ivar() may be supplied alongside it, is validated and marks the estimation sample, then does not enter estimation, matching R which overwrites idname with a row sequence. Fixture is a balanced panel with a real identifier so both readings are well formed; the generator refuses to write it unless the two readings differ, and the test pins csdid to panel=FALSE and away from panel=TRUE. Verified on Stata 17 MP against R did 2.5.1: max |ATT| gap 6.7e-16, max |SE| gap 1.4e-17. Conflicting panel-shaped options bal(full), bal(pair) and fixweights(base|first) are refused with r(198)."
F053,postestimation,Results export via saving(),true,core,Stata postestimation conventions,F053,saving() on every estat subcommand writes the result it computed,F053,tests/stata/test-f053.do,tests/fixtures/parity/f053,EXACT,D008,parity-verified|approved-divergence,parity-verified,behavioral,tests/fixtures/parity/f053/metadata/manifest.json;tests/stata/test-f053.do,"Owner-directed: saving() is the Stata idiom for writing a result to a file, so it is an option on the subcommand rather than a separate export command. Before this it worked on estat tidy and estat glance only; estat attgt refused it and the five aggregation subcommands PARSED it and then ignored it, so estat event, saving(f) returned rc 0 and wrote no file. estat tidy and estat glance keep working and are undocumented, and the test pins them against the new spellings so the two paths cannot drift. Test qualified: seeding the aggregation branch back to ignoring saving() turns it red."
F054,panel,Pair-balanced 2x2,true,core,Stata csdid Version 1.82 per-comparison balancing,F054,bal(pair) keeps the units observed in both periods of each 2x2,F054,tests/stata/test-f054.do,tests/fixtures/parity/f054,TOL001,D008,parity-verified|approved-divergence,parity-verified,measured,tests/fixtures/parity/f054/metadata/manifest.json;tests/stata/test-f054.do,"Restores the per-comparison balancing Version 1.82 did silently. Verified against an independently derived oracle -- a two-period DiD per cell with the influence function built by hand, not did::att_gt, which has no such mode: max |ATT| gap 1.1e-16, max |SE| gap 3.5e-18, per-cell unit counts exact. The n_units/cell-count IF scaling could not be settled by reading the kernel and is settled by that oracle. e(panel_mode) reports pair-balanced, a fourth value: reporting allow_unbalanced would name a different estimator. The fast kernel is excluded because it assumes one fixed unit set per cell -- it produced the right ATT but reported unrestricted group sizes. Test qualified: disabling the per-cell mask turns it red."
