design,campaign,tree,cell,seconds
phase-400k,xprof-r1,f1-repaired,wall,1.349
phase-400k,xprof-r1,f1-repaired,ado_prescan,.119
phase-400k,xprof-r1,f1-repaired,ado_engine_call,1.09
phase-400k,xprof-r1,f1-repaired,p_setup,.367
phase-400k,xprof-r1,f1-repaired,p_buckets,.212
phase-400k,xprof-r1,f1-repaired,p_fit,.2280000000000001
phase-400k,xprof-r1,f1-repaired,p_ifasm,.0910000000000001
phase-400k,xprof-r1,f1-repaired,p_store,.003
phase-400k,xprof-r1,f1-repaired,p_cluster,0
phase-400k,xprof-r1,f1-repaired,p_boot,0
phase-400k,xprof-r1,f1-repaired,p_agg,0
phase-400k,xprof-r1,f1-repaired,x_driver,1.012
phase-400k,xprof-r1,f1-repaired,x_settle,.126
phase-400k,xprof-r1,f1-repaired,x_layout,.216
phase-400k,xprof-r1,f1-repaired,x_probs_alloc,.025
phase-400k,xprof-r1,f1-repaired,x_buckets_grid,.212
phase-400k,xprof-r1,f1-repaired,x_cell_slice,.005
phase-400k,xprof-r1,f1-repaired,x_cell_rows,.1080000000000001
phase-400k,xprof-r1,f1-repaired,wall,1.352
phase-400k,xprof-r1,f1-repaired,ado_prescan,.122
phase-400k,xprof-r1,f1-repaired,ado_engine_call,1.092
phase-400k,xprof-r1,f1-repaired,p_setup,.349
phase-400k,xprof-r1,f1-repaired,p_buckets,.215
phase-400k,xprof-r1,f1-repaired,p_fit,.2360000000000001
phase-400k,xprof-r1,f1-repaired,p_ifasm,.0940000000000001
phase-400k,xprof-r1,f1-repaired,p_store,.003
phase-400k,xprof-r1,f1-repaired,p_cluster,0
phase-400k,xprof-r1,f1-repaired,p_boot,0
phase-400k,xprof-r1,f1-repaired,p_agg,0
phase-400k,xprof-r1,f1-repaired,x_driver,1.018
phase-400k,xprof-r1,f1-repaired,x_settle,.125
phase-400k,xprof-r1,f1-repaired,x_layout,.2
phase-400k,xprof-r1,f1-repaired,x_probs_alloc,.024
phase-400k,xprof-r1,f1-repaired,x_buckets_grid,.216
phase-400k,xprof-r1,f1-repaired,x_cell_slice,.01
phase-400k,xprof-r1,f1-repaired,x_cell_rows,.1080000000000001
phase-400k,xprof-r1,f1-repaired,wall,1.354
phase-400k,xprof-r1,f1-repaired,ado_prescan,.121
phase-400k,xprof-r1,f1-repaired,ado_engine_call,1.093
phase-400k,xprof-r1,f1-repaired,p_setup,.35
phase-400k,xprof-r1,f1-repaired,p_buckets,.218
phase-400k,xprof-r1,f1-repaired,p_fit,.2330000000000002
phase-400k,xprof-r1,f1-repaired,p_ifasm,.0930000000000001
phase-400k,xprof-r1,f1-repaired,p_store,.003
phase-400k,xprof-r1,f1-repaired,p_cluster,0
phase-400k,xprof-r1,f1-repaired,p_boot,0
phase-400k,xprof-r1,f1-repaired,p_agg,0
phase-400k,xprof-r1,f1-repaired,x_driver,1.018
phase-400k,xprof-r1,f1-repaired,x_settle,.125
phase-400k,xprof-r1,f1-repaired,x_layout,.2
phase-400k,xprof-r1,f1-repaired,x_probs_alloc,.025
phase-400k,xprof-r1,f1-repaired,x_buckets_grid,.219
phase-400k,xprof-r1,f1-repaired,x_cell_slice,.007
phase-400k,xprof-r1,f1-repaired,x_cell_rows,.1140000000000001
phase-400k,xprof-r1,f1-repaired,wall,1.359
phase-400k,xprof-r1,f1-repaired,ado_prescan,.121
phase-400k,xprof-r1,f1-repaired,ado_engine_call,1.1
phase-400k,xprof-r1,f1-repaired,p_setup,.35
phase-400k,xprof-r1,f1-repaired,p_buckets,.219
phase-400k,xprof-r1,f1-repaired,p_fit,.2340000000000001
phase-400k,xprof-r1,f1-repaired,p_ifasm,.0970000000000001
phase-400k,xprof-r1,f1-repaired,p_store,.003
phase-400k,xprof-r1,f1-repaired,p_cluster,0
phase-400k,xprof-r1,f1-repaired,p_boot,0
phase-400k,xprof-r1,f1-repaired,p_agg,0
phase-400k,xprof-r1,f1-repaired,x_driver,1.024
phase-400k,xprof-r1,f1-repaired,x_settle,.125
phase-400k,xprof-r1,f1-repaired,x_layout,.2
phase-400k,xprof-r1,f1-repaired,x_probs_alloc,.025
phase-400k,xprof-r1,f1-repaired,x_buckets_grid,.22
phase-400k,xprof-r1,f1-repaired,x_cell_slice,.01
phase-400k,xprof-r1,f1-repaired,x_cell_rows,.1110000000000001
phase-400k,xprof-r1,174d27b,wall,1.331
phase-400k,xprof-r1,174d27b,ado_prescan,.119
phase-400k,xprof-r1,174d27b,ado_engine_call,1.077
phase-400k,xprof-r1,174d27b,p_setup,.345
phase-400k,xprof-r1,174d27b,p_buckets,.21
phase-400k,xprof-r1,174d27b,p_fit,.2320000000000002
phase-400k,xprof-r1,174d27b,p_ifasm,.0940000000000001
phase-400k,xprof-r1,174d27b,p_store,.003
phase-400k,xprof-r1,174d27b,p_cluster,0
phase-400k,xprof-r1,174d27b,p_boot,0
phase-400k,xprof-r1,174d27b,p_agg,0
phase-400k,xprof-r1,174d27b,x_driver,1.068
phase-400k,xprof-r1,174d27b,x_settle,.124
phase-400k,xprof-r1,174d27b,x_layout,.198
phase-400k,xprof-r1,174d27b,x_probs_alloc,.023
phase-400k,xprof-r1,174d27b,x_buckets_grid,.21
phase-400k,xprof-r1,174d27b,x_cell_slice,.01
phase-400k,xprof-r1,174d27b,x_cell_rows,.1080000000000001
phase-400k,xprof-r1,174d27b,wall,1.341
phase-400k,xprof-r1,174d27b,ado_prescan,.122
phase-400k,xprof-r1,174d27b,ado_engine_call,1.081
phase-400k,xprof-r1,174d27b,p_setup,.346
phase-400k,xprof-r1,174d27b,p_buckets,.215
phase-400k,xprof-r1,174d27b,p_fit,.2330000000000002
phase-400k,xprof-r1,174d27b,p_ifasm,.0950000000000001
phase-400k,xprof-r1,174d27b,p_store,.003
phase-400k,xprof-r1,174d27b,p_cluster,0
phase-400k,xprof-r1,174d27b,p_boot,0
phase-400k,xprof-r1,174d27b,p_agg,0
phase-400k,xprof-r1,174d27b,x_driver,1.072
phase-400k,xprof-r1,174d27b,x_settle,.124
phase-400k,xprof-r1,174d27b,x_layout,.2
phase-400k,xprof-r1,174d27b,x_probs_alloc,.022
phase-400k,xprof-r1,174d27b,x_buckets_grid,.215
phase-400k,xprof-r1,174d27b,x_cell_slice,.008
phase-400k,xprof-r1,174d27b,x_cell_rows,.1050000000000001
phase-400k,xprof-r1,174d27b,wall,1.312
phase-400k,xprof-r1,174d27b,ado_prescan,.12
phase-400k,xprof-r1,174d27b,ado_engine_call,1.052
phase-400k,xprof-r1,174d27b,p_setup,.347
phase-400k,xprof-r1,174d27b,p_buckets,.213
phase-400k,xprof-r1,174d27b,p_fit,.2320000000000002
phase-400k,xprof-r1,174d27b,p_ifasm,.082
phase-400k,xprof-r1,174d27b,p_store,.003
phase-400k,xprof-r1,174d27b,p_cluster,0
phase-400k,xprof-r1,174d27b,p_boot,0
phase-400k,xprof-r1,174d27b,p_agg,0
phase-400k,xprof-r1,174d27b,x_driver,1.042
phase-400k,xprof-r1,174d27b,x_settle,.124
phase-400k,xprof-r1,174d27b,x_layout,.201
phase-400k,xprof-r1,174d27b,x_probs_alloc,.022
phase-400k,xprof-r1,174d27b,x_buckets_grid,.213
phase-400k,xprof-r1,174d27b,x_cell_slice,.009
phase-400k,xprof-r1,174d27b,x_cell_rows,.0900000000000001
phase-400k,xprof-r1,174d27b,wall,1.315
phase-400k,xprof-r1,174d27b,ado_prescan,.12
phase-400k,xprof-r1,174d27b,ado_engine_call,1.063
phase-400k,xprof-r1,174d27b,p_setup,.348
phase-400k,xprof-r1,174d27b,p_buckets,.213
phase-400k,xprof-r1,174d27b,p_fit,.2280000000000001
phase-400k,xprof-r1,174d27b,p_ifasm,.0910000000000001
phase-400k,xprof-r1,174d27b,p_store,.003
phase-400k,xprof-r1,174d27b,p_cluster,0
phase-400k,xprof-r1,174d27b,p_boot,0
phase-400k,xprof-r1,174d27b,p_agg,0
phase-400k,xprof-r1,174d27b,x_driver,1.053
phase-400k,xprof-r1,174d27b,x_settle,.125
phase-400k,xprof-r1,174d27b,x_layout,.2
phase-400k,xprof-r1,174d27b,x_probs_alloc,.023
phase-400k,xprof-r1,174d27b,x_buckets_grid,.213
phase-400k,xprof-r1,174d27b,x_cell_slice,.009
phase-400k,xprof-r1,174d27b,x_cell_rows,.0960000000000001
phase-400k,xprof-r2,174d27b,wall,1.323
phase-400k,xprof-r2,174d27b,ado_prescan,.12
phase-400k,xprof-r2,174d27b,ado_engine_call,1.061
phase-400k,xprof-r2,174d27b,p_setup,.345
phase-400k,xprof-r2,174d27b,p_buckets,.21
phase-400k,xprof-r2,174d27b,p_fit,.2270000000000001
phase-400k,xprof-r2,174d27b,p_ifasm,.0880000000000001
phase-400k,xprof-r2,174d27b,p_store,.003
phase-400k,xprof-r2,174d27b,p_cluster,0
phase-400k,xprof-r2,174d27b,p_boot,0
phase-400k,xprof-r2,174d27b,p_agg,0
phase-400k,xprof-r2,174d27b,x_driver,1.051
phase-400k,xprof-r2,174d27b,x_settle,.123
phase-400k,xprof-r2,174d27b,x_layout,.198
phase-400k,xprof-r2,174d27b,x_probs_alloc,.024
phase-400k,xprof-r2,174d27b,x_buckets_grid,.21
phase-400k,xprof-r2,174d27b,x_cell_slice,.008
phase-400k,xprof-r2,174d27b,x_cell_rows,.0990000000000001
phase-400k,xprof-r2,174d27b,wall,1.331
phase-400k,xprof-r2,174d27b,ado_prescan,.123
phase-400k,xprof-r2,174d27b,ado_engine_call,1.074
phase-400k,xprof-r2,174d27b,p_setup,.347
phase-400k,xprof-r2,174d27b,p_buckets,.207
phase-400k,xprof-r2,174d27b,p_fit,.2330000000000001
phase-400k,xprof-r2,174d27b,p_ifasm,.0900000000000001
phase-400k,xprof-r2,174d27b,p_store,.003
phase-400k,xprof-r2,174d27b,p_cluster,0
phase-400k,xprof-r2,174d27b,p_boot,0
phase-400k,xprof-r2,174d27b,p_agg,0
phase-400k,xprof-r2,174d27b,x_driver,1.065
phase-400k,xprof-r2,174d27b,x_settle,.124
phase-400k,xprof-r2,174d27b,x_layout,.201
phase-400k,xprof-r2,174d27b,x_probs_alloc,.022
phase-400k,xprof-r2,174d27b,x_buckets_grid,.207
phase-400k,xprof-r2,174d27b,x_cell_slice,.013
phase-400k,xprof-r2,174d27b,x_cell_rows,.1050000000000001
phase-400k,xprof-r2,174d27b,wall,1.336
phase-400k,xprof-r2,174d27b,ado_prescan,.121
phase-400k,xprof-r2,174d27b,ado_engine_call,1.078
phase-400k,xprof-r2,174d27b,p_setup,.351
phase-400k,xprof-r2,174d27b,p_buckets,.223
phase-400k,xprof-r2,174d27b,p_fit,.2230000000000001
phase-400k,xprof-r2,174d27b,p_ifasm,.0880000000000001
phase-400k,xprof-r2,174d27b,p_store,.003
phase-400k,xprof-r2,174d27b,p_cluster,0
phase-400k,xprof-r2,174d27b,p_boot,0
phase-400k,xprof-r2,174d27b,p_agg,0
phase-400k,xprof-r2,174d27b,x_driver,1.068
phase-400k,xprof-r2,174d27b,x_settle,.125
phase-400k,xprof-r2,174d27b,x_layout,.202
phase-400k,xprof-r2,174d27b,x_probs_alloc,.024
phase-400k,xprof-r2,174d27b,x_buckets_grid,.223
phase-400k,xprof-r2,174d27b,x_cell_slice,.009
phase-400k,xprof-r2,174d27b,x_cell_rows,.1060000000000001
phase-400k,xprof-r2,174d27b,wall,1.328
phase-400k,xprof-r2,174d27b,ado_prescan,.119
phase-400k,xprof-r2,174d27b,ado_engine_call,1.065
phase-400k,xprof-r2,174d27b,p_setup,.346
phase-400k,xprof-r2,174d27b,p_buckets,.215
phase-400k,xprof-r2,174d27b,p_fit,.2260000000000001
phase-400k,xprof-r2,174d27b,p_ifasm,.0900000000000001
phase-400k,xprof-r2,174d27b,p_store,.003
phase-400k,xprof-r2,174d27b,p_cluster,0
phase-400k,xprof-r2,174d27b,p_boot,0
phase-400k,xprof-r2,174d27b,p_agg,0
phase-400k,xprof-r2,174d27b,x_driver,1.055
phase-400k,xprof-r2,174d27b,x_settle,.125
phase-400k,xprof-r2,174d27b,x_layout,.198
phase-400k,xprof-r2,174d27b,x_probs_alloc,.023
phase-400k,xprof-r2,174d27b,x_buckets_grid,.215
phase-400k,xprof-r2,174d27b,x_cell_slice,.012
phase-400k,xprof-r2,174d27b,x_cell_rows,.0960000000000001
phase-400k,xprof-r2,f1-repaired,wall,1.366
phase-400k,xprof-r2,f1-repaired,ado_prescan,.12
phase-400k,xprof-r2,f1-repaired,ado_engine_call,1.103
phase-400k,xprof-r2,f1-repaired,p_setup,.352
phase-400k,xprof-r2,f1-repaired,p_buckets,.214
phase-400k,xprof-r2,f1-repaired,p_fit,.2350000000000001
phase-400k,xprof-r2,f1-repaired,p_ifasm,.098
phase-400k,xprof-r2,f1-repaired,p_store,.003
phase-400k,xprof-r2,f1-repaired,p_cluster,0
phase-400k,xprof-r2,f1-repaired,p_boot,0
phase-400k,xprof-r2,f1-repaired,p_agg,0
phase-400k,xprof-r2,f1-repaired,x_driver,1.024
phase-400k,xprof-r2,f1-repaired,x_settle,.125
phase-400k,xprof-r2,f1-repaired,x_layout,.203
phase-400k,xprof-r2,f1-repaired,x_probs_alloc,.024
phase-400k,xprof-r2,f1-repaired,x_buckets_grid,.215
phase-400k,xprof-r2,f1-repaired,x_cell_slice,.009
phase-400k,xprof-r2,f1-repaired,x_cell_rows,.1120000000000001
phase-400k,xprof-r2,f1-repaired,wall,1.345
phase-400k,xprof-r2,f1-repaired,ado_prescan,.122
phase-400k,xprof-r2,f1-repaired,ado_engine_call,1.085
phase-400k,xprof-r2,f1-repaired,p_setup,.348
phase-400k,xprof-r2,f1-repaired,p_buckets,.213
phase-400k,xprof-r2,f1-repaired,p_fit,.2380000000000001
phase-400k,xprof-r2,f1-repaired,p_ifasm,.0910000000000001
phase-400k,xprof-r2,f1-repaired,p_store,.003
phase-400k,xprof-r2,f1-repaired,p_cluster,0
phase-400k,xprof-r2,f1-repaired,p_boot,0
phase-400k,xprof-r2,f1-repaired,p_agg,0
phase-400k,xprof-r2,f1-repaired,x_driver,1.008
phase-400k,xprof-r2,f1-repaired,x_settle,.124
phase-400k,xprof-r2,f1-repaired,x_layout,.201
phase-400k,xprof-r2,f1-repaired,x_probs_alloc,.023
phase-400k,xprof-r2,f1-repaired,x_buckets_grid,.214
phase-400k,xprof-r2,f1-repaired,x_cell_slice,.01
phase-400k,xprof-r2,f1-repaired,x_cell_rows,.1050000000000001
phase-400k,xprof-r2,f1-repaired,wall,1.336
phase-400k,xprof-r2,f1-repaired,ado_prescan,.121
phase-400k,xprof-r2,f1-repaired,ado_engine_call,1.075
phase-400k,xprof-r2,f1-repaired,p_setup,.347
phase-400k,xprof-r2,f1-repaired,p_buckets,.212
phase-400k,xprof-r2,f1-repaired,p_fit,.2320000000000001
phase-400k,xprof-r2,f1-repaired,p_ifasm,.0930000000000001
phase-400k,xprof-r2,f1-repaired,p_store,.003
phase-400k,xprof-r2,f1-repaired,p_cluster,0
phase-400k,xprof-r2,f1-repaired,p_boot,0
phase-400k,xprof-r2,f1-repaired,p_agg,0
phase-400k,xprof-r2,f1-repaired,x_driver,.999
phase-400k,xprof-r2,f1-repaired,x_settle,.126
phase-400k,xprof-r2,f1-repaired,x_layout,.198
phase-400k,xprof-r2,f1-repaired,x_probs_alloc,.023
phase-400k,xprof-r2,f1-repaired,x_buckets_grid,.213
phase-400k,xprof-r2,f1-repaired,x_cell_slice,.007
phase-400k,xprof-r2,f1-repaired,x_cell_rows,.1070000000000001
phase-400k,xprof-r2,f1-repaired,wall,1.369
phase-400k,xprof-r2,f1-repaired,ado_prescan,.121
phase-400k,xprof-r2,f1-repaired,ado_engine_call,1.112
phase-400k,xprof-r2,f1-repaired,p_setup,.353
phase-400k,xprof-r2,f1-repaired,p_buckets,.219
phase-400k,xprof-r2,f1-repaired,p_fit,.2290000000000001
phase-400k,xprof-r2,f1-repaired,p_ifasm,.0960000000000001
phase-400k,xprof-r2,f1-repaired,p_store,.004
phase-400k,xprof-r2,f1-repaired,p_cluster,0
phase-400k,xprof-r2,f1-repaired,p_boot,0
phase-400k,xprof-r2,f1-repaired,p_agg,0
phase-400k,xprof-r2,f1-repaired,x_driver,1.035
phase-400k,xprof-r2,f1-repaired,x_settle,.126
phase-400k,xprof-r2,f1-repaired,x_layout,.202
phase-400k,xprof-r2,f1-repaired,x_probs_alloc,.024
phase-400k,xprof-r2,f1-repaired,x_buckets_grid,.219
phase-400k,xprof-r2,f1-repaired,x_cell_slice,.015
phase-400k,xprof-r2,f1-repaired,x_cell_rows,.1220000000000001
phase-400k,xprof-r3,f1-repaired,wall,1.328
phase-400k,xprof-r3,f1-repaired,ado_prescan,.119
phase-400k,xprof-r3,f1-repaired,ado_engine_call,1.071
phase-400k,xprof-r3,f1-repaired,p_setup,.35
phase-400k,xprof-r3,f1-repaired,p_buckets,.215
phase-400k,xprof-r3,f1-repaired,p_fit,.2310000000000001
phase-400k,xprof-r3,f1-repaired,p_ifasm,.087
phase-400k,xprof-r3,f1-repaired,p_store,.004
phase-400k,xprof-r3,f1-repaired,p_cluster,0
phase-400k,xprof-r3,f1-repaired,p_boot,0
phase-400k,xprof-r3,f1-repaired,p_agg,0
phase-400k,xprof-r3,f1-repaired,x_driver,.994
phase-400k,xprof-r3,f1-repaired,x_settle,.125
phase-400k,xprof-r3,f1-repaired,x_layout,.202
phase-400k,xprof-r3,f1-repaired,x_probs_alloc,.023
phase-400k,xprof-r3,f1-repaired,x_buckets_grid,.215
phase-400k,xprof-r3,f1-repaired,x_cell_slice,.011
phase-400k,xprof-r3,f1-repaired,x_cell_rows,.0990000000000001
phase-400k,xprof-r3,f1-repaired,wall,1.331
phase-400k,xprof-r3,f1-repaired,ado_prescan,.123
phase-400k,xprof-r3,f1-repaired,ado_engine_call,1.072
phase-400k,xprof-r3,f1-repaired,p_setup,.35
phase-400k,xprof-r3,f1-repaired,p_buckets,.212
phase-400k,xprof-r3,f1-repaired,p_fit,.2330000000000001
phase-400k,xprof-r3,f1-repaired,p_ifasm,.0930000000000001
phase-400k,xprof-r3,f1-repaired,p_store,.003
phase-400k,xprof-r3,f1-repaired,p_cluster,0
phase-400k,xprof-r3,f1-repaired,p_boot,0
phase-400k,xprof-r3,f1-repaired,p_agg,0
phase-400k,xprof-r3,f1-repaired,x_driver,.996
phase-400k,xprof-r3,f1-repaired,x_settle,.125
phase-400k,xprof-r3,f1-repaired,x_layout,.2
phase-400k,xprof-r3,f1-repaired,x_probs_alloc,.025
phase-400k,xprof-r3,f1-repaired,x_buckets_grid,.213
phase-400k,xprof-r3,f1-repaired,x_cell_slice,.009
phase-400k,xprof-r3,f1-repaired,x_cell_rows,.096
phase-400k,xprof-r3,f1-repaired,wall,1.362
phase-400k,xprof-r3,f1-repaired,ado_prescan,.119
phase-400k,xprof-r3,f1-repaired,ado_engine_call,1.104
phase-400k,xprof-r3,f1-repaired,p_setup,.345
phase-400k,xprof-r3,f1-repaired,p_buckets,.214
phase-400k,xprof-r3,f1-repaired,p_fit,.2290000000000001
phase-400k,xprof-r3,f1-repaired,p_ifasm,.096
phase-400k,xprof-r3,f1-repaired,p_store,.003
phase-400k,xprof-r3,f1-repaired,p_cluster,0
phase-400k,xprof-r3,f1-repaired,p_boot,0
phase-400k,xprof-r3,f1-repaired,p_agg,0
phase-400k,xprof-r3,f1-repaired,x_driver,1.027
phase-400k,xprof-r3,f1-repaired,x_settle,.126
phase-400k,xprof-r3,f1-repaired,x_layout,.196
phase-400k,xprof-r3,f1-repaired,x_probs_alloc,.023
phase-400k,xprof-r3,f1-repaired,x_buckets_grid,.214
phase-400k,xprof-r3,f1-repaired,x_cell_slice,.017
phase-400k,xprof-r3,f1-repaired,x_cell_rows,.1240000000000001
phase-400k,xprof-r3,f1-repaired,wall,1.353
phase-400k,xprof-r3,f1-repaired,ado_prescan,.121
phase-400k,xprof-r3,f1-repaired,ado_engine_call,1.095
phase-400k,xprof-r3,f1-repaired,p_setup,.352
phase-400k,xprof-r3,f1-repaired,p_buckets,.215
phase-400k,xprof-r3,f1-repaired,p_fit,.2360000000000002
phase-400k,xprof-r3,f1-repaired,p_ifasm,.0940000000000001
phase-400k,xprof-r3,f1-repaired,p_store,.004
phase-400k,xprof-r3,f1-repaired,p_cluster,0
phase-400k,xprof-r3,f1-repaired,p_boot,0
phase-400k,xprof-r3,f1-repaired,p_agg,0
phase-400k,xprof-r3,f1-repaired,x_driver,1.017
phase-400k,xprof-r3,f1-repaired,x_settle,.125
phase-400k,xprof-r3,f1-repaired,x_layout,.203
phase-400k,xprof-r3,f1-repaired,x_probs_alloc,.024
phase-400k,xprof-r3,f1-repaired,x_buckets_grid,.215
phase-400k,xprof-r3,f1-repaired,x_cell_slice,.009
phase-400k,xprof-r3,f1-repaired,x_cell_rows,.1110000000000001
phase-400k,xprof-r3,174d27b,wall,1.347
phase-400k,xprof-r3,174d27b,ado_prescan,.131
phase-400k,xprof-r3,174d27b,ado_engine_call,1.066
phase-400k,xprof-r3,174d27b,p_setup,.349
phase-400k,xprof-r3,174d27b,p_buckets,.209
phase-400k,xprof-r3,174d27b,p_fit,.2310000000000001
phase-400k,xprof-r3,174d27b,p_ifasm,.087
phase-400k,xprof-r3,174d27b,p_store,.003
phase-400k,xprof-r3,174d27b,p_cluster,0
phase-400k,xprof-r3,174d27b,p_boot,0
phase-400k,xprof-r3,174d27b,p_agg,0
phase-400k,xprof-r3,174d27b,x_driver,1.056
phase-400k,xprof-r3,174d27b,x_settle,.125
phase-400k,xprof-r3,174d27b,x_layout,.201
phase-400k,xprof-r3,174d27b,x_probs_alloc,.023
phase-400k,xprof-r3,174d27b,x_buckets_grid,.209
phase-400k,xprof-r3,174d27b,x_cell_slice,.006
phase-400k,xprof-r3,174d27b,x_cell_rows,.1000000000000001
phase-400k,xprof-r3,174d27b,wall,1.371
phase-400k,xprof-r3,174d27b,ado_prescan,.128
phase-400k,xprof-r3,174d27b,ado_engine_call,1.1
phase-400k,xprof-r3,174d27b,p_setup,.349
phase-400k,xprof-r3,174d27b,p_buckets,.21
phase-400k,xprof-r3,174d27b,p_fit,.2380000000000001
phase-400k,xprof-r3,174d27b,p_ifasm,.097
phase-400k,xprof-r3,174d27b,p_store,.004
phase-400k,xprof-r3,174d27b,p_cluster,0
phase-400k,xprof-r3,174d27b,p_boot,0
phase-400k,xprof-r3,174d27b,p_agg,0
phase-400k,xprof-r3,174d27b,x_driver,1.089
phase-400k,xprof-r3,174d27b,x_settle,.125
phase-400k,xprof-r3,174d27b,x_layout,.2
phase-400k,xprof-r3,174d27b,x_probs_alloc,.024
phase-400k,xprof-r3,174d27b,x_buckets_grid,.21
phase-400k,xprof-r3,174d27b,x_cell_slice,.018
phase-400k,xprof-r3,174d27b,x_cell_rows,.1080000000000001
phase-400k,xprof-r3,174d27b,wall,1.352
phase-400k,xprof-r3,174d27b,ado_prescan,.12
phase-400k,xprof-r3,174d27b,ado_engine_call,1.096
phase-400k,xprof-r3,174d27b,p_setup,.348
phase-400k,xprof-r3,174d27b,p_buckets,.219
phase-400k,xprof-r3,174d27b,p_fit,.2350000000000002
phase-400k,xprof-r3,174d27b,p_ifasm,.0950000000000001
phase-400k,xprof-r3,174d27b,p_store,.003
phase-400k,xprof-r3,174d27b,p_cluster,0
phase-400k,xprof-r3,174d27b,p_boot,0
phase-400k,xprof-r3,174d27b,p_agg,0
phase-400k,xprof-r3,174d27b,x_driver,1.085
phase-400k,xprof-r3,174d27b,x_settle,.125
phase-400k,xprof-r3,174d27b,x_layout,.2
phase-400k,xprof-r3,174d27b,x_probs_alloc,.023
phase-400k,xprof-r3,174d27b,x_buckets_grid,.219
phase-400k,xprof-r3,174d27b,x_cell_slice,.009
phase-400k,xprof-r3,174d27b,x_cell_rows,.1110000000000001
phase-400k,xprof-r3,174d27b,wall,1.36
phase-400k,xprof-r3,174d27b,ado_prescan,.12
phase-400k,xprof-r3,174d27b,ado_engine_call,1.097
phase-400k,xprof-r3,174d27b,p_setup,.35
phase-400k,xprof-r3,174d27b,p_buckets,.217
phase-400k,xprof-r3,174d27b,p_fit,.2300000000000001
phase-400k,xprof-r3,174d27b,p_ifasm,.0940000000000001
phase-400k,xprof-r3,174d27b,p_store,.003
phase-400k,xprof-r3,174d27b,p_cluster,0
phase-400k,xprof-r3,174d27b,p_boot,0
phase-400k,xprof-r3,174d27b,p_agg,0
phase-400k,xprof-r3,174d27b,x_driver,1.086
phase-400k,xprof-r3,174d27b,x_settle,.125
phase-400k,xprof-r3,174d27b,x_layout,.201
phase-400k,xprof-r3,174d27b,x_probs_alloc,.024
phase-400k,xprof-r3,174d27b,x_buckets_grid,.217
phase-400k,xprof-r3,174d27b,x_cell_slice,.014
phase-400k,xprof-r3,174d27b,x_cell_rows,.1100000000000001
phase-400k,xprof-r4,174d27b,wall,1.336
phase-400k,xprof-r4,174d27b,ado_prescan,.12
phase-400k,xprof-r4,174d27b,ado_engine_call,1.078
phase-400k,xprof-r4,174d27b,p_setup,.353
phase-400k,xprof-r4,174d27b,p_buckets,.214
phase-400k,xprof-r4,174d27b,p_fit,.2300000000000001
phase-400k,xprof-r4,174d27b,p_ifasm,.0940000000000001
phase-400k,xprof-r4,174d27b,p_store,.004
phase-400k,xprof-r4,174d27b,p_cluster,0
phase-400k,xprof-r4,174d27b,p_boot,0
phase-400k,xprof-r4,174d27b,p_agg,0
phase-400k,xprof-r4,174d27b,x_driver,1.068
phase-400k,xprof-r4,174d27b,x_settle,.126
phase-400k,xprof-r4,174d27b,x_layout,.203
phase-400k,xprof-r4,174d27b,x_probs_alloc,.024
phase-400k,xprof-r4,174d27b,x_buckets_grid,.214
phase-400k,xprof-r4,174d27b,x_cell_slice,.005
phase-400k,xprof-r4,174d27b,x_cell_rows,.1010000000000001
phase-400k,xprof-r4,174d27b,wall,1.335
phase-400k,xprof-r4,174d27b,ado_prescan,.121
phase-400k,xprof-r4,174d27b,ado_engine_call,1.07
phase-400k,xprof-r4,174d27b,p_setup,.348
phase-400k,xprof-r4,174d27b,p_buckets,.207
phase-400k,xprof-r4,174d27b,p_fit,.2270000000000001
phase-400k,xprof-r4,174d27b,p_ifasm,.0890000000000001
phase-400k,xprof-r4,174d27b,p_store,.003
phase-400k,xprof-r4,174d27b,p_cluster,0
phase-400k,xprof-r4,174d27b,p_boot,0
phase-400k,xprof-r4,174d27b,p_agg,0
phase-400k,xprof-r4,174d27b,x_driver,1.06
phase-400k,xprof-r4,174d27b,x_settle,.125
phase-400k,xprof-r4,174d27b,x_layout,.199
phase-400k,xprof-r4,174d27b,x_probs_alloc,.024
phase-400k,xprof-r4,174d27b,x_buckets_grid,.207
phase-400k,xprof-r4,174d27b,x_cell_slice,.01
phase-400k,xprof-r4,174d27b,x_cell_rows,.1110000000000001
phase-400k,xprof-r4,174d27b,wall,1.382
phase-400k,xprof-r4,174d27b,ado_prescan,.121
phase-400k,xprof-r4,174d27b,ado_engine_call,1.12
phase-400k,xprof-r4,174d27b,p_setup,.353
phase-400k,xprof-r4,174d27b,p_buckets,.226
phase-400k,xprof-r4,174d27b,p_fit,.2340000000000001
phase-400k,xprof-r4,174d27b,p_ifasm,.1010000000000001
phase-400k,xprof-r4,174d27b,p_store,.003
phase-400k,xprof-r4,174d27b,p_cluster,0
phase-400k,xprof-r4,174d27b,p_boot,0
phase-400k,xprof-r4,174d27b,p_agg,0
phase-400k,xprof-r4,174d27b,x_driver,1.109
phase-400k,xprof-r4,174d27b,x_settle,.124
phase-400k,xprof-r4,174d27b,x_layout,.204
phase-400k,xprof-r4,174d27b,x_probs_alloc,.025
phase-400k,xprof-r4,174d27b,x_buckets_grid,.226
phase-400k,xprof-r4,174d27b,x_cell_slice,.011
phase-400k,xprof-r4,174d27b,x_cell_rows,.1150000000000001
phase-400k,xprof-r4,174d27b,wall,1.361
phase-400k,xprof-r4,174d27b,ado_prescan,.121
phase-400k,xprof-r4,174d27b,ado_engine_call,1.094
phase-400k,xprof-r4,174d27b,p_setup,.35
phase-400k,xprof-r4,174d27b,p_buckets,.219
phase-400k,xprof-r4,174d27b,p_fit,.2280000000000001
phase-400k,xprof-r4,174d27b,p_ifasm,.0960000000000001
phase-400k,xprof-r4,174d27b,p_store,.003
phase-400k,xprof-r4,174d27b,p_cluster,0
phase-400k,xprof-r4,174d27b,p_boot,0
phase-400k,xprof-r4,174d27b,p_agg,0
phase-400k,xprof-r4,174d27b,x_driver,1.082
phase-400k,xprof-r4,174d27b,x_settle,.125
phase-400k,xprof-r4,174d27b,x_layout,.201
phase-400k,xprof-r4,174d27b,x_probs_alloc,.024
phase-400k,xprof-r4,174d27b,x_buckets_grid,.219
phase-400k,xprof-r4,174d27b,x_cell_slice,.013
phase-400k,xprof-r4,174d27b,x_cell_rows,.1060000000000001
phase-400k,xprof-r4,f1-repaired,wall,1.342
phase-400k,xprof-r4,f1-repaired,ado_prescan,.121
phase-400k,xprof-r4,f1-repaired,ado_engine_call,1.083
phase-400k,xprof-r4,f1-repaired,p_setup,.353
phase-400k,xprof-r4,f1-repaired,p_buckets,.215
phase-400k,xprof-r4,f1-repaired,p_fit,.2330000000000001
phase-400k,xprof-r4,f1-repaired,p_ifasm,.0890000000000001
phase-400k,xprof-r4,f1-repaired,p_store,.004
phase-400k,xprof-r4,f1-repaired,p_cluster,0
phase-400k,xprof-r4,f1-repaired,p_boot,0
phase-400k,xprof-r4,f1-repaired,p_agg,0
phase-400k,xprof-r4,f1-repaired,x_driver,1.003
phase-400k,xprof-r4,f1-repaired,x_settle,.125
phase-400k,xprof-r4,f1-repaired,x_layout,.203
phase-400k,xprof-r4,f1-repaired,x_probs_alloc,.025
phase-400k,xprof-r4,f1-repaired,x_buckets_grid,.215
phase-400k,xprof-r4,f1-repaired,x_cell_slice,.005
phase-400k,xprof-r4,f1-repaired,x_cell_rows,.1050000000000001
phase-400k,xprof-r4,f1-repaired,wall,1.348
phase-400k,xprof-r4,f1-repaired,ado_prescan,.122
phase-400k,xprof-r4,f1-repaired,ado_engine_call,1.086
phase-400k,xprof-r4,f1-repaired,p_setup,.351
phase-400k,xprof-r4,f1-repaired,p_buckets,.216
phase-400k,xprof-r4,f1-repaired,p_fit,.2270000000000001
phase-400k,xprof-r4,f1-repaired,p_ifasm,.0920000000000001
phase-400k,xprof-r4,f1-repaired,p_store,.003
phase-400k,xprof-r4,f1-repaired,p_cluster,0
phase-400k,xprof-r4,f1-repaired,p_boot,0
phase-400k,xprof-r4,f1-repaired,p_agg,0
phase-400k,xprof-r4,f1-repaired,x_driver,1.01
phase-400k,xprof-r4,f1-repaired,x_settle,.124
phase-400k,xprof-r4,f1-repaired,x_layout,.201
phase-400k,xprof-r4,f1-repaired,x_probs_alloc,.026
phase-400k,xprof-r4,f1-repaired,x_buckets_grid,.216
phase-400k,xprof-r4,f1-repaired,x_cell_slice,.009
phase-400k,xprof-r4,f1-repaired,x_cell_rows,.1140000000000001
phase-400k,xprof-r4,f1-repaired,wall,1.402
phase-400k,xprof-r4,f1-repaired,ado_prescan,.121
phase-400k,xprof-r4,f1-repaired,ado_engine_call,1.142
phase-400k,xprof-r4,f1-repaired,p_setup,.351
phase-400k,xprof-r4,f1-repaired,p_buckets,.217
phase-400k,xprof-r4,f1-repaired,p_fit,.2350000000000001
phase-400k,xprof-r4,f1-repaired,p_ifasm,.103
phase-400k,xprof-r4,f1-repaired,p_store,.003
phase-400k,xprof-r4,f1-repaired,p_cluster,0
phase-400k,xprof-r4,f1-repaired,p_boot,0
phase-400k,xprof-r4,f1-repaired,p_agg,0
phase-400k,xprof-r4,f1-repaired,x_driver,1.064
phase-400k,xprof-r4,f1-repaired,x_settle,.125
phase-400k,xprof-r4,f1-repaired,x_layout,.201
phase-400k,xprof-r4,f1-repaired,x_probs_alloc,.025
phase-400k,xprof-r4,f1-repaired,x_buckets_grid,.218
phase-400k,xprof-r4,f1-repaired,x_cell_slice,.015
phase-400k,xprof-r4,f1-repaired,x_cell_rows,.1410000000000001
phase-400k,xprof-r4,f1-repaired,wall,1.358
phase-400k,xprof-r4,f1-repaired,ado_prescan,.118
phase-400k,xprof-r4,f1-repaired,ado_engine_call,1.105
phase-400k,xprof-r4,f1-repaired,p_setup,.35
phase-400k,xprof-r4,f1-repaired,p_buckets,.221
phase-400k,xprof-r4,f1-repaired,p_fit,.2340000000000001
phase-400k,xprof-r4,f1-repaired,p_ifasm,.0970000000000001
phase-400k,xprof-r4,f1-repaired,p_store,.003
phase-400k,xprof-r4,f1-repaired,p_cluster,0
phase-400k,xprof-r4,f1-repaired,p_boot,0
phase-400k,xprof-r4,f1-repaired,p_agg,0
phase-400k,xprof-r4,f1-repaired,x_driver,1.026
phase-400k,xprof-r4,f1-repaired,x_settle,.125
phase-400k,xprof-r4,f1-repaired,x_layout,.201
phase-400k,xprof-r4,f1-repaired,x_probs_alloc,.024
phase-400k,xprof-r4,f1-repaired,x_buckets_grid,.223
phase-400k,xprof-r4,f1-repaired,x_cell_slice,.014
phase-400k,xprof-r4,f1-repaired,x_cell_rows,.1070000000000001
phase-400k,xprof-r5,f1-repaired,wall,1.338
phase-400k,xprof-r5,f1-repaired,ado_prescan,.12
phase-400k,xprof-r5,f1-repaired,ado_engine_call,1.079
phase-400k,xprof-r5,f1-repaired,p_setup,.351
phase-400k,xprof-r5,f1-repaired,p_buckets,.211
phase-400k,xprof-r5,f1-repaired,p_fit,.2290000000000001
phase-400k,xprof-r5,f1-repaired,p_ifasm,.0900000000000001
phase-400k,xprof-r5,f1-repaired,p_store,.003
phase-400k,xprof-r5,f1-repaired,p_cluster,0
phase-400k,xprof-r5,f1-repaired,p_boot,0
phase-400k,xprof-r5,f1-repaired,p_agg,0
phase-400k,xprof-r5,f1-repaired,x_driver,1
phase-400k,xprof-r5,f1-repaired,x_settle,.125
phase-400k,xprof-r5,f1-repaired,x_layout,.2
phase-400k,xprof-r5,f1-repaired,x_probs_alloc,.026
phase-400k,xprof-r5,f1-repaired,x_buckets_grid,.211
phase-400k,xprof-r5,f1-repaired,x_cell_slice,.008
phase-400k,xprof-r5,f1-repaired,x_cell_rows,.1100000000000001
phase-400k,xprof-r5,f1-repaired,wall,1.34
phase-400k,xprof-r5,f1-repaired,ado_prescan,.124
phase-400k,xprof-r5,f1-repaired,ado_engine_call,1.078
phase-400k,xprof-r5,f1-repaired,p_setup,.35
phase-400k,xprof-r5,f1-repaired,p_buckets,.214
phase-400k,xprof-r5,f1-repaired,p_fit,.2340000000000002
phase-400k,xprof-r5,f1-repaired,p_ifasm,.086
phase-400k,xprof-r5,f1-repaired,p_store,.003
phase-400k,xprof-r5,f1-repaired,p_cluster,0
phase-400k,xprof-r5,f1-repaired,p_boot,0
phase-400k,xprof-r5,f1-repaired,p_agg,0
phase-400k,xprof-r5,f1-repaired,x_driver,1.002
phase-400k,xprof-r5,f1-repaired,x_settle,.125
phase-400k,xprof-r5,f1-repaired,x_layout,.2
phase-400k,xprof-r5,f1-repaired,x_probs_alloc,.025
phase-400k,xprof-r5,f1-repaired,x_buckets_grid,.214
phase-400k,xprof-r5,f1-repaired,x_cell_slice,.011
phase-400k,xprof-r5,f1-repaired,x_cell_rows,.1060000000000001
phase-400k,xprof-r5,f1-repaired,wall,1.349
phase-400k,xprof-r5,f1-repaired,ado_prescan,.12
phase-400k,xprof-r5,f1-repaired,ado_engine_call,1.093
phase-400k,xprof-r5,f1-repaired,p_setup,.352
phase-400k,xprof-r5,f1-repaired,p_buckets,.22
phase-400k,xprof-r5,f1-repaired,p_fit,.2300000000000001
phase-400k,xprof-r5,f1-repaired,p_ifasm,.0950000000000001
phase-400k,xprof-r5,f1-repaired,p_store,.003
phase-400k,xprof-r5,f1-repaired,p_cluster,0
phase-400k,xprof-r5,f1-repaired,p_boot,0
phase-400k,xprof-r5,f1-repaired,p_agg,0
phase-400k,xprof-r5,f1-repaired,x_driver,1.015
phase-400k,xprof-r5,f1-repaired,x_settle,.125
phase-400k,xprof-r5,f1-repaired,x_layout,.202
phase-400k,xprof-r5,f1-repaired,x_probs_alloc,.025
phase-400k,xprof-r5,f1-repaired,x_buckets_grid,.221
phase-400k,xprof-r5,f1-repaired,x_cell_slice,.007
phase-400k,xprof-r5,f1-repaired,x_cell_rows,.1060000000000001
phase-400k,xprof-r5,f1-repaired,wall,1.358
phase-400k,xprof-r5,f1-repaired,ado_prescan,.12
phase-400k,xprof-r5,f1-repaired,ado_engine_call,1.103
phase-400k,xprof-r5,f1-repaired,p_setup,.352
phase-400k,xprof-r5,f1-repaired,p_buckets,.214
phase-400k,xprof-r5,f1-repaired,p_fit,.2320000000000002
phase-400k,xprof-r5,f1-repaired,p_ifasm,.0940000000000001
phase-400k,xprof-r5,f1-repaired,p_store,.003
phase-400k,xprof-r5,f1-repaired,p_cluster,0
phase-400k,xprof-r5,f1-repaired,p_boot,0
phase-400k,xprof-r5,f1-repaired,p_agg,0
phase-400k,xprof-r5,f1-repaired,x_driver,1.028
phase-400k,xprof-r5,f1-repaired,x_settle,.125
phase-400k,xprof-r5,f1-repaired,x_layout,.201
phase-400k,xprof-r5,f1-repaired,x_probs_alloc,.026
phase-400k,xprof-r5,f1-repaired,x_buckets_grid,.214
phase-400k,xprof-r5,f1-repaired,x_cell_slice,.018
phase-400k,xprof-r5,f1-repaired,x_cell_rows,.1180000000000001
phase-400k,xprof-r5,174d27b,wall,1.336
phase-400k,xprof-r5,174d27b,ado_prescan,.122
phase-400k,xprof-r5,174d27b,ado_engine_call,1.075
phase-400k,xprof-r5,174d27b,p_setup,.355
phase-400k,xprof-r5,174d27b,p_buckets,.211
phase-400k,xprof-r5,174d27b,p_fit,.2260000000000001
phase-400k,xprof-r5,174d27b,p_ifasm,.0900000000000001
phase-400k,xprof-r5,174d27b,p_store,.003
phase-400k,xprof-r5,174d27b,p_cluster,0
phase-400k,xprof-r5,174d27b,p_boot,0
phase-400k,xprof-r5,174d27b,p_agg,0
phase-400k,xprof-r5,174d27b,x_driver,1.064
phase-400k,xprof-r5,174d27b,x_settle,.126
phase-400k,xprof-r5,174d27b,x_layout,.205
phase-400k,xprof-r5,174d27b,x_probs_alloc,.025
phase-400k,xprof-r5,174d27b,x_buckets_grid,.211
phase-400k,xprof-r5,174d27b,x_cell_slice,.011
phase-400k,xprof-r5,174d27b,x_cell_rows,.099
phase-400k,xprof-r5,174d27b,wall,1.339
phase-400k,xprof-r5,174d27b,ado_prescan,.125
phase-400k,xprof-r5,174d27b,ado_engine_call,1.078
phase-400k,xprof-r5,174d27b,p_setup,.349
phase-400k,xprof-r5,174d27b,p_buckets,.212
phase-400k,xprof-r5,174d27b,p_fit,.2330000000000001
phase-400k,xprof-r5,174d27b,p_ifasm,.0900000000000001
phase-400k,xprof-r5,174d27b,p_store,.003
phase-400k,xprof-r5,174d27b,p_cluster,0
phase-400k,xprof-r5,174d27b,p_boot,0
phase-400k,xprof-r5,174d27b,p_agg,0
phase-400k,xprof-r5,174d27b,x_driver,1.069
phase-400k,xprof-r5,174d27b,x_settle,.126
phase-400k,xprof-r5,174d27b,x_layout,.199
phase-400k,xprof-r5,174d27b,x_probs_alloc,.024
phase-400k,xprof-r5,174d27b,x_buckets_grid,.212
phase-400k,xprof-r5,174d27b,x_cell_slice,.015
phase-400k,xprof-r5,174d27b,x_cell_rows,.1020000000000001
phase-400k,xprof-r5,174d27b,wall,1.349
phase-400k,xprof-r5,174d27b,ado_prescan,.121
phase-400k,xprof-r5,174d27b,ado_engine_call,1.087
phase-400k,xprof-r5,174d27b,p_setup,.349
phase-400k,xprof-r5,174d27b,p_buckets,.214
phase-400k,xprof-r5,174d27b,p_fit,.2330000000000001
phase-400k,xprof-r5,174d27b,p_ifasm,.0950000000000001
phase-400k,xprof-r5,174d27b,p_store,.003
phase-400k,xprof-r5,174d27b,p_cluster,0
phase-400k,xprof-r5,174d27b,p_boot,0
phase-400k,xprof-r5,174d27b,p_agg,0
phase-400k,xprof-r5,174d27b,x_driver,1.077
phase-400k,xprof-r5,174d27b,x_settle,.125
phase-400k,xprof-r5,174d27b,x_layout,.2
phase-400k,xprof-r5,174d27b,x_probs_alloc,.024
phase-400k,xprof-r5,174d27b,x_buckets_grid,.214
phase-400k,xprof-r5,174d27b,x_cell_slice,.009
phase-400k,xprof-r5,174d27b,x_cell_rows,.1060000000000001
phase-400k,xprof-r5,174d27b,wall,1.344
phase-400k,xprof-r5,174d27b,ado_prescan,.121
phase-400k,xprof-r5,174d27b,ado_engine_call,1.081
phase-400k,xprof-r5,174d27b,p_setup,.351
phase-400k,xprof-r5,174d27b,p_buckets,.214
phase-400k,xprof-r5,174d27b,p_fit,.2340000000000001
phase-400k,xprof-r5,174d27b,p_ifasm,.0880000000000001
phase-400k,xprof-r5,174d27b,p_store,.003
phase-400k,xprof-r5,174d27b,p_cluster,0
phase-400k,xprof-r5,174d27b,p_boot,0
phase-400k,xprof-r5,174d27b,p_agg,0
phase-400k,xprof-r5,174d27b,x_driver,1.071
phase-400k,xprof-r5,174d27b,x_settle,.125
phase-400k,xprof-r5,174d27b,x_layout,.202
phase-400k,xprof-r5,174d27b,x_probs_alloc,.024
phase-400k,xprof-r5,174d27b,x_buckets_grid,.214
phase-400k,xprof-r5,174d27b,x_cell_slice,.01
phase-400k,xprof-r5,174d27b,x_cell_rows,.1050000000000001
phase-400k,xprof-r6,174d27b,wall,1.329
phase-400k,xprof-r6,174d27b,ado_prescan,.121
phase-400k,xprof-r6,174d27b,ado_engine_call,1.07
phase-400k,xprof-r6,174d27b,p_setup,.348
phase-400k,xprof-r6,174d27b,p_buckets,.214
phase-400k,xprof-r6,174d27b,p_fit,.2280000000000001
phase-400k,xprof-r6,174d27b,p_ifasm,.0910000000000001
phase-400k,xprof-r6,174d27b,p_store,.004
phase-400k,xprof-r6,174d27b,p_cluster,0
phase-400k,xprof-r6,174d27b,p_boot,0
phase-400k,xprof-r6,174d27b,p_agg,0
phase-400k,xprof-r6,174d27b,x_driver,1.059
phase-400k,xprof-r6,174d27b,x_settle,.126
phase-400k,xprof-r6,174d27b,x_layout,.198
phase-400k,xprof-r6,174d27b,x_probs_alloc,.024
phase-400k,xprof-r6,174d27b,x_buckets_grid,.214
phase-400k,xprof-r6,174d27b,x_cell_slice,.009
phase-400k,xprof-r6,174d27b,x_cell_rows,.0980000000000001
phase-400k,xprof-r6,174d27b,wall,1.327
phase-400k,xprof-r6,174d27b,ado_prescan,.121
phase-400k,xprof-r6,174d27b,ado_engine_call,1.061
phase-400k,xprof-r6,174d27b,p_setup,.346
phase-400k,xprof-r6,174d27b,p_buckets,.21
phase-400k,xprof-r6,174d27b,p_fit,.2280000000000001
phase-400k,xprof-r6,174d27b,p_ifasm,.0900000000000001
phase-400k,xprof-r6,174d27b,p_store,.004
phase-400k,xprof-r6,174d27b,p_cluster,0
phase-400k,xprof-r6,174d27b,p_boot,0
phase-400k,xprof-r6,174d27b,p_agg,0
phase-400k,xprof-r6,174d27b,x_driver,1.051
phase-400k,xprof-r6,174d27b,x_settle,.125
phase-400k,xprof-r6,174d27b,x_layout,.199
phase-400k,xprof-r6,174d27b,x_probs_alloc,.022
phase-400k,xprof-r6,174d27b,x_buckets_grid,.21
phase-400k,xprof-r6,174d27b,x_cell_slice,.014
phase-400k,xprof-r6,174d27b,x_cell_rows,.0960000000000001
phase-400k,xprof-r6,174d27b,wall,1.327
phase-400k,xprof-r6,174d27b,ado_prescan,.121
phase-400k,xprof-r6,174d27b,ado_engine_call,1.069
phase-400k,xprof-r6,174d27b,p_setup,.348
phase-400k,xprof-r6,174d27b,p_buckets,.211
phase-400k,xprof-r6,174d27b,p_fit,.2310000000000001
phase-400k,xprof-r6,174d27b,p_ifasm,.087
phase-400k,xprof-r6,174d27b,p_store,.003
phase-400k,xprof-r6,174d27b,p_cluster,0
phase-400k,xprof-r6,174d27b,p_boot,0
phase-400k,xprof-r6,174d27b,p_agg,0
phase-400k,xprof-r6,174d27b,x_driver,1.059
phase-400k,xprof-r6,174d27b,x_settle,.125
phase-400k,xprof-r6,174d27b,x_layout,.201
phase-400k,xprof-r6,174d27b,x_probs_alloc,.022
phase-400k,xprof-r6,174d27b,x_buckets_grid,.211
phase-400k,xprof-r6,174d27b,x_cell_slice,.005
phase-400k,xprof-r6,174d27b,x_cell_rows,.1080000000000001
phase-400k,xprof-r6,174d27b,wall,1.336
phase-400k,xprof-r6,174d27b,ado_prescan,.12
phase-400k,xprof-r6,174d27b,ado_engine_call,1.079
phase-400k,xprof-r6,174d27b,p_setup,.347
phase-400k,xprof-r6,174d27b,p_buckets,.215
phase-400k,xprof-r6,174d27b,p_fit,.2300000000000001
phase-400k,xprof-r6,174d27b,p_ifasm,.0940000000000001
phase-400k,xprof-r6,174d27b,p_store,.003
phase-400k,xprof-r6,174d27b,p_cluster,0
phase-400k,xprof-r6,174d27b,p_boot,0
phase-400k,xprof-r6,174d27b,p_agg,0
phase-400k,xprof-r6,174d27b,x_driver,1.07
phase-400k,xprof-r6,174d27b,x_settle,.125
phase-400k,xprof-r6,174d27b,x_layout,.2
phase-400k,xprof-r6,174d27b,x_probs_alloc,.022
phase-400k,xprof-r6,174d27b,x_buckets_grid,.215
phase-400k,xprof-r6,174d27b,x_cell_slice,.009
phase-400k,xprof-r6,174d27b,x_cell_rows,.1060000000000001
phase-400k,xprof-r6,f1-repaired,wall,1.36
phase-400k,xprof-r6,f1-repaired,ado_prescan,.124
phase-400k,xprof-r6,f1-repaired,ado_engine_call,1.099
phase-400k,xprof-r6,f1-repaired,p_setup,.35
phase-400k,xprof-r6,f1-repaired,p_buckets,.214
phase-400k,xprof-r6,f1-repaired,p_fit,.2500000000000001
phase-400k,xprof-r6,f1-repaired,p_ifasm,.0910000000000001
phase-400k,xprof-r6,f1-repaired,p_store,.004
phase-400k,xprof-r6,f1-repaired,p_cluster,0
phase-400k,xprof-r6,f1-repaired,p_boot,0
phase-400k,xprof-r6,f1-repaired,p_agg,0
phase-400k,xprof-r6,f1-repaired,x_driver,1.022
phase-400k,xprof-r6,f1-repaired,x_settle,.124
phase-400k,xprof-r6,f1-repaired,x_layout,.201
phase-400k,xprof-r6,f1-repaired,x_probs_alloc,.025
phase-400k,xprof-r6,f1-repaired,x_buckets_grid,.214
phase-400k,xprof-r6,f1-repaired,x_cell_slice,.012
phase-400k,xprof-r6,f1-repaired,x_cell_rows,.1040000000000001
phase-400k,xprof-r6,f1-repaired,wall,1.32
phase-400k,xprof-r6,f1-repaired,ado_prescan,.122
phase-400k,xprof-r6,f1-repaired,ado_engine_call,1.063
phase-400k,xprof-r6,f1-repaired,p_setup,.348
phase-400k,xprof-r6,f1-repaired,p_buckets,.208
phase-400k,xprof-r6,f1-repaired,p_fit,.2310000000000001
phase-400k,xprof-r6,f1-repaired,p_ifasm,.085
phase-400k,xprof-r6,f1-repaired,p_store,.003
phase-400k,xprof-r6,f1-repaired,p_cluster,0
phase-400k,xprof-r6,f1-repaired,p_boot,0
phase-400k,xprof-r6,f1-repaired,p_agg,0
phase-400k,xprof-r6,f1-repaired,x_driver,.984
phase-400k,xprof-r6,f1-repaired,x_settle,.124
phase-400k,xprof-r6,f1-repaired,x_layout,.201
phase-400k,xprof-r6,f1-repaired,x_probs_alloc,.023
phase-400k,xprof-r6,f1-repaired,x_buckets_grid,.208
phase-400k,xprof-r6,f1-repaired,x_cell_slice,.013
phase-400k,xprof-r6,f1-repaired,x_cell_rows,.0980000000000001
phase-400k,xprof-r6,f1-repaired,wall,1.329
phase-400k,xprof-r6,f1-repaired,ado_prescan,.119
phase-400k,xprof-r6,f1-repaired,ado_engine_call,1.073
phase-400k,xprof-r6,f1-repaired,p_setup,.351
phase-400k,xprof-r6,f1-repaired,p_buckets,.213
phase-400k,xprof-r6,f1-repaired,p_fit,.2270000000000001
phase-400k,xprof-r6,f1-repaired,p_ifasm,.0880000000000001
phase-400k,xprof-r6,f1-repaired,p_store,.003
phase-400k,xprof-r6,f1-repaired,p_cluster,0
phase-400k,xprof-r6,f1-repaired,p_boot,0
phase-400k,xprof-r6,f1-repaired,p_agg,0
phase-400k,xprof-r6,f1-repaired,x_driver,.997
phase-400k,xprof-r6,f1-repaired,x_settle,.126
phase-400k,xprof-r6,f1-repaired,x_layout,.202
phase-400k,xprof-r6,f1-repaired,x_probs_alloc,.023
phase-400k,xprof-r6,f1-repaired,x_buckets_grid,.213
phase-400k,xprof-r6,f1-repaired,x_cell_slice,.009
phase-400k,xprof-r6,f1-repaired,x_cell_rows,.1060000000000001
phase-400k,xprof-r6,f1-repaired,wall,1.343
phase-400k,xprof-r6,f1-repaired,ado_prescan,.12
phase-400k,xprof-r6,f1-repaired,ado_engine_call,1.087
phase-400k,xprof-r6,f1-repaired,p_setup,.349
phase-400k,xprof-r6,f1-repaired,p_buckets,.215
phase-400k,xprof-r6,f1-repaired,p_fit,.2330000000000001
phase-400k,xprof-r6,f1-repaired,p_ifasm,.0910000000000001
phase-400k,xprof-r6,f1-repaired,p_store,.003
phase-400k,xprof-r6,f1-repaired,p_cluster,0
phase-400k,xprof-r6,f1-repaired,p_boot,0
phase-400k,xprof-r6,f1-repaired,p_agg,0
phase-400k,xprof-r6,f1-repaired,x_driver,1.012
phase-400k,xprof-r6,f1-repaired,x_settle,.126
phase-400k,xprof-r6,f1-repaired,x_layout,.199
phase-400k,xprof-r6,f1-repaired,x_probs_alloc,.024
phase-400k,xprof-r6,f1-repaired,x_buckets_grid,.216
phase-400k,xprof-r6,f1-repaired,x_cell_slice,.007
phase-400k,xprof-r6,f1-repaired,x_cell_rows,.1150000000000001
phase-400k,xprof-r7,f1-repaired,wall,1.373
phase-400k,xprof-r7,f1-repaired,ado_prescan,.122
phase-400k,xprof-r7,f1-repaired,ado_engine_call,1.11
phase-400k,xprof-r7,f1-repaired,p_setup,.349
phase-400k,xprof-r7,f1-repaired,p_buckets,.212
phase-400k,xprof-r7,f1-repaired,p_fit,.2270000000000001
phase-400k,xprof-r7,f1-repaired,p_ifasm,.0990000000000001
phase-400k,xprof-r7,f1-repaired,p_store,.004
phase-400k,xprof-r7,f1-repaired,p_cluster,0
phase-400k,xprof-r7,f1-repaired,p_boot,0
phase-400k,xprof-r7,f1-repaired,p_agg,0
phase-400k,xprof-r7,f1-repaired,x_driver,1.031
phase-400k,xprof-r7,f1-repaired,x_settle,.125
phase-400k,xprof-r7,f1-repaired,x_layout,.201
phase-400k,xprof-r7,f1-repaired,x_probs_alloc,.023
phase-400k,xprof-r7,f1-repaired,x_buckets_grid,.212
phase-400k,xprof-r7,f1-repaired,x_cell_slice,.017
phase-400k,xprof-r7,f1-repaired,x_cell_rows,.1250000000000001
phase-400k,xprof-r7,f1-repaired,wall,1.368
phase-400k,xprof-r7,f1-repaired,ado_prescan,.122
phase-400k,xprof-r7,f1-repaired,ado_engine_call,1.106
phase-400k,xprof-r7,f1-repaired,p_setup,.354
phase-400k,xprof-r7,f1-repaired,p_buckets,.218
phase-400k,xprof-r7,f1-repaired,p_fit,.2310000000000001
phase-400k,xprof-r7,f1-repaired,p_ifasm,.101
phase-400k,xprof-r7,f1-repaired,p_store,.003
phase-400k,xprof-r7,f1-repaired,p_cluster,0
phase-400k,xprof-r7,f1-repaired,p_boot,0
phase-400k,xprof-r7,f1-repaired,p_agg,0
phase-400k,xprof-r7,f1-repaired,x_driver,1.026
phase-400k,xprof-r7,f1-repaired,x_settle,.124
phase-400k,xprof-r7,f1-repaired,x_layout,.204
phase-400k,xprof-r7,f1-repaired,x_probs_alloc,.026
phase-400k,xprof-r7,f1-repaired,x_buckets_grid,.219
phase-400k,xprof-r7,f1-repaired,x_cell_slice,.007
phase-400k,xprof-r7,f1-repaired,x_cell_rows,.1110000000000001
phase-400k,xprof-r7,f1-repaired,wall,1.361
phase-400k,xprof-r7,f1-repaired,ado_prescan,.122
phase-400k,xprof-r7,f1-repaired,ado_engine_call,1.102
phase-400k,xprof-r7,f1-repaired,p_setup,.353
phase-400k,xprof-r7,f1-repaired,p_buckets,.213
phase-400k,xprof-r7,f1-repaired,p_fit,.2370000000000001
phase-400k,xprof-r7,f1-repaired,p_ifasm,.094
phase-400k,xprof-r7,f1-repaired,p_store,.003
phase-400k,xprof-r7,f1-repaired,p_cluster,0
phase-400k,xprof-r7,f1-repaired,p_boot,0
phase-400k,xprof-r7,f1-repaired,p_agg,0
phase-400k,xprof-r7,f1-repaired,x_driver,1.025
phase-400k,xprof-r7,f1-repaired,x_settle,.125
phase-400k,xprof-r7,f1-repaired,x_layout,.203
phase-400k,xprof-r7,f1-repaired,x_probs_alloc,.025
phase-400k,xprof-r7,f1-repaired,x_buckets_grid,.214
phase-400k,xprof-r7,f1-repaired,x_cell_slice,.016
phase-400k,xprof-r7,f1-repaired,x_cell_rows,.1110000000000001
phase-400k,xprof-r7,f1-repaired,wall,1.381
phase-400k,xprof-r7,f1-repaired,ado_prescan,.122
phase-400k,xprof-r7,f1-repaired,ado_engine_call,1.12
phase-400k,xprof-r7,f1-repaired,p_setup,.354
phase-400k,xprof-r7,f1-repaired,p_buckets,.218
phase-400k,xprof-r7,f1-repaired,p_fit,.2370000000000001
phase-400k,xprof-r7,f1-repaired,p_ifasm,.1030000000000001
phase-400k,xprof-r7,f1-repaired,p_store,.003
phase-400k,xprof-r7,f1-repaired,p_cluster,0
phase-400k,xprof-r7,f1-repaired,p_boot,0
phase-400k,xprof-r7,f1-repaired,p_agg,0
phase-400k,xprof-r7,f1-repaired,x_driver,1.041
phase-400k,xprof-r7,f1-repaired,x_settle,.126
phase-400k,xprof-r7,f1-repaired,x_layout,.204
phase-400k,xprof-r7,f1-repaired,x_probs_alloc,.024
phase-400k,xprof-r7,f1-repaired,x_buckets_grid,.219
phase-400k,xprof-r7,f1-repaired,x_cell_slice,.012
phase-400k,xprof-r7,f1-repaired,x_cell_rows,.1120000000000001
phase-400k,xprof-r7,174d27b,wall,1.33
phase-400k,xprof-r7,174d27b,ado_prescan,.121
phase-400k,xprof-r7,174d27b,ado_engine_call,1.069
phase-400k,xprof-r7,174d27b,p_setup,.353
phase-400k,xprof-r7,174d27b,p_buckets,.218
phase-400k,xprof-r7,174d27b,p_fit,.2240000000000001
phase-400k,xprof-r7,174d27b,p_ifasm,.0890000000000001
phase-400k,xprof-r7,174d27b,p_store,.004
phase-400k,xprof-r7,174d27b,p_cluster,0
phase-400k,xprof-r7,174d27b,p_boot,0
phase-400k,xprof-r7,174d27b,p_agg,0
phase-400k,xprof-r7,174d27b,x_driver,1.059
phase-400k,xprof-r7,174d27b,x_settle,.126
phase-400k,xprof-r7,174d27b,x_layout,.202
phase-400k,xprof-r7,174d27b,x_probs_alloc,.025
phase-400k,xprof-r7,174d27b,x_buckets_grid,.218
phase-400k,xprof-r7,174d27b,x_cell_slice,.007
phase-400k,xprof-r7,174d27b,x_cell_rows,.1000000000000001
phase-400k,xprof-r7,174d27b,wall,1.334
phase-400k,xprof-r7,174d27b,ado_prescan,.125
phase-400k,xprof-r7,174d27b,ado_engine_call,1.071
phase-400k,xprof-r7,174d27b,p_setup,.349
phase-400k,xprof-r7,174d27b,p_buckets,.21
phase-400k,xprof-r7,174d27b,p_fit,.2280000000000001
phase-400k,xprof-r7,174d27b,p_ifasm,.0930000000000001
phase-400k,xprof-r7,174d27b,p_store,.003
phase-400k,xprof-r7,174d27b,p_cluster,0
phase-400k,xprof-r7,174d27b,p_boot,0
phase-400k,xprof-r7,174d27b,p_agg,0
phase-400k,xprof-r7,174d27b,x_driver,1.061
phase-400k,xprof-r7,174d27b,x_settle,.125
phase-400k,xprof-r7,174d27b,x_layout,.2
phase-400k,xprof-r7,174d27b,x_probs_alloc,.024
phase-400k,xprof-r7,174d27b,x_buckets_grid,.21
phase-400k,xprof-r7,174d27b,x_cell_slice,.007
phase-400k,xprof-r7,174d27b,x_cell_rows,.1030000000000001
phase-400k,xprof-r7,174d27b,wall,1.352
phase-400k,xprof-r7,174d27b,ado_prescan,.121
phase-400k,xprof-r7,174d27b,ado_engine_call,1.087
phase-400k,xprof-r7,174d27b,p_setup,.349
phase-400k,xprof-r7,174d27b,p_buckets,.211
phase-400k,xprof-r7,174d27b,p_fit,.2290000000000001
phase-400k,xprof-r7,174d27b,p_ifasm,.0970000000000001
phase-400k,xprof-r7,174d27b,p_store,.003
phase-400k,xprof-r7,174d27b,p_cluster,0
phase-400k,xprof-r7,174d27b,p_boot,0
phase-400k,xprof-r7,174d27b,p_agg,0
phase-400k,xprof-r7,174d27b,x_driver,1.077
phase-400k,xprof-r7,174d27b,x_settle,.125
phase-400k,xprof-r7,174d27b,x_layout,.2
phase-400k,xprof-r7,174d27b,x_probs_alloc,.024
phase-400k,xprof-r7,174d27b,x_buckets_grid,.211
phase-400k,xprof-r7,174d27b,x_cell_slice,.009
phase-400k,xprof-r7,174d27b,x_cell_rows,.1130000000000001
phase-400k,xprof-r7,174d27b,wall,1.361
phase-400k,xprof-r7,174d27b,ado_prescan,.122
phase-400k,xprof-r7,174d27b,ado_engine_call,1.099
phase-400k,xprof-r7,174d27b,p_setup,.353
phase-400k,xprof-r7,174d27b,p_buckets,.221
phase-400k,xprof-r7,174d27b,p_fit,.2230000000000001
phase-400k,xprof-r7,174d27b,p_ifasm,.097
phase-400k,xprof-r7,174d27b,p_store,.003
phase-400k,xprof-r7,174d27b,p_cluster,0
phase-400k,xprof-r7,174d27b,p_boot,0
phase-400k,xprof-r7,174d27b,p_agg,0
phase-400k,xprof-r7,174d27b,x_driver,1.087
phase-400k,xprof-r7,174d27b,x_settle,.126
phase-400k,xprof-r7,174d27b,x_layout,.203
phase-400k,xprof-r7,174d27b,x_probs_alloc,.024
phase-400k,xprof-r7,174d27b,x_buckets_grid,.221
phase-400k,xprof-r7,174d27b,x_cell_slice,.01
phase-400k,xprof-r7,174d27b,x_cell_rows,.1150000000000001
phase-400k,xprof-r8,174d27b,wall,1.329
phase-400k,xprof-r8,174d27b,ado_prescan,.126
phase-400k,xprof-r8,174d27b,ado_engine_call,1.065
phase-400k,xprof-r8,174d27b,p_setup,.347
phase-400k,xprof-r8,174d27b,p_buckets,.21
phase-400k,xprof-r8,174d27b,p_fit,.2310000000000001
phase-400k,xprof-r8,174d27b,p_ifasm,.086
phase-400k,xprof-r8,174d27b,p_store,.003
phase-400k,xprof-r8,174d27b,p_cluster,0
phase-400k,xprof-r8,174d27b,p_boot,0
phase-400k,xprof-r8,174d27b,p_agg,0
phase-400k,xprof-r8,174d27b,x_driver,1.056
phase-400k,xprof-r8,174d27b,x_settle,.125
phase-400k,xprof-r8,174d27b,x_layout,.199
phase-400k,xprof-r8,174d27b,x_probs_alloc,.023
phase-400k,xprof-r8,174d27b,x_buckets_grid,.21
phase-400k,xprof-r8,174d27b,x_cell_slice,.009
phase-400k,xprof-r8,174d27b,x_cell_rows,.0990000000000001
phase-400k,xprof-r8,174d27b,wall,1.335
phase-400k,xprof-r8,174d27b,ado_prescan,.123
phase-400k,xprof-r8,174d27b,ado_engine_call,1.07
phase-400k,xprof-r8,174d27b,p_setup,.347
phase-400k,xprof-r8,174d27b,p_buckets,.213
phase-400k,xprof-r8,174d27b,p_fit,.2320000000000002
phase-400k,xprof-r8,174d27b,p_ifasm,.084
phase-400k,xprof-r8,174d27b,p_store,.003
phase-400k,xprof-r8,174d27b,p_cluster,0
phase-400k,xprof-r8,174d27b,p_boot,0
phase-400k,xprof-r8,174d27b,p_agg,0
phase-400k,xprof-r8,174d27b,x_driver,1.061
phase-400k,xprof-r8,174d27b,x_settle,.125
phase-400k,xprof-r8,174d27b,x_layout,.2
phase-400k,xprof-r8,174d27b,x_probs_alloc,.022
phase-400k,xprof-r8,174d27b,x_buckets_grid,.213
phase-400k,xprof-r8,174d27b,x_cell_slice,.012
phase-400k,xprof-r8,174d27b,x_cell_rows,.1050000000000001
phase-400k,xprof-r8,174d27b,wall,1.337
phase-400k,xprof-r8,174d27b,ado_prescan,.12
phase-400k,xprof-r8,174d27b,ado_engine_call,1.075
phase-400k,xprof-r8,174d27b,p_setup,.347
phase-400k,xprof-r8,174d27b,p_buckets,.212
phase-400k,xprof-r8,174d27b,p_fit,.2290000000000001
phase-400k,xprof-r8,174d27b,p_ifasm,.085
phase-400k,xprof-r8,174d27b,p_store,.004
phase-400k,xprof-r8,174d27b,p_cluster,0
phase-400k,xprof-r8,174d27b,p_boot,0
phase-400k,xprof-r8,174d27b,p_agg,0
phase-400k,xprof-r8,174d27b,x_driver,1.064
phase-400k,xprof-r8,174d27b,x_settle,.125
phase-400k,xprof-r8,174d27b,x_layout,.2
phase-400k,xprof-r8,174d27b,x_probs_alloc,.022
phase-400k,xprof-r8,174d27b,x_buckets_grid,.212
phase-400k,xprof-r8,174d27b,x_cell_slice,.014
phase-400k,xprof-r8,174d27b,x_cell_rows,.1060000000000001
phase-400k,xprof-r8,174d27b,wall,1.35
phase-400k,xprof-r8,174d27b,ado_prescan,.123
phase-400k,xprof-r8,174d27b,ado_engine_call,1.08
phase-400k,xprof-r8,174d27b,p_setup,.35
phase-400k,xprof-r8,174d27b,p_buckets,.213
phase-400k,xprof-r8,174d27b,p_fit,.2240000000000001
phase-400k,xprof-r8,174d27b,p_ifasm,.0940000000000001
phase-400k,xprof-r8,174d27b,p_store,.003
phase-400k,xprof-r8,174d27b,p_cluster,0
phase-400k,xprof-r8,174d27b,p_boot,0
phase-400k,xprof-r8,174d27b,p_agg,0
phase-400k,xprof-r8,174d27b,x_driver,1.069
phase-400k,xprof-r8,174d27b,x_settle,.125
phase-400k,xprof-r8,174d27b,x_layout,.201
phase-400k,xprof-r8,174d27b,x_probs_alloc,.024
phase-400k,xprof-r8,174d27b,x_buckets_grid,.213
phase-400k,xprof-r8,174d27b,x_cell_slice,.008
phase-400k,xprof-r8,174d27b,x_cell_rows,.1100000000000001
phase-400k,xprof-r8,f1-repaired,wall,1.311
phase-400k,xprof-r8,f1-repaired,ado_prescan,.12
phase-400k,xprof-r8,f1-repaired,ado_engine_call,1.054
phase-400k,xprof-r8,f1-repaired,p_setup,.344
phase-400k,xprof-r8,f1-repaired,p_buckets,.209
phase-400k,xprof-r8,f1-repaired,p_fit,.2250000000000001
phase-400k,xprof-r8,f1-repaired,p_ifasm,.0900000000000001
phase-400k,xprof-r8,f1-repaired,p_store,.003
phase-400k,xprof-r8,f1-repaired,p_cluster,0
phase-400k,xprof-r8,f1-repaired,p_boot,0
phase-400k,xprof-r8,f1-repaired,p_agg,0
phase-400k,xprof-r8,f1-repaired,x_driver,.977
phase-400k,xprof-r8,f1-repaired,x_settle,.124
phase-400k,xprof-r8,f1-repaired,x_layout,.197
phase-400k,xprof-r8,f1-repaired,x_probs_alloc,.023
phase-400k,xprof-r8,f1-repaired,x_buckets_grid,.209
phase-400k,xprof-r8,f1-repaired,x_cell_slice,.008
phase-400k,xprof-r8,f1-repaired,x_cell_rows,.1000000000000001
phase-400k,xprof-r8,f1-repaired,wall,1.341
phase-400k,xprof-r8,f1-repaired,ado_prescan,.122
phase-400k,xprof-r8,f1-repaired,ado_engine_call,1.082
phase-400k,xprof-r8,f1-repaired,p_setup,.349
phase-400k,xprof-r8,f1-repaired,p_buckets,.215
phase-400k,xprof-r8,f1-repaired,p_fit,.2310000000000001
phase-400k,xprof-r8,f1-repaired,p_ifasm,.0920000000000001
phase-400k,xprof-r8,f1-repaired,p_store,.003
phase-400k,xprof-r8,f1-repaired,p_cluster,0
phase-400k,xprof-r8,f1-repaired,p_boot,0
phase-400k,xprof-r8,f1-repaired,p_agg,0
phase-400k,xprof-r8,f1-repaired,x_driver,1.007
phase-400k,xprof-r8,f1-repaired,x_settle,.124
phase-400k,xprof-r8,f1-repaired,x_layout,.201
phase-400k,xprof-r8,f1-repaired,x_probs_alloc,.024
phase-400k,xprof-r8,f1-repaired,x_buckets_grid,.215
phase-400k,xprof-r8,f1-repaired,x_cell_slice,.008
phase-400k,xprof-r8,f1-repaired,x_cell_rows,.1100000000000001
phase-400k,xprof-r8,f1-repaired,wall,1.337
phase-400k,xprof-r8,f1-repaired,ado_prescan,.12
phase-400k,xprof-r8,f1-repaired,ado_engine_call,1.082
phase-400k,xprof-r8,f1-repaired,p_setup,.354
phase-400k,xprof-r8,f1-repaired,p_buckets,.211
phase-400k,xprof-r8,f1-repaired,p_fit,.2310000000000001
phase-400k,xprof-r8,f1-repaired,p_ifasm,.0900000000000001
phase-400k,xprof-r8,f1-repaired,p_store,.004
phase-400k,xprof-r8,f1-repaired,p_cluster,0
phase-400k,xprof-r8,f1-repaired,p_boot,0
phase-400k,xprof-r8,f1-repaired,p_agg,0
phase-400k,xprof-r8,f1-repaired,x_driver,1.006
phase-400k,xprof-r8,f1-repaired,x_settle,.125
phase-400k,xprof-r8,f1-repaired,x_layout,.203
phase-400k,xprof-r8,f1-repaired,x_probs_alloc,.026
phase-400k,xprof-r8,f1-repaired,x_buckets_grid,.211
phase-400k,xprof-r8,f1-repaired,x_cell_slice,.01
phase-400k,xprof-r8,f1-repaired,x_cell_rows,.1060000000000001
phase-400k,xprof-r8,f1-repaired,wall,1.339
phase-400k,xprof-r8,f1-repaired,ado_prescan,.121
phase-400k,xprof-r8,f1-repaired,ado_engine_call,1.084
phase-400k,xprof-r8,f1-repaired,p_setup,.349
phase-400k,xprof-r8,f1-repaired,p_buckets,.211
phase-400k,xprof-r8,f1-repaired,p_fit,.2380000000000001
phase-400k,xprof-r8,f1-repaired,p_ifasm,.0920000000000001
phase-400k,xprof-r8,f1-repaired,p_store,.003
phase-400k,xprof-r8,f1-repaired,p_cluster,0
phase-400k,xprof-r8,f1-repaired,p_boot,0
phase-400k,xprof-r8,f1-repaired,p_agg,0
phase-400k,xprof-r8,f1-repaired,x_driver,1.009
phase-400k,xprof-r8,f1-repaired,x_settle,.125
phase-400k,xprof-r8,f1-repaired,x_layout,.2
phase-400k,xprof-r8,f1-repaired,x_probs_alloc,.024
phase-400k,xprof-r8,f1-repaired,x_buckets_grid,.211
phase-400k,xprof-r8,f1-repaired,x_cell_slice,.013
phase-400k,xprof-r8,f1-repaired,x_cell_rows,.1050000000000001
phase-400k,xprof-r9,f1-repaired,wall,1.343
phase-400k,xprof-r9,f1-repaired,ado_prescan,.121
phase-400k,xprof-r9,f1-repaired,ado_engine_call,1.084
phase-400k,xprof-r9,f1-repaired,p_setup,.353
phase-400k,xprof-r9,f1-repaired,p_buckets,.215
phase-400k,xprof-r9,f1-repaired,p_fit,.2280000000000001
phase-400k,xprof-r9,f1-repaired,p_ifasm,.0960000000000001
phase-400k,xprof-r9,f1-repaired,p_store,.004
phase-400k,xprof-r9,f1-repaired,p_cluster,0
phase-400k,xprof-r9,f1-repaired,p_boot,0
phase-400k,xprof-r9,f1-repaired,p_agg,0
phase-400k,xprof-r9,f1-repaired,x_driver,1.006
phase-400k,xprof-r9,f1-repaired,x_settle,.126
phase-400k,xprof-r9,f1-repaired,x_layout,.202
phase-400k,xprof-r9,f1-repaired,x_probs_alloc,.025
phase-400k,xprof-r9,f1-repaired,x_buckets_grid,.216
phase-400k,xprof-r9,f1-repaired,x_cell_slice,.009
phase-400k,xprof-r9,f1-repaired,x_cell_rows,.1020000000000001
phase-400k,xprof-r9,f1-repaired,wall,1.335
phase-400k,xprof-r9,f1-repaired,ado_prescan,.123
phase-400k,xprof-r9,f1-repaired,ado_engine_call,1.077
phase-400k,xprof-r9,f1-repaired,p_setup,.349
phase-400k,xprof-r9,f1-repaired,p_buckets,.213
phase-400k,xprof-r9,f1-repaired,p_fit,.2360000000000002
phase-400k,xprof-r9,f1-repaired,p_ifasm,.0880000000000001
phase-400k,xprof-r9,f1-repaired,p_store,.003
phase-400k,xprof-r9,f1-repaired,p_cluster,0
phase-400k,xprof-r9,f1-repaired,p_boot,0
phase-400k,xprof-r9,f1-repaired,p_agg,0
phase-400k,xprof-r9,f1-repaired,x_driver,1.003
phase-400k,xprof-r9,f1-repaired,x_settle,.125
phase-400k,xprof-r9,f1-repaired,x_layout,.199
phase-400k,xprof-r9,f1-repaired,x_probs_alloc,.025
phase-400k,xprof-r9,f1-repaired,x_buckets_grid,.213
phase-400k,xprof-r9,f1-repaired,x_cell_slice,.011
phase-400k,xprof-r9,f1-repaired,x_cell_rows,.103
phase-400k,xprof-r9,f1-repaired,wall,1.342
phase-400k,xprof-r9,f1-repaired,ado_prescan,.119
phase-400k,xprof-r9,f1-repaired,ado_engine_call,1.081
phase-400k,xprof-r9,f1-repaired,p_setup,.35
phase-400k,xprof-r9,f1-repaired,p_buckets,.211
phase-400k,xprof-r9,f1-repaired,p_fit,.2300000000000001
phase-400k,xprof-r9,f1-repaired,p_ifasm,.093
phase-400k,xprof-r9,f1-repaired,p_store,.004
phase-400k,xprof-r9,f1-repaired,p_cluster,0
phase-400k,xprof-r9,f1-repaired,p_boot,0
phase-400k,xprof-r9,f1-repaired,p_agg,0
phase-400k,xprof-r9,f1-repaired,x_driver,1.004
phase-400k,xprof-r9,f1-repaired,x_settle,.126
phase-400k,xprof-r9,f1-repaired,x_layout,.2
phase-400k,xprof-r9,f1-repaired,x_probs_alloc,.024
phase-400k,xprof-r9,f1-repaired,x_buckets_grid,.212
phase-400k,xprof-r9,f1-repaired,x_cell_slice,.009
phase-400k,xprof-r9,f1-repaired,x_cell_rows,.1100000000000001
phase-400k,xprof-r9,f1-repaired,wall,1.337
phase-400k,xprof-r9,f1-repaired,ado_prescan,.12
phase-400k,xprof-r9,f1-repaired,ado_engine_call,1.079
phase-400k,xprof-r9,f1-repaired,p_setup,.349
phase-400k,xprof-r9,f1-repaired,p_buckets,.213
phase-400k,xprof-r9,f1-repaired,p_fit,.2320000000000001
phase-400k,xprof-r9,f1-repaired,p_ifasm,.0930000000000001
phase-400k,xprof-r9,f1-repaired,p_store,.004
phase-400k,xprof-r9,f1-repaired,p_cluster,0
phase-400k,xprof-r9,f1-repaired,p_boot,0
phase-400k,xprof-r9,f1-repaired,p_agg,0
phase-400k,xprof-r9,f1-repaired,x_driver,1
phase-400k,xprof-r9,f1-repaired,x_settle,.125
phase-400k,xprof-r9,f1-repaired,x_layout,.199
phase-400k,xprof-r9,f1-repaired,x_probs_alloc,.025
phase-400k,xprof-r9,f1-repaired,x_buckets_grid,.214
phase-400k,xprof-r9,f1-repaired,x_cell_slice,.005
phase-400k,xprof-r9,f1-repaired,x_cell_rows,.1060000000000001
phase-400k,xprof-r9,174d27b,wall,1.334
phase-400k,xprof-r9,174d27b,ado_prescan,.119
phase-400k,xprof-r9,174d27b,ado_engine_call,1.076
phase-400k,xprof-r9,174d27b,p_setup,.349
phase-400k,xprof-r9,174d27b,p_buckets,.212
phase-400k,xprof-r9,174d27b,p_fit,.2260000000000001
phase-400k,xprof-r9,174d27b,p_ifasm,.0990000000000001
phase-400k,xprof-r9,174d27b,p_store,.003
phase-400k,xprof-r9,174d27b,p_cluster,0
phase-400k,xprof-r9,174d27b,p_boot,0
phase-400k,xprof-r9,174d27b,p_agg,0
phase-400k,xprof-r9,174d27b,x_driver,1.067
phase-400k,xprof-r9,174d27b,x_settle,.124
phase-400k,xprof-r9,174d27b,x_layout,.202
phase-400k,xprof-r9,174d27b,x_probs_alloc,.023
phase-400k,xprof-r9,174d27b,x_buckets_grid,.212
phase-400k,xprof-r9,174d27b,x_cell_slice,.005
phase-400k,xprof-r9,174d27b,x_cell_rows,.1040000000000001
phase-400k,xprof-r9,174d27b,wall,1.323
phase-400k,xprof-r9,174d27b,ado_prescan,.121
phase-400k,xprof-r9,174d27b,ado_engine_call,1.066
phase-400k,xprof-r9,174d27b,p_setup,.35
phase-400k,xprof-r9,174d27b,p_buckets,.212
phase-400k,xprof-r9,174d27b,p_fit,.2260000000000001
phase-400k,xprof-r9,174d27b,p_ifasm,.0920000000000001
phase-400k,xprof-r9,174d27b,p_store,.003
phase-400k,xprof-r9,174d27b,p_cluster,0
phase-400k,xprof-r9,174d27b,p_boot,0
phase-400k,xprof-r9,174d27b,p_agg,0
phase-400k,xprof-r9,174d27b,x_driver,1.056
phase-400k,xprof-r9,174d27b,x_settle,.125
phase-400k,xprof-r9,174d27b,x_layout,.202
phase-400k,xprof-r9,174d27b,x_probs_alloc,.023
phase-400k,xprof-r9,174d27b,x_buckets_grid,.212
phase-400k,xprof-r9,174d27b,x_cell_slice,.007
phase-400k,xprof-r9,174d27b,x_cell_rows,.0980000000000001
phase-400k,xprof-r9,174d27b,wall,1.343
phase-400k,xprof-r9,174d27b,ado_prescan,.121
phase-400k,xprof-r9,174d27b,ado_engine_call,1.084
phase-400k,xprof-r9,174d27b,p_setup,.347
phase-400k,xprof-r9,174d27b,p_buckets,.214
phase-400k,xprof-r9,174d27b,p_fit,.2270000000000001
phase-400k,xprof-r9,174d27b,p_ifasm,.0950000000000001
phase-400k,xprof-r9,174d27b,p_store,.003
phase-400k,xprof-r9,174d27b,p_cluster,0
phase-400k,xprof-r9,174d27b,p_boot,0
phase-400k,xprof-r9,174d27b,p_agg,0
phase-400k,xprof-r9,174d27b,x_driver,1.074
phase-400k,xprof-r9,174d27b,x_settle,.124
phase-400k,xprof-r9,174d27b,x_layout,.2
phase-400k,xprof-r9,174d27b,x_probs_alloc,.023
phase-400k,xprof-r9,174d27b,x_buckets_grid,.214
phase-400k,xprof-r9,174d27b,x_cell_slice,.011
phase-400k,xprof-r9,174d27b,x_cell_rows,.1110000000000001
phase-400k,xprof-r9,174d27b,wall,1.337
phase-400k,xprof-r9,174d27b,ado_prescan,.121
phase-400k,xprof-r9,174d27b,ado_engine_call,1.08
phase-400k,xprof-r9,174d27b,p_setup,.347
phase-400k,xprof-r9,174d27b,p_buckets,.213
phase-400k,xprof-r9,174d27b,p_fit,.2280000000000001
phase-400k,xprof-r9,174d27b,p_ifasm,.0890000000000001
phase-400k,xprof-r9,174d27b,p_store,.003
phase-400k,xprof-r9,174d27b,p_cluster,0
phase-400k,xprof-r9,174d27b,p_boot,0
phase-400k,xprof-r9,174d27b,p_agg,0
phase-400k,xprof-r9,174d27b,x_driver,1.07
phase-400k,xprof-r9,174d27b,x_settle,.124
phase-400k,xprof-r9,174d27b,x_layout,.2
phase-400k,xprof-r9,174d27b,x_probs_alloc,.023
phase-400k,xprof-r9,174d27b,x_buckets_grid,.213
phase-400k,xprof-r9,174d27b,x_cell_slice,.016
phase-400k,xprof-r9,174d27b,x_cell_rows,.1090000000000001
phase-400k,xprof-r10,174d27b,wall,1.331
phase-400k,xprof-r10,174d27b,ado_prescan,.12
phase-400k,xprof-r10,174d27b,ado_engine_call,1.073
phase-400k,xprof-r10,174d27b,p_setup,.349
phase-400k,xprof-r10,174d27b,p_buckets,.21
phase-400k,xprof-r10,174d27b,p_fit,.2310000000000001
phase-400k,xprof-r10,174d27b,p_ifasm,.0920000000000001
phase-400k,xprof-r10,174d27b,p_store,.003
phase-400k,xprof-r10,174d27b,p_cluster,0
phase-400k,xprof-r10,174d27b,p_boot,0
phase-400k,xprof-r10,174d27b,p_agg,0
phase-400k,xprof-r10,174d27b,x_driver,1.062
phase-400k,xprof-r10,174d27b,x_settle,.124
phase-400k,xprof-r10,174d27b,x_layout,.201
phase-400k,xprof-r10,174d27b,x_probs_alloc,.024
phase-400k,xprof-r10,174d27b,x_buckets_grid,.21
phase-400k,xprof-r10,174d27b,x_cell_slice,.011
phase-400k,xprof-r10,174d27b,x_cell_rows,.0990000000000001
phase-400k,xprof-r10,174d27b,wall,1.346
phase-400k,xprof-r10,174d27b,ado_prescan,.125
phase-400k,xprof-r10,174d27b,ado_engine_call,1.084
phase-400k,xprof-r10,174d27b,p_setup,.351
phase-400k,xprof-r10,174d27b,p_buckets,.213
phase-400k,xprof-r10,174d27b,p_fit,.2360000000000002
phase-400k,xprof-r10,174d27b,p_ifasm,.092
phase-400k,xprof-r10,174d27b,p_store,.003
phase-400k,xprof-r10,174d27b,p_cluster,0
phase-400k,xprof-r10,174d27b,p_boot,0
phase-400k,xprof-r10,174d27b,p_agg,0
phase-400k,xprof-r10,174d27b,x_driver,1.074
phase-400k,xprof-r10,174d27b,x_settle,.125
phase-400k,xprof-r10,174d27b,x_layout,.202
phase-400k,xprof-r10,174d27b,x_probs_alloc,.024
phase-400k,xprof-r10,174d27b,x_buckets_grid,.213
phase-400k,xprof-r10,174d27b,x_cell_slice,.012
phase-400k,xprof-r10,174d27b,x_cell_rows,.1
phase-400k,xprof-r10,174d27b,wall,1.333
phase-400k,xprof-r10,174d27b,ado_prescan,.121
phase-400k,xprof-r10,174d27b,ado_engine_call,1.074
phase-400k,xprof-r10,174d27b,p_setup,.349
phase-400k,xprof-r10,174d27b,p_buckets,.209
phase-400k,xprof-r10,174d27b,p_fit,.2300000000000001
phase-400k,xprof-r10,174d27b,p_ifasm,.0970000000000001
phase-400k,xprof-r10,174d27b,p_store,.003
phase-400k,xprof-r10,174d27b,p_cluster,0
phase-400k,xprof-r10,174d27b,p_boot,0
phase-400k,xprof-r10,174d27b,p_agg,0
phase-400k,xprof-r10,174d27b,x_driver,1.064
phase-400k,xprof-r10,174d27b,x_settle,.126
phase-400k,xprof-r10,174d27b,x_layout,.2
phase-400k,xprof-r10,174d27b,x_probs_alloc,.023
phase-400k,xprof-r10,174d27b,x_buckets_grid,.209
phase-400k,xprof-r10,174d27b,x_cell_slice,.007
phase-400k,xprof-r10,174d27b,x_cell_rows,.103
phase-400k,xprof-r10,174d27b,wall,1.379
phase-400k,xprof-r10,174d27b,ado_prescan,.119
phase-400k,xprof-r10,174d27b,ado_engine_call,1.117
phase-400k,xprof-r10,174d27b,p_setup,.351
phase-400k,xprof-r10,174d27b,p_buckets,.214
phase-400k,xprof-r10,174d27b,p_fit,.2390000000000001
phase-400k,xprof-r10,174d27b,p_ifasm,.0940000000000001
phase-400k,xprof-r10,174d27b,p_store,.003
phase-400k,xprof-r10,174d27b,p_cluster,0
phase-400k,xprof-r10,174d27b,p_boot,0
phase-400k,xprof-r10,174d27b,p_agg,0
phase-400k,xprof-r10,174d27b,x_driver,1.108
phase-400k,xprof-r10,174d27b,x_settle,.126
phase-400k,xprof-r10,174d27b,x_layout,.201
phase-400k,xprof-r10,174d27b,x_probs_alloc,.024
phase-400k,xprof-r10,174d27b,x_buckets_grid,.214
phase-400k,xprof-r10,174d27b,x_cell_slice,.017
phase-400k,xprof-r10,174d27b,x_cell_rows,.1230000000000001
phase-400k,xprof-r10,f1-repaired,wall,1.347
phase-400k,xprof-r10,f1-repaired,ado_prescan,.119
phase-400k,xprof-r10,f1-repaired,ado_engine_call,1.094
phase-400k,xprof-r10,f1-repaired,p_setup,.352
phase-400k,xprof-r10,f1-repaired,p_buckets,.215
phase-400k,xprof-r10,f1-repaired,p_fit,.2320000000000002
phase-400k,xprof-r10,f1-repaired,p_ifasm,.0960000000000001
phase-400k,xprof-r10,f1-repaired,p_store,.004
phase-400k,xprof-r10,f1-repaired,p_cluster,0
phase-400k,xprof-r10,f1-repaired,p_boot,0
phase-400k,xprof-r10,f1-repaired,p_agg,0
phase-400k,xprof-r10,f1-repaired,x_driver,1.017
phase-400k,xprof-r10,f1-repaired,x_settle,.124
phase-400k,xprof-r10,f1-repaired,x_layout,.203
phase-400k,xprof-r10,f1-repaired,x_probs_alloc,.025
phase-400k,xprof-r10,f1-repaired,x_buckets_grid,.216
phase-400k,xprof-r10,f1-repaired,x_cell_slice,.014
phase-400k,xprof-r10,f1-repaired,x_cell_rows,.1040000000000001
phase-400k,xprof-r10,f1-repaired,wall,1.354
phase-400k,xprof-r10,f1-repaired,ado_prescan,.123
phase-400k,xprof-r10,f1-repaired,ado_engine_call,1.094
phase-400k,xprof-r10,f1-repaired,p_setup,.351
phase-400k,xprof-r10,f1-repaired,p_buckets,.215
phase-400k,xprof-r10,f1-repaired,p_fit,.2290000000000001
phase-400k,xprof-r10,f1-repaired,p_ifasm,.098
phase-400k,xprof-r10,f1-repaired,p_store,.003
phase-400k,xprof-r10,f1-repaired,p_cluster,0
phase-400k,xprof-r10,f1-repaired,p_boot,0
phase-400k,xprof-r10,f1-repaired,p_agg,0
phase-400k,xprof-r10,f1-repaired,x_driver,1.02
phase-400k,xprof-r10,f1-repaired,x_settle,.125
phase-400k,xprof-r10,f1-repaired,x_layout,.201
phase-400k,xprof-r10,f1-repaired,x_probs_alloc,.025
phase-400k,xprof-r10,f1-repaired,x_buckets_grid,.216
phase-400k,xprof-r10,f1-repaired,x_cell_slice,.011
phase-400k,xprof-r10,f1-repaired,x_cell_rows,.1140000000000001
phase-400k,xprof-r10,f1-repaired,wall,1.33
phase-400k,xprof-r10,f1-repaired,ado_prescan,.121
phase-400k,xprof-r10,f1-repaired,ado_engine_call,1.076
phase-400k,xprof-r10,f1-repaired,p_setup,.35
phase-400k,xprof-r10,f1-repaired,p_buckets,.213
phase-400k,xprof-r10,f1-repaired,p_fit,.2300000000000001
phase-400k,xprof-r10,f1-repaired,p_ifasm,.093
phase-400k,xprof-r10,f1-repaired,p_store,.003
phase-400k,xprof-r10,f1-repaired,p_cluster,0
phase-400k,xprof-r10,f1-repaired,p_boot,0
phase-400k,xprof-r10,f1-repaired,p_agg,0
phase-400k,xprof-r10,f1-repaired,x_driver,.999
phase-400k,xprof-r10,f1-repaired,x_settle,.124
phase-400k,xprof-r10,f1-repaired,x_layout,.202
phase-400k,xprof-r10,f1-repaired,x_probs_alloc,.024
phase-400k,xprof-r10,f1-repaired,x_buckets_grid,.213
phase-400k,xprof-r10,f1-repaired,x_cell_slice,.01
phase-400k,xprof-r10,f1-repaired,x_cell_rows,.1010000000000001
phase-400k,xprof-r10,f1-repaired,wall,1.352
phase-400k,xprof-r10,f1-repaired,ado_prescan,.12
phase-400k,xprof-r10,f1-repaired,ado_engine_call,1.093
phase-400k,xprof-r10,f1-repaired,p_setup,.351
phase-400k,xprof-r10,f1-repaired,p_buckets,.22
phase-400k,xprof-r10,f1-repaired,p_fit,.2350000000000001
phase-400k,xprof-r10,f1-repaired,p_ifasm,.0940000000000001
phase-400k,xprof-r10,f1-repaired,p_store,.003
phase-400k,xprof-r10,f1-repaired,p_cluster,0
phase-400k,xprof-r10,f1-repaired,p_boot,0
phase-400k,xprof-r10,f1-repaired,p_agg,0
phase-400k,xprof-r10,f1-repaired,x_driver,1.017
phase-400k,xprof-r10,f1-repaired,x_settle,.124
phase-400k,xprof-r10,f1-repaired,x_layout,.203
phase-400k,xprof-r10,f1-repaired,x_probs_alloc,.024
phase-400k,xprof-r10,f1-repaired,x_buckets_grid,.221
phase-400k,xprof-r10,f1-repaired,x_cell_slice,.008
phase-400k,xprof-r10,f1-repaired,x_cell_rows,.1050000000000001
phase-400k,xprof-r11,f1-repaired,wall,1.311
phase-400k,xprof-r11,f1-repaired,ado_prescan,.118
phase-400k,xprof-r11,f1-repaired,ado_engine_call,1.056
phase-400k,xprof-r11,f1-repaired,p_setup,.348
phase-400k,xprof-r11,f1-repaired,p_buckets,.212
phase-400k,xprof-r11,f1-repaired,p_fit,.2280000000000001
phase-400k,xprof-r11,f1-repaired,p_ifasm,.078
phase-400k,xprof-r11,f1-repaired,p_store,.004
phase-400k,xprof-r11,f1-repaired,p_cluster,0
phase-400k,xprof-r11,f1-repaired,p_boot,0
phase-400k,xprof-r11,f1-repaired,p_agg,0
phase-400k,xprof-r11,f1-repaired,x_driver,.978
phase-400k,xprof-r11,f1-repaired,x_settle,.124
phase-400k,xprof-r11,f1-repaired,x_layout,.201
phase-400k,xprof-r11,f1-repaired,x_probs_alloc,.023
phase-400k,xprof-r11,f1-repaired,x_buckets_grid,.212
phase-400k,xprof-r11,f1-repaired,x_cell_slice,.014
phase-400k,xprof-r11,f1-repaired,x_cell_rows,.0980000000000001
phase-400k,xprof-r11,f1-repaired,wall,1.323
phase-400k,xprof-r11,f1-repaired,ado_prescan,.124
phase-400k,xprof-r11,f1-repaired,ado_engine_call,1.063
phase-400k,xprof-r11,f1-repaired,p_setup,.345
phase-400k,xprof-r11,f1-repaired,p_buckets,.21
phase-400k,xprof-r11,f1-repaired,p_fit,.2350000000000001
phase-400k,xprof-r11,f1-repaired,p_ifasm,.087
phase-400k,xprof-r11,f1-repaired,p_store,.003
phase-400k,xprof-r11,f1-repaired,p_cluster,0
phase-400k,xprof-r11,f1-repaired,p_boot,0
phase-400k,xprof-r11,f1-repaired,p_agg,0
phase-400k,xprof-r11,f1-repaired,x_driver,.988
phase-400k,xprof-r11,f1-repaired,x_settle,.124
phase-400k,xprof-r11,f1-repaired,x_layout,.198
phase-400k,xprof-r11,f1-repaired,x_probs_alloc,.023
phase-400k,xprof-r11,f1-repaired,x_buckets_grid,.21
phase-400k,xprof-r11,f1-repaired,x_cell_slice,.012
phase-400k,xprof-r11,f1-repaired,x_cell_rows,.0980000000000001
phase-400k,xprof-r11,f1-repaired,wall,1.315
phase-400k,xprof-r11,f1-repaired,ado_prescan,.12
phase-400k,xprof-r11,f1-repaired,ado_engine_call,1.062
phase-400k,xprof-r11,f1-repaired,p_setup,.348
phase-400k,xprof-r11,f1-repaired,p_buckets,.212
phase-400k,xprof-r11,f1-repaired,p_fit,.2290000000000001
phase-400k,xprof-r11,f1-repaired,p_ifasm,.087
phase-400k,xprof-r11,f1-repaired,p_store,.003
phase-400k,xprof-r11,f1-repaired,p_cluster,0
phase-400k,xprof-r11,f1-repaired,p_boot,0
phase-400k,xprof-r11,f1-repaired,p_agg,0
phase-400k,xprof-r11,f1-repaired,x_driver,.986
phase-400k,xprof-r11,f1-repaired,x_settle,.125
phase-400k,xprof-r11,f1-repaired,x_layout,.2
phase-400k,xprof-r11,f1-repaired,x_probs_alloc,.023
phase-400k,xprof-r11,f1-repaired,x_buckets_grid,.213
phase-400k,xprof-r11,f1-repaired,x_cell_slice,.011
phase-400k,xprof-r11,f1-repaired,x_cell_rows,.096
phase-400k,xprof-r11,f1-repaired,wall,1.331
phase-400k,xprof-r11,f1-repaired,ado_prescan,.119
phase-400k,xprof-r11,f1-repaired,ado_engine_call,1.075
phase-400k,xprof-r11,f1-repaired,p_setup,.35
phase-400k,xprof-r11,f1-repaired,p_buckets,.216
phase-400k,xprof-r11,f1-repaired,p_fit,.2320000000000002
phase-400k,xprof-r11,f1-repaired,p_ifasm,.0880000000000001
phase-400k,xprof-r11,f1-repaired,p_store,.003
phase-400k,xprof-r11,f1-repaired,p_cluster,0
phase-400k,xprof-r11,f1-repaired,p_boot,0
phase-400k,xprof-r11,f1-repaired,p_agg,0
phase-400k,xprof-r11,f1-repaired,x_driver,1
phase-400k,xprof-r11,f1-repaired,x_settle,.125
phase-400k,xprof-r11,f1-repaired,x_layout,.201
phase-400k,xprof-r11,f1-repaired,x_probs_alloc,.024
phase-400k,xprof-r11,f1-repaired,x_buckets_grid,.217
phase-400k,xprof-r11,f1-repaired,x_cell_slice,.008
phase-400k,xprof-r11,f1-repaired,x_cell_rows,.102
phase-400k,xprof-r11,174d27b,wall,1.324
phase-400k,xprof-r11,174d27b,ado_prescan,.12
phase-400k,xprof-r11,174d27b,ado_engine_call,1.066
phase-400k,xprof-r11,174d27b,p_setup,.347
phase-400k,xprof-r11,174d27b,p_buckets,.21
phase-400k,xprof-r11,174d27b,p_fit,.2310000000000001
phase-400k,xprof-r11,174d27b,p_ifasm,.0880000000000001
phase-400k,xprof-r11,174d27b,p_store,.003
phase-400k,xprof-r11,174d27b,p_cluster,0
phase-400k,xprof-r11,174d27b,p_boot,0
phase-400k,xprof-r11,174d27b,p_agg,0
phase-400k,xprof-r11,174d27b,x_driver,1.057
phase-400k,xprof-r11,174d27b,x_settle,.125
phase-400k,xprof-r11,174d27b,x_layout,.199
phase-400k,xprof-r11,174d27b,x_probs_alloc,.023
phase-400k,xprof-r11,174d27b,x_buckets_grid,.21
phase-400k,xprof-r11,174d27b,x_cell_slice,.006
phase-400k,xprof-r11,174d27b,x_cell_rows,.1050000000000001
phase-400k,xprof-r11,174d27b,wall,1.351
phase-400k,xprof-r11,174d27b,ado_prescan,.125
phase-400k,xprof-r11,174d27b,ado_engine_call,1.089
phase-400k,xprof-r11,174d27b,p_setup,.349
phase-400k,xprof-r11,174d27b,p_buckets,.213
phase-400k,xprof-r11,174d27b,p_fit,.2280000000000001
phase-400k,xprof-r11,174d27b,p_ifasm,.1
phase-400k,xprof-r11,174d27b,p_store,.003
phase-400k,xprof-r11,174d27b,p_cluster,0
phase-400k,xprof-r11,174d27b,p_boot,0
phase-400k,xprof-r11,174d27b,p_agg,0
phase-400k,xprof-r11,174d27b,x_driver,1.08
phase-400k,xprof-r11,174d27b,x_settle,.124
phase-400k,xprof-r11,174d27b,x_layout,.202
phase-400k,xprof-r11,174d27b,x_probs_alloc,.023
phase-400k,xprof-r11,174d27b,x_buckets_grid,.213
phase-400k,xprof-r11,174d27b,x_cell_slice,.007
phase-400k,xprof-r11,174d27b,x_cell_rows,.1130000000000001
phase-400k,xprof-r11,174d27b,wall,1.352
phase-400k,xprof-r11,174d27b,ado_prescan,.128
phase-400k,xprof-r11,174d27b,ado_engine_call,1.08
phase-400k,xprof-r11,174d27b,p_setup,.35
phase-400k,xprof-r11,174d27b,p_buckets,.212
phase-400k,xprof-r11,174d27b,p_fit,.2300000000000001
phase-400k,xprof-r11,174d27b,p_ifasm,.0880000000000001
phase-400k,xprof-r11,174d27b,p_store,.003
phase-400k,xprof-r11,174d27b,p_cluster,0
phase-400k,xprof-r11,174d27b,p_boot,0
phase-400k,xprof-r11,174d27b,p_agg,0
phase-400k,xprof-r11,174d27b,x_driver,1.07
phase-400k,xprof-r11,174d27b,x_settle,.126
phase-400k,xprof-r11,174d27b,x_layout,.202
phase-400k,xprof-r11,174d27b,x_probs_alloc,.023
phase-400k,xprof-r11,174d27b,x_buckets_grid,.212
phase-400k,xprof-r11,174d27b,x_cell_slice,.014
phase-400k,xprof-r11,174d27b,x_cell_rows,.103
phase-400k,xprof-r11,174d27b,wall,1.359
phase-400k,xprof-r11,174d27b,ado_prescan,.121
phase-400k,xprof-r11,174d27b,ado_engine_call,1.1
phase-400k,xprof-r11,174d27b,p_setup,.348
phase-400k,xprof-r11,174d27b,p_buckets,.213
phase-400k,xprof-r11,174d27b,p_fit,.2320000000000001
phase-400k,xprof-r11,174d27b,p_ifasm,.0980000000000001
phase-400k,xprof-r11,174d27b,p_store,.003
phase-400k,xprof-r11,174d27b,p_cluster,0
phase-400k,xprof-r11,174d27b,p_boot,0
phase-400k,xprof-r11,174d27b,p_agg,0
phase-400k,xprof-r11,174d27b,x_driver,1.089
phase-400k,xprof-r11,174d27b,x_settle,.125
phase-400k,xprof-r11,174d27b,x_layout,.201
phase-400k,xprof-r11,174d27b,x_probs_alloc,.022
phase-400k,xprof-r11,174d27b,x_buckets_grid,.213
phase-400k,xprof-r11,174d27b,x_cell_slice,.017
phase-400k,xprof-r11,174d27b,x_cell_rows,.1110000000000001
phase-400k,xprof-r12,174d27b,wall,1.32
phase-400k,xprof-r12,174d27b,ado_prescan,.121
phase-400k,xprof-r12,174d27b,ado_engine_call,1.063
phase-400k,xprof-r12,174d27b,p_setup,.351
phase-400k,xprof-r12,174d27b,p_buckets,.213
phase-400k,xprof-r12,174d27b,p_fit,.2260000000000001
phase-400k,xprof-r12,174d27b,p_ifasm,.086
phase-400k,xprof-r12,174d27b,p_store,.003
phase-400k,xprof-r12,174d27b,p_cluster,0
phase-400k,xprof-r12,174d27b,p_boot,0
phase-400k,xprof-r12,174d27b,p_agg,0
phase-400k,xprof-r12,174d27b,x_driver,1.052
phase-400k,xprof-r12,174d27b,x_settle,.127
phase-400k,xprof-r12,174d27b,x_layout,.2
phase-400k,xprof-r12,174d27b,x_probs_alloc,.024
phase-400k,xprof-r12,174d27b,x_buckets_grid,.213
phase-400k,xprof-r12,174d27b,x_cell_slice,.007
phase-400k,xprof-r12,174d27b,x_cell_rows,.0980000000000001
phase-400k,xprof-r12,174d27b,wall,1.342
phase-400k,xprof-r12,174d27b,ado_prescan,.122
phase-400k,xprof-r12,174d27b,ado_engine_call,1.078
phase-400k,xprof-r12,174d27b,p_setup,.347
phase-400k,xprof-r12,174d27b,p_buckets,.213
phase-400k,xprof-r12,174d27b,p_fit,.2360000000000001
phase-400k,xprof-r12,174d27b,p_ifasm,.0950000000000001
phase-400k,xprof-r12,174d27b,p_store,.003
phase-400k,xprof-r12,174d27b,p_cluster,0
phase-400k,xprof-r12,174d27b,p_boot,0
phase-400k,xprof-r12,174d27b,p_agg,0
phase-400k,xprof-r12,174d27b,x_driver,1.069
phase-400k,xprof-r12,174d27b,x_settle,.124
phase-400k,xprof-r12,174d27b,x_layout,.201
phase-400k,xprof-r12,174d27b,x_probs_alloc,.022
phase-400k,xprof-r12,174d27b,x_buckets_grid,.213
phase-400k,xprof-r12,174d27b,x_cell_slice,.006
phase-400k,xprof-r12,174d27b,x_cell_rows,.1040000000000001
phase-400k,xprof-r12,174d27b,wall,1.341
phase-400k,xprof-r12,174d27b,ado_prescan,.121
phase-400k,xprof-r12,174d27b,ado_engine_call,1.082
phase-400k,xprof-r12,174d27b,p_setup,.35
phase-400k,xprof-r12,174d27b,p_buckets,.218
phase-400k,xprof-r12,174d27b,p_fit,.2310000000000001
phase-400k,xprof-r12,174d27b,p_ifasm,.0950000000000001
phase-400k,xprof-r12,174d27b,p_store,.003
phase-400k,xprof-r12,174d27b,p_cluster,0
phase-400k,xprof-r12,174d27b,p_boot,0
phase-400k,xprof-r12,174d27b,p_agg,0
phase-400k,xprof-r12,174d27b,x_driver,1.071
phase-400k,xprof-r12,174d27b,x_settle,.125
phase-400k,xprof-r12,174d27b,x_layout,.201
phase-400k,xprof-r12,174d27b,x_probs_alloc,.024
phase-400k,xprof-r12,174d27b,x_buckets_grid,.218
phase-400k,xprof-r12,174d27b,x_cell_slice,.009
phase-400k,xprof-r12,174d27b,x_cell_rows,.1010000000000001
phase-400k,xprof-r12,174d27b,wall,1.357
phase-400k,xprof-r12,174d27b,ado_prescan,.119
phase-400k,xprof-r12,174d27b,ado_engine_call,1.101
phase-400k,xprof-r12,174d27b,p_setup,.346
phase-400k,xprof-r12,174d27b,p_buckets,.215
phase-400k,xprof-r12,174d27b,p_fit,.2340000000000001
phase-400k,xprof-r12,174d27b,p_ifasm,.0970000000000001
phase-400k,xprof-r12,174d27b,p_store,.003
phase-400k,xprof-r12,174d27b,p_cluster,0
phase-400k,xprof-r12,174d27b,p_boot,0
phase-400k,xprof-r12,174d27b,p_agg,0
phase-400k,xprof-r12,174d27b,x_driver,1.091
phase-400k,xprof-r12,174d27b,x_settle,.123
phase-400k,xprof-r12,174d27b,x_layout,.2
phase-400k,xprof-r12,174d27b,x_probs_alloc,.023
phase-400k,xprof-r12,174d27b,x_buckets_grid,.215
phase-400k,xprof-r12,174d27b,x_cell_slice,.016
phase-400k,xprof-r12,174d27b,x_cell_rows,.112
phase-400k,xprof-r12,f1-repaired,wall,1.325
phase-400k,xprof-r12,f1-repaired,ado_prescan,.12
phase-400k,xprof-r12,f1-repaired,ado_engine_call,1.07
phase-400k,xprof-r12,f1-repaired,p_setup,.351
phase-400k,xprof-r12,f1-repaired,p_buckets,.212
phase-400k,xprof-r12,f1-repaired,p_fit,.2270000000000001
phase-400k,xprof-r12,f1-repaired,p_ifasm,.0910000000000001
phase-400k,xprof-r12,f1-repaired,p_store,.003
phase-400k,xprof-r12,f1-repaired,p_cluster,0
phase-400k,xprof-r12,f1-repaired,p_boot,0
phase-400k,xprof-r12,f1-repaired,p_agg,0
phase-400k,xprof-r12,f1-repaired,x_driver,.993
phase-400k,xprof-r12,f1-repaired,x_settle,.125
phase-400k,xprof-r12,f1-repaired,x_layout,.201
phase-400k,xprof-r12,f1-repaired,x_probs_alloc,.025
phase-400k,xprof-r12,f1-repaired,x_buckets_grid,.212
phase-400k,xprof-r12,f1-repaired,x_cell_slice,.006
phase-400k,xprof-r12,f1-repaired,x_cell_rows,.1020000000000001
phase-400k,xprof-r12,f1-repaired,wall,1.332
phase-400k,xprof-r12,f1-repaired,ado_prescan,.125
phase-400k,xprof-r12,f1-repaired,ado_engine_call,1.068
phase-400k,xprof-r12,f1-repaired,p_setup,.356
phase-400k,xprof-r12,f1-repaired,p_buckets,.214
phase-400k,xprof-r12,f1-repaired,p_fit,.2260000000000001
phase-400k,xprof-r12,f1-repaired,p_ifasm,.085
phase-400k,xprof-r12,f1-repaired,p_store,.003
phase-400k,xprof-r12,f1-repaired,p_cluster,0
phase-400k,xprof-r12,f1-repaired,p_boot,0
phase-400k,xprof-r12,f1-repaired,p_agg,0
phase-400k,xprof-r12,f1-repaired,x_driver,.992
phase-400k,xprof-r12,f1-repaired,x_settle,.128
phase-400k,xprof-r12,f1-repaired,x_layout,.203
phase-400k,xprof-r12,f1-repaired,x_probs_alloc,.025
phase-400k,xprof-r12,f1-repaired,x_buckets_grid,.214
phase-400k,xprof-r12,f1-repaired,x_cell_slice,.013
phase-400k,xprof-r12,f1-repaired,x_cell_rows,.0980000000000001
phase-400k,xprof-r12,f1-repaired,wall,1.335
phase-400k,xprof-r12,f1-repaired,ado_prescan,.12
phase-400k,xprof-r12,f1-repaired,ado_engine_call,1.077
phase-400k,xprof-r12,f1-repaired,p_setup,.351
phase-400k,xprof-r12,f1-repaired,p_buckets,.211
phase-400k,xprof-r12,f1-repaired,p_fit,.2330000000000001
phase-400k,xprof-r12,f1-repaired,p_ifasm,.087
phase-400k,xprof-r12,f1-repaired,p_store,.003
phase-400k,xprof-r12,f1-repaired,p_cluster,0
phase-400k,xprof-r12,f1-repaired,p_boot,0
phase-400k,xprof-r12,f1-repaired,p_agg,0
phase-400k,xprof-r12,f1-repaired,x_driver,.999
phase-400k,xprof-r12,f1-repaired,x_settle,.125
phase-400k,xprof-r12,f1-repaired,x_layout,.202
phase-400k,xprof-r12,f1-repaired,x_probs_alloc,.024
phase-400k,xprof-r12,f1-repaired,x_buckets_grid,.212
phase-400k,xprof-r12,f1-repaired,x_cell_slice,.007
phase-400k,xprof-r12,f1-repaired,x_cell_rows,.1070000000000001
phase-400k,xprof-r12,f1-repaired,wall,1.314
phase-400k,xprof-r12,f1-repaired,ado_prescan,.12
phase-400k,xprof-r12,f1-repaired,ado_engine_call,1.059
phase-400k,xprof-r12,f1-repaired,p_setup,.349
phase-400k,xprof-r12,f1-repaired,p_buckets,.211
phase-400k,xprof-r12,f1-repaired,p_fit,.2290000000000001
phase-400k,xprof-r12,f1-repaired,p_ifasm,.086
phase-400k,xprof-r12,f1-repaired,p_store,.003
phase-400k,xprof-r12,f1-repaired,p_cluster,0
phase-400k,xprof-r12,f1-repaired,p_boot,0
phase-400k,xprof-r12,f1-repaired,p_agg,0
phase-400k,xprof-r12,f1-repaired,x_driver,.984
phase-400k,xprof-r12,f1-repaired,x_settle,.125
phase-400k,xprof-r12,f1-repaired,x_layout,.201
phase-400k,xprof-r12,f1-repaired,x_probs_alloc,.023
phase-400k,xprof-r12,f1-repaired,x_buckets_grid,.211
phase-400k,xprof-r12,f1-repaired,x_cell_slice,.008
phase-400k,xprof-r12,f1-repaired,x_cell_rows,.0980000000000001
phase-400k,xprof-r13,f1-repaired,wall,1.333
phase-400k,xprof-r13,f1-repaired,ado_prescan,.121
phase-400k,xprof-r13,f1-repaired,ado_engine_call,1.076
phase-400k,xprof-r13,f1-repaired,p_setup,.35
phase-400k,xprof-r13,f1-repaired,p_buckets,.213
phase-400k,xprof-r13,f1-repaired,p_fit,.2290000000000001
phase-400k,xprof-r13,f1-repaired,p_ifasm,.093
phase-400k,xprof-r13,f1-repaired,p_store,.004
phase-400k,xprof-r13,f1-repaired,p_cluster,0
phase-400k,xprof-r13,f1-repaired,p_boot,0
phase-400k,xprof-r13,f1-repaired,p_agg,0
phase-400k,xprof-r13,f1-repaired,x_driver,.998
phase-400k,xprof-r13,f1-repaired,x_settle,.125
phase-400k,xprof-r13,f1-repaired,x_layout,.201
phase-400k,xprof-r13,f1-repaired,x_probs_alloc,.024
phase-400k,xprof-r13,f1-repaired,x_buckets_grid,.213
phase-400k,xprof-r13,f1-repaired,x_cell_slice,.005
phase-400k,xprof-r13,f1-repaired,x_cell_rows,.1080000000000001
phase-400k,xprof-r13,f1-repaired,wall,1.318
phase-400k,xprof-r13,f1-repaired,ado_prescan,.121
phase-400k,xprof-r13,f1-repaired,ado_engine_call,1.062
phase-400k,xprof-r13,f1-repaired,p_setup,.348
phase-400k,xprof-r13,f1-repaired,p_buckets,.214
phase-400k,xprof-r13,f1-repaired,p_fit,.2300000000000001
phase-400k,xprof-r13,f1-repaired,p_ifasm,.087
phase-400k,xprof-r13,f1-repaired,p_store,.003
phase-400k,xprof-r13,f1-repaired,p_cluster,0
phase-400k,xprof-r13,f1-repaired,p_boot,0
phase-400k,xprof-r13,f1-repaired,p_agg,0
phase-400k,xprof-r13,f1-repaired,x_driver,.987
phase-400k,xprof-r13,f1-repaired,x_settle,.124
phase-400k,xprof-r13,f1-repaired,x_layout,.201
phase-400k,xprof-r13,f1-repaired,x_probs_alloc,.023
phase-400k,xprof-r13,f1-repaired,x_buckets_grid,.214
phase-400k,xprof-r13,f1-repaired,x_cell_slice,.009
phase-400k,xprof-r13,f1-repaired,x_cell_rows,.099
phase-400k,xprof-r13,f1-repaired,wall,1.33
phase-400k,xprof-r13,f1-repaired,ado_prescan,.119
phase-400k,xprof-r13,f1-repaired,ado_engine_call,1.072
phase-400k,xprof-r13,f1-repaired,p_setup,.35
phase-400k,xprof-r13,f1-repaired,p_buckets,.214
phase-400k,xprof-r13,f1-repaired,p_fit,.2280000000000001
phase-400k,xprof-r13,f1-repaired,p_ifasm,.0930000000000001
phase-400k,xprof-r13,f1-repaired,p_store,.003
phase-400k,xprof-r13,f1-repaired,p_cluster,0
phase-400k,xprof-r13,f1-repaired,p_boot,0
phase-400k,xprof-r13,f1-repaired,p_agg,0
phase-400k,xprof-r13,f1-repaired,x_driver,.997
phase-400k,xprof-r13,f1-repaired,x_settle,.124
phase-400k,xprof-r13,f1-repaired,x_layout,.201
phase-400k,xprof-r13,f1-repaired,x_probs_alloc,.025
phase-400k,xprof-r13,f1-repaired,x_buckets_grid,.215
phase-400k,xprof-r13,f1-repaired,x_cell_slice,.008
phase-400k,xprof-r13,f1-repaired,x_cell_rows,.103
phase-400k,xprof-r13,f1-repaired,wall,1.336
phase-400k,xprof-r13,f1-repaired,ado_prescan,.121
phase-400k,xprof-r13,f1-repaired,ado_engine_call,1.077
phase-400k,xprof-r13,f1-repaired,p_setup,.35
phase-400k,xprof-r13,f1-repaired,p_buckets,.216
phase-400k,xprof-r13,f1-repaired,p_fit,.2320000000000001
phase-400k,xprof-r13,f1-repaired,p_ifasm,.086
phase-400k,xprof-r13,f1-repaired,p_store,.004
phase-400k,xprof-r13,f1-repaired,p_cluster,0
phase-400k,xprof-r13,f1-repaired,p_boot,0
phase-400k,xprof-r13,f1-repaired,p_agg,0
phase-400k,xprof-r13,f1-repaired,x_driver,.999
phase-400k,xprof-r13,f1-repaired,x_settle,.124
phase-400k,xprof-r13,f1-repaired,x_layout,.202
phase-400k,xprof-r13,f1-repaired,x_probs_alloc,.024
phase-400k,xprof-r13,f1-repaired,x_buckets_grid,.216
phase-400k,xprof-r13,f1-repaired,x_cell_slice,.012
phase-400k,xprof-r13,f1-repaired,x_cell_rows,.1020000000000001
phase-400k,xprof-r13,174d27b,wall,1.304
phase-400k,xprof-r13,174d27b,ado_prescan,.12
phase-400k,xprof-r13,174d27b,ado_engine_call,1.051
phase-400k,xprof-r13,174d27b,p_setup,.347
phase-400k,xprof-r13,174d27b,p_buckets,.208
phase-400k,xprof-r13,174d27b,p_fit,.2270000000000001
phase-400k,xprof-r13,174d27b,p_ifasm,.084
phase-400k,xprof-r13,174d27b,p_store,.004
phase-400k,xprof-r13,174d27b,p_cluster,0
phase-400k,xprof-r13,174d27b,p_boot,0
phase-400k,xprof-r13,174d27b,p_agg,0
phase-400k,xprof-r13,174d27b,x_driver,1.04
phase-400k,xprof-r13,174d27b,x_settle,.124
phase-400k,xprof-r13,174d27b,x_layout,.2
phase-400k,xprof-r13,174d27b,x_probs_alloc,.023
phase-400k,xprof-r13,174d27b,x_buckets_grid,.208
phase-400k,xprof-r13,174d27b,x_cell_slice,.01
phase-400k,xprof-r13,174d27b,x_cell_rows,.0950000000000001
phase-400k,xprof-r13,174d27b,wall,1.339
phase-400k,xprof-r13,174d27b,ado_prescan,.121
phase-400k,xprof-r13,174d27b,ado_engine_call,1.086
phase-400k,xprof-r13,174d27b,p_setup,.348
phase-400k,xprof-r13,174d27b,p_buckets,.21
phase-400k,xprof-r13,174d27b,p_fit,.2260000000000001
phase-400k,xprof-r13,174d27b,p_ifasm,.0910000000000001
phase-400k,xprof-r13,174d27b,p_store,.004
phase-400k,xprof-r13,174d27b,p_cluster,0
phase-400k,xprof-r13,174d27b,p_boot,0
phase-400k,xprof-r13,174d27b,p_agg,0
phase-400k,xprof-r13,174d27b,x_driver,1.076
phase-400k,xprof-r13,174d27b,x_settle,.124
phase-400k,xprof-r13,174d27b,x_layout,.2
phase-400k,xprof-r13,174d27b,x_probs_alloc,.024
phase-400k,xprof-r13,174d27b,x_buckets_grid,.21
phase-400k,xprof-r13,174d27b,x_cell_slice,.014
phase-400k,xprof-r13,174d27b,x_cell_rows,.1190000000000001
phase-400k,xprof-r13,174d27b,wall,1.352
phase-400k,xprof-r13,174d27b,ado_prescan,.119
phase-400k,xprof-r13,174d27b,ado_engine_call,1.095
phase-400k,xprof-r13,174d27b,p_setup,.347
phase-400k,xprof-r13,174d27b,p_buckets,.211
phase-400k,xprof-r13,174d27b,p_fit,.2360000000000001
phase-400k,xprof-r13,174d27b,p_ifasm,.0950000000000001
phase-400k,xprof-r13,174d27b,p_store,.003
phase-400k,xprof-r13,174d27b,p_cluster,0
phase-400k,xprof-r13,174d27b,p_boot,0
phase-400k,xprof-r13,174d27b,p_agg,0
phase-400k,xprof-r13,174d27b,x_driver,1.086
phase-400k,xprof-r13,174d27b,x_settle,.125
phase-400k,xprof-r13,174d27b,x_layout,.199
phase-400k,xprof-r13,174d27b,x_probs_alloc,.023
phase-400k,xprof-r13,174d27b,x_buckets_grid,.211
phase-400k,xprof-r13,174d27b,x_cell_slice,.008
phase-400k,xprof-r13,174d27b,x_cell_rows,.1160000000000001
phase-400k,xprof-r13,174d27b,wall,1.344
phase-400k,xprof-r13,174d27b,ado_prescan,.121
phase-400k,xprof-r13,174d27b,ado_engine_call,1.084
phase-400k,xprof-r13,174d27b,p_setup,.348
phase-400k,xprof-r13,174d27b,p_buckets,.214
phase-400k,xprof-r13,174d27b,p_fit,.2310000000000001
phase-400k,xprof-r13,174d27b,p_ifasm,.0930000000000001
phase-400k,xprof-r13,174d27b,p_store,.003
phase-400k,xprof-r13,174d27b,p_cluster,0
phase-400k,xprof-r13,174d27b,p_boot,0
phase-400k,xprof-r13,174d27b,p_agg,0
phase-400k,xprof-r13,174d27b,x_driver,1.074
phase-400k,xprof-r13,174d27b,x_settle,.123
phase-400k,xprof-r13,174d27b,x_layout,.202
phase-400k,xprof-r13,174d27b,x_probs_alloc,.023
phase-400k,xprof-r13,174d27b,x_buckets_grid,.214
phase-400k,xprof-r13,174d27b,x_cell_slice,.013
phase-400k,xprof-r13,174d27b,x_cell_rows,.1070000000000001
phase-400k,xprof-r14,174d27b,wall,1.352
phase-400k,xprof-r14,174d27b,ado_prescan,.119
phase-400k,xprof-r14,174d27b,ado_engine_call,1.098
phase-400k,xprof-r14,174d27b,p_setup,.347
phase-400k,xprof-r14,174d27b,p_buckets,.21
phase-400k,xprof-r14,174d27b,p_fit,.2380000000000002
phase-400k,xprof-r14,174d27b,p_ifasm,.0980000000000001
phase-400k,xprof-r14,174d27b,p_store,.004
phase-400k,xprof-r14,174d27b,p_cluster,0
phase-400k,xprof-r14,174d27b,p_boot,0
phase-400k,xprof-r14,174d27b,p_agg,0
phase-400k,xprof-r14,174d27b,x_driver,1.089
phase-400k,xprof-r14,174d27b,x_settle,.125
phase-400k,xprof-r14,174d27b,x_layout,.2
phase-400k,xprof-r14,174d27b,x_probs_alloc,.022
phase-400k,xprof-r14,174d27b,x_buckets_grid,.21
phase-400k,xprof-r14,174d27b,x_cell_slice,.007
phase-400k,xprof-r14,174d27b,x_cell_rows,.1170000000000001
phase-400k,xprof-r14,174d27b,wall,1.333
phase-400k,xprof-r14,174d27b,ado_prescan,.123
phase-400k,xprof-r14,174d27b,ado_engine_call,1.071
phase-400k,xprof-r14,174d27b,p_setup,.348
phase-400k,xprof-r14,174d27b,p_buckets,.21
phase-400k,xprof-r14,174d27b,p_fit,.2330000000000001
phase-400k,xprof-r14,174d27b,p_ifasm,.0910000000000001
phase-400k,xprof-r14,174d27b,p_store,.004
phase-400k,xprof-r14,174d27b,p_cluster,0
phase-400k,xprof-r14,174d27b,p_boot,0
phase-400k,xprof-r14,174d27b,p_agg,0
phase-400k,xprof-r14,174d27b,x_driver,1.062
phase-400k,xprof-r14,174d27b,x_settle,.125
phase-400k,xprof-r14,174d27b,x_layout,.2
phase-400k,xprof-r14,174d27b,x_probs_alloc,.023
phase-400k,xprof-r14,174d27b,x_buckets_grid,.21
phase-400k,xprof-r14,174d27b,x_cell_slice,.008
phase-400k,xprof-r14,174d27b,x_cell_rows,.1040000000000001
phase-400k,xprof-r14,174d27b,wall,1.326
phase-400k,xprof-r14,174d27b,ado_prescan,.119
phase-400k,xprof-r14,174d27b,ado_engine_call,1.072
phase-400k,xprof-r14,174d27b,p_setup,.346
phase-400k,xprof-r14,174d27b,p_buckets,.211
phase-400k,xprof-r14,174d27b,p_fit,.2320000000000002
phase-400k,xprof-r14,174d27b,p_ifasm,.0920000000000001
phase-400k,xprof-r14,174d27b,p_store,.003
phase-400k,xprof-r14,174d27b,p_cluster,0
phase-400k,xprof-r14,174d27b,p_boot,0
phase-400k,xprof-r14,174d27b,p_agg,0
phase-400k,xprof-r14,174d27b,x_driver,1.062
phase-400k,xprof-r14,174d27b,x_settle,.125
phase-400k,xprof-r14,174d27b,x_layout,.197
phase-400k,xprof-r14,174d27b,x_probs_alloc,.024
phase-400k,xprof-r14,174d27b,x_buckets_grid,.211
phase-400k,xprof-r14,174d27b,x_cell_slice,.009
phase-400k,xprof-r14,174d27b,x_cell_rows,.1010000000000001
phase-400k,xprof-r14,174d27b,wall,1.337
phase-400k,xprof-r14,174d27b,ado_prescan,.122
phase-400k,xprof-r14,174d27b,ado_engine_call,1.073
phase-400k,xprof-r14,174d27b,p_setup,.347
phase-400k,xprof-r14,174d27b,p_buckets,.21
phase-400k,xprof-r14,174d27b,p_fit,.2380000000000001
phase-400k,xprof-r14,174d27b,p_ifasm,.084
phase-400k,xprof-r14,174d27b,p_store,.003
phase-400k,xprof-r14,174d27b,p_cluster,0
phase-400k,xprof-r14,174d27b,p_boot,0
phase-400k,xprof-r14,174d27b,p_agg,0
phase-400k,xprof-r14,174d27b,x_driver,1.063
phase-400k,xprof-r14,174d27b,x_settle,.124
phase-400k,xprof-r14,174d27b,x_layout,.2
phase-400k,xprof-r14,174d27b,x_probs_alloc,.023
phase-400k,xprof-r14,174d27b,x_buckets_grid,.21
phase-400k,xprof-r14,174d27b,x_cell_slice,.014
phase-400k,xprof-r14,174d27b,x_cell_rows,.1020000000000001
phase-400k,xprof-r14,f1-repaired,wall,1.348
phase-400k,xprof-r14,f1-repaired,ado_prescan,.12
phase-400k,xprof-r14,f1-repaired,ado_engine_call,1.097
phase-400k,xprof-r14,f1-repaired,p_setup,.352
phase-400k,xprof-r14,f1-repaired,p_buckets,.216
phase-400k,xprof-r14,f1-repaired,p_fit,.2270000000000001
phase-400k,xprof-r14,f1-repaired,p_ifasm,.1000000000000001
phase-400k,xprof-r14,f1-repaired,p_store,.004
phase-400k,xprof-r14,f1-repaired,p_cluster,0
phase-400k,xprof-r14,f1-repaired,p_boot,0
phase-400k,xprof-r14,f1-repaired,p_agg,0
phase-400k,xprof-r14,f1-repaired,x_driver,1.015
phase-400k,xprof-r14,f1-repaired,x_settle,.124
phase-400k,xprof-r14,f1-repaired,x_layout,.203
phase-400k,xprof-r14,f1-repaired,x_probs_alloc,.025
phase-400k,xprof-r14,f1-repaired,x_buckets_grid,.216
phase-400k,xprof-r14,f1-repaired,x_cell_slice,.011
phase-400k,xprof-r14,f1-repaired,x_cell_rows,.1070000000000001
phase-400k,xprof-r14,f1-repaired,wall,1.332
phase-400k,xprof-r14,f1-repaired,ado_prescan,.123
phase-400k,xprof-r14,f1-repaired,ado_engine_call,1.069
phase-400k,xprof-r14,f1-repaired,p_setup,.348
phase-400k,xprof-r14,f1-repaired,p_buckets,.211
phase-400k,xprof-r14,f1-repaired,p_fit,.2250000000000001
phase-400k,xprof-r14,f1-repaired,p_ifasm,.0910000000000001
phase-400k,xprof-r14,f1-repaired,p_store,.003
phase-400k,xprof-r14,f1-repaired,p_cluster,0
phase-400k,xprof-r14,f1-repaired,p_boot,0
phase-400k,xprof-r14,f1-repaired,p_agg,0
phase-400k,xprof-r14,f1-repaired,x_driver,.993
phase-400k,xprof-r14,f1-repaired,x_settle,.124
phase-400k,xprof-r14,f1-repaired,x_layout,.201
phase-400k,xprof-r14,f1-repaired,x_probs_alloc,.023
phase-400k,xprof-r14,f1-repaired,x_buckets_grid,.212
phase-400k,xprof-r14,f1-repaired,x_cell_slice,.007
phase-400k,xprof-r14,f1-repaired,x_cell_rows,.1090000000000001
phase-400k,xprof-r14,f1-repaired,wall,1.35
phase-400k,xprof-r14,f1-repaired,ado_prescan,.121
phase-400k,xprof-r14,f1-repaired,ado_engine_call,1.09
phase-400k,xprof-r14,f1-repaired,p_setup,.353
phase-400k,xprof-r14,f1-repaired,p_buckets,.216
phase-400k,xprof-r14,f1-repaired,p_fit,.2340000000000002
phase-400k,xprof-r14,f1-repaired,p_ifasm,.0950000000000001
phase-400k,xprof-r14,f1-repaired,p_store,.003
phase-400k,xprof-r14,f1-repaired,p_cluster,0
phase-400k,xprof-r14,f1-repaired,p_boot,0
phase-400k,xprof-r14,f1-repaired,p_agg,0
phase-400k,xprof-r14,f1-repaired,x_driver,1.013
phase-400k,xprof-r14,f1-repaired,x_settle,.125
phase-400k,xprof-r14,f1-repaired,x_layout,.202
phase-400k,xprof-r14,f1-repaired,x_probs_alloc,.026
phase-400k,xprof-r14,f1-repaired,x_buckets_grid,.216
phase-400k,xprof-r14,f1-repaired,x_cell_slice,.012
phase-400k,xprof-r14,f1-repaired,x_cell_rows,.102
phase-400k,xprof-r14,f1-repaired,wall,1.359
phase-400k,xprof-r14,f1-repaired,ado_prescan,.12
phase-400k,xprof-r14,f1-repaired,ado_engine_call,1.102
phase-400k,xprof-r14,f1-repaired,p_setup,.348
phase-400k,xprof-r14,f1-repaired,p_buckets,.216
phase-400k,xprof-r14,f1-repaired,p_fit,.2370000000000001
phase-400k,xprof-r14,f1-repaired,p_ifasm,.0970000000000001
phase-400k,xprof-r14,f1-repaired,p_store,.003
phase-400k,xprof-r14,f1-repaired,p_cluster,0
phase-400k,xprof-r14,f1-repaired,p_boot,0
phase-400k,xprof-r14,f1-repaired,p_agg,0
phase-400k,xprof-r14,f1-repaired,x_driver,1.026
phase-400k,xprof-r14,f1-repaired,x_settle,.125
phase-400k,xprof-r14,f1-repaired,x_layout,.198
phase-400k,xprof-r14,f1-repaired,x_probs_alloc,.025
phase-400k,xprof-r14,f1-repaired,x_buckets_grid,.216
phase-400k,xprof-r14,f1-repaired,x_cell_slice,.012
phase-400k,xprof-r14,f1-repaired,x_cell_rows,.1160000000000001
phase-400k,xprof-r15,f1-repaired,wall,1.329
phase-400k,xprof-r15,f1-repaired,ado_prescan,.119
phase-400k,xprof-r15,f1-repaired,ado_engine_call,1.074
phase-400k,xprof-r15,f1-repaired,p_setup,.351
phase-400k,xprof-r15,f1-repaired,p_buckets,.216
phase-400k,xprof-r15,f1-repaired,p_fit,.2280000000000001
phase-400k,xprof-r15,f1-repaired,p_ifasm,.0900000000000001
phase-400k,xprof-r15,f1-repaired,p_store,.003
phase-400k,xprof-r15,f1-repaired,p_cluster,0
phase-400k,xprof-r15,f1-repaired,p_boot,0
phase-400k,xprof-r15,f1-repaired,p_agg,0
phase-400k,xprof-r15,f1-repaired,x_driver,.996
phase-400k,xprof-r15,f1-repaired,x_settle,.125
phase-400k,xprof-r15,f1-repaired,x_layout,.202
phase-400k,xprof-r15,f1-repaired,x_probs_alloc,.024
phase-400k,xprof-r15,f1-repaired,x_buckets_grid,.216
phase-400k,xprof-r15,f1-repaired,x_cell_slice,.007
phase-400k,xprof-r15,f1-repaired,x_cell_rows,.1020000000000001
phase-400k,xprof-r15,f1-repaired,wall,1.35
phase-400k,xprof-r15,f1-repaired,ado_prescan,.121
phase-400k,xprof-r15,f1-repaired,ado_engine_call,1.086
phase-400k,xprof-r15,f1-repaired,p_setup,.349
phase-400k,xprof-r15,f1-repaired,p_buckets,.213
phase-400k,xprof-r15,f1-repaired,p_fit,.2320000000000002
phase-400k,xprof-r15,f1-repaired,p_ifasm,.0930000000000001
phase-400k,xprof-r15,f1-repaired,p_store,.003
phase-400k,xprof-r15,f1-repaired,p_cluster,0
phase-400k,xprof-r15,f1-repaired,p_boot,0
phase-400k,xprof-r15,f1-repaired,p_agg,0
phase-400k,xprof-r15,f1-repaired,x_driver,1.009
phase-400k,xprof-r15,f1-repaired,x_settle,.126
phase-400k,xprof-r15,f1-repaired,x_layout,.2
phase-400k,xprof-r15,f1-repaired,x_probs_alloc,.023
phase-400k,xprof-r15,f1-repaired,x_buckets_grid,.213
phase-400k,xprof-r15,f1-repaired,x_cell_slice,.016
phase-400k,xprof-r15,f1-repaired,x_cell_rows,.1060000000000001
phase-400k,xprof-r15,f1-repaired,wall,1.338
phase-400k,xprof-r15,f1-repaired,ado_prescan,.12
phase-400k,xprof-r15,f1-repaired,ado_engine_call,1.081
phase-400k,xprof-r15,f1-repaired,p_setup,.351
phase-400k,xprof-r15,f1-repaired,p_buckets,.214
phase-400k,xprof-r15,f1-repaired,p_fit,.2330000000000001
phase-400k,xprof-r15,f1-repaired,p_ifasm,.09
phase-400k,xprof-r15,f1-repaired,p_store,.003
phase-400k,xprof-r15,f1-repaired,p_cluster,0
phase-400k,xprof-r15,f1-repaired,p_boot,0
phase-400k,xprof-r15,f1-repaired,p_agg,0
phase-400k,xprof-r15,f1-repaired,x_driver,1.006
phase-400k,xprof-r15,f1-repaired,x_settle,.124
phase-400k,xprof-r15,f1-repaired,x_layout,.203
phase-400k,xprof-r15,f1-repaired,x_probs_alloc,.024
phase-400k,xprof-r15,f1-repaired,x_buckets_grid,.215
phase-400k,xprof-r15,f1-repaired,x_cell_slice,.012
phase-400k,xprof-r15,f1-repaired,x_cell_rows,.102
phase-400k,xprof-r15,f1-repaired,wall,1.353
phase-400k,xprof-r15,f1-repaired,ado_prescan,.121
phase-400k,xprof-r15,f1-repaired,ado_engine_call,1.093
phase-400k,xprof-r15,f1-repaired,p_setup,.346
phase-400k,xprof-r15,f1-repaired,p_buckets,.217
phase-400k,xprof-r15,f1-repaired,p_fit,.2380000000000001
phase-400k,xprof-r15,f1-repaired,p_ifasm,.0930000000000001
phase-400k,xprof-r15,f1-repaired,p_store,.003
phase-400k,xprof-r15,f1-repaired,p_cluster,0
phase-400k,xprof-r15,f1-repaired,p_boot,0
phase-400k,xprof-r15,f1-repaired,p_agg,0
phase-400k,xprof-r15,f1-repaired,x_driver,1.016
phase-400k,xprof-r15,f1-repaired,x_settle,.125
phase-400k,xprof-r15,f1-repaired,x_layout,.198
phase-400k,xprof-r15,f1-repaired,x_probs_alloc,.023
phase-400k,xprof-r15,f1-repaired,x_buckets_grid,.218
phase-400k,xprof-r15,f1-repaired,x_cell_slice,.011
phase-400k,xprof-r15,f1-repaired,x_cell_rows,.1090000000000001
phase-400k,xprof-r15,174d27b,wall,1.316
phase-400k,xprof-r15,174d27b,ado_prescan,.121
phase-400k,xprof-r15,174d27b,ado_engine_call,1.056
phase-400k,xprof-r15,174d27b,p_setup,.348
phase-400k,xprof-r15,174d27b,p_buckets,.209
phase-400k,xprof-r15,174d27b,p_fit,.2230000000000001
phase-400k,xprof-r15,174d27b,p_ifasm,.0880000000000001
phase-400k,xprof-r15,174d27b,p_store,.004
phase-400k,xprof-r15,174d27b,p_cluster,0
phase-400k,xprof-r15,174d27b,p_boot,0
phase-400k,xprof-r15,174d27b,p_agg,0
phase-400k,xprof-r15,174d27b,x_driver,1.046
phase-400k,xprof-r15,174d27b,x_settle,.124
phase-400k,xprof-r15,174d27b,x_layout,.202
phase-400k,xprof-r15,174d27b,x_probs_alloc,.022
phase-400k,xprof-r15,174d27b,x_buckets_grid,.209
phase-400k,xprof-r15,174d27b,x_cell_slice,.009
phase-400k,xprof-r15,174d27b,x_cell_rows,.0980000000000001
phase-400k,xprof-r15,174d27b,wall,1.303
phase-400k,xprof-r15,174d27b,ado_prescan,.121
phase-400k,xprof-r15,174d27b,ado_engine_call,1.045
phase-400k,xprof-r15,174d27b,p_setup,.344
phase-400k,xprof-r15,174d27b,p_buckets,.207
phase-400k,xprof-r15,174d27b,p_fit,.2310000000000001
phase-400k,xprof-r15,174d27b,p_ifasm,.082
phase-400k,xprof-r15,174d27b,p_store,.003
phase-400k,xprof-r15,174d27b,p_cluster,0
phase-400k,xprof-r15,174d27b,p_boot,0
phase-400k,xprof-r15,174d27b,p_agg,0
phase-400k,xprof-r15,174d27b,x_driver,1.036
phase-400k,xprof-r15,174d27b,x_settle,.124
phase-400k,xprof-r15,174d27b,x_layout,.199
phase-400k,xprof-r15,174d27b,x_probs_alloc,.021
phase-400k,xprof-r15,174d27b,x_buckets_grid,.207
phase-400k,xprof-r15,174d27b,x_cell_slice,.008
phase-400k,xprof-r15,174d27b,x_cell_rows,.0970000000000001
phase-400k,xprof-r15,174d27b,wall,1.347
phase-400k,xprof-r15,174d27b,ado_prescan,.12
phase-400k,xprof-r15,174d27b,ado_engine_call,1.086
phase-400k,xprof-r15,174d27b,p_setup,.348
phase-400k,xprof-r15,174d27b,p_buckets,.213
phase-400k,xprof-r15,174d27b,p_fit,.2330000000000001
phase-400k,xprof-r15,174d27b,p_ifasm,.0900000000000001
phase-400k,xprof-r15,174d27b,p_store,.003
phase-400k,xprof-r15,174d27b,p_cluster,0
phase-400k,xprof-r15,174d27b,p_boot,0
phase-400k,xprof-r15,174d27b,p_agg,0
phase-400k,xprof-r15,174d27b,x_driver,1.075
phase-400k,xprof-r15,174d27b,x_settle,.124
phase-400k,xprof-r15,174d27b,x_layout,.201
phase-400k,xprof-r15,174d27b,x_probs_alloc,.023
phase-400k,xprof-r15,174d27b,x_buckets_grid,.213
phase-400k,xprof-r15,174d27b,x_cell_slice,.012
phase-400k,xprof-r15,174d27b,x_cell_rows,.1070000000000001
phase-400k,xprof-r15,174d27b,wall,1.423
phase-400k,xprof-r15,174d27b,ado_prescan,.122
phase-400k,xprof-r15,174d27b,ado_engine_call,1.162
phase-400k,xprof-r15,174d27b,p_setup,.361
phase-400k,xprof-r15,174d27b,p_buckets,.223
phase-400k,xprof-r15,174d27b,p_fit,.2470000000000001
phase-400k,xprof-r15,174d27b,p_ifasm,.1040000000000001
phase-400k,xprof-r15,174d27b,p_store,.003
phase-400k,xprof-r15,174d27b,p_cluster,0
phase-400k,xprof-r15,174d27b,p_boot,0
phase-400k,xprof-r15,174d27b,p_agg,0
phase-400k,xprof-r15,174d27b,x_driver,1.15
phase-400k,xprof-r15,174d27b,x_settle,.126
phase-400k,xprof-r15,174d27b,x_layout,.21
phase-400k,xprof-r15,174d27b,x_probs_alloc,.025
phase-400k,xprof-r15,174d27b,x_buckets_grid,.223
phase-400k,xprof-r15,174d27b,x_cell_slice,.014
phase-400k,xprof-r15,174d27b,x_cell_rows,.1180000000000001
phase-400k,xprof-r16,174d27b,wall,1.344
phase-400k,xprof-r16,174d27b,ado_prescan,.12
phase-400k,xprof-r16,174d27b,ado_engine_call,1.081
phase-400k,xprof-r16,174d27b,p_setup,.349
phase-400k,xprof-r16,174d27b,p_buckets,.226
phase-400k,xprof-r16,174d27b,p_fit,.2250000000000001
phase-400k,xprof-r16,174d27b,p_ifasm,.086
phase-400k,xprof-r16,174d27b,p_store,.004
phase-400k,xprof-r16,174d27b,p_cluster,0
phase-400k,xprof-r16,174d27b,p_boot,0
phase-400k,xprof-r16,174d27b,p_agg,0
phase-400k,xprof-r16,174d27b,x_driver,1.07
phase-400k,xprof-r16,174d27b,x_settle,.123
phase-400k,xprof-r16,174d27b,x_layout,.203
phase-400k,xprof-r16,174d27b,x_probs_alloc,.023
phase-400k,xprof-r16,174d27b,x_buckets_grid,.226
phase-400k,xprof-r16,174d27b,x_cell_slice,.011
phase-400k,xprof-r16,174d27b,x_cell_rows,.0990000000000001
phase-400k,xprof-r16,174d27b,wall,1.335
phase-400k,xprof-r16,174d27b,ado_prescan,.125
phase-400k,xprof-r16,174d27b,ado_engine_call,1.07
phase-400k,xprof-r16,174d27b,p_setup,.352
phase-400k,xprof-r16,174d27b,p_buckets,.213
phase-400k,xprof-r16,174d27b,p_fit,.2270000000000001
phase-400k,xprof-r16,174d27b,p_ifasm,.087
phase-400k,xprof-r16,174d27b,p_store,.003
phase-400k,xprof-r16,174d27b,p_cluster,0
phase-400k,xprof-r16,174d27b,p_boot,0
phase-400k,xprof-r16,174d27b,p_agg,0
phase-400k,xprof-r16,174d27b,x_driver,1.061
phase-400k,xprof-r16,174d27b,x_settle,.125
phase-400k,xprof-r16,174d27b,x_layout,.203
phase-400k,xprof-r16,174d27b,x_probs_alloc,.024
phase-400k,xprof-r16,174d27b,x_buckets_grid,.213
phase-400k,xprof-r16,174d27b,x_cell_slice,.009
phase-400k,xprof-r16,174d27b,x_cell_rows,.1010000000000001
phase-400k,xprof-r16,174d27b,wall,1.326
phase-400k,xprof-r16,174d27b,ado_prescan,.12
phase-400k,xprof-r16,174d27b,ado_engine_call,1.068
phase-400k,xprof-r16,174d27b,p_setup,.349
phase-400k,xprof-r16,174d27b,p_buckets,.209
phase-400k,xprof-r16,174d27b,p_fit,.2300000000000001
phase-400k,xprof-r16,174d27b,p_ifasm,.0940000000000001
phase-400k,xprof-r16,174d27b,p_store,.003
phase-400k,xprof-r16,174d27b,p_cluster,0
phase-400k,xprof-r16,174d27b,p_boot,0
phase-400k,xprof-r16,174d27b,p_agg,0
phase-400k,xprof-r16,174d27b,x_driver,1.058
phase-400k,xprof-r16,174d27b,x_settle,.124
phase-400k,xprof-r16,174d27b,x_layout,.202
phase-400k,xprof-r16,174d27b,x_probs_alloc,.023
phase-400k,xprof-r16,174d27b,x_buckets_grid,.209
phase-400k,xprof-r16,174d27b,x_cell_slice,.009
phase-400k,xprof-r16,174d27b,x_cell_rows,.0980000000000001
phase-400k,xprof-r16,174d27b,wall,1.348
phase-400k,xprof-r16,174d27b,ado_prescan,.122
phase-400k,xprof-r16,174d27b,ado_engine_call,1.082
phase-400k,xprof-r16,174d27b,p_setup,.345
phase-400k,xprof-r16,174d27b,p_buckets,.218
phase-400k,xprof-r16,174d27b,p_fit,.2320000000000001
phase-400k,xprof-r16,174d27b,p_ifasm,.085
phase-400k,xprof-r16,174d27b,p_store,.003
phase-400k,xprof-r16,174d27b,p_cluster,0
phase-400k,xprof-r16,174d27b,p_boot,0
phase-400k,xprof-r16,174d27b,p_agg,0
phase-400k,xprof-r16,174d27b,x_driver,1.071
phase-400k,xprof-r16,174d27b,x_settle,.124
phase-400k,xprof-r16,174d27b,x_layout,.197
phase-400k,xprof-r16,174d27b,x_probs_alloc,.024
phase-400k,xprof-r16,174d27b,x_buckets_grid,.218
phase-400k,xprof-r16,174d27b,x_cell_slice,.014
phase-400k,xprof-r16,174d27b,x_cell_rows,.1090000000000001
phase-400k,xprof-r16,f1-repaired,wall,1.324
phase-400k,xprof-r16,f1-repaired,ado_prescan,.118
phase-400k,xprof-r16,f1-repaired,ado_engine_call,1.068
phase-400k,xprof-r16,f1-repaired,p_setup,.348
phase-400k,xprof-r16,f1-repaired,p_buckets,.213
phase-400k,xprof-r16,f1-repaired,p_fit,.2280000000000001
phase-400k,xprof-r16,f1-repaired,p_ifasm,.087
phase-400k,xprof-r16,f1-repaired,p_store,.004
phase-400k,xprof-r16,f1-repaired,p_cluster,0
phase-400k,xprof-r16,f1-repaired,p_boot,0
phase-400k,xprof-r16,f1-repaired,p_agg,0
phase-400k,xprof-r16,f1-repaired,x_driver,.992
phase-400k,xprof-r16,f1-repaired,x_settle,.125
phase-400k,xprof-r16,f1-repaired,x_layout,.2
phase-400k,xprof-r16,f1-repaired,x_probs_alloc,.023
phase-400k,xprof-r16,f1-repaired,x_buckets_grid,.213
phase-400k,xprof-r16,f1-repaired,x_cell_slice,.01
phase-400k,xprof-r16,f1-repaired,x_cell_rows,.1040000000000001
phase-400k,xprof-r16,f1-repaired,wall,1.332
phase-400k,xprof-r16,f1-repaired,ado_prescan,.12
phase-400k,xprof-r16,f1-repaired,ado_engine_call,1.076
phase-400k,xprof-r16,f1-repaired,p_setup,.349
phase-400k,xprof-r16,f1-repaired,p_buckets,.216
phase-400k,xprof-r16,f1-repaired,p_fit,.2300000000000001
phase-400k,xprof-r16,f1-repaired,p_ifasm,.0900000000000001
phase-400k,xprof-r16,f1-repaired,p_store,.004
phase-400k,xprof-r16,f1-repaired,p_cluster,0
phase-400k,xprof-r16,f1-repaired,p_boot,0
phase-400k,xprof-r16,f1-repaired,p_agg,0
phase-400k,xprof-r16,f1-repaired,x_driver,1
phase-400k,xprof-r16,f1-repaired,x_settle,.124
phase-400k,xprof-r16,f1-repaired,x_layout,.201
phase-400k,xprof-r16,f1-repaired,x_probs_alloc,.024
phase-400k,xprof-r16,f1-repaired,x_buckets_grid,.216
phase-400k,xprof-r16,f1-repaired,x_cell_slice,.006
phase-400k,xprof-r16,f1-repaired,x_cell_rows,.1080000000000001
phase-400k,xprof-r16,f1-repaired,wall,1.332
phase-400k,xprof-r16,f1-repaired,ado_prescan,.121
phase-400k,xprof-r16,f1-repaired,ado_engine_call,1.075
phase-400k,xprof-r16,f1-repaired,p_setup,.348
phase-400k,xprof-r16,f1-repaired,p_buckets,.213
phase-400k,xprof-r16,f1-repaired,p_fit,.2300000000000001
phase-400k,xprof-r16,f1-repaired,p_ifasm,.0890000000000001
phase-400k,xprof-r16,f1-repaired,p_store,.003
phase-400k,xprof-r16,f1-repaired,p_cluster,0
phase-400k,xprof-r16,f1-repaired,p_boot,0
phase-400k,xprof-r16,f1-repaired,p_agg,0
phase-400k,xprof-r16,f1-repaired,x_driver,.998
phase-400k,xprof-r16,f1-repaired,x_settle,.124
phase-400k,xprof-r16,f1-repaired,x_layout,.201
phase-400k,xprof-r16,f1-repaired,x_probs_alloc,.023
phase-400k,xprof-r16,f1-repaired,x_buckets_grid,.214
phase-400k,xprof-r16,f1-repaired,x_cell_slice,.012
phase-400k,xprof-r16,f1-repaired,x_cell_rows,.1040000000000001
phase-400k,xprof-r16,f1-repaired,wall,1.36
phase-400k,xprof-r16,f1-repaired,ado_prescan,.119
phase-400k,xprof-r16,f1-repaired,ado_engine_call,1.106
phase-400k,xprof-r16,f1-repaired,p_setup,.355
phase-400k,xprof-r16,f1-repaired,p_buckets,.218
phase-400k,xprof-r16,f1-repaired,p_fit,.2380000000000001
phase-400k,xprof-r16,f1-repaired,p_ifasm,.0970000000000001
phase-400k,xprof-r16,f1-repaired,p_store,.003
phase-400k,xprof-r16,f1-repaired,p_cluster,0
phase-400k,xprof-r16,f1-repaired,p_boot,0
phase-400k,xprof-r16,f1-repaired,p_agg,0
phase-400k,xprof-r16,f1-repaired,x_driver,1.028
phase-400k,xprof-r16,f1-repaired,x_settle,.126
phase-400k,xprof-r16,f1-repaired,x_layout,.204
phase-400k,xprof-r16,f1-repaired,x_probs_alloc,.025
phase-400k,xprof-r16,f1-repaired,x_buckets_grid,.219
phase-400k,xprof-r16,f1-repaired,x_cell_slice,.012
phase-400k,xprof-r16,f1-repaired,x_cell_rows,.1070000000000001
phase-400k,xprof-r17,f1-repaired,wall,1.33
phase-400k,xprof-r17,f1-repaired,ado_prescan,.122
phase-400k,xprof-r17,f1-repaired,ado_engine_call,1.07
phase-400k,xprof-r17,f1-repaired,p_setup,.348
phase-400k,xprof-r17,f1-repaired,p_buckets,.21
phase-400k,xprof-r17,f1-repaired,p_fit,.2290000000000001
phase-400k,xprof-r17,f1-repaired,p_ifasm,.0890000000000001
phase-400k,xprof-r17,f1-repaired,p_store,.003
phase-400k,xprof-r17,f1-repaired,p_cluster,0
phase-400k,xprof-r17,f1-repaired,p_boot,0
phase-400k,xprof-r17,f1-repaired,p_agg,0
phase-400k,xprof-r17,f1-repaired,x_driver,.994
phase-400k,xprof-r17,f1-repaired,x_settle,.126
phase-400k,xprof-r17,f1-repaired,x_layout,.199
phase-400k,xprof-r17,f1-repaired,x_probs_alloc,.023
phase-400k,xprof-r17,f1-repaired,x_buckets_grid,.211
phase-400k,xprof-r17,f1-repaired,x_cell_slice,.009
phase-400k,xprof-r17,f1-repaired,x_cell_rows,.1060000000000001
phase-400k,xprof-r17,f1-repaired,wall,1.338
phase-400k,xprof-r17,f1-repaired,ado_prescan,.12
phase-400k,xprof-r17,f1-repaired,ado_engine_call,1.08
phase-400k,xprof-r17,f1-repaired,p_setup,.349
phase-400k,xprof-r17,f1-repaired,p_buckets,.22
phase-400k,xprof-r17,f1-repaired,p_fit,.2310000000000001
phase-400k,xprof-r17,f1-repaired,p_ifasm,.085
phase-400k,xprof-r17,f1-repaired,p_store,.003
phase-400k,xprof-r17,f1-repaired,p_cluster,0
phase-400k,xprof-r17,f1-repaired,p_boot,0
phase-400k,xprof-r17,f1-repaired,p_agg,0
phase-400k,xprof-r17,f1-repaired,x_driver,1.004
phase-400k,xprof-r17,f1-repaired,x_settle,.125
phase-400k,xprof-r17,f1-repaired,x_layout,.2
phase-400k,xprof-r17,f1-repaired,x_probs_alloc,.024
phase-400k,xprof-r17,f1-repaired,x_buckets_grid,.221
phase-400k,xprof-r17,f1-repaired,x_cell_slice,.012
phase-400k,xprof-r17,f1-repaired,x_cell_rows,.103
phase-400k,xprof-r17,f1-repaired,wall,1.339
phase-400k,xprof-r17,f1-repaired,ado_prescan,.119
phase-400k,xprof-r17,f1-repaired,ado_engine_call,1.077
phase-400k,xprof-r17,f1-repaired,p_setup,.354
phase-400k,xprof-r17,f1-repaired,p_buckets,.211
phase-400k,xprof-r17,f1-repaired,p_fit,.2240000000000001
phase-400k,xprof-r17,f1-repaired,p_ifasm,.0960000000000001
phase-400k,xprof-r17,f1-repaired,p_store,.003
phase-400k,xprof-r17,f1-repaired,p_cluster,0
phase-400k,xprof-r17,f1-repaired,p_boot,0
phase-400k,xprof-r17,f1-repaired,p_agg,0
phase-400k,xprof-r17,f1-repaired,x_driver,.999
phase-400k,xprof-r17,f1-repaired,x_settle,.125
phase-400k,xprof-r17,f1-repaired,x_layout,.203
phase-400k,xprof-r17,f1-repaired,x_probs_alloc,.026
phase-400k,xprof-r17,f1-repaired,x_buckets_grid,.212
phase-400k,xprof-r17,f1-repaired,x_cell_slice,.009
phase-400k,xprof-r17,f1-repaired,x_cell_rows,.1030000000000001
phase-400k,xprof-r17,f1-repaired,wall,1.352
phase-400k,xprof-r17,f1-repaired,ado_prescan,.122
phase-400k,xprof-r17,f1-repaired,ado_engine_call,1.092
phase-400k,xprof-r17,f1-repaired,p_setup,.352
phase-400k,xprof-r17,f1-repaired,p_buckets,.215
phase-400k,xprof-r17,f1-repaired,p_fit,.2350000000000001
phase-400k,xprof-r17,f1-repaired,p_ifasm,.0920000000000001
phase-400k,xprof-r17,f1-repaired,p_store,.003
phase-400k,xprof-r17,f1-repaired,p_cluster,0
phase-400k,xprof-r17,f1-repaired,p_boot,0
phase-400k,xprof-r17,f1-repaired,p_agg,0
phase-400k,xprof-r17,f1-repaired,x_driver,1.012
phase-400k,xprof-r17,f1-repaired,x_settle,.124
phase-400k,xprof-r17,f1-repaired,x_layout,.202
phase-400k,xprof-r17,f1-repaired,x_probs_alloc,.026
phase-400k,xprof-r17,f1-repaired,x_buckets_grid,.216
phase-400k,xprof-r17,f1-repaired,x_cell_slice,.008
phase-400k,xprof-r17,f1-repaired,x_cell_rows,.1060000000000001
phase-400k,xprof-r17,174d27b,wall,1.302
phase-400k,xprof-r17,174d27b,ado_prescan,.12
phase-400k,xprof-r17,174d27b,ado_engine_call,1.041
phase-400k,xprof-r17,174d27b,p_setup,.349
phase-400k,xprof-r17,174d27b,p_buckets,.209
phase-400k,xprof-r17,174d27b,p_fit,.2190000000000001
phase-400k,xprof-r17,174d27b,p_ifasm,.087
phase-400k,xprof-r17,174d27b,p_store,.003
phase-400k,xprof-r17,174d27b,p_cluster,0
phase-400k,xprof-r17,174d27b,p_boot,0
phase-400k,xprof-r17,174d27b,p_agg,0
phase-400k,xprof-r17,174d27b,x_driver,1.032
phase-400k,xprof-r17,174d27b,x_settle,.125
phase-400k,xprof-r17,174d27b,x_layout,.2
phase-400k,xprof-r17,174d27b,x_probs_alloc,.024
phase-400k,xprof-r17,174d27b,x_buckets_grid,.209
phase-400k,xprof-r17,174d27b,x_cell_slice,.006
phase-400k,xprof-r17,174d27b,x_cell_rows,.0930000000000001
phase-400k,xprof-r17,174d27b,wall,1.336
phase-400k,xprof-r17,174d27b,ado_prescan,.122
phase-400k,xprof-r17,174d27b,ado_engine_call,1.077
phase-400k,xprof-r17,174d27b,p_setup,.346
phase-400k,xprof-r17,174d27b,p_buckets,.214
phase-400k,xprof-r17,174d27b,p_fit,.2300000000000001
phase-400k,xprof-r17,174d27b,p_ifasm,.088
phase-400k,xprof-r17,174d27b,p_store,.003
phase-400k,xprof-r17,174d27b,p_cluster,0
phase-400k,xprof-r17,174d27b,p_boot,0
phase-400k,xprof-r17,174d27b,p_agg,0
phase-400k,xprof-r17,174d27b,x_driver,1.068
phase-400k,xprof-r17,174d27b,x_settle,.124
phase-400k,xprof-r17,174d27b,x_layout,.199
phase-400k,xprof-r17,174d27b,x_probs_alloc,.023
phase-400k,xprof-r17,174d27b,x_buckets_grid,.214
phase-400k,xprof-r17,174d27b,x_cell_slice,.009
phase-400k,xprof-r17,174d27b,x_cell_rows,.1090000000000001
phase-400k,xprof-r17,174d27b,wall,1.359
phase-400k,xprof-r17,174d27b,ado_prescan,.121
phase-400k,xprof-r17,174d27b,ado_engine_call,1.102
phase-400k,xprof-r17,174d27b,p_setup,.349
phase-400k,xprof-r17,174d27b,p_buckets,.215
phase-400k,xprof-r17,174d27b,p_fit,.2330000000000001
phase-400k,xprof-r17,174d27b,p_ifasm,.0970000000000001
phase-400k,xprof-r17,174d27b,p_store,.003
phase-400k,xprof-r17,174d27b,p_cluster,0
phase-400k,xprof-r17,174d27b,p_boot,0
phase-400k,xprof-r17,174d27b,p_agg,0
phase-400k,xprof-r17,174d27b,x_driver,1.092
phase-400k,xprof-r17,174d27b,x_settle,.124
phase-400k,xprof-r17,174d27b,x_layout,.201
phase-400k,xprof-r17,174d27b,x_probs_alloc,.024
phase-400k,xprof-r17,174d27b,x_buckets_grid,.215
phase-400k,xprof-r17,174d27b,x_cell_slice,.013
phase-400k,xprof-r17,174d27b,x_cell_rows,.1160000000000001
phase-400k,xprof-r17,174d27b,wall,1.33
phase-400k,xprof-r17,174d27b,ado_prescan,.122
phase-400k,xprof-r17,174d27b,ado_engine_call,1.073
phase-400k,xprof-r17,174d27b,p_setup,.35
phase-400k,xprof-r17,174d27b,p_buckets,.216
phase-400k,xprof-r17,174d27b,p_fit,.2260000000000001
phase-400k,xprof-r17,174d27b,p_ifasm,.0910000000000001
phase-400k,xprof-r17,174d27b,p_store,.003
phase-400k,xprof-r17,174d27b,p_cluster,0
phase-400k,xprof-r17,174d27b,p_boot,0
phase-400k,xprof-r17,174d27b,p_agg,0
phase-400k,xprof-r17,174d27b,x_driver,1.063
phase-400k,xprof-r17,174d27b,x_settle,.124
phase-400k,xprof-r17,174d27b,x_layout,.202
phase-400k,xprof-r17,174d27b,x_probs_alloc,.024
phase-400k,xprof-r17,174d27b,x_buckets_grid,.216
phase-400k,xprof-r17,174d27b,x_cell_slice,.005
phase-400k,xprof-r17,174d27b,x_cell_rows,.1030000000000001
phase-400k,xprof-r18,174d27b,wall,1.329
phase-400k,xprof-r18,174d27b,ado_prescan,.121
phase-400k,xprof-r18,174d27b,ado_engine_call,1.074
phase-400k,xprof-r18,174d27b,p_setup,.348
phase-400k,xprof-r18,174d27b,p_buckets,.214
phase-400k,xprof-r18,174d27b,p_fit,.2270000000000001
phase-400k,xprof-r18,174d27b,p_ifasm,.097
phase-400k,xprof-r18,174d27b,p_store,.003
phase-400k,xprof-r18,174d27b,p_cluster,0
phase-400k,xprof-r18,174d27b,p_boot,0
phase-400k,xprof-r18,174d27b,p_agg,0
phase-400k,xprof-r18,174d27b,x_driver,1.063
phase-400k,xprof-r18,174d27b,x_settle,.123
phase-400k,xprof-r18,174d27b,x_layout,.202
phase-400k,xprof-r18,174d27b,x_probs_alloc,.023
phase-400k,xprof-r18,174d27b,x_buckets_grid,.214
phase-400k,xprof-r18,174d27b,x_cell_slice,.005
phase-400k,xprof-r18,174d27b,x_cell_rows,.1
phase-400k,xprof-r18,174d27b,wall,1.344
phase-400k,xprof-r18,174d27b,ado_prescan,.123
phase-400k,xprof-r18,174d27b,ado_engine_call,1.08
phase-400k,xprof-r18,174d27b,p_setup,.351
phase-400k,xprof-r18,174d27b,p_buckets,.212
phase-400k,xprof-r18,174d27b,p_fit,.2290000000000001
phase-400k,xprof-r18,174d27b,p_ifasm,.095
phase-400k,xprof-r18,174d27b,p_store,.003
phase-400k,xprof-r18,174d27b,p_cluster,0
phase-400k,xprof-r18,174d27b,p_boot,0
phase-400k,xprof-r18,174d27b,p_agg,0
phase-400k,xprof-r18,174d27b,x_driver,1.07
phase-400k,xprof-r18,174d27b,x_settle,.125
phase-400k,xprof-r18,174d27b,x_layout,.203
phase-400k,xprof-r18,174d27b,x_probs_alloc,.023
phase-400k,xprof-r18,174d27b,x_buckets_grid,.212
phase-400k,xprof-r18,174d27b,x_cell_slice,.01
phase-400k,xprof-r18,174d27b,x_cell_rows,.1050000000000001
phase-400k,xprof-r18,174d27b,wall,1.368
phase-400k,xprof-r18,174d27b,ado_prescan,.121
phase-400k,xprof-r18,174d27b,ado_engine_call,1.11
phase-400k,xprof-r18,174d27b,p_setup,.358
phase-400k,xprof-r18,174d27b,p_buckets,.22
phase-400k,xprof-r18,174d27b,p_fit,.2330000000000001
phase-400k,xprof-r18,174d27b,p_ifasm,.0960000000000001
phase-400k,xprof-r18,174d27b,p_store,.003
phase-400k,xprof-r18,174d27b,p_cluster,0
phase-400k,xprof-r18,174d27b,p_boot,0
phase-400k,xprof-r18,174d27b,p_agg,0
phase-400k,xprof-r18,174d27b,x_driver,1.099
phase-400k,xprof-r18,174d27b,x_settle,.127
phase-400k,xprof-r18,174d27b,x_layout,.207
phase-400k,xprof-r18,174d27b,x_probs_alloc,.024
phase-400k,xprof-r18,174d27b,x_buckets_grid,.22
phase-400k,xprof-r18,174d27b,x_cell_slice,.008
phase-400k,xprof-r18,174d27b,x_cell_rows,.1110000000000001
phase-400k,xprof-r18,174d27b,wall,1.336
phase-400k,xprof-r18,174d27b,ado_prescan,.123
phase-400k,xprof-r18,174d27b,ado_engine_call,1.07
phase-400k,xprof-r18,174d27b,p_setup,.344
phase-400k,xprof-r18,174d27b,p_buckets,.211
phase-400k,xprof-r18,174d27b,p_fit,.2320000000000001
phase-400k,xprof-r18,174d27b,p_ifasm,.0930000000000001
phase-400k,xprof-r18,174d27b,p_store,.004
phase-400k,xprof-r18,174d27b,p_cluster,0
phase-400k,xprof-r18,174d27b,p_boot,0
phase-400k,xprof-r18,174d27b,p_agg,0
phase-400k,xprof-r18,174d27b,x_driver,1.06
phase-400k,xprof-r18,174d27b,x_settle,.125
phase-400k,xprof-r18,174d27b,x_layout,.197
phase-400k,xprof-r18,174d27b,x_probs_alloc,.022
phase-400k,xprof-r18,174d27b,x_buckets_grid,.211
phase-400k,xprof-r18,174d27b,x_cell_slice,.013
phase-400k,xprof-r18,174d27b,x_cell_rows,.099
phase-400k,xprof-r18,f1-repaired,wall,1.361
phase-400k,xprof-r18,f1-repaired,ado_prescan,.12
phase-400k,xprof-r18,f1-repaired,ado_engine_call,1.105
phase-400k,xprof-r18,f1-repaired,p_setup,.351
phase-400k,xprof-r18,f1-repaired,p_buckets,.218
phase-400k,xprof-r18,f1-repaired,p_fit,.2330000000000001
phase-400k,xprof-r18,f1-repaired,p_ifasm,.1000000000000001
phase-400k,xprof-r18,f1-repaired,p_store,.003
phase-400k,xprof-r18,f1-repaired,p_cluster,0
phase-400k,xprof-r18,f1-repaired,p_boot,0
phase-400k,xprof-r18,f1-repaired,p_agg,0
phase-400k,xprof-r18,f1-repaired,x_driver,1.024
phase-400k,xprof-r18,f1-repaired,x_settle,.125
phase-400k,xprof-r18,f1-repaired,x_layout,.203
phase-400k,xprof-r18,f1-repaired,x_probs_alloc,.023
phase-400k,xprof-r18,f1-repaired,x_buckets_grid,.219
phase-400k,xprof-r18,f1-repaired,x_cell_slice,.01
phase-400k,xprof-r18,f1-repaired,x_cell_rows,.1090000000000001
phase-400k,xprof-r18,f1-repaired,wall,1.339
phase-400k,xprof-r18,f1-repaired,ado_prescan,.121
phase-400k,xprof-r18,f1-repaired,ado_engine_call,1.076
phase-400k,xprof-r18,f1-repaired,p_setup,.346
phase-400k,xprof-r18,f1-repaired,p_buckets,.214
phase-400k,xprof-r18,f1-repaired,p_fit,.2290000000000001
phase-400k,xprof-r18,f1-repaired,p_ifasm,.0920000000000001
phase-400k,xprof-r18,f1-repaired,p_store,.003
phase-400k,xprof-r18,f1-repaired,p_cluster,0
phase-400k,xprof-r18,f1-repaired,p_boot,0
phase-400k,xprof-r18,f1-repaired,p_agg,0
phase-400k,xprof-r18,f1-repaired,x_driver,1.001
phase-400k,xprof-r18,f1-repaired,x_settle,.124
phase-400k,xprof-r18,f1-repaired,x_layout,.199
phase-400k,xprof-r18,f1-repaired,x_probs_alloc,.023
phase-400k,xprof-r18,f1-repaired,x_buckets_grid,.214
phase-400k,xprof-r18,f1-repaired,x_cell_slice,.009
phase-400k,xprof-r18,f1-repaired,x_cell_rows,.1100000000000001
phase-400k,xprof-r18,f1-repaired,wall,1.341
phase-400k,xprof-r18,f1-repaired,ado_prescan,.121
phase-400k,xprof-r18,f1-repaired,ado_engine_call,1.077
phase-400k,xprof-r18,f1-repaired,p_setup,.35
phase-400k,xprof-r18,f1-repaired,p_buckets,.212
phase-400k,xprof-r18,f1-repaired,p_fit,.2290000000000001
phase-400k,xprof-r18,f1-repaired,p_ifasm,.0950000000000001
phase-400k,xprof-r18,f1-repaired,p_store,.003
phase-400k,xprof-r18,f1-repaired,p_cluster,0
phase-400k,xprof-r18,f1-repaired,p_boot,0
phase-400k,xprof-r18,f1-repaired,p_agg,0
phase-400k,xprof-r18,f1-repaired,x_driver,1.001
phase-400k,xprof-r18,f1-repaired,x_settle,.125
phase-400k,xprof-r18,f1-repaired,x_layout,.2
phase-400k,xprof-r18,f1-repaired,x_probs_alloc,.024
phase-400k,xprof-r18,f1-repaired,x_buckets_grid,.213
phase-400k,xprof-r18,f1-repaired,x_cell_slice,.008
phase-400k,xprof-r18,f1-repaired,x_cell_rows,.1040000000000001
phase-400k,xprof-r18,f1-repaired,wall,1.352
phase-400k,xprof-r18,f1-repaired,ado_prescan,.121
phase-400k,xprof-r18,f1-repaired,ado_engine_call,1.092
phase-400k,xprof-r18,f1-repaired,p_setup,.353
phase-400k,xprof-r18,f1-repaired,p_buckets,.217
phase-400k,xprof-r18,f1-repaired,p_fit,.2350000000000001
phase-400k,xprof-r18,f1-repaired,p_ifasm,.0940000000000001
phase-400k,xprof-r18,f1-repaired,p_store,.003
phase-400k,xprof-r18,f1-repaired,p_cluster,0
phase-400k,xprof-r18,f1-repaired,p_boot,0
phase-400k,xprof-r18,f1-repaired,p_agg,0
phase-400k,xprof-r18,f1-repaired,x_driver,1.015
phase-400k,xprof-r18,f1-repaired,x_settle,.126
phase-400k,xprof-r18,f1-repaired,x_layout,.203
phase-400k,xprof-r18,f1-repaired,x_probs_alloc,.024
phase-400k,xprof-r18,f1-repaired,x_buckets_grid,.218
phase-400k,xprof-r18,f1-repaired,x_cell_slice,.011
phase-400k,xprof-r18,f1-repaired,x_cell_rows,.1010000000000001
phase-400k,xprof-r19,f1-repaired,wall,1.353
phase-400k,xprof-r19,f1-repaired,ado_prescan,.12
phase-400k,xprof-r19,f1-repaired,ado_engine_call,1.095
phase-400k,xprof-r19,f1-repaired,p_setup,.349
phase-400k,xprof-r19,f1-repaired,p_buckets,.209
phase-400k,xprof-r19,f1-repaired,p_fit,.2350000000000001
phase-400k,xprof-r19,f1-repaired,p_ifasm,.0940000000000001
phase-400k,xprof-r19,f1-repaired,p_store,.004
phase-400k,xprof-r19,f1-repaired,p_cluster,0
phase-400k,xprof-r19,f1-repaired,p_boot,0
phase-400k,xprof-r19,f1-repaired,p_agg,0
phase-400k,xprof-r19,f1-repaired,x_driver,1.018
phase-400k,xprof-r19,f1-repaired,x_settle,.124
phase-400k,xprof-r19,f1-repaired,x_layout,.2
phase-400k,xprof-r19,f1-repaired,x_probs_alloc,.025
phase-400k,xprof-r19,f1-repaired,x_buckets_grid,.21
phase-400k,xprof-r19,f1-repaired,x_cell_slice,.013
phase-400k,xprof-r19,f1-repaired,x_cell_rows,.1160000000000001
phase-400k,xprof-r19,f1-repaired,wall,1.341
phase-400k,xprof-r19,f1-repaired,ado_prescan,.122
phase-400k,xprof-r19,f1-repaired,ado_engine_call,1.081
phase-400k,xprof-r19,f1-repaired,p_setup,.35
phase-400k,xprof-r19,f1-repaired,p_buckets,.212
phase-400k,xprof-r19,f1-repaired,p_fit,.2300000000000001
phase-400k,xprof-r19,f1-repaired,p_ifasm,.0910000000000001
phase-400k,xprof-r19,f1-repaired,p_store,.003
phase-400k,xprof-r19,f1-repaired,p_cluster,0
phase-400k,xprof-r19,f1-repaired,p_boot,0
phase-400k,xprof-r19,f1-repaired,p_agg,0
phase-400k,xprof-r19,f1-repaired,x_driver,1.004
phase-400k,xprof-r19,f1-repaired,x_settle,.125
phase-400k,xprof-r19,f1-repaired,x_layout,.201
phase-400k,xprof-r19,f1-repaired,x_probs_alloc,.024
phase-400k,xprof-r19,f1-repaired,x_buckets_grid,.212
phase-400k,xprof-r19,f1-repaired,x_cell_slice,.007
phase-400k,xprof-r19,f1-repaired,x_cell_rows,.1140000000000001
phase-400k,xprof-r19,f1-repaired,wall,1.373
phase-400k,xprof-r19,f1-repaired,ado_prescan,.123
phase-400k,xprof-r19,f1-repaired,ado_engine_call,1.112
phase-400k,xprof-r19,f1-repaired,p_setup,.348
phase-400k,xprof-r19,f1-repaired,p_buckets,.217
phase-400k,xprof-r19,f1-repaired,p_fit,.2370000000000001
phase-400k,xprof-r19,f1-repaired,p_ifasm,.1000000000000001
phase-400k,xprof-r19,f1-repaired,p_store,.004
phase-400k,xprof-r19,f1-repaired,p_cluster,0
phase-400k,xprof-r19,f1-repaired,p_boot,0
phase-400k,xprof-r19,f1-repaired,p_agg,0
phase-400k,xprof-r19,f1-repaired,x_driver,1.036
phase-400k,xprof-r19,f1-repaired,x_settle,.125
phase-400k,xprof-r19,f1-repaired,x_layout,.198
phase-400k,xprof-r19,f1-repaired,x_probs_alloc,.025
phase-400k,xprof-r19,f1-repaired,x_buckets_grid,.218
phase-400k,xprof-r19,f1-repaired,x_cell_slice,.015
phase-400k,xprof-r19,f1-repaired,x_cell_rows,.1170000000000001
phase-400k,xprof-r19,f1-repaired,wall,1.387
phase-400k,xprof-r19,f1-repaired,ado_prescan,.122
phase-400k,xprof-r19,f1-repaired,ado_engine_call,1.124
phase-400k,xprof-r19,f1-repaired,p_setup,.35
phase-400k,xprof-r19,f1-repaired,p_buckets,.222
phase-400k,xprof-r19,f1-repaired,p_fit,.2460000000000001
phase-400k,xprof-r19,f1-repaired,p_ifasm,.0970000000000001
phase-400k,xprof-r19,f1-repaired,p_store,.003
phase-400k,xprof-r19,f1-repaired,p_cluster,0
phase-400k,xprof-r19,f1-repaired,p_boot,0
phase-400k,xprof-r19,f1-repaired,p_agg,0
phase-400k,xprof-r19,f1-repaired,x_driver,1.047
phase-400k,xprof-r19,f1-repaired,x_settle,.126
phase-400k,xprof-r19,f1-repaired,x_layout,.201
phase-400k,xprof-r19,f1-repaired,x_probs_alloc,.023
phase-400k,xprof-r19,f1-repaired,x_buckets_grid,.222
phase-400k,xprof-r19,f1-repaired,x_cell_slice,.018
phase-400k,xprof-r19,f1-repaired,x_cell_rows,.1130000000000001
phase-400k,xprof-r19,174d27b,wall,1.322
phase-400k,xprof-r19,174d27b,ado_prescan,.122
phase-400k,xprof-r19,174d27b,ado_engine_call,1.062
phase-400k,xprof-r19,174d27b,p_setup,.35
phase-400k,xprof-r19,174d27b,p_buckets,.21
phase-400k,xprof-r19,174d27b,p_fit,.2290000000000001
phase-400k,xprof-r19,174d27b,p_ifasm,.0880000000000001
phase-400k,xprof-r19,174d27b,p_store,.003
phase-400k,xprof-r19,174d27b,p_cluster,0
phase-400k,xprof-r19,174d27b,p_boot,0
phase-400k,xprof-r19,174d27b,p_agg,0
phase-400k,xprof-r19,174d27b,x_driver,1.053
phase-400k,xprof-r19,174d27b,x_settle,.124
phase-400k,xprof-r19,174d27b,x_layout,.203
phase-400k,xprof-r19,174d27b,x_probs_alloc,.023
phase-400k,xprof-r19,174d27b,x_buckets_grid,.21
phase-400k,xprof-r19,174d27b,x_cell_slice,.012
phase-400k,xprof-r19,174d27b,x_cell_rows,.0950000000000001
phase-400k,xprof-r19,174d27b,wall,1.336
phase-400k,xprof-r19,174d27b,ado_prescan,.121
phase-400k,xprof-r19,174d27b,ado_engine_call,1.081
phase-400k,xprof-r19,174d27b,p_setup,.35
phase-400k,xprof-r19,174d27b,p_buckets,.213
phase-400k,xprof-r19,174d27b,p_fit,.2280000000000001
phase-400k,xprof-r19,174d27b,p_ifasm,.0910000000000001
phase-400k,xprof-r19,174d27b,p_store,.003
phase-400k,xprof-r19,174d27b,p_cluster,0
phase-400k,xprof-r19,174d27b,p_boot,0
phase-400k,xprof-r19,174d27b,p_agg,0
phase-400k,xprof-r19,174d27b,x_driver,1.072
phase-400k,xprof-r19,174d27b,x_settle,.125
phase-400k,xprof-r19,174d27b,x_layout,.202
phase-400k,xprof-r19,174d27b,x_probs_alloc,.023
phase-400k,xprof-r19,174d27b,x_buckets_grid,.213
phase-400k,xprof-r19,174d27b,x_cell_slice,.014
phase-400k,xprof-r19,174d27b,x_cell_rows,.1060000000000001
phase-400k,xprof-r19,174d27b,wall,1.347
phase-400k,xprof-r19,174d27b,ado_prescan,.123
phase-400k,xprof-r19,174d27b,ado_engine_call,1.084
phase-400k,xprof-r19,174d27b,p_setup,.348
phase-400k,xprof-r19,174d27b,p_buckets,.209
phase-400k,xprof-r19,174d27b,p_fit,.2350000000000002
phase-400k,xprof-r19,174d27b,p_ifasm,.0960000000000001
phase-400k,xprof-r19,174d27b,p_store,.003
phase-400k,xprof-r19,174d27b,p_cluster,0
phase-400k,xprof-r19,174d27b,p_boot,0
phase-400k,xprof-r19,174d27b,p_agg,0
phase-400k,xprof-r19,174d27b,x_driver,1.074
phase-400k,xprof-r19,174d27b,x_settle,.124
phase-400k,xprof-r19,174d27b,x_layout,.202
phase-400k,xprof-r19,174d27b,x_probs_alloc,.022
phase-400k,xprof-r19,174d27b,x_buckets_grid,.209
phase-400k,xprof-r19,174d27b,x_cell_slice,.009
phase-400k,xprof-r19,174d27b,x_cell_rows,.1070000000000001
phase-400k,xprof-r19,174d27b,wall,1.327
phase-400k,xprof-r19,174d27b,ado_prescan,.12
phase-400k,xprof-r19,174d27b,ado_engine_call,1.067
phase-400k,xprof-r19,174d27b,p_setup,.347
phase-400k,xprof-r19,174d27b,p_buckets,.214
phase-400k,xprof-r19,174d27b,p_fit,.2340000000000001
phase-400k,xprof-r19,174d27b,p_ifasm,.085
phase-400k,xprof-r19,174d27b,p_store,.003
phase-400k,xprof-r19,174d27b,p_cluster,0
phase-400k,xprof-r19,174d27b,p_boot,0
phase-400k,xprof-r19,174d27b,p_agg,0
phase-400k,xprof-r19,174d27b,x_driver,1.057
phase-400k,xprof-r19,174d27b,x_settle,.125
phase-400k,xprof-r19,174d27b,x_layout,.198
phase-400k,xprof-r19,174d27b,x_probs_alloc,.024
phase-400k,xprof-r19,174d27b,x_buckets_grid,.214
phase-400k,xprof-r19,174d27b,x_cell_slice,.015
phase-400k,xprof-r19,174d27b,x_cell_rows,.0930000000000001
phase-400k,xprof-r20,174d27b,wall,1.32
phase-400k,xprof-r20,174d27b,ado_prescan,.121
phase-400k,xprof-r20,174d27b,ado_engine_call,1.061
phase-400k,xprof-r20,174d27b,p_setup,.351
phase-400k,xprof-r20,174d27b,p_buckets,.21
phase-400k,xprof-r20,174d27b,p_fit,.2270000000000001
phase-400k,xprof-r20,174d27b,p_ifasm,.0890000000000001
phase-400k,xprof-r20,174d27b,p_store,.003
phase-400k,xprof-r20,174d27b,p_cluster,0
phase-400k,xprof-r20,174d27b,p_boot,0
phase-400k,xprof-r20,174d27b,p_agg,0
phase-400k,xprof-r20,174d27b,x_driver,1.05
phase-400k,xprof-r20,174d27b,x_settle,.126
phase-400k,xprof-r20,174d27b,x_layout,.202
phase-400k,xprof-r20,174d27b,x_probs_alloc,.023
phase-400k,xprof-r20,174d27b,x_buckets_grid,.21
phase-400k,xprof-r20,174d27b,x_cell_slice,.008
phase-400k,xprof-r20,174d27b,x_cell_rows,.0950000000000001
phase-400k,xprof-r20,174d27b,wall,1.333
phase-400k,xprof-r20,174d27b,ado_prescan,.123
phase-400k,xprof-r20,174d27b,ado_engine_call,1.071
phase-400k,xprof-r20,174d27b,p_setup,.348
phase-400k,xprof-r20,174d27b,p_buckets,.212
phase-400k,xprof-r20,174d27b,p_fit,.2330000000000001
phase-400k,xprof-r20,174d27b,p_ifasm,.0890000000000001
phase-400k,xprof-r20,174d27b,p_store,.003
phase-400k,xprof-r20,174d27b,p_cluster,0
phase-400k,xprof-r20,174d27b,p_boot,0
phase-400k,xprof-r20,174d27b,p_agg,0
phase-400k,xprof-r20,174d27b,x_driver,1.062
phase-400k,xprof-r20,174d27b,x_settle,.126
phase-400k,xprof-r20,174d27b,x_layout,.199
phase-400k,xprof-r20,174d27b,x_probs_alloc,.023
phase-400k,xprof-r20,174d27b,x_buckets_grid,.212
phase-400k,xprof-r20,174d27b,x_cell_slice,.01
phase-400k,xprof-r20,174d27b,x_cell_rows,.1
phase-400k,xprof-r20,174d27b,wall,1.343
phase-400k,xprof-r20,174d27b,ado_prescan,.12
phase-400k,xprof-r20,174d27b,ado_engine_call,1.082
phase-400k,xprof-r20,174d27b,p_setup,.347
phase-400k,xprof-r20,174d27b,p_buckets,.21
phase-400k,xprof-r20,174d27b,p_fit,.2340000000000002
phase-400k,xprof-r20,174d27b,p_ifasm,.0930000000000001
phase-400k,xprof-r20,174d27b,p_store,.003
phase-400k,xprof-r20,174d27b,p_cluster,0
phase-400k,xprof-r20,174d27b,p_boot,0
phase-400k,xprof-r20,174d27b,p_agg,0
phase-400k,xprof-r20,174d27b,x_driver,1.073
phase-400k,xprof-r20,174d27b,x_settle,.126
phase-400k,xprof-r20,174d27b,x_layout,.198
phase-400k,xprof-r20,174d27b,x_probs_alloc,.023
phase-400k,xprof-r20,174d27b,x_buckets_grid,.21
phase-400k,xprof-r20,174d27b,x_cell_slice,.013
phase-400k,xprof-r20,174d27b,x_cell_rows,.1070000000000001
phase-400k,xprof-r20,174d27b,wall,1.364
phase-400k,xprof-r20,174d27b,ado_prescan,.122
phase-400k,xprof-r20,174d27b,ado_engine_call,1.098
phase-400k,xprof-r20,174d27b,p_setup,.35
phase-400k,xprof-r20,174d27b,p_buckets,.214
phase-400k,xprof-r20,174d27b,p_fit,.2350000000000002
phase-400k,xprof-r20,174d27b,p_ifasm,.0920000000000001
phase-400k,xprof-r20,174d27b,p_store,.003
phase-400k,xprof-r20,174d27b,p_cluster,0
phase-400k,xprof-r20,174d27b,p_boot,0
phase-400k,xprof-r20,174d27b,p_agg,0
phase-400k,xprof-r20,174d27b,x_driver,1.088
phase-400k,xprof-r20,174d27b,x_settle,.125
phase-400k,xprof-r20,174d27b,x_layout,.203
phase-400k,xprof-r20,174d27b,x_probs_alloc,.022
phase-400k,xprof-r20,174d27b,x_buckets_grid,.214
phase-400k,xprof-r20,174d27b,x_cell_slice,.019
phase-400k,xprof-r20,174d27b,x_cell_rows,.1110000000000001
phase-400k,xprof-r20,f1-repaired,wall,1.336
phase-400k,xprof-r20,f1-repaired,ado_prescan,.121
phase-400k,xprof-r20,f1-repaired,ado_engine_call,1.081
phase-400k,xprof-r20,f1-repaired,p_setup,.351
phase-400k,xprof-r20,f1-repaired,p_buckets,.213
phase-400k,xprof-r20,f1-repaired,p_fit,.2290000000000001
phase-400k,xprof-r20,f1-repaired,p_ifasm,.0930000000000001
phase-400k,xprof-r20,f1-repaired,p_store,.004
phase-400k,xprof-r20,f1-repaired,p_cluster,0
phase-400k,xprof-r20,f1-repaired,p_boot,0
phase-400k,xprof-r20,f1-repaired,p_agg,0
phase-400k,xprof-r20,f1-repaired,x_driver,1.003
phase-400k,xprof-r20,f1-repaired,x_settle,.125
phase-400k,xprof-r20,f1-repaired,x_layout,.202
phase-400k,xprof-r20,f1-repaired,x_probs_alloc,.024
phase-400k,xprof-r20,f1-repaired,x_buckets_grid,.213
phase-400k,xprof-r20,f1-repaired,x_cell_slice,.01
phase-400k,xprof-r20,f1-repaired,x_cell_rows,.1060000000000001
phase-400k,xprof-r20,f1-repaired,wall,1.356
phase-400k,xprof-r20,f1-repaired,ado_prescan,.122
phase-400k,xprof-r20,f1-repaired,ado_engine_call,1.099
phase-400k,xprof-r20,f1-repaired,p_setup,.352
phase-400k,xprof-r20,f1-repaired,p_buckets,.212
phase-400k,xprof-r20,f1-repaired,p_fit,.2350000000000001
phase-400k,xprof-r20,f1-repaired,p_ifasm,.0900000000000001
phase-400k,xprof-r20,f1-repaired,p_store,.003
phase-400k,xprof-r20,f1-repaired,p_cluster,0
phase-400k,xprof-r20,f1-repaired,p_boot,0
phase-400k,xprof-r20,f1-repaired,p_agg,0
phase-400k,xprof-r20,f1-repaired,x_driver,1.023
phase-400k,xprof-r20,f1-repaired,x_settle,.126
phase-400k,xprof-r20,f1-repaired,x_layout,.201
phase-400k,xprof-r20,f1-repaired,x_probs_alloc,.025
phase-400k,xprof-r20,f1-repaired,x_buckets_grid,.213
phase-400k,xprof-r20,f1-repaired,x_cell_slice,.012
phase-400k,xprof-r20,f1-repaired,x_cell_rows,.1190000000000001
phase-400k,xprof-r20,f1-repaired,wall,1.335
phase-400k,xprof-r20,f1-repaired,ado_prescan,.12
phase-400k,xprof-r20,f1-repaired,ado_engine_call,1.079
phase-400k,xprof-r20,f1-repaired,p_setup,.35
phase-400k,xprof-r20,f1-repaired,p_buckets,.212
phase-400k,xprof-r20,f1-repaired,p_fit,.2270000000000001
phase-400k,xprof-r20,f1-repaired,p_ifasm,.0970000000000001
phase-400k,xprof-r20,f1-repaired,p_store,.003
phase-400k,xprof-r20,f1-repaired,p_cluster,0
phase-400k,xprof-r20,f1-repaired,p_boot,0
phase-400k,xprof-r20,f1-repaired,p_agg,0
phase-400k,xprof-r20,f1-repaired,x_driver,1.004
phase-400k,xprof-r20,f1-repaired,x_settle,.124
phase-400k,xprof-r20,f1-repaired,x_layout,.202
phase-400k,xprof-r20,f1-repaired,x_probs_alloc,.024
phase-400k,xprof-r20,f1-repaired,x_buckets_grid,.213
phase-400k,xprof-r20,f1-repaired,x_cell_slice,.008
phase-400k,xprof-r20,f1-repaired,x_cell_rows,.1060000000000001
phase-400k,xprof-r20,f1-repaired,wall,1.369
phase-400k,xprof-r20,f1-repaired,ado_prescan,.119
phase-400k,xprof-r20,f1-repaired,ado_engine_call,1.111
phase-400k,xprof-r20,f1-repaired,p_setup,.35
phase-400k,xprof-r20,f1-repaired,p_buckets,.214
phase-400k,xprof-r20,f1-repaired,p_fit,.2360000000000001
phase-400k,xprof-r20,f1-repaired,p_ifasm,.0960000000000001
phase-400k,xprof-r20,f1-repaired,p_store,.003
phase-400k,xprof-r20,f1-repaired,p_cluster,0
phase-400k,xprof-r20,f1-repaired,p_boot,0
phase-400k,xprof-r20,f1-repaired,p_agg,0
phase-400k,xprof-r20,f1-repaired,x_driver,1.035
phase-400k,xprof-r20,f1-repaired,x_settle,.125
phase-400k,xprof-r20,f1-repaired,x_layout,.202
phase-400k,xprof-r20,f1-repaired,x_probs_alloc,.023
phase-400k,xprof-r20,f1-repaired,x_buckets_grid,.214
phase-400k,xprof-r20,f1-repaired,x_cell_slice,.014
phase-400k,xprof-r20,f1-repaired,x_cell_rows,.1230000000000001
phase-400k,xprof-r21,f1-repaired,wall,1.354
phase-400k,xprof-r21,f1-repaired,ado_prescan,.124
phase-400k,xprof-r21,f1-repaired,ado_engine_call,1.092
phase-400k,xprof-r21,f1-repaired,p_setup,.351
phase-400k,xprof-r21,f1-repaired,p_buckets,.212
phase-400k,xprof-r21,f1-repaired,p_fit,.2340000000000001
phase-400k,xprof-r21,f1-repaired,p_ifasm,.0900000000000001
phase-400k,xprof-r21,f1-repaired,p_store,.003
phase-400k,xprof-r21,f1-repaired,p_cluster,0
phase-400k,xprof-r21,f1-repaired,p_boot,0
phase-400k,xprof-r21,f1-repaired,p_agg,0
phase-400k,xprof-r21,f1-repaired,x_driver,1.015
phase-400k,xprof-r21,f1-repaired,x_settle,.127
phase-400k,xprof-r21,f1-repaired,x_layout,.2
phase-400k,xprof-r21,f1-repaired,x_probs_alloc,.024
phase-400k,xprof-r21,f1-repaired,x_buckets_grid,.212
phase-400k,xprof-r21,f1-repaired,x_cell_slice,.014
phase-400k,xprof-r21,f1-repaired,x_cell_rows,.1110000000000001
phase-400k,xprof-r21,f1-repaired,wall,1.341
phase-400k,xprof-r21,f1-repaired,ado_prescan,.121
phase-400k,xprof-r21,f1-repaired,ado_engine_call,1.085
phase-400k,xprof-r21,f1-repaired,p_setup,.351
phase-400k,xprof-r21,f1-repaired,p_buckets,.216
phase-400k,xprof-r21,f1-repaired,p_fit,.2330000000000002
phase-400k,xprof-r21,f1-repaired,p_ifasm,.0930000000000001
phase-400k,xprof-r21,f1-repaired,p_store,.003
phase-400k,xprof-r21,f1-repaired,p_cluster,0
phase-400k,xprof-r21,f1-repaired,p_boot,0
phase-400k,xprof-r21,f1-repaired,p_agg,0
phase-400k,xprof-r21,f1-repaired,x_driver,1.008
phase-400k,xprof-r21,f1-repaired,x_settle,.125
phase-400k,xprof-r21,f1-repaired,x_layout,.202
phase-400k,xprof-r21,f1-repaired,x_probs_alloc,.024
phase-400k,xprof-r21,f1-repaired,x_buckets_grid,.216
phase-400k,xprof-r21,f1-repaired,x_cell_slice,.011
phase-400k,xprof-r21,f1-repaired,x_cell_rows,.1040000000000001
phase-400k,xprof-r21,f1-repaired,wall,1.336
phase-400k,xprof-r21,f1-repaired,ado_prescan,.121
phase-400k,xprof-r21,f1-repaired,ado_engine_call,1.072
phase-400k,xprof-r21,f1-repaired,p_setup,.347
phase-400k,xprof-r21,f1-repaired,p_buckets,.21
phase-400k,xprof-r21,f1-repaired,p_fit,.2380000000000002
phase-400k,xprof-r21,f1-repaired,p_ifasm,.0880000000000001
phase-400k,xprof-r21,f1-repaired,p_store,.003
phase-400k,xprof-r21,f1-repaired,p_cluster,0
phase-400k,xprof-r21,f1-repaired,p_boot,0
phase-400k,xprof-r21,f1-repaired,p_agg,0
phase-400k,xprof-r21,f1-repaired,x_driver,.998
phase-400k,xprof-r21,f1-repaired,x_settle,.126
phase-400k,xprof-r21,f1-repaired,x_layout,.198
phase-400k,xprof-r21,f1-repaired,x_probs_alloc,.023
phase-400k,xprof-r21,f1-repaired,x_buckets_grid,.211
phase-400k,xprof-r21,f1-repaired,x_cell_slice,.01
phase-400k,xprof-r21,f1-repaired,x_cell_rows,.1040000000000001
phase-400k,xprof-r21,f1-repaired,wall,1.353
phase-400k,xprof-r21,f1-repaired,ado_prescan,.119
phase-400k,xprof-r21,f1-repaired,ado_engine_call,1.095
phase-400k,xprof-r21,f1-repaired,p_setup,.351
phase-400k,xprof-r21,f1-repaired,p_buckets,.215
phase-400k,xprof-r21,f1-repaired,p_fit,.2350000000000001
phase-400k,xprof-r21,f1-repaired,p_ifasm,.0890000000000001
phase-400k,xprof-r21,f1-repaired,p_store,.003
phase-400k,xprof-r21,f1-repaired,p_cluster,0
phase-400k,xprof-r21,f1-repaired,p_boot,0
phase-400k,xprof-r21,f1-repaired,p_agg,0
phase-400k,xprof-r21,f1-repaired,x_driver,1.019
phase-400k,xprof-r21,f1-repaired,x_settle,.124
phase-400k,xprof-r21,f1-repaired,x_layout,.204
phase-400k,xprof-r21,f1-repaired,x_probs_alloc,.023
phase-400k,xprof-r21,f1-repaired,x_buckets_grid,.216
phase-400k,xprof-r21,f1-repaired,x_cell_slice,.016
phase-400k,xprof-r21,f1-repaired,x_cell_rows,.1100000000000001
phase-400k,xprof-r21,174d27b,wall,1.352
phase-400k,xprof-r21,174d27b,ado_prescan,.121
phase-400k,xprof-r21,174d27b,ado_engine_call,1.089
phase-400k,xprof-r21,174d27b,p_setup,.352
phase-400k,xprof-r21,174d27b,p_buckets,.217
phase-400k,xprof-r21,174d27b,p_fit,.2310000000000001
phase-400k,xprof-r21,174d27b,p_ifasm,.0940000000000001
phase-400k,xprof-r21,174d27b,p_store,.003
phase-400k,xprof-r21,174d27b,p_cluster,0
phase-400k,xprof-r21,174d27b,p_boot,0
phase-400k,xprof-r21,174d27b,p_agg,0
phase-400k,xprof-r21,174d27b,x_driver,1.078
phase-400k,xprof-r21,174d27b,x_settle,.125
phase-400k,xprof-r21,174d27b,x_layout,.203
phase-400k,xprof-r21,174d27b,x_probs_alloc,.024
phase-400k,xprof-r21,174d27b,x_buckets_grid,.217
phase-400k,xprof-r21,174d27b,x_cell_slice,.009
phase-400k,xprof-r21,174d27b,x_cell_rows,.102
phase-400k,xprof-r21,174d27b,wall,1.333
phase-400k,xprof-r21,174d27b,ado_prescan,.122
phase-400k,xprof-r21,174d27b,ado_engine_call,1.067
phase-400k,xprof-r21,174d27b,p_setup,.348
phase-400k,xprof-r21,174d27b,p_buckets,.208
phase-400k,xprof-r21,174d27b,p_fit,.2290000000000001
phase-400k,xprof-r21,174d27b,p_ifasm,.0940000000000001
phase-400k,xprof-r21,174d27b,p_store,.003
phase-400k,xprof-r21,174d27b,p_cluster,0
phase-400k,xprof-r21,174d27b,p_boot,0
phase-400k,xprof-r21,174d27b,p_agg,0
phase-400k,xprof-r21,174d27b,x_driver,1.058
phase-400k,xprof-r21,174d27b,x_settle,.124
phase-400k,xprof-r21,174d27b,x_layout,.201
phase-400k,xprof-r21,174d27b,x_probs_alloc,.023
phase-400k,xprof-r21,174d27b,x_buckets_grid,.208
phase-400k,xprof-r21,174d27b,x_cell_slice,.008
phase-400k,xprof-r21,174d27b,x_cell_rows,.1020000000000001
phase-400k,xprof-r21,174d27b,wall,1.339
phase-400k,xprof-r21,174d27b,ado_prescan,.121
phase-400k,xprof-r21,174d27b,ado_engine_call,1.08
phase-400k,xprof-r21,174d27b,p_setup,.347
phase-400k,xprof-r21,174d27b,p_buckets,.21
phase-400k,xprof-r21,174d27b,p_fit,.2400000000000001
phase-400k,xprof-r21,174d27b,p_ifasm,.0880000000000001
phase-400k,xprof-r21,174d27b,p_store,.004
phase-400k,xprof-r21,174d27b,p_cluster,0
phase-400k,xprof-r21,174d27b,p_boot,0
phase-400k,xprof-r21,174d27b,p_agg,0
phase-400k,xprof-r21,174d27b,x_driver,1.07
phase-400k,xprof-r21,174d27b,x_settle,.125
phase-400k,xprof-r21,174d27b,x_layout,.199
phase-400k,xprof-r21,174d27b,x_probs_alloc,.023
phase-400k,xprof-r21,174d27b,x_buckets_grid,.21
phase-400k,xprof-r21,174d27b,x_cell_slice,.009
phase-400k,xprof-r21,174d27b,x_cell_rows,.1080000000000001
phase-400k,xprof-r21,174d27b,wall,1.338
phase-400k,xprof-r21,174d27b,ado_prescan,.121
phase-400k,xprof-r21,174d27b,ado_engine_call,1.075
phase-400k,xprof-r21,174d27b,p_setup,.35
phase-400k,xprof-r21,174d27b,p_buckets,.213
phase-400k,xprof-r21,174d27b,p_fit,.2320000000000002
phase-400k,xprof-r21,174d27b,p_ifasm,.0890000000000001
phase-400k,xprof-r21,174d27b,p_store,.003
phase-400k,xprof-r21,174d27b,p_cluster,0
phase-400k,xprof-r21,174d27b,p_boot,0
phase-400k,xprof-r21,174d27b,p_agg,0
phase-400k,xprof-r21,174d27b,x_driver,1.065
phase-400k,xprof-r21,174d27b,x_settle,.126
phase-400k,xprof-r21,174d27b,x_layout,.2
phase-400k,xprof-r21,174d27b,x_probs_alloc,.024
phase-400k,xprof-r21,174d27b,x_buckets_grid,.213
phase-400k,xprof-r21,174d27b,x_cell_slice,.01
phase-400k,xprof-r21,174d27b,x_cell_rows,.103
phase-400k,xprof-r22,174d27b,wall,1.32
phase-400k,xprof-r22,174d27b,ado_prescan,.119
phase-400k,xprof-r22,174d27b,ado_engine_call,1.064
phase-400k,xprof-r22,174d27b,p_setup,.349
phase-400k,xprof-r22,174d27b,p_buckets,.211
phase-400k,xprof-r22,174d27b,p_fit,.2340000000000002
phase-400k,xprof-r22,174d27b,p_ifasm,.086
phase-400k,xprof-r22,174d27b,p_store,.003
phase-400k,xprof-r22,174d27b,p_cluster,0
phase-400k,xprof-r22,174d27b,p_boot,0
phase-400k,xprof-r22,174d27b,p_agg,0
phase-400k,xprof-r22,174d27b,x_driver,1.054
phase-400k,xprof-r22,174d27b,x_settle,.125
phase-400k,xprof-r22,174d27b,x_layout,.201
phase-400k,xprof-r22,174d27b,x_probs_alloc,.023
phase-400k,xprof-r22,174d27b,x_buckets_grid,.211
phase-400k,xprof-r22,174d27b,x_cell_slice,.007
phase-400k,xprof-r22,174d27b,x_cell_rows,.097
phase-400k,xprof-r22,174d27b,wall,1.325
phase-400k,xprof-r22,174d27b,ado_prescan,.122
phase-400k,xprof-r22,174d27b,ado_engine_call,1.064
phase-400k,xprof-r22,174d27b,p_setup,.348
phase-400k,xprof-r22,174d27b,p_buckets,.213
phase-400k,xprof-r22,174d27b,p_fit,.2320000000000001
phase-400k,xprof-r22,174d27b,p_ifasm,.0910000000000001
phase-400k,xprof-r22,174d27b,p_store,.003
phase-400k,xprof-r22,174d27b,p_cluster,0
phase-400k,xprof-r22,174d27b,p_boot,0
phase-400k,xprof-r22,174d27b,p_agg,0
phase-400k,xprof-r22,174d27b,x_driver,1.055
phase-400k,xprof-r22,174d27b,x_settle,.125
phase-400k,xprof-r22,174d27b,x_layout,.2
phase-400k,xprof-r22,174d27b,x_probs_alloc,.023
phase-400k,xprof-r22,174d27b,x_buckets_grid,.213
phase-400k,xprof-r22,174d27b,x_cell_slice,.007
phase-400k,xprof-r22,174d27b,x_cell_rows,.0970000000000001
phase-400k,xprof-r22,174d27b,wall,1.362
phase-400k,xprof-r22,174d27b,ado_prescan,.122
phase-400k,xprof-r22,174d27b,ado_engine_call,1.1
phase-400k,xprof-r22,174d27b,p_setup,.348
phase-400k,xprof-r22,174d27b,p_buckets,.218
phase-400k,xprof-r22,174d27b,p_fit,.2350000000000001
phase-400k,xprof-r22,174d27b,p_ifasm,.0950000000000001
phase-400k,xprof-r22,174d27b,p_store,.004
phase-400k,xprof-r22,174d27b,p_cluster,0
phase-400k,xprof-r22,174d27b,p_boot,0
phase-400k,xprof-r22,174d27b,p_agg,0
phase-400k,xprof-r22,174d27b,x_driver,1.089
phase-400k,xprof-r22,174d27b,x_settle,.124
phase-400k,xprof-r22,174d27b,x_layout,.201
phase-400k,xprof-r22,174d27b,x_probs_alloc,.023
phase-400k,xprof-r22,174d27b,x_buckets_grid,.218
phase-400k,xprof-r22,174d27b,x_cell_slice,.007
phase-400k,xprof-r22,174d27b,x_cell_rows,.1190000000000001
phase-400k,xprof-r22,174d27b,wall,1.333
phase-400k,xprof-r22,174d27b,ado_prescan,.122
phase-400k,xprof-r22,174d27b,ado_engine_call,1.07
phase-400k,xprof-r22,174d27b,p_setup,.348
phase-400k,xprof-r22,174d27b,p_buckets,.211
phase-400k,xprof-r22,174d27b,p_fit,.2290000000000001
phase-400k,xprof-r22,174d27b,p_ifasm,.0890000000000001
phase-400k,xprof-r22,174d27b,p_store,.003
phase-400k,xprof-r22,174d27b,p_cluster,0
phase-400k,xprof-r22,174d27b,p_boot,0
phase-400k,xprof-r22,174d27b,p_agg,0
phase-400k,xprof-r22,174d27b,x_driver,1.06
phase-400k,xprof-r22,174d27b,x_settle,.125
phase-400k,xprof-r22,174d27b,x_layout,.201
phase-400k,xprof-r22,174d27b,x_probs_alloc,.022
phase-400k,xprof-r22,174d27b,x_buckets_grid,.211
phase-400k,xprof-r22,174d27b,x_cell_slice,.009
phase-400k,xprof-r22,174d27b,x_cell_rows,.1030000000000001
phase-400k,xprof-r22,f1-repaired,wall,1.328
phase-400k,xprof-r22,f1-repaired,ado_prescan,.122
phase-400k,xprof-r22,f1-repaired,ado_engine_call,1.069
phase-400k,xprof-r22,f1-repaired,p_setup,.35
phase-400k,xprof-r22,f1-repaired,p_buckets,.213
phase-400k,xprof-r22,f1-repaired,p_fit,.2280000000000001
phase-400k,xprof-r22,f1-repaired,p_ifasm,.094
phase-400k,xprof-r22,f1-repaired,p_store,.003
phase-400k,xprof-r22,f1-repaired,p_cluster,0
phase-400k,xprof-r22,f1-repaired,p_boot,0
phase-400k,xprof-r22,f1-repaired,p_agg,0
phase-400k,xprof-r22,f1-repaired,x_driver,.992
phase-400k,xprof-r22,f1-repaired,x_settle,.125
phase-400k,xprof-r22,f1-repaired,x_layout,.201
phase-400k,xprof-r22,f1-repaired,x_probs_alloc,.024
phase-400k,xprof-r22,f1-repaired,x_buckets_grid,.213
phase-400k,xprof-r22,f1-repaired,x_cell_slice,.007
phase-400k,xprof-r22,f1-repaired,x_cell_rows,.0980000000000001
phase-400k,xprof-r22,f1-repaired,wall,1.361
phase-400k,xprof-r22,f1-repaired,ado_prescan,.122
phase-400k,xprof-r22,f1-repaired,ado_engine_call,1.099
phase-400k,xprof-r22,f1-repaired,p_setup,.352
phase-400k,xprof-r22,f1-repaired,p_buckets,.218
phase-400k,xprof-r22,f1-repaired,p_fit,.2310000000000001
phase-400k,xprof-r22,f1-repaired,p_ifasm,.093
phase-400k,xprof-r22,f1-repaired,p_store,.004
phase-400k,xprof-r22,f1-repaired,p_cluster,0
phase-400k,xprof-r22,f1-repaired,p_boot,0
phase-400k,xprof-r22,f1-repaired,p_agg,0
phase-400k,xprof-r22,f1-repaired,x_driver,1.021
phase-400k,xprof-r22,f1-repaired,x_settle,.126
phase-400k,xprof-r22,f1-repaired,x_layout,.202
phase-400k,xprof-r22,f1-repaired,x_probs_alloc,.024
phase-400k,xprof-r22,f1-repaired,x_buckets_grid,.219
phase-400k,xprof-r22,f1-repaired,x_cell_slice,.011
phase-400k,xprof-r22,f1-repaired,x_cell_rows,.1130000000000001
phase-400k,xprof-r22,f1-repaired,wall,1.402
phase-400k,xprof-r22,f1-repaired,ado_prescan,.121
phase-400k,xprof-r22,f1-repaired,ado_engine_call,1.14
phase-400k,xprof-r22,f1-repaired,p_setup,.353
phase-400k,xprof-r22,f1-repaired,p_buckets,.238
phase-400k,xprof-r22,f1-repaired,p_fit,.2370000000000002
phase-400k,xprof-r22,f1-repaired,p_ifasm,.098
phase-400k,xprof-r22,f1-repaired,p_store,.004
phase-400k,xprof-r22,f1-repaired,p_cluster,0
phase-400k,xprof-r22,f1-repaired,p_boot,0
phase-400k,xprof-r22,f1-repaired,p_agg,0
phase-400k,xprof-r22,f1-repaired,x_driver,1.062
phase-400k,xprof-r22,f1-repaired,x_settle,.127
phase-400k,xprof-r22,f1-repaired,x_layout,.202
phase-400k,xprof-r22,f1-repaired,x_probs_alloc,.024
phase-400k,xprof-r22,f1-repaired,x_buckets_grid,.238
phase-400k,xprof-r22,f1-repaired,x_cell_slice,.014
phase-400k,xprof-r22,f1-repaired,x_cell_rows,.1200000000000001
phase-400k,xprof-r22,f1-repaired,wall,1.349
phase-400k,xprof-r22,f1-repaired,ado_prescan,.121
phase-400k,xprof-r22,f1-repaired,ado_engine_call,1.087
phase-400k,xprof-r22,f1-repaired,p_setup,.347
phase-400k,xprof-r22,f1-repaired,p_buckets,.218
phase-400k,xprof-r22,f1-repaired,p_fit,.2350000000000001
phase-400k,xprof-r22,f1-repaired,p_ifasm,.093
phase-400k,xprof-r22,f1-repaired,p_store,.003
phase-400k,xprof-r22,f1-repaired,p_cluster,0
phase-400k,xprof-r22,f1-repaired,p_boot,0
phase-400k,xprof-r22,f1-repaired,p_agg,0
phase-400k,xprof-r22,f1-repaired,x_driver,1.011
phase-400k,xprof-r22,f1-repaired,x_settle,.124
phase-400k,xprof-r22,f1-repaired,x_layout,.2
phase-400k,xprof-r22,f1-repaired,x_probs_alloc,.023
phase-400k,xprof-r22,f1-repaired,x_buckets_grid,.218
phase-400k,xprof-r22,f1-repaired,x_cell_slice,.012
phase-400k,xprof-r22,f1-repaired,x_cell_rows,.1050000000000001
phase-400k,xprof-r23,f1-repaired,wall,1.323
phase-400k,xprof-r23,f1-repaired,ado_prescan,.121
phase-400k,xprof-r23,f1-repaired,ado_engine_call,1.066
phase-400k,xprof-r23,f1-repaired,p_setup,.346
phase-400k,xprof-r23,f1-repaired,p_buckets,.209
phase-400k,xprof-r23,f1-repaired,p_fit,.2320000000000001
phase-400k,xprof-r23,f1-repaired,p_ifasm,.087
phase-400k,xprof-r23,f1-repaired,p_store,.003
phase-400k,xprof-r23,f1-repaired,p_cluster,0
phase-400k,xprof-r23,f1-repaired,p_boot,0
phase-400k,xprof-r23,f1-repaired,p_agg,0
phase-400k,xprof-r23,f1-repaired,x_driver,.989
phase-400k,xprof-r23,f1-repaired,x_settle,.124
phase-400k,xprof-r23,f1-repaired,x_layout,.198
phase-400k,xprof-r23,f1-repaired,x_probs_alloc,.024
phase-400k,xprof-r23,f1-repaired,x_buckets_grid,.21
phase-400k,xprof-r23,f1-repaired,x_cell_slice,.008
phase-400k,xprof-r23,f1-repaired,x_cell_rows,.103
phase-400k,xprof-r23,f1-repaired,wall,1.353
phase-400k,xprof-r23,f1-repaired,ado_prescan,.121
phase-400k,xprof-r23,f1-repaired,ado_engine_call,1.097
phase-400k,xprof-r23,f1-repaired,p_setup,.35
phase-400k,xprof-r23,f1-repaired,p_buckets,.216
phase-400k,xprof-r23,f1-repaired,p_fit,.2330000000000001
phase-400k,xprof-r23,f1-repaired,p_ifasm,.098
phase-400k,xprof-r23,f1-repaired,p_store,.003
phase-400k,xprof-r23,f1-repaired,p_cluster,0
phase-400k,xprof-r23,f1-repaired,p_boot,0
phase-400k,xprof-r23,f1-repaired,p_agg,0
phase-400k,xprof-r23,f1-repaired,x_driver,1.021
phase-400k,xprof-r23,f1-repaired,x_settle,.125
phase-400k,xprof-r23,f1-repaired,x_layout,.2
phase-400k,xprof-r23,f1-repaired,x_probs_alloc,.025
phase-400k,xprof-r23,f1-repaired,x_buckets_grid,.217
phase-400k,xprof-r23,f1-repaired,x_cell_slice,.01
phase-400k,xprof-r23,f1-repaired,x_cell_rows,.1110000000000001
phase-400k,xprof-r23,f1-repaired,wall,1.355
phase-400k,xprof-r23,f1-repaired,ado_prescan,.121
phase-400k,xprof-r23,f1-repaired,ado_engine_call,1.093
phase-400k,xprof-r23,f1-repaired,p_setup,.349
phase-400k,xprof-r23,f1-repaired,p_buckets,.214
phase-400k,xprof-r23,f1-repaired,p_fit,.2310000000000001
phase-400k,xprof-r23,f1-repaired,p_ifasm,.0950000000000001
phase-400k,xprof-r23,f1-repaired,p_store,.003
phase-400k,xprof-r23,f1-repaired,p_cluster,0
phase-400k,xprof-r23,f1-repaired,p_boot,0
phase-400k,xprof-r23,f1-repaired,p_agg,0
phase-400k,xprof-r23,f1-repaired,x_driver,1.016
phase-400k,xprof-r23,f1-repaired,x_settle,.125
phase-400k,xprof-r23,f1-repaired,x_layout,.2
phase-400k,xprof-r23,f1-repaired,x_probs_alloc,.024
phase-400k,xprof-r23,f1-repaired,x_buckets_grid,.215
phase-400k,xprof-r23,f1-repaired,x_cell_slice,.013
phase-400k,xprof-r23,f1-repaired,x_cell_rows,.1110000000000001
phase-400k,xprof-r23,f1-repaired,wall,1.359
phase-400k,xprof-r23,f1-repaired,ado_prescan,.121
phase-400k,xprof-r23,f1-repaired,ado_engine_call,1.099
phase-400k,xprof-r23,f1-repaired,p_setup,.356
phase-400k,xprof-r23,f1-repaired,p_buckets,.217
phase-400k,xprof-r23,f1-repaired,p_fit,.2310000000000001
phase-400k,xprof-r23,f1-repaired,p_ifasm,.0970000000000001
phase-400k,xprof-r23,f1-repaired,p_store,.003
phase-400k,xprof-r23,f1-repaired,p_cluster,0
phase-400k,xprof-r23,f1-repaired,p_boot,0
phase-400k,xprof-r23,f1-repaired,p_agg,0
phase-400k,xprof-r23,f1-repaired,x_driver,1.021
phase-400k,xprof-r23,f1-repaired,x_settle,.125
phase-400k,xprof-r23,f1-repaired,x_layout,.206
phase-400k,xprof-r23,f1-repaired,x_probs_alloc,.025
phase-400k,xprof-r23,f1-repaired,x_buckets_grid,.218
phase-400k,xprof-r23,f1-repaired,x_cell_slice,.014
phase-400k,xprof-r23,f1-repaired,x_cell_rows,.1050000000000001
phase-400k,xprof-r23,174d27b,wall,1.346
phase-400k,xprof-r23,174d27b,ado_prescan,.122
phase-400k,xprof-r23,174d27b,ado_engine_call,1.081
phase-400k,xprof-r23,174d27b,p_setup,.353
phase-400k,xprof-r23,174d27b,p_buckets,.213
phase-400k,xprof-r23,174d27b,p_fit,.2300000000000001
phase-400k,xprof-r23,174d27b,p_ifasm,.0910000000000001
phase-400k,xprof-r23,174d27b,p_store,.003
phase-400k,xprof-r23,174d27b,p_cluster,0
phase-400k,xprof-r23,174d27b,p_boot,0
phase-400k,xprof-r23,174d27b,p_agg,0
phase-400k,xprof-r23,174d27b,x_driver,1.071
phase-400k,xprof-r23,174d27b,x_settle,.126
phase-400k,xprof-r23,174d27b,x_layout,.202
phase-400k,xprof-r23,174d27b,x_probs_alloc,.025
phase-400k,xprof-r23,174d27b,x_buckets_grid,.213
phase-400k,xprof-r23,174d27b,x_cell_slice,.008
phase-400k,xprof-r23,174d27b,x_cell_rows,.1060000000000001
phase-400k,xprof-r23,174d27b,wall,1.337
phase-400k,xprof-r23,174d27b,ado_prescan,.123
phase-400k,xprof-r23,174d27b,ado_engine_call,1.075
phase-400k,xprof-r23,174d27b,p_setup,.345
phase-400k,xprof-r23,174d27b,p_buckets,.212
phase-400k,xprof-r23,174d27b,p_fit,.2310000000000001
phase-400k,xprof-r23,174d27b,p_ifasm,.0900000000000001
phase-400k,xprof-r23,174d27b,p_store,.003
phase-400k,xprof-r23,174d27b,p_cluster,0
phase-400k,xprof-r23,174d27b,p_boot,0
phase-400k,xprof-r23,174d27b,p_agg,0
phase-400k,xprof-r23,174d27b,x_driver,1.065
phase-400k,xprof-r23,174d27b,x_settle,.124
phase-400k,xprof-r23,174d27b,x_layout,.198
phase-400k,xprof-r23,174d27b,x_probs_alloc,.023
phase-400k,xprof-r23,174d27b,x_buckets_grid,.212
phase-400k,xprof-r23,174d27b,x_cell_slice,.009
phase-400k,xprof-r23,174d27b,x_cell_rows,.1100000000000001
phase-400k,xprof-r23,174d27b,wall,1.363
phase-400k,xprof-r23,174d27b,ado_prescan,.124
phase-400k,xprof-r23,174d27b,ado_engine_call,1.091
phase-400k,xprof-r23,174d27b,p_setup,.353
phase-400k,xprof-r23,174d27b,p_buckets,.223
phase-400k,xprof-r23,174d27b,p_fit,.2280000000000001
phase-400k,xprof-r23,174d27b,p_ifasm,.091
phase-400k,xprof-r23,174d27b,p_store,.003
phase-400k,xprof-r23,174d27b,p_cluster,0
phase-400k,xprof-r23,174d27b,p_boot,0
phase-400k,xprof-r23,174d27b,p_agg,0
phase-400k,xprof-r23,174d27b,x_driver,1.08
phase-400k,xprof-r23,174d27b,x_settle,.125
phase-400k,xprof-r23,174d27b,x_layout,.204
phase-400k,xprof-r23,174d27b,x_probs_alloc,.024
phase-400k,xprof-r23,174d27b,x_buckets_grid,.223
phase-400k,xprof-r23,174d27b,x_cell_slice,.022
phase-400k,xprof-r23,174d27b,x_cell_rows,.0950000000000001
phase-400k,xprof-r23,174d27b,wall,1.353
phase-400k,xprof-r23,174d27b,ado_prescan,.122
phase-400k,xprof-r23,174d27b,ado_engine_call,1.09
phase-400k,xprof-r23,174d27b,p_setup,.353
phase-400k,xprof-r23,174d27b,p_buckets,.218
phase-400k,xprof-r23,174d27b,p_fit,.2330000000000002
phase-400k,xprof-r23,174d27b,p_ifasm,.0910000000000001
phase-400k,xprof-r23,174d27b,p_store,.003
phase-400k,xprof-r23,174d27b,p_cluster,0
phase-400k,xprof-r23,174d27b,p_boot,0
phase-400k,xprof-r23,174d27b,p_agg,0
phase-400k,xprof-r23,174d27b,x_driver,1.08
phase-400k,xprof-r23,174d27b,x_settle,.125
phase-400k,xprof-r23,174d27b,x_layout,.203
phase-400k,xprof-r23,174d27b,x_probs_alloc,.025
phase-400k,xprof-r23,174d27b,x_buckets_grid,.218
phase-400k,xprof-r23,174d27b,x_cell_slice,.015
phase-400k,xprof-r23,174d27b,x_cell_rows,.1010000000000001
phase-400k,xprof-r24,174d27b,wall,1.324
phase-400k,xprof-r24,174d27b,ado_prescan,.122
phase-400k,xprof-r24,174d27b,ado_engine_call,1.061
phase-400k,xprof-r24,174d27b,p_setup,.348
phase-400k,xprof-r24,174d27b,p_buckets,.21
phase-400k,xprof-r24,174d27b,p_fit,.2240000000000001
phase-400k,xprof-r24,174d27b,p_ifasm,.086
phase-400k,xprof-r24,174d27b,p_store,.004
phase-400k,xprof-r24,174d27b,p_cluster,0
phase-400k,xprof-r24,174d27b,p_boot,0
phase-400k,xprof-r24,174d27b,p_agg,0
phase-400k,xprof-r24,174d27b,x_driver,1.05
phase-400k,xprof-r24,174d27b,x_settle,.124
phase-400k,xprof-r24,174d27b,x_layout,.2
phase-400k,xprof-r24,174d27b,x_probs_alloc,.024
phase-400k,xprof-r24,174d27b,x_buckets_grid,.21
phase-400k,xprof-r24,174d27b,x_cell_slice,.012
phase-400k,xprof-r24,174d27b,x_cell_rows,.1010000000000001
phase-400k,xprof-r24,174d27b,wall,1.348
phase-400k,xprof-r24,174d27b,ado_prescan,.12
phase-400k,xprof-r24,174d27b,ado_engine_call,1.088
phase-400k,xprof-r24,174d27b,p_setup,.348
phase-400k,xprof-r24,174d27b,p_buckets,.215
phase-400k,xprof-r24,174d27b,p_fit,.2310000000000001
phase-400k,xprof-r24,174d27b,p_ifasm,.086
phase-400k,xprof-r24,174d27b,p_store,.003
phase-400k,xprof-r24,174d27b,p_cluster,0
phase-400k,xprof-r24,174d27b,p_boot,0
phase-400k,xprof-r24,174d27b,p_agg,0
phase-400k,xprof-r24,174d27b,x_driver,1.078
phase-400k,xprof-r24,174d27b,x_settle,.123
phase-400k,xprof-r24,174d27b,x_layout,.202
phase-400k,xprof-r24,174d27b,x_probs_alloc,.023
phase-400k,xprof-r24,174d27b,x_buckets_grid,.215
phase-400k,xprof-r24,174d27b,x_cell_slice,.015
phase-400k,xprof-r24,174d27b,x_cell_rows,.1120000000000001
phase-400k,xprof-r24,174d27b,wall,1.362
phase-400k,xprof-r24,174d27b,ado_prescan,.123
phase-400k,xprof-r24,174d27b,ado_engine_call,1.1
phase-400k,xprof-r24,174d27b,p_setup,.352
phase-400k,xprof-r24,174d27b,p_buckets,.215
phase-400k,xprof-r24,174d27b,p_fit,.2300000000000001
phase-400k,xprof-r24,174d27b,p_ifasm,.0980000000000001
phase-400k,xprof-r24,174d27b,p_store,.003
phase-400k,xprof-r24,174d27b,p_cluster,0
phase-400k,xprof-r24,174d27b,p_boot,0
phase-400k,xprof-r24,174d27b,p_agg,0
phase-400k,xprof-r24,174d27b,x_driver,1.089
phase-400k,xprof-r24,174d27b,x_settle,.126
phase-400k,xprof-r24,174d27b,x_layout,.203
phase-400k,xprof-r24,174d27b,x_probs_alloc,.023
phase-400k,xprof-r24,174d27b,x_buckets_grid,.215
phase-400k,xprof-r24,174d27b,x_cell_slice,.012
phase-400k,xprof-r24,174d27b,x_cell_rows,.1120000000000001
phase-400k,xprof-r24,174d27b,wall,1.348
phase-400k,xprof-r24,174d27b,ado_prescan,.123
phase-400k,xprof-r24,174d27b,ado_engine_call,1.085
phase-400k,xprof-r24,174d27b,p_setup,.349
phase-400k,xprof-r24,174d27b,p_buckets,.217
phase-400k,xprof-r24,174d27b,p_fit,.2360000000000002
phase-400k,xprof-r24,174d27b,p_ifasm,.0890000000000001
phase-400k,xprof-r24,174d27b,p_store,.003
phase-400k,xprof-r24,174d27b,p_cluster,0
phase-400k,xprof-r24,174d27b,p_boot,0
phase-400k,xprof-r24,174d27b,p_agg,0
phase-400k,xprof-r24,174d27b,x_driver,1.074
phase-400k,xprof-r24,174d27b,x_settle,.126
phase-400k,xprof-r24,174d27b,x_layout,.201
phase-400k,xprof-r24,174d27b,x_probs_alloc,.022
phase-400k,xprof-r24,174d27b,x_buckets_grid,.217
phase-400k,xprof-r24,174d27b,x_cell_slice,.011
phase-400k,xprof-r24,174d27b,x_cell_rows,.1030000000000001
phase-400k,xprof-r24,f1-repaired,wall,1.339
phase-400k,xprof-r24,f1-repaired,ado_prescan,.12
phase-400k,xprof-r24,f1-repaired,ado_engine_call,1.077
phase-400k,xprof-r24,f1-repaired,p_setup,.351
phase-400k,xprof-r24,f1-repaired,p_buckets,.218
phase-400k,xprof-r24,f1-repaired,p_fit,.2290000000000001
phase-400k,xprof-r24,f1-repaired,p_ifasm,.0900000000000001
phase-400k,xprof-r24,f1-repaired,p_store,.003
phase-400k,xprof-r24,f1-repaired,p_cluster,0
phase-400k,xprof-r24,f1-repaired,p_boot,0
phase-400k,xprof-r24,f1-repaired,p_agg,0
phase-400k,xprof-r24,f1-repaired,x_driver,1
phase-400k,xprof-r24,f1-repaired,x_settle,.125
phase-400k,xprof-r24,f1-repaired,x_layout,.202
phase-400k,xprof-r24,f1-repaired,x_probs_alloc,.024
phase-400k,xprof-r24,f1-repaired,x_buckets_grid,.218
phase-400k,xprof-r24,f1-repaired,x_cell_slice,.006
phase-400k,xprof-r24,f1-repaired,x_cell_rows,.1050000000000001
phase-400k,xprof-r24,f1-repaired,wall,1.357
phase-400k,xprof-r24,f1-repaired,ado_prescan,.121
phase-400k,xprof-r24,f1-repaired,ado_engine_call,1.097
phase-400k,xprof-r24,f1-repaired,p_setup,.354
phase-400k,xprof-r24,f1-repaired,p_buckets,.216
phase-400k,xprof-r24,f1-repaired,p_fit,.2310000000000001
phase-400k,xprof-r24,f1-repaired,p_ifasm,.0960000000000001
phase-400k,xprof-r24,f1-repaired,p_store,.004
phase-400k,xprof-r24,f1-repaired,p_cluster,0
phase-400k,xprof-r24,f1-repaired,p_boot,0
phase-400k,xprof-r24,f1-repaired,p_agg,0
phase-400k,xprof-r24,f1-repaired,x_driver,1.022
phase-400k,xprof-r24,f1-repaired,x_settle,.126
phase-400k,xprof-r24,f1-repaired,x_layout,.203
phase-400k,xprof-r24,f1-repaired,x_probs_alloc,.025
phase-400k,xprof-r24,f1-repaired,x_buckets_grid,.216
phase-400k,xprof-r24,f1-repaired,x_cell_slice,.012
phase-400k,xprof-r24,f1-repaired,x_cell_rows,.1100000000000001
phase-400k,xprof-r24,f1-repaired,wall,1.377
phase-400k,xprof-r24,f1-repaired,ado_prescan,.122
phase-400k,xprof-r24,f1-repaired,ado_engine_call,1.116
phase-400k,xprof-r24,f1-repaired,p_setup,.352
phase-400k,xprof-r24,f1-repaired,p_buckets,.217
phase-400k,xprof-r24,f1-repaired,p_fit,.2320000000000002
phase-400k,xprof-r24,f1-repaired,p_ifasm,.101
phase-400k,xprof-r24,f1-repaired,p_store,.003
phase-400k,xprof-r24,f1-repaired,p_cluster,0
phase-400k,xprof-r24,f1-repaired,p_boot,0
phase-400k,xprof-r24,f1-repaired,p_agg,0
phase-400k,xprof-r24,f1-repaired,x_driver,1.036
phase-400k,xprof-r24,f1-repaired,x_settle,.126
phase-400k,xprof-r24,f1-repaired,x_layout,.202
phase-400k,xprof-r24,f1-repaired,x_probs_alloc,.024
phase-400k,xprof-r24,f1-repaired,x_buckets_grid,.218
phase-400k,xprof-r24,f1-repaired,x_cell_slice,.013
phase-400k,xprof-r24,f1-repaired,x_cell_rows,.1200000000000001
phase-400k,xprof-r24,f1-repaired,wall,1.348
phase-400k,xprof-r24,f1-repaired,ado_prescan,.121
phase-400k,xprof-r24,f1-repaired,ado_engine_call,1.085
phase-400k,xprof-r24,f1-repaired,p_setup,.349
phase-400k,xprof-r24,f1-repaired,p_buckets,.219
phase-400k,xprof-r24,f1-repaired,p_fit,.2280000000000001
phase-400k,xprof-r24,f1-repaired,p_ifasm,.0920000000000001
phase-400k,xprof-r24,f1-repaired,p_store,.003
phase-400k,xprof-r24,f1-repaired,p_cluster,0
phase-400k,xprof-r24,f1-repaired,p_boot,0
phase-400k,xprof-r24,f1-repaired,p_agg,0
phase-400k,xprof-r24,f1-repaired,x_driver,1.006
phase-400k,xprof-r24,f1-repaired,x_settle,.126
phase-400k,xprof-r24,f1-repaired,x_layout,.2
phase-400k,xprof-r24,f1-repaired,x_probs_alloc,.023
phase-400k,xprof-r24,f1-repaired,x_buckets_grid,.22
phase-400k,xprof-r24,f1-repaired,x_cell_slice,.007
phase-400k,xprof-r24,f1-repaired,x_cell_rows,.1070000000000001
scale-400k,prereg-r1,c28b35e,panel_reg_analytic,.418
scale-400k,prereg-r1,c28b35e,panel_dr_cov,.8260000000000002
scale-400k,prereg-r1,c28b35e,panel_reg_cluster,.471
scale-400k,prereg-r1,c28b35e,rcs_reg,1.344
scale-400k,prereg-r1,c28b35e,unbal_reg_none,.424
scale-400k,prereg-r1,c28b35e,panel_reg_wboot,.5440000000000002
scale-400k,prereg-r10,c28b35e,panel_reg_analytic,.425
scale-400k,prereg-r10,c28b35e,panel_dr_cov,.8379999999999999
scale-400k,prereg-r10,c28b35e,panel_reg_cluster,.469
scale-400k,prereg-r10,c28b35e,rcs_reg,1.351
scale-400k,prereg-r10,c28b35e,unbal_reg_none,.42
scale-400k,prereg-r10,c28b35e,panel_reg_wboot,.544
scale-400k,prereg-r11,c28b35e,panel_reg_analytic,.419
scale-400k,prereg-r11,c28b35e,panel_dr_cov,.8349999999999999
scale-400k,prereg-r11,c28b35e,panel_reg_cluster,.465
scale-400k,prereg-r11,c28b35e,rcs_reg,1.329
scale-400k,prereg-r11,c28b35e,unbal_reg_none,.417
scale-400k,prereg-r11,c28b35e,panel_reg_wboot,.541
scale-400k,prereg-r12,c28b35e,panel_reg_analytic,.424
scale-400k,prereg-r12,c28b35e,panel_dr_cov,.8360000000000001
scale-400k,prereg-r12,c28b35e,panel_reg_cluster,.467
scale-400k,prereg-r12,c28b35e,rcs_reg,1.353
scale-400k,prereg-r12,c28b35e,unbal_reg_none,.418
scale-400k,prereg-r12,c28b35e,panel_reg_wboot,.5469999999999999
scale-400k,prereg-r2,c28b35e,panel_reg_analytic,.421
scale-400k,prereg-r2,c28b35e,panel_dr_cov,.8260000000000001
scale-400k,prereg-r2,c28b35e,panel_reg_cluster,.467
scale-400k,prereg-r2,c28b35e,rcs_reg,1.359
scale-400k,prereg-r2,c28b35e,unbal_reg_none,.419
scale-400k,prereg-r2,c28b35e,panel_reg_wboot,.546
scale-400k,prereg-r3,c28b35e,panel_reg_analytic,.421
scale-400k,prereg-r3,c28b35e,panel_dr_cov,.83
scale-400k,prereg-r3,c28b35e,panel_reg_cluster,.465
scale-400k,prereg-r3,c28b35e,rcs_reg,1.361
scale-400k,prereg-r3,c28b35e,unbal_reg_none,.4060000000000001
scale-400k,prereg-r3,c28b35e,panel_reg_wboot,.533
scale-400k,prereg-r4,c28b35e,panel_reg_analytic,.417
scale-400k,prereg-r4,c28b35e,panel_dr_cov,.8200000000000001
scale-400k,prereg-r4,c28b35e,panel_reg_cluster,.463
scale-400k,prereg-r4,c28b35e,rcs_reg,1.341
scale-400k,prereg-r4,c28b35e,unbal_reg_none,.41
scale-400k,prereg-r4,c28b35e,panel_reg_wboot,.5369999999999999
scale-400k,prereg-r5,c28b35e,panel_reg_analytic,.422
scale-400k,prereg-r5,c28b35e,panel_dr_cov,.8340000000000001
scale-400k,prereg-r5,c28b35e,panel_reg_cluster,.468
scale-400k,prereg-r5,c28b35e,rcs_reg,1.369
scale-400k,prereg-r5,c28b35e,unbal_reg_none,.421
scale-400k,prereg-r5,c28b35e,panel_reg_wboot,.5490000000000002
scale-400k,prereg-r6,c28b35e,panel_reg_analytic,.419
scale-400k,prereg-r6,c28b35e,panel_dr_cov,.821
scale-400k,prereg-r6,c28b35e,panel_reg_cluster,.46
scale-400k,prereg-r6,c28b35e,rcs_reg,1.336
scale-400k,prereg-r6,c28b35e,unbal_reg_none,.403
scale-400k,prereg-r6,c28b35e,panel_reg_wboot,.5389999999999999
scale-400k,prereg-r7,c28b35e,panel_reg_analytic,.419
scale-400k,prereg-r7,c28b35e,panel_dr_cov,.827
scale-400k,prereg-r7,c28b35e,panel_reg_cluster,.472
scale-400k,prereg-r7,c28b35e,rcs_reg,1.338
scale-400k,prereg-r7,c28b35e,unbal_reg_none,.415
scale-400k,prereg-r7,c28b35e,panel_reg_wboot,.5549999999999999
scale-400k,prereg-r8,c28b35e,panel_reg_analytic,.434
scale-400k,prereg-r8,c28b35e,panel_dr_cov,.864
scale-400k,prereg-r8,c28b35e,panel_reg_cluster,.48
scale-400k,prereg-r8,c28b35e,rcs_reg,1.382
scale-400k,prereg-r8,c28b35e,unbal_reg_none,.429
scale-400k,prereg-r8,c28b35e,panel_reg_wboot,.55
scale-400k,prereg-r9,c28b35e,panel_reg_analytic,.421
scale-400k,prereg-r9,c28b35e,panel_dr_cov,.835
scale-400k,prereg-r9,c28b35e,panel_reg_cluster,.465
scale-400k,prereg-r9,c28b35e,rcs_reg,1.361
scale-400k,prereg-r9,c28b35e,unbal_reg_none,.419
scale-400k,prereg-r9,c28b35e,panel_reg_wboot,.5490000000000002
scale-400k,prereg-r1,bucket-scan,panel_reg_analytic,.419
scale-400k,prereg-r1,bucket-scan,panel_dr_cov,.831
scale-400k,prereg-r1,bucket-scan,panel_reg_cluster,.472
scale-400k,prereg-r1,bucket-scan,rcs_reg,1.211
scale-400k,prereg-r1,bucket-scan,unbal_reg_none,.412
scale-400k,prereg-r1,bucket-scan,panel_reg_wboot,.538
scale-400k,prereg-r10,bucket-scan,panel_reg_analytic,.42
scale-400k,prereg-r10,bucket-scan,panel_dr_cov,.8300000000000001
scale-400k,prereg-r10,bucket-scan,panel_reg_cluster,.4670000000000001
scale-400k,prereg-r10,bucket-scan,rcs_reg,1.228
scale-400k,prereg-r10,bucket-scan,unbal_reg_none,.419
scale-400k,prereg-r10,bucket-scan,panel_reg_wboot,.552
scale-400k,prereg-r11,bucket-scan,panel_reg_analytic,.42
scale-400k,prereg-r11,bucket-scan,panel_dr_cov,.827
scale-400k,prereg-r11,bucket-scan,panel_reg_cluster,.471
scale-400k,prereg-r11,bucket-scan,rcs_reg,1.207
scale-400k,prereg-r11,bucket-scan,unbal_reg_none,.416
scale-400k,prereg-r11,bucket-scan,panel_reg_wboot,.5439999999999999
scale-400k,prereg-r12,bucket-scan,panel_reg_analytic,.42
scale-400k,prereg-r12,bucket-scan,panel_dr_cov,.8269999999999998
scale-400k,prereg-r12,bucket-scan,panel_reg_cluster,.4689999999999999
scale-400k,prereg-r12,bucket-scan,rcs_reg,1.213
scale-400k,prereg-r12,bucket-scan,unbal_reg_none,.415
scale-400k,prereg-r12,bucket-scan,panel_reg_wboot,.546
scale-400k,prereg-r2,bucket-scan,panel_reg_analytic,.419
scale-400k,prereg-r2,bucket-scan,panel_dr_cov,.825
scale-400k,prereg-r2,bucket-scan,panel_reg_cluster,.464
scale-400k,prereg-r2,bucket-scan,rcs_reg,1.191
scale-400k,prereg-r2,bucket-scan,unbal_reg_none,.408
scale-400k,prereg-r2,bucket-scan,panel_reg_wboot,.538
scale-400k,prereg-r3,bucket-scan,panel_reg_analytic,.421
scale-400k,prereg-r3,bucket-scan,panel_dr_cov,.8240000000000001
scale-400k,prereg-r3,bucket-scan,panel_reg_cluster,.466
scale-400k,prereg-r3,bucket-scan,rcs_reg,1.217
scale-400k,prereg-r3,bucket-scan,unbal_reg_none,.416
scale-400k,prereg-r3,bucket-scan,panel_reg_wboot,.5409999999999999
scale-400k,prereg-r4,bucket-scan,panel_reg_analytic,.419
scale-400k,prereg-r4,bucket-scan,panel_dr_cov,.838
scale-400k,prereg-r4,bucket-scan,panel_reg_cluster,.473
scale-400k,prereg-r4,bucket-scan,rcs_reg,1.234
scale-400k,prereg-r4,bucket-scan,unbal_reg_none,.415
scale-400k,prereg-r4,bucket-scan,panel_reg_wboot,.5460000000000002
scale-400k,prereg-r5,bucket-scan,panel_reg_analytic,.427
scale-400k,prereg-r5,bucket-scan,panel_dr_cov,.8200000000000001
scale-400k,prereg-r5,bucket-scan,panel_reg_cluster,.466
scale-400k,prereg-r5,bucket-scan,rcs_reg,1.204
scale-400k,prereg-r5,bucket-scan,unbal_reg_none,.417
scale-400k,prereg-r5,bucket-scan,panel_reg_wboot,.546
scale-400k,prereg-r6,bucket-scan,panel_reg_analytic,.422
scale-400k,prereg-r6,bucket-scan,panel_dr_cov,.837
scale-400k,prereg-r6,bucket-scan,panel_reg_cluster,.466
scale-400k,prereg-r6,bucket-scan,rcs_reg,1.189
scale-400k,prereg-r6,bucket-scan,unbal_reg_none,.42
scale-400k,prereg-r6,bucket-scan,panel_reg_wboot,.5400000000000001
scale-400k,prereg-r7,bucket-scan,panel_reg_analytic,.423
scale-400k,prereg-r7,bucket-scan,panel_dr_cov,.825
scale-400k,prereg-r7,bucket-scan,panel_reg_cluster,.468
scale-400k,prereg-r7,bucket-scan,rcs_reg,1.207
scale-400k,prereg-r7,bucket-scan,unbal_reg_none,.422
scale-400k,prereg-r7,bucket-scan,panel_reg_wboot,.543
scale-400k,prereg-r8,bucket-scan,panel_reg_analytic,.422
scale-400k,prereg-r8,bucket-scan,panel_dr_cov,.834
scale-400k,prereg-r8,bucket-scan,panel_reg_cluster,.476
scale-400k,prereg-r8,bucket-scan,rcs_reg,1.218
scale-400k,prereg-r8,bucket-scan,unbal_reg_none,.41
scale-400k,prereg-r8,bucket-scan,panel_reg_wboot,.545
scale-400k,prereg-r9,bucket-scan,panel_reg_analytic,.423
scale-400k,prereg-r9,bucket-scan,panel_dr_cov,.834
scale-400k,prereg-r9,bucket-scan,panel_reg_cluster,.472
scale-400k,prereg-r9,bucket-scan,rcs_reg,1.2
scale-400k,prereg-r9,bucket-scan,unbal_reg_none,.413
scale-400k,prereg-r9,bucket-scan,panel_reg_wboot,.5480000000000002
scale-400k,prereg-r1,174d27b,panel_reg_analytic,.417
scale-400k,prereg-r1,174d27b,panel_dr_cov,.8280000000000002
scale-400k,prereg-r1,174d27b,panel_reg_cluster,.463
scale-400k,prereg-r1,174d27b,rcs_reg,1.341
scale-400k,prereg-r1,174d27b,unbal_reg_none,.415
scale-400k,prereg-r1,174d27b,panel_reg_wboot,.5369999999999999
scale-400k,prereg-r10,174d27b,panel_reg_analytic,.426
scale-400k,prereg-r10,174d27b,panel_dr_cov,.835
scale-400k,prereg-r10,174d27b,panel_reg_cluster,.4680000000000001
scale-400k,prereg-r10,174d27b,rcs_reg,1.347
scale-400k,prereg-r10,174d27b,unbal_reg_none,.415
scale-400k,prereg-r10,174d27b,panel_reg_wboot,.5389999999999999
scale-400k,prereg-r11,174d27b,panel_reg_analytic,.424
scale-400k,prereg-r11,174d27b,panel_dr_cov,.834
scale-400k,prereg-r11,174d27b,panel_reg_cluster,.472
scale-400k,prereg-r11,174d27b,rcs_reg,1.358
scale-400k,prereg-r11,174d27b,unbal_reg_none,.415
scale-400k,prereg-r11,174d27b,panel_reg_wboot,.546
scale-400k,prereg-r12,174d27b,panel_reg_analytic,.416
scale-400k,prereg-r12,174d27b,panel_dr_cov,.823
scale-400k,prereg-r12,174d27b,panel_reg_cluster,.465
scale-400k,prereg-r12,174d27b,rcs_reg,1.343
scale-400k,prereg-r12,174d27b,unbal_reg_none,.4149999999999999
scale-400k,prereg-r12,174d27b,panel_reg_wboot,.541
scale-400k,prereg-r2,174d27b,panel_reg_analytic,.418
scale-400k,prereg-r2,174d27b,panel_dr_cov,.8260000000000001
scale-400k,prereg-r2,174d27b,panel_reg_cluster,.469
scale-400k,prereg-r2,174d27b,rcs_reg,1.361
scale-400k,prereg-r2,174d27b,unbal_reg_none,.419
scale-400k,prereg-r2,174d27b,panel_reg_wboot,.5489999999999999
scale-400k,prereg-r3,174d27b,panel_reg_analytic,.416
scale-400k,prereg-r3,174d27b,panel_dr_cov,.819
scale-400k,prereg-r3,174d27b,panel_reg_cluster,.462
scale-400k,prereg-r3,174d27b,rcs_reg,1.349
scale-400k,prereg-r3,174d27b,unbal_reg_none,.418
scale-400k,prereg-r3,174d27b,panel_reg_wboot,.546
scale-400k,prereg-r4,174d27b,panel_reg_analytic,.421
scale-400k,prereg-r4,174d27b,panel_dr_cov,.827
scale-400k,prereg-r4,174d27b,panel_reg_cluster,.473
scale-400k,prereg-r4,174d27b,rcs_reg,1.349
scale-400k,prereg-r4,174d27b,unbal_reg_none,.43
scale-400k,prereg-r4,174d27b,panel_reg_wboot,.5529999999999999
scale-400k,prereg-r5,174d27b,panel_reg_analytic,.42
scale-400k,prereg-r5,174d27b,panel_dr_cov,.8409999999999999
scale-400k,prereg-r5,174d27b,panel_reg_cluster,.464
scale-400k,prereg-r5,174d27b,rcs_reg,1.355
scale-400k,prereg-r5,174d27b,unbal_reg_none,.416
scale-400k,prereg-r5,174d27b,panel_reg_wboot,.5369999999999999
scale-400k,prereg-r6,174d27b,panel_reg_analytic,.423
scale-400k,prereg-r6,174d27b,panel_dr_cov,.827
scale-400k,prereg-r6,174d27b,panel_reg_cluster,.47
scale-400k,prereg-r6,174d27b,rcs_reg,1.366
scale-400k,prereg-r6,174d27b,unbal_reg_none,.426
scale-400k,prereg-r6,174d27b,panel_reg_wboot,.5469999999999999
scale-400k,prereg-r7,174d27b,panel_reg_analytic,.42
scale-400k,prereg-r7,174d27b,panel_dr_cov,.827
scale-400k,prereg-r7,174d27b,panel_reg_cluster,.472
scale-400k,prereg-r7,174d27b,rcs_reg,1.342
scale-400k,prereg-r7,174d27b,unbal_reg_none,.419
scale-400k,prereg-r7,174d27b,panel_reg_wboot,.5589999999999999
scale-400k,prereg-r8,174d27b,panel_reg_analytic,.424
scale-400k,prereg-r8,174d27b,panel_dr_cov,.8260000000000001
scale-400k,prereg-r8,174d27b,panel_reg_cluster,.4759999999999999
scale-400k,prereg-r8,174d27b,rcs_reg,1.367
scale-400k,prereg-r8,174d27b,unbal_reg_none,.417
scale-400k,prereg-r8,174d27b,panel_reg_wboot,.5409999999999998
scale-400k,prereg-r9,174d27b,panel_reg_analytic,.424
scale-400k,prereg-r9,174d27b,panel_dr_cov,.8289999999999998
scale-400k,prereg-r9,174d27b,panel_reg_cluster,.472
scale-400k,prereg-r9,174d27b,rcs_reg,1.359
scale-400k,prereg-r9,174d27b,unbal_reg_none,.414
scale-400k,prereg-r9,174d27b,panel_reg_wboot,.54
cell-design,prereg-r1,bucket-scan,fast,.609
cell-design,prereg-r1,bucket-scan,panel_reg,.6699999999999999
cell-design,prereg-r1,bucket-scan,panel_dr,1.892
cell-design,prereg-r1,bucket-scan,unbal,.969
cell-design,prereg-r1,bucket-scan,rcs,1.243
cell-design,prereg-r1,174d27b,fast,.595
cell-design,prereg-r1,174d27b,panel_reg,.6739999999999999
cell-design,prereg-r1,174d27b,panel_dr,1.91
cell-design,prereg-r1,174d27b,unbal,.976
cell-design,prereg-r1,174d27b,rcs,1.292
cell-design,prereg-r1,c28b35e,fast,.613
cell-design,prereg-r1,c28b35e,panel_reg,.674
cell-design,prereg-r1,c28b35e,panel_dr,1.88
cell-design,prereg-r1,c28b35e,unbal,.979
cell-design,prereg-r1,c28b35e,rcs,1.302
cell-design,prereg-r2,bucket-scan,fast,.603
cell-design,prereg-r2,bucket-scan,panel_reg,.681
cell-design,prereg-r2,bucket-scan,panel_dr,1.894
cell-design,prereg-r2,bucket-scan,unbal,.983
cell-design,prereg-r2,bucket-scan,rcs,1.274
cell-design,prereg-r2,c28b35e,fast,.59
cell-design,prereg-r2,c28b35e,panel_reg,.667
cell-design,prereg-r2,c28b35e,panel_dr,1.877
cell-design,prereg-r2,c28b35e,unbal,.97
cell-design,prereg-r2,c28b35e,rcs,1.308
cell-design,prereg-r2,174d27b,fast,.594
cell-design,prereg-r2,174d27b,panel_reg,.6739999999999999
cell-design,prereg-r2,174d27b,panel_dr,1.895
cell-design,prereg-r2,174d27b,unbal,1.011
cell-design,prereg-r2,174d27b,rcs,1.311
cell-design,prereg-r3,c28b35e,fast,.601
cell-design,prereg-r3,c28b35e,panel_reg,.6819999999999999
cell-design,prereg-r3,c28b35e,panel_dr,1.892
cell-design,prereg-r3,c28b35e,unbal,1.121
cell-design,prereg-r3,c28b35e,rcs,1.31
cell-design,prereg-r3,bucket-scan,fast,.606
cell-design,prereg-r3,bucket-scan,panel_reg,.6839999999999999
cell-design,prereg-r3,bucket-scan,panel_dr,1.912
cell-design,prereg-r3,bucket-scan,unbal,.988
cell-design,prereg-r3,bucket-scan,rcs,1.261
cell-design,prereg-r3,174d27b,fast,.585
cell-design,prereg-r3,174d27b,panel_reg,.669
cell-design,prereg-r3,174d27b,panel_dr,1.893
cell-design,prereg-r3,174d27b,unbal,.96
cell-design,prereg-r3,174d27b,rcs,1.298
cell-design,prereg-r4,c28b35e,fast,.678
cell-design,prereg-r4,c28b35e,panel_reg,.7130000000000001
cell-design,prereg-r4,c28b35e,panel_dr,1.929
cell-design,prereg-r4,c28b35e,unbal,1.005
cell-design,prereg-r4,c28b35e,rcs,1.308
cell-design,prereg-r4,174d27b,fast,.603
cell-design,prereg-r4,174d27b,panel_reg,.677
cell-design,prereg-r4,174d27b,panel_dr,1.903
cell-design,prereg-r4,174d27b,unbal,.977
cell-design,prereg-r4,174d27b,rcs,1.315
cell-design,prereg-r4,bucket-scan,fast,.613
cell-design,prereg-r4,bucket-scan,panel_reg,.6799999999999999
cell-design,prereg-r4,bucket-scan,panel_dr,1.901
cell-design,prereg-r4,bucket-scan,unbal,.974
cell-design,prereg-r4,bucket-scan,rcs,1.257
cell-design,prereg-r5,174d27b,fast,.596
cell-design,prereg-r5,174d27b,panel_reg,.674
cell-design,prereg-r5,174d27b,panel_dr,1.902
cell-design,prereg-r5,174d27b,unbal,.976
cell-design,prereg-r5,174d27b,rcs,1.309
cell-design,prereg-r5,c28b35e,fast,.591
cell-design,prereg-r5,c28b35e,panel_reg,.6619999999999999
cell-design,prereg-r5,c28b35e,panel_dr,1.873
cell-design,prereg-r5,c28b35e,unbal,.971
cell-design,prereg-r5,c28b35e,rcs,1.307
cell-design,prereg-r5,bucket-scan,fast,.596
cell-design,prereg-r5,bucket-scan,panel_reg,.6679999999999999
cell-design,prereg-r5,bucket-scan,panel_dr,1.896
cell-design,prereg-r5,bucket-scan,unbal,.975
cell-design,prereg-r5,bucket-scan,rcs,1.26
cell-design,prereg-r6,174d27b,fast,.604
cell-design,prereg-r6,174d27b,panel_reg,.6739999999999999
cell-design,prereg-r6,174d27b,panel_dr,1.904
cell-design,prereg-r6,174d27b,unbal,.973
cell-design,prereg-r6,174d27b,rcs,1.309
cell-design,prereg-r6,bucket-scan,fast,.589
cell-design,prereg-r6,bucket-scan,panel_reg,.665
cell-design,prereg-r6,bucket-scan,panel_dr,1.892
cell-design,prereg-r6,bucket-scan,unbal,.972
cell-design,prereg-r6,bucket-scan,rcs,1.262
cell-design,prereg-r6,c28b35e,fast,.603
cell-design,prereg-r6,c28b35e,panel_reg,.6830000000000001
cell-design,prereg-r6,c28b35e,panel_dr,1.902
cell-design,prereg-r6,c28b35e,unbal,.98
cell-design,prereg-r6,c28b35e,rcs,1.3
cell-design,prereg-r7,bucket-scan,fast,.595
cell-design,prereg-r7,bucket-scan,panel_reg,.673
cell-design,prereg-r7,bucket-scan,panel_dr,1.891
cell-design,prereg-r7,bucket-scan,unbal,.967
cell-design,prereg-r7,bucket-scan,rcs,1.263
cell-design,prereg-r7,174d27b,fast,.6699999999999999
cell-design,prereg-r7,174d27b,panel_reg,.679
cell-design,prereg-r7,174d27b,panel_dr,1.9
cell-design,prereg-r7,174d27b,unbal,.974
cell-design,prereg-r7,174d27b,rcs,1.307
cell-design,prereg-r7,c28b35e,fast,.594
cell-design,prereg-r7,c28b35e,panel_reg,.669
cell-design,prereg-r7,c28b35e,panel_dr,1.876
cell-design,prereg-r7,c28b35e,unbal,.969
cell-design,prereg-r7,c28b35e,rcs,1.31
cell-design,prereg-r8,bucket-scan,fast,.593
cell-design,prereg-r8,bucket-scan,panel_reg,.671
cell-design,prereg-r8,bucket-scan,panel_dr,1.928
cell-design,prereg-r8,bucket-scan,unbal,.998
cell-design,prereg-r8,bucket-scan,rcs,1.301
cell-design,prereg-r8,c28b35e,fast,.596
cell-design,prereg-r8,c28b35e,panel_reg,.675
cell-design,prereg-r8,c28b35e,panel_dr,1.879
cell-design,prereg-r8,c28b35e,unbal,.972
cell-design,prereg-r8,c28b35e,rcs,1.303
cell-design,prereg-r8,174d27b,fast,.601
cell-design,prereg-r8,174d27b,panel_reg,.6850000000000001
cell-design,prereg-r8,174d27b,panel_dr,1.911
cell-design,prereg-r8,174d27b,unbal,.991
cell-design,prereg-r8,174d27b,rcs,1.298
cell-design,prereg-r9,c28b35e,fast,.606
cell-design,prereg-r9,c28b35e,panel_reg,.6839999999999999
cell-design,prereg-r9,c28b35e,panel_dr,1.893
cell-design,prereg-r9,c28b35e,unbal,.99
cell-design,prereg-r9,c28b35e,rcs,1.32
cell-design,prereg-r9,bucket-scan,fast,.595
cell-design,prereg-r9,bucket-scan,panel_reg,.6679999999999999
cell-design,prereg-r9,bucket-scan,panel_dr,1.89
cell-design,prereg-r9,bucket-scan,unbal,.967
cell-design,prereg-r9,bucket-scan,rcs,1.26
cell-design,prereg-r9,174d27b,fast,.595
cell-design,prereg-r9,174d27b,panel_reg,.6679999999999999
cell-design,prereg-r9,174d27b,panel_dr,1.889
cell-design,prereg-r9,174d27b,unbal,.966
cell-design,prereg-r9,174d27b,rcs,1.298
cell-design,prereg-r10,c28b35e,fast,.595
cell-design,prereg-r10,c28b35e,panel_reg,.6819999999999999
cell-design,prereg-r10,c28b35e,panel_dr,1.873
cell-design,prereg-r10,c28b35e,unbal,.967
cell-design,prereg-r10,c28b35e,rcs,1.298
cell-design,prereg-r10,174d27b,fast,.5860000000000001
cell-design,prereg-r10,174d27b,panel_reg,.6699999999999999
cell-design,prereg-r10,174d27b,panel_dr,1.9
cell-design,prereg-r10,174d27b,unbal,.966
cell-design,prereg-r10,174d27b,rcs,1.303
cell-design,prereg-r10,bucket-scan,fast,.595
cell-design,prereg-r10,bucket-scan,panel_reg,.672
cell-design,prereg-r10,bucket-scan,panel_dr,1.895
cell-design,prereg-r10,bucket-scan,unbal,.97
cell-design,prereg-r10,bucket-scan,rcs,1.292
cell-design,prereg-r11,174d27b,fast,.589
cell-design,prereg-r11,174d27b,panel_reg,.671
cell-design,prereg-r11,174d27b,panel_dr,1.893
cell-design,prereg-r11,174d27b,unbal,.969
cell-design,prereg-r11,174d27b,rcs,1.316
cell-design,prereg-r11,c28b35e,fast,.611
cell-design,prereg-r11,c28b35e,panel_reg,.6819999999999999
cell-design,prereg-r11,c28b35e,panel_dr,1.901
cell-design,prereg-r11,c28b35e,unbal,.989
cell-design,prereg-r11,c28b35e,rcs,1.312
cell-design,prereg-r11,bucket-scan,fast,.5880000000000001
cell-design,prereg-r11,bucket-scan,panel_reg,.675
cell-design,prereg-r11,bucket-scan,panel_dr,1.889
cell-design,prereg-r11,bucket-scan,unbal,.97
cell-design,prereg-r11,bucket-scan,rcs,1.266
cell-design,prereg-r12,174d27b,fast,.598
cell-design,prereg-r12,174d27b,panel_reg,.675
cell-design,prereg-r12,174d27b,panel_dr,1.906
cell-design,prereg-r12,174d27b,unbal,.976
cell-design,prereg-r12,174d27b,rcs,1.313
cell-design,prereg-r12,bucket-scan,fast,.59
cell-design,prereg-r12,bucket-scan,panel_reg,.6919999999999999
cell-design,prereg-r12,bucket-scan,panel_dr,1.897
cell-design,prereg-r12,bucket-scan,unbal,.973
cell-design,prereg-r12,bucket-scan,rcs,1.267
cell-design,prereg-r12,c28b35e,fast,.597
cell-design,prereg-r12,c28b35e,panel_reg,.677
cell-design,prereg-r12,c28b35e,panel_dr,1.879
cell-design,prereg-r12,c28b35e,unbal,.969
cell-design,prereg-r12,c28b35e,rcs,1.308
inproc-50,prereg-r1,bucket-scan,reg,.55
inproc-50,prereg-r1,bucket-scan,dr,1.709
inproc-50,prereg-r1,174d27b,reg,.551
inproc-50,prereg-r1,174d27b,dr,1.709
inproc-50,prereg-r1,c28b35e,reg,.554
inproc-50,prereg-r1,c28b35e,dr,1.707
inproc-50,prereg-r2,bucket-scan,reg,.55
inproc-50,prereg-r2,bucket-scan,dr,1.73
inproc-50,prereg-r2,c28b35e,reg,.5589999999999999
inproc-50,prereg-r2,c28b35e,dr,1.695
inproc-50,prereg-r2,174d27b,reg,.547
inproc-50,prereg-r2,174d27b,dr,1.706
inproc-50,prereg-r3,c28b35e,reg,.5580000000000001
inproc-50,prereg-r3,c28b35e,dr,1.714
inproc-50,prereg-r3,bucket-scan,reg,.554
inproc-50,prereg-r3,bucket-scan,dr,1.712
inproc-50,prereg-r3,174d27b,reg,.538
inproc-50,prereg-r3,174d27b,dr,1.705
inproc-50,prereg-r4,c28b35e,reg,.5569999999999999
inproc-50,prereg-r4,c28b35e,dr,1.696
inproc-50,prereg-r4,174d27b,reg,.554
inproc-50,prereg-r4,174d27b,dr,1.722
inproc-50,prereg-r4,bucket-scan,reg,.5489999999999999
inproc-50,prereg-r4,bucket-scan,dr,1.705
inproc-50,prereg-r5,174d27b,reg,.5469999999999999
inproc-50,prereg-r5,174d27b,dr,1.701
inproc-50,prereg-r5,c28b35e,reg,.5489999999999999
inproc-50,prereg-r5,c28b35e,dr,1.704
inproc-50,prereg-r5,bucket-scan,reg,.552
inproc-50,prereg-r5,bucket-scan,dr,1.704
inproc-50,prereg-r6,174d27b,reg,.545
inproc-50,prereg-r6,174d27b,dr,1.702
inproc-50,prereg-r6,bucket-scan,reg,.553
inproc-50,prereg-r6,bucket-scan,dr,1.712
inproc-50,prereg-r6,c28b35e,reg,.5589999999999999
inproc-50,prereg-r6,c28b35e,dr,1.646
inproc-50,prereg-r7,bucket-scan,reg,.552
inproc-50,prereg-r7,bucket-scan,dr,1.707
inproc-50,prereg-r7,174d27b,reg,.548
inproc-50,prereg-r7,174d27b,dr,1.71
inproc-50,prereg-r7,c28b35e,reg,.554
inproc-50,prereg-r7,c28b35e,dr,1.725
inproc-50,prereg-r8,bucket-scan,reg,.5610000000000001
inproc-50,prereg-r8,bucket-scan,dr,1.762
inproc-50,prereg-r8,c28b35e,reg,.5610000000000001
inproc-50,prereg-r8,c28b35e,dr,1.706
inproc-50,prereg-r8,174d27b,reg,.5629999999999999
inproc-50,prereg-r8,174d27b,dr,1.733
inproc-50,prereg-r9,c28b35e,reg,.5580000000000001
inproc-50,prereg-r9,c28b35e,dr,1.71
inproc-50,prereg-r9,bucket-scan,reg,.544
inproc-50,prereg-r9,bucket-scan,dr,1.7
inproc-50,prereg-r9,174d27b,reg,.5509999999999999
inproc-50,prereg-r9,174d27b,dr,1.707
inproc-50,prereg-r10,c28b35e,reg,.5509999999999999
inproc-50,prereg-r10,c28b35e,dr,1.702
inproc-50,prereg-r10,174d27b,reg,.5489999999999999
inproc-50,prereg-r10,174d27b,dr,1.707
inproc-50,prereg-r10,bucket-scan,reg,.553
inproc-50,prereg-r10,bucket-scan,dr,1.711
inproc-50,prereg-r11,174d27b,reg,.554
inproc-50,prereg-r11,174d27b,dr,1.715
inproc-50,prereg-r11,c28b35e,reg,.555
inproc-50,prereg-r11,c28b35e,dr,1.7
inproc-50,prereg-r11,bucket-scan,reg,.5489999999999999
inproc-50,prereg-r11,bucket-scan,dr,1.702
inproc-50,prereg-r12,174d27b,reg,.5509999999999999
inproc-50,prereg-r12,174d27b,dr,1.706
inproc-50,prereg-r12,bucket-scan,reg,.552
inproc-50,prereg-r12,bucket-scan,dr,1.714
inproc-50,prereg-r12,c28b35e,reg,.548
inproc-50,prereg-r12,c28b35e,dr,1.695
inproc-50,supp-r1-t1,bucket-scan,reg,.5580000000000001
inproc-50,supp-r1-t2,bucket-scan,reg,.5569999999999999
inproc-50,supp-r1-t3,bucket-scan,reg,.5580000000000001
inproc-50,supp-r1-t4,bucket-scan,reg,.5620000000000001
inproc-50,supp-r1-t5,bucket-scan,reg,.5610000000000001
inproc-50,supp-r1-t1,bucket-scan,dr,1.72
inproc-50,supp-r1-t2,bucket-scan,dr,1.733
inproc-50,supp-r1-t3,bucket-scan,dr,1.714
inproc-50,supp-r1-t4,bucket-scan,dr,1.713
inproc-50,supp-r1-t5,bucket-scan,dr,1.716
inproc-50,supp-r1-t1,174d27b,reg,.555
inproc-50,supp-r1-t2,174d27b,reg,.556
inproc-50,supp-r1-t3,174d27b,reg,.5590000000000001
inproc-50,supp-r1-t4,174d27b,reg,.5620000000000001
inproc-50,supp-r1-t5,174d27b,reg,.5629999999999999
inproc-50,supp-r1-t1,174d27b,dr,1.711
inproc-50,supp-r1-t2,174d27b,dr,1.718
inproc-50,supp-r1-t3,174d27b,dr,1.712
inproc-50,supp-r1-t4,174d27b,dr,1.72
inproc-50,supp-r1-t5,174d27b,dr,1.741
inproc-50,supp-r1-t1,c28b35e,reg,.546
inproc-50,supp-r1-t2,c28b35e,reg,.5489999999999999
inproc-50,supp-r1-t3,c28b35e,reg,.5489999999999999
inproc-50,supp-r1-t4,c28b35e,reg,.552
inproc-50,supp-r1-t5,c28b35e,reg,.55
inproc-50,supp-r1-t1,c28b35e,dr,1.696
inproc-50,supp-r1-t2,c28b35e,dr,1.698
inproc-50,supp-r1-t3,c28b35e,dr,1.697
inproc-50,supp-r1-t4,c28b35e,dr,1.692
inproc-50,supp-r1-t5,c28b35e,dr,1.691
inproc-50,supp-r2-t1,bucket-scan,reg,.5509999999999999
inproc-50,supp-r2-t2,bucket-scan,reg,.553
inproc-50,supp-r2-t3,bucket-scan,reg,.5509999999999999
inproc-50,supp-r2-t4,bucket-scan,reg,.5489999999999999
inproc-50,supp-r2-t5,bucket-scan,reg,.551
inproc-50,supp-r2-t1,bucket-scan,dr,1.711
inproc-50,supp-r2-t2,bucket-scan,dr,1.711
inproc-50,supp-r2-t3,bucket-scan,dr,1.711
inproc-50,supp-r2-t4,bucket-scan,dr,1.706
inproc-50,supp-r2-t5,bucket-scan,dr,1.717
inproc-50,supp-r2-t1,c28b35e,reg,.5609999999999999
inproc-50,supp-r2-t2,c28b35e,reg,.5589999999999999
inproc-50,supp-r2-t3,c28b35e,reg,.5580000000000001
inproc-50,supp-r2-t4,c28b35e,reg,.5600000000000001
inproc-50,supp-r2-t5,c28b35e,reg,.5629999999999999
inproc-50,supp-r2-t1,c28b35e,dr,1.71
inproc-50,supp-r2-t2,c28b35e,dr,1.702
inproc-50,supp-r2-t3,c28b35e,dr,1.705
inproc-50,supp-r2-t4,c28b35e,dr,1.702
inproc-50,supp-r2-t5,c28b35e,dr,1.724
inproc-50,supp-r2-t1,174d27b,reg,.554
inproc-50,supp-r2-t2,174d27b,reg,.5549999999999999
inproc-50,supp-r2-t3,174d27b,reg,.5600000000000001
inproc-50,supp-r2-t4,174d27b,reg,.552
inproc-50,supp-r2-t5,174d27b,reg,.555
inproc-50,supp-r2-t1,174d27b,dr,1.72
inproc-50,supp-r2-t2,174d27b,dr,1.737
inproc-50,supp-r2-t3,174d27b,dr,1.711
inproc-50,supp-r2-t4,174d27b,dr,1.712
inproc-50,supp-r2-t5,174d27b,dr,1.714
inproc-50,supp-r3-t1,c28b35e,reg,.5580000000000001
inproc-50,supp-r3-t2,c28b35e,reg,.5589999999999999
inproc-50,supp-r3-t3,c28b35e,reg,.5580000000000001
inproc-50,supp-r3-t4,c28b35e,reg,.556
inproc-50,supp-r3-t5,c28b35e,reg,.556
inproc-50,supp-r3-t1,c28b35e,dr,1.705
inproc-50,supp-r3-t2,c28b35e,dr,1.705
inproc-50,supp-r3-t3,c28b35e,dr,1.708
inproc-50,supp-r3-t4,c28b35e,dr,1.704
inproc-50,supp-r3-t5,c28b35e,dr,1.701
inproc-50,supp-r3-t1,bucket-scan,reg,.552
inproc-50,supp-r3-t2,bucket-scan,reg,.554
inproc-50,supp-r3-t3,bucket-scan,reg,.556
inproc-50,supp-r3-t4,bucket-scan,reg,.556
inproc-50,supp-r3-t5,bucket-scan,reg,.5549999999999999
inproc-50,supp-r3-t1,bucket-scan,dr,1.709
inproc-50,supp-r3-t2,bucket-scan,dr,1.706
inproc-50,supp-r3-t3,bucket-scan,dr,1.716
inproc-50,supp-r3-t4,bucket-scan,dr,1.705
inproc-50,supp-r3-t5,bucket-scan,dr,1.704
inproc-50,supp-r3-t1,174d27b,reg,.548
inproc-50,supp-r3-t2,174d27b,reg,.548
inproc-50,supp-r3-t3,174d27b,reg,.5489999999999999
inproc-50,supp-r3-t4,174d27b,reg,.55
inproc-50,supp-r3-t5,174d27b,reg,.55
inproc-50,supp-r3-t1,174d27b,dr,1.701
inproc-50,supp-r3-t2,174d27b,dr,1.698
inproc-50,supp-r3-t3,174d27b,dr,1.699
inproc-50,supp-r3-t4,174d27b,dr,1.704
inproc-50,supp-r3-t5,174d27b,dr,1.704
inproc-50,supp-r4-t1,c28b35e,reg,.5489999999999999
inproc-50,supp-r4-t2,c28b35e,reg,.547
inproc-50,supp-r4-t3,c28b35e,reg,.5489999999999999
inproc-50,supp-r4-t4,c28b35e,reg,.547
inproc-50,supp-r4-t5,c28b35e,reg,.55
inproc-50,supp-r4-t1,c28b35e,dr,1.696
inproc-50,supp-r4-t2,c28b35e,dr,1.688
inproc-50,supp-r4-t3,c28b35e,dr,1.692
inproc-50,supp-r4-t4,c28b35e,dr,1.686
inproc-50,supp-r4-t5,c28b35e,dr,1.692
inproc-50,supp-r4-t1,174d27b,reg,.5509999999999999
inproc-50,supp-r4-t2,174d27b,reg,.548
inproc-50,supp-r4-t3,174d27b,reg,.5509999999999999
inproc-50,supp-r4-t4,174d27b,reg,.546
inproc-50,supp-r4-t5,174d27b,reg,.5489999999999999
inproc-50,supp-r4-t1,174d27b,dr,1.706
inproc-50,supp-r4-t2,174d27b,dr,1.724
inproc-50,supp-r4-t3,174d27b,dr,1.714
inproc-50,supp-r4-t4,174d27b,dr,1.706
inproc-50,supp-r4-t5,174d27b,dr,1.704
inproc-50,supp-r4-t1,bucket-scan,reg,.544
inproc-50,supp-r4-t2,bucket-scan,reg,.5449999999999999
inproc-50,supp-r4-t3,bucket-scan,reg,.546
inproc-50,supp-r4-t4,bucket-scan,reg,.55
inproc-50,supp-r4-t5,bucket-scan,reg,.547
inproc-50,supp-r4-t1,bucket-scan,dr,1.707
inproc-50,supp-r4-t2,bucket-scan,dr,1.713
inproc-50,supp-r4-t3,bucket-scan,dr,1.705
inproc-50,supp-r4-t4,bucket-scan,dr,1.705
inproc-50,supp-r4-t5,bucket-scan,dr,1.709
inproc-50,supp-r5-t1,174d27b,reg,.5570000000000001
inproc-50,supp-r5-t2,174d27b,reg,.5549999999999999
inproc-50,supp-r5-t3,174d27b,reg,.5580000000000001
inproc-50,supp-r5-t4,174d27b,reg,.5569999999999999
inproc-50,supp-r5-t5,174d27b,reg,.5620000000000001
inproc-50,supp-r5-t1,174d27b,dr,1.755
inproc-50,supp-r5-t2,174d27b,dr,1.719
inproc-50,supp-r5-t3,174d27b,dr,1.719
inproc-50,supp-r5-t4,174d27b,dr,1.715
inproc-50,supp-r5-t5,174d27b,dr,1.712
inproc-50,supp-r5-t1,c28b35e,reg,.552
inproc-50,supp-r5-t2,c28b35e,reg,.554
inproc-50,supp-r5-t3,c28b35e,reg,.554
inproc-50,supp-r5-t4,c28b35e,reg,.553
inproc-50,supp-r5-t5,c28b35e,reg,.556
inproc-50,supp-r5-t1,c28b35e,dr,1.703
inproc-50,supp-r5-t2,c28b35e,dr,1.701
inproc-50,supp-r5-t3,c28b35e,dr,1.701
inproc-50,supp-r5-t4,c28b35e,dr,1.705
inproc-50,supp-r5-t5,c28b35e,dr,1.707
inproc-50,supp-r5-t1,bucket-scan,reg,.5529999999999999
inproc-50,supp-r5-t2,bucket-scan,reg,.554
inproc-50,supp-r5-t3,bucket-scan,reg,.5549999999999999
inproc-50,supp-r5-t4,bucket-scan,reg,.5529999999999999
inproc-50,supp-r5-t5,bucket-scan,reg,.554
inproc-50,supp-r5-t1,bucket-scan,dr,1.707
inproc-50,supp-r5-t2,bucket-scan,dr,1.727
inproc-50,supp-r5-t3,bucket-scan,dr,1.709
inproc-50,supp-r5-t4,bucket-scan,dr,1.71
inproc-50,supp-r5-t5,bucket-scan,dr,1.713
inproc-50,supp-r6-t1,174d27b,reg,.544
inproc-50,supp-r6-t2,174d27b,reg,.546
inproc-50,supp-r6-t3,174d27b,reg,.548
inproc-50,supp-r6-t4,174d27b,reg,.546
inproc-50,supp-r6-t5,174d27b,reg,.549
inproc-50,supp-r6-t1,174d27b,dr,1.698
inproc-50,supp-r6-t2,174d27b,dr,1.702
inproc-50,supp-r6-t3,174d27b,dr,1.728
inproc-50,supp-r6-t4,174d27b,dr,1.709
inproc-50,supp-r6-t5,174d27b,dr,1.71
inproc-50,supp-r6-t1,bucket-scan,reg,.556
inproc-50,supp-r6-t2,bucket-scan,reg,.5600000000000001
inproc-50,supp-r6-t3,bucket-scan,reg,.5569999999999999
inproc-50,supp-r6-t4,bucket-scan,reg,.555
inproc-50,supp-r6-t5,bucket-scan,reg,.556
inproc-50,supp-r6-t1,bucket-scan,dr,1.721
inproc-50,supp-r6-t2,bucket-scan,dr,1.713
inproc-50,supp-r6-t3,bucket-scan,dr,1.71
inproc-50,supp-r6-t4,bucket-scan,dr,1.713
inproc-50,supp-r6-t5,bucket-scan,dr,1.708
inproc-50,supp-r6-t1,c28b35e,reg,.55
inproc-50,supp-r6-t2,c28b35e,reg,.551
inproc-50,supp-r6-t3,c28b35e,reg,.552
inproc-50,supp-r6-t4,c28b35e,reg,.5580000000000001
inproc-50,supp-r6-t5,c28b35e,reg,.5549999999999999
inproc-50,supp-r6-t1,c28b35e,dr,1.701
inproc-50,supp-r6-t2,c28b35e,dr,1.699
inproc-50,supp-r6-t3,c28b35e,dr,1.702
inproc-50,supp-r6-t4,c28b35e,dr,1.715
inproc-50,supp-r6-t5,c28b35e,dr,1.696
inproc-50,supp-r7-t1,bucket-scan,reg,.5570000000000001
inproc-50,supp-r7-t2,bucket-scan,reg,.5600000000000001
inproc-50,supp-r7-t3,bucket-scan,reg,.5600000000000001
inproc-50,supp-r7-t4,bucket-scan,reg,.569
inproc-50,supp-r7-t5,bucket-scan,reg,.5629999999999999
inproc-50,supp-r7-t1,bucket-scan,dr,1.722
inproc-50,supp-r7-t2,bucket-scan,dr,1.721
inproc-50,supp-r7-t3,bucket-scan,dr,1.762
inproc-50,supp-r7-t4,bucket-scan,dr,1.73
inproc-50,supp-r7-t5,bucket-scan,dr,1.724
inproc-50,supp-r7-t1,174d27b,reg,.554
inproc-50,supp-r7-t2,174d27b,reg,.5549999999999999
inproc-50,supp-r7-t3,174d27b,reg,.5570000000000001
inproc-50,supp-r7-t4,174d27b,reg,.5509999999999999
inproc-50,supp-r7-t5,174d27b,reg,.552
inproc-50,supp-r7-t1,174d27b,dr,1.7
inproc-50,supp-r7-t2,174d27b,dr,1.71
inproc-50,supp-r7-t3,174d27b,dr,1.703
inproc-50,supp-r7-t4,174d27b,dr,1.699
inproc-50,supp-r7-t5,174d27b,dr,1.706
inproc-50,supp-r7-t1,c28b35e,reg,.551
inproc-50,supp-r7-t2,c28b35e,reg,.5489999999999999
inproc-50,supp-r7-t3,c28b35e,reg,.549
inproc-50,supp-r7-t4,c28b35e,reg,.548
inproc-50,supp-r7-t5,c28b35e,reg,.55
inproc-50,supp-r7-t1,c28b35e,dr,1.706
inproc-50,supp-r7-t2,c28b35e,dr,1.692
inproc-50,supp-r7-t3,c28b35e,dr,1.713
inproc-50,supp-r7-t4,c28b35e,dr,1.699
inproc-50,supp-r7-t5,c28b35e,dr,1.696
inproc-50,supp-r8-t1,bucket-scan,reg,.5469999999999999
inproc-50,supp-r8-t2,bucket-scan,reg,.549
inproc-50,supp-r8-t3,bucket-scan,reg,.552
inproc-50,supp-r8-t4,bucket-scan,reg,.5600000000000001
inproc-50,supp-r8-t5,bucket-scan,reg,.556
inproc-50,supp-r8-t1,bucket-scan,dr,1.7
inproc-50,supp-r8-t2,bucket-scan,dr,1.701
inproc-50,supp-r8-t3,bucket-scan,dr,1.702
inproc-50,supp-r8-t4,bucket-scan,dr,1.7
inproc-50,supp-r8-t5,bucket-scan,dr,1.698
inproc-50,supp-r8-t1,c28b35e,reg,.554
inproc-50,supp-r8-t2,c28b35e,reg,.55
inproc-50,supp-r8-t3,c28b35e,reg,.5529999999999999
inproc-50,supp-r8-t4,c28b35e,reg,.556
inproc-50,supp-r8-t5,c28b35e,reg,.552
inproc-50,supp-r8-t1,c28b35e,dr,1.697
inproc-50,supp-r8-t2,c28b35e,dr,1.699
inproc-50,supp-r8-t3,c28b35e,dr,1.703
inproc-50,supp-r8-t4,c28b35e,dr,1.735
inproc-50,supp-r8-t5,c28b35e,dr,1.702
inproc-50,supp-r8-t1,174d27b,reg,.55
inproc-50,supp-r8-t2,174d27b,reg,.552
inproc-50,supp-r8-t3,174d27b,reg,.5529999999999999
inproc-50,supp-r8-t4,174d27b,reg,.5549999999999999
inproc-50,supp-r8-t5,174d27b,reg,.555
inproc-50,supp-r8-t1,174d27b,dr,1.715
inproc-50,supp-r8-t2,174d27b,dr,1.731
inproc-50,supp-r8-t3,174d27b,dr,1.709
inproc-50,supp-r8-t4,174d27b,dr,1.718
inproc-50,supp-r8-t5,174d27b,dr,1.714
inproc-50,supp-r9-t1,c28b35e,reg,.5570000000000001
inproc-50,supp-r9-t2,c28b35e,reg,.5549999999999999
inproc-50,supp-r9-t3,c28b35e,reg,.553
inproc-50,supp-r9-t4,c28b35e,reg,.556
inproc-50,supp-r9-t5,c28b35e,reg,.556
inproc-50,supp-r9-t1,c28b35e,dr,1.708
inproc-50,supp-r9-t2,c28b35e,dr,1.708
inproc-50,supp-r9-t3,c28b35e,dr,1.707
inproc-50,supp-r9-t4,c28b35e,dr,1.71
inproc-50,supp-r9-t5,c28b35e,dr,1.708
inproc-50,supp-r9-t1,bucket-scan,reg,.5669999999999999
inproc-50,supp-r9-t2,bucket-scan,reg,.555
inproc-50,supp-r9-t3,bucket-scan,reg,.554
inproc-50,supp-r9-t4,bucket-scan,reg,.554
inproc-50,supp-r9-t5,bucket-scan,reg,.556
inproc-50,supp-r9-t1,bucket-scan,dr,1.716
inproc-50,supp-r9-t2,bucket-scan,dr,1.713
inproc-50,supp-r9-t3,bucket-scan,dr,1.728
inproc-50,supp-r9-t4,bucket-scan,dr,1.725
inproc-50,supp-r9-t5,bucket-scan,dr,1.714
inproc-50,supp-r9-t1,174d27b,reg,.552
inproc-50,supp-r9-t2,174d27b,reg,.549
inproc-50,supp-r9-t3,174d27b,reg,.55
inproc-50,supp-r9-t4,174d27b,reg,.553
inproc-50,supp-r9-t5,174d27b,reg,.554
inproc-50,supp-r9-t1,174d27b,dr,1.712
inproc-50,supp-r9-t2,174d27b,dr,1.708
inproc-50,supp-r9-t3,174d27b,dr,1.717
inproc-50,supp-r9-t4,174d27b,dr,1.71
inproc-50,supp-r9-t5,174d27b,dr,1.709
inproc-50,supp-r10-t1,c28b35e,reg,.548
inproc-50,supp-r10-t2,c28b35e,reg,.547
inproc-50,supp-r10-t3,c28b35e,reg,.548
inproc-50,supp-r10-t4,c28b35e,reg,.551
inproc-50,supp-r10-t5,c28b35e,reg,.5489999999999999
inproc-50,supp-r10-t1,c28b35e,dr,1.708
inproc-50,supp-r10-t2,c28b35e,dr,1.707
inproc-50,supp-r10-t3,c28b35e,dr,1.703
inproc-50,supp-r10-t4,c28b35e,dr,1.703
inproc-50,supp-r10-t5,c28b35e,dr,1.698
inproc-50,supp-r10-t1,174d27b,reg,.5549999999999999
inproc-50,supp-r10-t2,174d27b,reg,.5600000000000001
inproc-50,supp-r10-t3,174d27b,reg,.5609999999999999
inproc-50,supp-r10-t4,174d27b,reg,.5629999999999999
inproc-50,supp-r10-t5,174d27b,reg,.5659999999999999
inproc-50,supp-r10-t1,174d27b,dr,1.718
inproc-50,supp-r10-t2,174d27b,dr,1.714
inproc-50,supp-r10-t3,174d27b,dr,1.724
inproc-50,supp-r10-t4,174d27b,dr,1.723
inproc-50,supp-r10-t5,174d27b,dr,1.729
inproc-50,supp-r10-t1,bucket-scan,reg,.544
inproc-50,supp-r10-t2,bucket-scan,reg,.5469999999999999
inproc-50,supp-r10-t3,bucket-scan,reg,.548
inproc-50,supp-r10-t4,bucket-scan,reg,.5469999999999999
inproc-50,supp-r10-t5,bucket-scan,reg,.546
inproc-50,supp-r10-t1,bucket-scan,dr,1.701
inproc-50,supp-r10-t2,bucket-scan,dr,1.7
inproc-50,supp-r10-t3,bucket-scan,dr,1.705
inproc-50,supp-r10-t4,bucket-scan,dr,1.698
inproc-50,supp-r10-t5,bucket-scan,dr,1.696
inproc-50,supp-r11-t1,174d27b,reg,.549
inproc-50,supp-r11-t2,174d27b,reg,.552
inproc-50,supp-r11-t3,174d27b,reg,.5649999999999999
inproc-50,supp-r11-t4,174d27b,reg,.5570000000000001
inproc-50,supp-r11-t5,174d27b,reg,.556
inproc-50,supp-r11-t1,174d27b,dr,1.713
inproc-50,supp-r11-t2,174d27b,dr,1.708
inproc-50,supp-r11-t3,174d27b,dr,1.716
inproc-50,supp-r11-t4,174d27b,dr,1.721
inproc-50,supp-r11-t5,174d27b,dr,1.716
inproc-50,supp-r11-t1,c28b35e,reg,.5569999999999999
inproc-50,supp-r11-t2,c28b35e,reg,.5580000000000001
inproc-50,supp-r11-t3,c28b35e,reg,.6910000000000001
inproc-50,supp-r11-t4,c28b35e,reg,.5580000000000001
inproc-50,supp-r11-t5,c28b35e,reg,.556
inproc-50,supp-r11-t1,c28b35e,dr,1.701
inproc-50,supp-r11-t2,c28b35e,dr,1.7
inproc-50,supp-r11-t3,c28b35e,dr,1.702
inproc-50,supp-r11-t4,c28b35e,dr,1.714
inproc-50,supp-r11-t5,c28b35e,dr,1.835
inproc-50,supp-r11-t1,bucket-scan,reg,.544
inproc-50,supp-r11-t2,bucket-scan,reg,.544
inproc-50,supp-r11-t3,bucket-scan,reg,.547
inproc-50,supp-r11-t4,bucket-scan,reg,.548
inproc-50,supp-r11-t5,bucket-scan,reg,.548
inproc-50,supp-r11-t1,bucket-scan,dr,1.702
inproc-50,supp-r11-t2,bucket-scan,dr,1.701
inproc-50,supp-r11-t3,bucket-scan,dr,1.705
inproc-50,supp-r11-t4,bucket-scan,dr,1.696
inproc-50,supp-r11-t5,bucket-scan,dr,1.701
inproc-50,supp-r12-t1,174d27b,reg,.552
inproc-50,supp-r12-t2,174d27b,reg,.5489999999999999
inproc-50,supp-r12-t3,174d27b,reg,.593
inproc-50,supp-r12-t4,174d27b,reg,.556
inproc-50,supp-r12-t5,174d27b,reg,.5620000000000001
inproc-50,supp-r12-t1,174d27b,dr,1.721
inproc-50,supp-r12-t2,174d27b,dr,1.715
inproc-50,supp-r12-t3,174d27b,dr,1.698
inproc-50,supp-r12-t4,174d27b,dr,1.71
inproc-50,supp-r12-t5,174d27b,dr,1.719
inproc-50,supp-r12-t1,bucket-scan,reg,.5449999999999999
inproc-50,supp-r12-t2,bucket-scan,reg,.55
inproc-50,supp-r12-t3,bucket-scan,reg,.5469999999999999
inproc-50,supp-r12-t4,bucket-scan,reg,.545
inproc-50,supp-r12-t5,bucket-scan,reg,.55
inproc-50,supp-r12-t1,bucket-scan,dr,1.699
inproc-50,supp-r12-t2,bucket-scan,dr,1.705
inproc-50,supp-r12-t3,bucket-scan,dr,1.7
inproc-50,supp-r12-t4,bucket-scan,dr,1.7
inproc-50,supp-r12-t5,bucket-scan,dr,1.695
inproc-50,supp-r12-t1,c28b35e,reg,.548
inproc-50,supp-r12-t2,c28b35e,reg,.549
inproc-50,supp-r12-t3,c28b35e,reg,.546
inproc-50,supp-r12-t4,c28b35e,reg,.548
inproc-50,supp-r12-t5,c28b35e,reg,.5469999999999999
inproc-50,supp-r12-t1,c28b35e,dr,1.711
inproc-50,supp-r12-t2,c28b35e,dr,1.702
inproc-50,supp-r12-t3,c28b35e,dr,1.693
inproc-50,supp-r12-t4,c28b35e,dr,1.71
inproc-50,supp-r12-t5,c28b35e,dr,1.693
bucket-split,rep-1,f1-repaired,selidx_use,.001
bucket-split,rep-1,f1-repaired,uniqrows_gcats,.039
bucket-split,rep-1,f1-repaired,gidx_loop,.008
bucket-split,rep-1,f1-repaired,tidx_loop,.018
bucket-split,rep-1,f1-repaired,bid_compute,0
bucket-split,rep-1,f1-repaired,order_sort,.103
bucket-split,rep-1,f1-repaired,permute_panelsetup,.041
bucket-split,rep-1,f1-repaired,lut_mask,0
bucket-split,rep-2,f1-repaired,selidx_use,.001
bucket-split,rep-2,f1-repaired,uniqrows_gcats,.039
bucket-split,rep-2,f1-repaired,gidx_loop,.01
bucket-split,rep-2,f1-repaired,tidx_loop,.016
bucket-split,rep-2,f1-repaired,bid_compute,.001
bucket-split,rep-2,f1-repaired,order_sort,.103
bucket-split,rep-2,f1-repaired,permute_panelsetup,.041
bucket-split,rep-2,f1-repaired,lut_mask,0
bucket-split,rep-3,f1-repaired,selidx_use,.001
bucket-split,rep-3,f1-repaired,uniqrows_gcats,.039
bucket-split,rep-3,f1-repaired,gidx_loop,.009
bucket-split,rep-3,f1-repaired,tidx_loop,.017
bucket-split,rep-3,f1-repaired,bid_compute,.001
bucket-split,rep-3,f1-repaired,order_sort,.103
bucket-split,rep-3,f1-repaired,permute_panelsetup,.041
bucket-split,rep-3,f1-repaired,lut_mask,0
bucket-split,rep-4,f1-repaired,selidx_use,.001
bucket-split,rep-4,f1-repaired,uniqrows_gcats,.04
bucket-split,rep-4,f1-repaired,gidx_loop,.01
bucket-split,rep-4,f1-repaired,tidx_loop,.019
bucket-split,rep-4,f1-repaired,bid_compute,.001
bucket-split,rep-4,f1-repaired,order_sort,.106
bucket-split,rep-4,f1-repaired,permute_panelsetup,.041
bucket-split,rep-4,f1-repaired,lut_mask,.001
bucket-split,rep-5,f1-repaired,selidx_use,.002
bucket-split,rep-5,f1-repaired,uniqrows_gcats,.039
bucket-split,rep-5,f1-repaired,gidx_loop,.01
bucket-split,rep-5,f1-repaired,tidx_loop,.017
bucket-split,rep-5,f1-repaired,bid_compute,.001
bucket-split,rep-5,f1-repaired,order_sort,.103
bucket-split,rep-5,f1-repaired,permute_panelsetup,.041
bucket-split,rep-5,f1-repaired,lut_mask,0
bucket-split,rep-6,f1-repaired,selidx_use,.001
bucket-split,rep-6,f1-repaired,uniqrows_gcats,.039
bucket-split,rep-6,f1-repaired,gidx_loop,.01
bucket-split,rep-6,f1-repaired,tidx_loop,.015
bucket-split,rep-6,f1-repaired,bid_compute,0
bucket-split,rep-6,f1-repaired,order_sort,.103
bucket-split,rep-6,f1-repaired,permute_panelsetup,.041
bucket-split,rep-6,f1-repaired,lut_mask,0
bucket-split,rep-1,bucket-scan,selidx_use,.002
bucket-split,rep-1,bucket-scan,gather_cols,.002
bucket-split,rep-1,bucket-scan,uniqrows_gcats,.039
bucket-split,rep-1,bucket-scan,nested_scan,.018
bucket-split,rep-1,bucket-scan,mask_alloc,0
bucket-split,rep-1,bucket-scan,PHASE_TOTAL,.061
bucket-split,rep-1,bucket-scan,WALL_PROFILED,.7400000000000002
bucket-split,rep-2,bucket-scan,selidx_use,.001
bucket-split,rep-2,bucket-scan,gather_cols,.002
bucket-split,rep-2,bucket-scan,uniqrows_gcats,.038
bucket-split,rep-2,bucket-scan,nested_scan,.019
bucket-split,rep-2,bucket-scan,mask_alloc,0
bucket-split,rep-2,bucket-scan,PHASE_TOTAL,.06
bucket-split,rep-2,bucket-scan,WALL_PROFILED,.7560000000000002
bucket-split,rep-3,bucket-scan,selidx_use,.001
bucket-split,rep-3,bucket-scan,gather_cols,.002
bucket-split,rep-3,bucket-scan,uniqrows_gcats,.038
bucket-split,rep-3,bucket-scan,nested_scan,.019
bucket-split,rep-3,bucket-scan,mask_alloc,0
bucket-split,rep-3,bucket-scan,PHASE_TOTAL,.06
bucket-split,rep-3,bucket-scan,WALL_PROFILED,.7380000000000002
bucket-split,rep-4,bucket-scan,selidx_use,.001
bucket-split,rep-4,bucket-scan,gather_cols,.002
bucket-split,rep-4,bucket-scan,uniqrows_gcats,.038
bucket-split,rep-4,bucket-scan,nested_scan,.018
bucket-split,rep-4,bucket-scan,mask_alloc,0
bucket-split,rep-4,bucket-scan,PHASE_TOTAL,.059
bucket-split,rep-4,bucket-scan,WALL_PROFILED,.7470000000000001
bucket-split,rep-5,bucket-scan,selidx_use,.002
bucket-split,rep-5,bucket-scan,gather_cols,.001
bucket-split,rep-5,bucket-scan,uniqrows_gcats,.038
bucket-split,rep-5,bucket-scan,nested_scan,.021
bucket-split,rep-5,bucket-scan,mask_alloc,0
bucket-split,rep-5,bucket-scan,PHASE_TOTAL,.062
bucket-split,rep-5,bucket-scan,WALL_PROFILED,.7480000000000001
bucket-split,rep-6,bucket-scan,selidx_use,.001
bucket-split,rep-6,bucket-scan,gather_cols,.002
bucket-split,rep-6,bucket-scan,uniqrows_gcats,.038
bucket-split,rep-6,bucket-scan,nested_scan,.019
bucket-split,rep-6,bucket-scan,mask_alloc,0
bucket-split,rep-6,bucket-scan,PHASE_TOTAL,.06
bucket-split,rep-6,bucket-scan,WALL_PROFILED,.7500000000000002
frame-probe,round-1,probe,empty-0,.004
frame-probe,round-1,probe,args-2,.017
frame-probe,round-1,probe,args-8,.032
frame-probe,round-1,probe,args-20,.059
frame-probe,round-1,probe,args-33,.087
frame-probe,round-1,probe,locals-10,.138
frame-probe,round-1,probe,locals-25,.326
frame-probe,round-1,probe,locals-51,.616
frame-probe,round-2,probe,empty-0,.003
frame-probe,round-2,probe,args-2,.018
frame-probe,round-2,probe,args-8,.032
frame-probe,round-2,probe,args-20,.058
frame-probe,round-2,probe,args-33,.088
frame-probe,round-2,probe,locals-10,.13
frame-probe,round-2,probe,locals-25,.32
frame-probe,round-2,probe,locals-51,.618
frame-probe,round-3,probe,empty-0,.004
frame-probe,round-3,probe,args-2,.017
frame-probe,round-3,probe,args-8,.032
frame-probe,round-3,probe,args-20,.058
frame-probe,round-3,probe,args-33,.087
frame-probe,round-3,probe,locals-10,.145
frame-probe,round-3,probe,locals-25,.309
frame-probe,round-3,probe,locals-51,.61
