s6-inproc-parents,s4,0,dr,dr|fast-balanced-panel|panel,1,400,50,setup,.1230000000000001
s6-inproc-parents,s4,0,dr,dr|fast-balanced-panel|panel,1,400,50,cell_extract,0
s6-inproc-parents,s4,0,dr,dr|fast-balanced-panel|panel,1,400,50,model_fit,1.435
s6-inproc-parents,s4,0,dr,dr|fast-balanced-panel|panel,1,400,50,if_assembly,.053
s6-inproc-parents,s4,0,dr,dr|fast-balanced-panel|panel,1,400,50,cache_post,.002
s6-inproc-parents,s4,0,dr,dr|fast-balanced-panel|panel,1,400,50,cluster,0
s6-inproc-parents,s4,0,dr,dr|fast-balanced-panel|panel,1,400,50,bootstrap,0
s6-inproc-parents,s4,0,dr,dr|fast-balanced-panel|panel,1,400,50,aggregation,0
s6-inproc-parents,s4,0,dr,dr|fast-balanced-panel|panel,1,400,50,unprofiled,.5269999999999988
s6-inproc-parents,s4,0,dr,dr|fast-balanced-panel|panel,1,400,50,total,2.139999999999999
s6-inproc-parents,s4,0,ipw,ipw|fast-balanced-panel|panel,2,400,50,setup,.1240000000000001
s6-inproc-parents,s4,0,ipw,ipw|fast-balanced-panel|panel,2,400,50,cell_extract,0
s6-inproc-parents,s4,0,ipw,ipw|fast-balanced-panel|panel,2,400,50,model_fit,.9750000000000008
s6-inproc-parents,s4,0,ipw,ipw|fast-balanced-panel|panel,2,400,50,if_assembly,.065
s6-inproc-parents,s4,0,ipw,ipw|fast-balanced-panel|panel,2,400,50,cache_post,.002
s6-inproc-parents,s4,0,ipw,ipw|fast-balanced-panel|panel,2,400,50,cluster,0
s6-inproc-parents,s4,0,ipw,ipw|fast-balanced-panel|panel,2,400,50,bootstrap,0
s6-inproc-parents,s4,0,ipw,ipw|fast-balanced-panel|panel,2,400,50,aggregation,0
s6-inproc-parents,s4,0,ipw,ipw|fast-balanced-panel|panel,2,400,50,unprofiled,.5189999999999999
s6-inproc-parents,s4,0,ipw,ipw|fast-balanced-panel|panel,2,400,50,total,1.685000000000001
s6-inproc-parents,s4,0,reg,reg|fast-balanced-panel|panel,3,400,50,setup,.1240000000000001
s6-inproc-parents,s4,0,reg,reg|fast-balanced-panel|panel,3,400,50,cell_extract,0
s6-inproc-parents,s4,0,reg,reg|fast-balanced-panel|panel,3,400,50,model_fit,.3640000000000003
s6-inproc-parents,s4,0,reg,reg|fast-balanced-panel|panel,3,400,50,if_assembly,.064
s6-inproc-parents,s4,0,reg,reg|fast-balanced-panel|panel,3,400,50,cache_post,.001
s6-inproc-parents,s4,0,reg,reg|fast-balanced-panel|panel,3,400,50,cluster,0
s6-inproc-parents,s4,0,reg,reg|fast-balanced-panel|panel,3,400,50,bootstrap,0
s6-inproc-parents,s4,0,reg,reg|fast-balanced-panel|panel,3,400,50,aggregation,0
s6-inproc-parents,s4,0,reg,reg|fast-balanced-panel|panel,3,400,50,unprofiled,.5169999999999997
s6-inproc-parents,s4,0,reg,reg|fast-balanced-panel|panel,3,400,50,total,1.07
s6-inproc-parents,s4,0,dr_rc,dr|fast-repeated-cross-section|repeated-cross-section,4,400,50,setup,.2490000000000001
s6-inproc-parents,s4,0,dr_rc,dr|fast-repeated-cross-section|repeated-cross-section,4,400,50,cell_extract,.039
s6-inproc-parents,s4,0,dr_rc,dr|fast-repeated-cross-section|repeated-cross-section,4,400,50,model_fit,2.931000000000001
s6-inproc-parents,s4,0,dr_rc,dr|fast-repeated-cross-section|repeated-cross-section,4,400,50,if_assembly,.2260000000000001
s6-inproc-parents,s4,0,dr_rc,dr|fast-repeated-cross-section|repeated-cross-section,4,400,50,cache_post,.003
s6-inproc-parents,s4,0,dr_rc,dr|fast-repeated-cross-section|repeated-cross-section,4,400,50,cluster,0
s6-inproc-parents,s4,0,dr_rc,dr|fast-repeated-cross-section|repeated-cross-section,4,400,50,bootstrap,0
s6-inproc-parents,s4,0,dr_rc,dr|fast-repeated-cross-section|repeated-cross-section,4,400,50,aggregation,0
s6-inproc-parents,s4,0,dr_rc,dr|fast-repeated-cross-section|repeated-cross-section,4,400,50,unprofiled,.6619999999999986
s6-inproc-parents,s4,0,dr_rc,dr|fast-repeated-cross-section|repeated-cross-section,4,400,50,total,4.109999999999999
s6-inproc-parents,head,0,dr,dr|fast-balanced-panel|panel,1,400,50,setup,.1290000000000001
s6-inproc-parents,head,0,dr,dr|fast-balanced-panel|panel,1,400,50,cell_extract,0
s6-inproc-parents,head,0,dr,dr|fast-balanced-panel|panel,1,400,50,model_fit,1.383
s6-inproc-parents,head,0,dr,dr|fast-balanced-panel|panel,1,400,50,if_assembly,.056
s6-inproc-parents,head,0,dr,dr|fast-balanced-panel|panel,1,400,50,cache_post,.003
s6-inproc-parents,head,0,dr,dr|fast-balanced-panel|panel,1,400,50,cluster,0
s6-inproc-parents,head,0,dr,dr|fast-balanced-panel|panel,1,400,50,bootstrap,0
s6-inproc-parents,head,0,dr,dr|fast-balanced-panel|panel,1,400,50,aggregation,0
s6-inproc-parents,head,0,dr,dr|fast-balanced-panel|panel,1,400,50,unprofiled,.4989999999999999
s6-inproc-parents,head,0,dr,dr|fast-balanced-panel|panel,1,400,50,total,2.07
s6-inproc-parents,head,0,ipw,ipw|fast-balanced-panel|panel,2,400,50,setup,.1230000000000001
s6-inproc-parents,head,0,ipw,ipw|fast-balanced-panel|panel,2,400,50,cell_extract,0
s6-inproc-parents,head,0,ipw,ipw|fast-balanced-panel|panel,2,400,50,model_fit,1.002000000000001
s6-inproc-parents,head,0,ipw,ipw|fast-balanced-panel|panel,2,400,50,if_assembly,.052
s6-inproc-parents,head,0,ipw,ipw|fast-balanced-panel|panel,2,400,50,cache_post,.003
s6-inproc-parents,head,0,ipw,ipw|fast-balanced-panel|panel,2,400,50,cluster,0
s6-inproc-parents,head,0,ipw,ipw|fast-balanced-panel|panel,2,400,50,bootstrap,0
s6-inproc-parents,head,0,ipw,ipw|fast-balanced-panel|panel,2,400,50,aggregation,0
s6-inproc-parents,head,0,ipw,ipw|fast-balanced-panel|panel,2,400,50,unprofiled,.500999999999999
s6-inproc-parents,head,0,ipw,ipw|fast-balanced-panel|panel,2,400,50,total,1.681
s6-inproc-parents,head,0,reg,reg|fast-balanced-panel|panel,3,400,50,setup,.1330000000000001
s6-inproc-parents,head,0,reg,reg|fast-balanced-panel|panel,3,400,50,cell_extract,0
s6-inproc-parents,head,0,reg,reg|fast-balanced-panel|panel,3,400,50,model_fit,.3680000000000003
s6-inproc-parents,head,0,reg,reg|fast-balanced-panel|panel,3,400,50,if_assembly,.059
s6-inproc-parents,head,0,reg,reg|fast-balanced-panel|panel,3,400,50,cache_post,.004
s6-inproc-parents,head,0,reg,reg|fast-balanced-panel|panel,3,400,50,cluster,0
s6-inproc-parents,head,0,reg,reg|fast-balanced-panel|panel,3,400,50,bootstrap,0
s6-inproc-parents,head,0,reg,reg|fast-balanced-panel|panel,3,400,50,aggregation,0
s6-inproc-parents,head,0,reg,reg|fast-balanced-panel|panel,3,400,50,unprofiled,.5060000000000004
s6-inproc-parents,head,0,reg,reg|fast-balanced-panel|panel,3,400,50,total,1.070000000000001
s6-inproc-parents,head,0,dr_rc,dr|fast-repeated-cross-section|repeated-cross-section,4,400,50,setup,.2480000000000001
s6-inproc-parents,head,0,dr_rc,dr|fast-repeated-cross-section|repeated-cross-section,4,400,50,cell_extract,.038
s6-inproc-parents,head,0,dr_rc,dr|fast-repeated-cross-section|repeated-cross-section,4,400,50,model_fit,2.883000000000001
s6-inproc-parents,head,0,dr_rc,dr|fast-repeated-cross-section|repeated-cross-section,4,400,50,if_assembly,.2360000000000002
s6-inproc-parents,head,0,dr_rc,dr|fast-repeated-cross-section|repeated-cross-section,4,400,50,cache_post,.004
s6-inproc-parents,head,0,dr_rc,dr|fast-repeated-cross-section|repeated-cross-section,4,400,50,cluster,0
s6-inproc-parents,head,0,dr_rc,dr|fast-repeated-cross-section|repeated-cross-section,4,400,50,bootstrap,0
s6-inproc-parents,head,0,dr_rc,dr|fast-repeated-cross-section|repeated-cross-section,4,400,50,aggregation,0
s6-inproc-parents,head,0,dr_rc,dr|fast-repeated-cross-section|repeated-cross-section,4,400,50,unprofiled,.6759999999999988
s6-inproc-parents,head,0,dr_rc,dr|fast-repeated-cross-section|repeated-cross-section,4,400,50,total,4.085
s6-inproc-parents,base,0,dr,dr|fast-balanced-panel|panel,1,400,50,setup,.1230000000000001
s6-inproc-parents,base,0,dr,dr|fast-balanced-panel|panel,1,400,50,cell_extract,0
s6-inproc-parents,base,0,dr,dr|fast-balanced-panel|panel,1,400,50,model_fit,1.374
s6-inproc-parents,base,0,dr,dr|fast-balanced-panel|panel,1,400,50,if_assembly,.054
s6-inproc-parents,base,0,dr,dr|fast-balanced-panel|panel,1,400,50,cache_post,.003
s6-inproc-parents,base,0,dr,dr|fast-balanced-panel|panel,1,400,50,cluster,0
s6-inproc-parents,base,0,dr,dr|fast-balanced-panel|panel,1,400,50,bootstrap,0
s6-inproc-parents,base,0,dr,dr|fast-balanced-panel|panel,1,400,50,aggregation,0
s6-inproc-parents,base,0,dr,dr|fast-balanced-panel|panel,1,400,50,unprofiled,.506
s6-inproc-parents,base,0,dr,dr|fast-balanced-panel|panel,1,400,50,total,2.06
s6-inproc-parents,base,0,ipw,ipw|fast-balanced-panel|panel,2,400,50,setup,.1220000000000001
s6-inproc-parents,base,0,ipw,ipw|fast-balanced-panel|panel,2,400,50,cell_extract,0
s6-inproc-parents,base,0,ipw,ipw|fast-balanced-panel|panel,2,400,50,model_fit,.9930000000000008
s6-inproc-parents,base,0,ipw,ipw|fast-balanced-panel|panel,2,400,50,if_assembly,.061
s6-inproc-parents,base,0,ipw,ipw|fast-balanced-panel|panel,2,400,50,cache_post,.003
s6-inproc-parents,base,0,ipw,ipw|fast-balanced-panel|panel,2,400,50,cluster,0
s6-inproc-parents,base,0,ipw,ipw|fast-balanced-panel|panel,2,400,50,bootstrap,0
s6-inproc-parents,base,0,ipw,ipw|fast-balanced-panel|panel,2,400,50,aggregation,0
s6-inproc-parents,base,0,ipw,ipw|fast-balanced-panel|panel,2,400,50,unprofiled,.5050000000000001
s6-inproc-parents,base,0,ipw,ipw|fast-balanced-panel|panel,2,400,50,total,1.684000000000001
s6-inproc-parents,base,0,reg,reg|fast-balanced-panel|panel,3,400,50,setup,.1310000000000001
s6-inproc-parents,base,0,reg,reg|fast-balanced-panel|panel,3,400,50,cell_extract,0
s6-inproc-parents,base,0,reg,reg|fast-balanced-panel|panel,3,400,50,model_fit,.3800000000000003
s6-inproc-parents,base,0,reg,reg|fast-balanced-panel|panel,3,400,50,if_assembly,.052
s6-inproc-parents,base,0,reg,reg|fast-balanced-panel|panel,3,400,50,cache_post,0
s6-inproc-parents,base,0,reg,reg|fast-balanced-panel|panel,3,400,50,cluster,0
s6-inproc-parents,base,0,reg,reg|fast-balanced-panel|panel,3,400,50,bootstrap,0
s6-inproc-parents,base,0,reg,reg|fast-balanced-panel|panel,3,400,50,aggregation,0
s6-inproc-parents,base,0,reg,reg|fast-balanced-panel|panel,3,400,50,unprofiled,.5049999999999997
s6-inproc-parents,base,0,reg,reg|fast-balanced-panel|panel,3,400,50,total,1.068
s6-inproc-parents,base,0,dr_rc,dr|fast-repeated-cross-section|repeated-cross-section,4,400,50,setup,.2460000000000002
s6-inproc-parents,base,0,dr_rc,dr|fast-repeated-cross-section|repeated-cross-section,4,400,50,cell_extract,.1000000000000001
s6-inproc-parents,base,0,dr_rc,dr|fast-repeated-cross-section|repeated-cross-section,4,400,50,model_fit,2.916
s6-inproc-parents,base,0,dr_rc,dr|fast-repeated-cross-section|repeated-cross-section,4,400,50,if_assembly,.2260000000000001
s6-inproc-parents,base,0,dr_rc,dr|fast-repeated-cross-section|repeated-cross-section,4,400,50,cache_post,.004
s6-inproc-parents,base,0,dr_rc,dr|fast-repeated-cross-section|repeated-cross-section,4,400,50,cluster,0
s6-inproc-parents,base,0,dr_rc,dr|fast-repeated-cross-section|repeated-cross-section,4,400,50,bootstrap,0
s6-inproc-parents,base,0,dr_rc,dr|fast-repeated-cross-section|repeated-cross-section,4,400,50,aggregation,0
s6-inproc-parents,base,0,dr_rc,dr|fast-repeated-cross-section|repeated-cross-section,4,400,50,unprofiled,.6660000000000013
s6-inproc-parents,base,0,dr_rc,dr|fast-repeated-cross-section|repeated-cross-section,4,400,50,total,4.158000000000001
s6-inproc-parents,head,1,reg,reg|fast-balanced-panel|panel,1,400,50,setup,.1240000000000001
s6-inproc-parents,head,1,reg,reg|fast-balanced-panel|panel,1,400,50,cell_extract,0
s6-inproc-parents,head,1,reg,reg|fast-balanced-panel|panel,1,400,50,model_fit,.3840000000000003
s6-inproc-parents,head,1,reg,reg|fast-balanced-panel|panel,1,400,50,if_assembly,.051
s6-inproc-parents,head,1,reg,reg|fast-balanced-panel|panel,1,400,50,cache_post,.004
s6-inproc-parents,head,1,reg,reg|fast-balanced-panel|panel,1,400,50,cluster,0
s6-inproc-parents,head,1,reg,reg|fast-balanced-panel|panel,1,400,50,bootstrap,0
s6-inproc-parents,head,1,reg,reg|fast-balanced-panel|panel,1,400,50,aggregation,0
s6-inproc-parents,head,1,reg,reg|fast-balanced-panel|panel,1,400,50,unprofiled,.5050000000000006
s6-inproc-parents,head,1,reg,reg|fast-balanced-panel|panel,1,400,50,total,1.068000000000001
s6-inproc-parents,head,1,ipw,ipw|fast-balanced-panel|panel,2,400,50,setup,.1210000000000001
s6-inproc-parents,head,1,ipw,ipw|fast-balanced-panel|panel,2,400,50,cell_extract,0
s6-inproc-parents,head,1,ipw,ipw|fast-balanced-panel|panel,2,400,50,model_fit,.9970000000000008
s6-inproc-parents,head,1,ipw,ipw|fast-balanced-panel|panel,2,400,50,if_assembly,.065
s6-inproc-parents,head,1,ipw,ipw|fast-balanced-panel|panel,2,400,50,cache_post,.002
s6-inproc-parents,head,1,ipw,ipw|fast-balanced-panel|panel,2,400,50,cluster,0
s6-inproc-parents,head,1,ipw,ipw|fast-balanced-panel|panel,2,400,50,bootstrap,0
s6-inproc-parents,head,1,ipw,ipw|fast-balanced-panel|panel,2,400,50,aggregation,0
s6-inproc-parents,head,1,ipw,ipw|fast-balanced-panel|panel,2,400,50,unprofiled,.524999999999999
s6-inproc-parents,head,1,ipw,ipw|fast-balanced-panel|panel,2,400,50,total,1.71
s6-inproc-parents,head,1,dr,dr|fast-balanced-panel|panel,3,400,50,setup,.1270000000000001
s6-inproc-parents,head,1,dr,dr|fast-balanced-panel|panel,3,400,50,cell_extract,0
s6-inproc-parents,head,1,dr,dr|fast-balanced-panel|panel,3,400,50,model_fit,1.397
s6-inproc-parents,head,1,dr,dr|fast-balanced-panel|panel,3,400,50,if_assembly,.041
s6-inproc-parents,head,1,dr,dr|fast-balanced-panel|panel,3,400,50,cache_post,.002
s6-inproc-parents,head,1,dr,dr|fast-balanced-panel|panel,3,400,50,cluster,0
s6-inproc-parents,head,1,dr,dr|fast-balanced-panel|panel,3,400,50,bootstrap,0
s6-inproc-parents,head,1,dr,dr|fast-balanced-panel|panel,3,400,50,aggregation,0
s6-inproc-parents,head,1,dr,dr|fast-balanced-panel|panel,3,400,50,unprofiled,.5269999999999999
s6-inproc-parents,head,1,dr,dr|fast-balanced-panel|panel,3,400,50,total,2.094
s6-inproc-parents,head,1,dr_rc,dr|fast-repeated-cross-section|repeated-cross-section,4,400,50,setup,.2460000000000001
s6-inproc-parents,head,1,dr_rc,dr|fast-repeated-cross-section|repeated-cross-section,4,400,50,cell_extract,.039
s6-inproc-parents,head,1,dr_rc,dr|fast-repeated-cross-section|repeated-cross-section,4,400,50,model_fit,2.898000000000001
s6-inproc-parents,head,1,dr_rc,dr|fast-repeated-cross-section|repeated-cross-section,4,400,50,if_assembly,.2170000000000001
s6-inproc-parents,head,1,dr_rc,dr|fast-repeated-cross-section|repeated-cross-section,4,400,50,cache_post,.005
s6-inproc-parents,head,1,dr_rc,dr|fast-repeated-cross-section|repeated-cross-section,4,400,50,cluster,0
s6-inproc-parents,head,1,dr_rc,dr|fast-repeated-cross-section|repeated-cross-section,4,400,50,bootstrap,0
s6-inproc-parents,head,1,dr_rc,dr|fast-repeated-cross-section|repeated-cross-section,4,400,50,aggregation,0
s6-inproc-parents,head,1,dr_rc,dr|fast-repeated-cross-section|repeated-cross-section,4,400,50,unprofiled,.6819999999999977
s6-inproc-parents,head,1,dr_rc,dr|fast-repeated-cross-section|repeated-cross-section,4,400,50,total,4.086999999999999
s6-inproc-parents,s4,1,reg,reg|fast-balanced-panel|panel,1,400,50,setup,.1290000000000001
s6-inproc-parents,s4,1,reg,reg|fast-balanced-panel|panel,1,400,50,cell_extract,0
s6-inproc-parents,s4,1,reg,reg|fast-balanced-panel|panel,1,400,50,model_fit,.3900000000000003
s6-inproc-parents,s4,1,reg,reg|fast-balanced-panel|panel,1,400,50,if_assembly,.057
s6-inproc-parents,s4,1,reg,reg|fast-balanced-panel|panel,1,400,50,cache_post,.003
s6-inproc-parents,s4,1,reg,reg|fast-balanced-panel|panel,1,400,50,cluster,0
s6-inproc-parents,s4,1,reg,reg|fast-balanced-panel|panel,1,400,50,bootstrap,0
s6-inproc-parents,s4,1,reg,reg|fast-balanced-panel|panel,1,400,50,aggregation,0
s6-inproc-parents,s4,1,reg,reg|fast-balanced-panel|panel,1,400,50,unprofiled,.4989999999999997
s6-inproc-parents,s4,1,reg,reg|fast-balanced-panel|panel,1,400,50,total,1.078
s6-inproc-parents,s4,1,ipw,ipw|fast-balanced-panel|panel,2,400,50,setup,.1220000000000001
s6-inproc-parents,s4,1,ipw,ipw|fast-balanced-panel|panel,2,400,50,cell_extract,0
s6-inproc-parents,s4,1,ipw,ipw|fast-balanced-panel|panel,2,400,50,model_fit,.9910000000000008
s6-inproc-parents,s4,1,ipw,ipw|fast-balanced-panel|panel,2,400,50,if_assembly,.06
s6-inproc-parents,s4,1,ipw,ipw|fast-balanced-panel|panel,2,400,50,cache_post,.004
s6-inproc-parents,s4,1,ipw,ipw|fast-balanced-panel|panel,2,400,50,cluster,0
s6-inproc-parents,s4,1,ipw,ipw|fast-balanced-panel|panel,2,400,50,bootstrap,0
s6-inproc-parents,s4,1,ipw,ipw|fast-balanced-panel|panel,2,400,50,aggregation,0
s6-inproc-parents,s4,1,ipw,ipw|fast-balanced-panel|panel,2,400,50,unprofiled,.516
s6-inproc-parents,s4,1,ipw,ipw|fast-balanced-panel|panel,2,400,50,total,1.693000000000001
s6-inproc-parents,s4,1,dr,dr|fast-balanced-panel|panel,3,400,50,setup,.1290000000000001
s6-inproc-parents,s4,1,dr,dr|fast-balanced-panel|panel,3,400,50,cell_extract,0
s6-inproc-parents,s4,1,dr,dr|fast-balanced-panel|panel,3,400,50,model_fit,1.399
s6-inproc-parents,s4,1,dr,dr|fast-balanced-panel|panel,3,400,50,if_assembly,.049
s6-inproc-parents,s4,1,dr,dr|fast-balanced-panel|panel,3,400,50,cache_post,.002
s6-inproc-parents,s4,1,dr,dr|fast-balanced-panel|panel,3,400,50,cluster,0
s6-inproc-parents,s4,1,dr,dr|fast-balanced-panel|panel,3,400,50,bootstrap,0
s6-inproc-parents,s4,1,dr,dr|fast-balanced-panel|panel,3,400,50,aggregation,0
s6-inproc-parents,s4,1,dr,dr|fast-balanced-panel|panel,3,400,50,unprofiled,.5120000000000002
s6-inproc-parents,s4,1,dr,dr|fast-balanced-panel|panel,3,400,50,total,2.091
s6-inproc-parents,s4,1,dr_rc,dr|fast-repeated-cross-section|repeated-cross-section,4,400,50,setup,.2420000000000001
s6-inproc-parents,s4,1,dr_rc,dr|fast-repeated-cross-section|repeated-cross-section,4,400,50,cell_extract,.036
s6-inproc-parents,s4,1,dr_rc,dr|fast-repeated-cross-section|repeated-cross-section,4,400,50,model_fit,2.898000000000001
s6-inproc-parents,s4,1,dr_rc,dr|fast-repeated-cross-section|repeated-cross-section,4,400,50,if_assembly,.2280000000000001
s6-inproc-parents,s4,1,dr_rc,dr|fast-repeated-cross-section|repeated-cross-section,4,400,50,cache_post,.003
s6-inproc-parents,s4,1,dr_rc,dr|fast-repeated-cross-section|repeated-cross-section,4,400,50,cluster,0
s6-inproc-parents,s4,1,dr_rc,dr|fast-repeated-cross-section|repeated-cross-section,4,400,50,bootstrap,0
s6-inproc-parents,s4,1,dr_rc,dr|fast-repeated-cross-section|repeated-cross-section,4,400,50,aggregation,0
s6-inproc-parents,s4,1,dr_rc,dr|fast-repeated-cross-section|repeated-cross-section,4,400,50,unprofiled,.6779999999999982
s6-inproc-parents,s4,1,dr_rc,dr|fast-repeated-cross-section|repeated-cross-section,4,400,50,total,4.084999999999999
s6-inproc-parents,base,1,reg,reg|fast-balanced-panel|panel,1,400,50,setup,.1230000000000001
s6-inproc-parents,base,1,reg,reg|fast-balanced-panel|panel,1,400,50,cell_extract,0
s6-inproc-parents,base,1,reg,reg|fast-balanced-panel|panel,1,400,50,model_fit,.3640000000000003
s6-inproc-parents,base,1,reg,reg|fast-balanced-panel|panel,1,400,50,if_assembly,.067
s6-inproc-parents,base,1,reg,reg|fast-balanced-panel|panel,1,400,50,cache_post,0
s6-inproc-parents,base,1,reg,reg|fast-balanced-panel|panel,1,400,50,cluster,0
s6-inproc-parents,base,1,reg,reg|fast-balanced-panel|panel,1,400,50,bootstrap,0
s6-inproc-parents,base,1,reg,reg|fast-balanced-panel|panel,1,400,50,aggregation,0
s6-inproc-parents,base,1,reg,reg|fast-balanced-panel|panel,1,400,50,unprofiled,.5169999999999996
s6-inproc-parents,base,1,reg,reg|fast-balanced-panel|panel,1,400,50,total,1.071
s6-inproc-parents,base,1,ipw,ipw|fast-balanced-panel|panel,2,400,50,setup,.1300000000000001
s6-inproc-parents,base,1,ipw,ipw|fast-balanced-panel|panel,2,400,50,cell_extract,0
s6-inproc-parents,base,1,ipw,ipw|fast-balanced-panel|panel,2,400,50,model_fit,1.002000000000001
s6-inproc-parents,base,1,ipw,ipw|fast-balanced-panel|panel,2,400,50,if_assembly,.05
s6-inproc-parents,base,1,ipw,ipw|fast-balanced-panel|panel,2,400,50,cache_post,.001
s6-inproc-parents,base,1,ipw,ipw|fast-balanced-panel|panel,2,400,50,cluster,0
s6-inproc-parents,base,1,ipw,ipw|fast-balanced-panel|panel,2,400,50,bootstrap,0
s6-inproc-parents,base,1,ipw,ipw|fast-balanced-panel|panel,2,400,50,aggregation,0
s6-inproc-parents,base,1,ipw,ipw|fast-balanced-panel|panel,2,400,50,unprofiled,.5279999999999991
s6-inproc-parents,base,1,ipw,ipw|fast-balanced-panel|panel,2,400,50,total,1.711
s6-inproc-parents,base,1,dr,dr|fast-balanced-panel|panel,3,400,50,setup,.1260000000000001
s6-inproc-parents,base,1,dr,dr|fast-balanced-panel|panel,3,400,50,cell_extract,0
s6-inproc-parents,base,1,dr,dr|fast-balanced-panel|panel,3,400,50,model_fit,1.385
s6-inproc-parents,base,1,dr,dr|fast-balanced-panel|panel,3,400,50,if_assembly,.057
s6-inproc-parents,base,1,dr,dr|fast-balanced-panel|panel,3,400,50,cache_post,.004
s6-inproc-parents,base,1,dr,dr|fast-balanced-panel|panel,3,400,50,cluster,0
s6-inproc-parents,base,1,dr,dr|fast-balanced-panel|panel,3,400,50,bootstrap,0
s6-inproc-parents,base,1,dr,dr|fast-balanced-panel|panel,3,400,50,aggregation,0
s6-inproc-parents,base,1,dr,dr|fast-balanced-panel|panel,3,400,50,unprofiled,.5089999999999999
s6-inproc-parents,base,1,dr,dr|fast-balanced-panel|panel,3,400,50,total,2.081
s6-inproc-parents,base,1,dr_rc,dr|fast-repeated-cross-section|repeated-cross-section,4,400,50,setup,.2440000000000002
s6-inproc-parents,base,1,dr_rc,dr|fast-repeated-cross-section|repeated-cross-section,4,400,50,cell_extract,.1000000000000001
s6-inproc-parents,base,1,dr_rc,dr|fast-repeated-cross-section|repeated-cross-section,4,400,50,model_fit,2.915
s6-inproc-parents,base,1,dr_rc,dr|fast-repeated-cross-section|repeated-cross-section,4,400,50,if_assembly,.2290000000000001
s6-inproc-parents,base,1,dr_rc,dr|fast-repeated-cross-section|repeated-cross-section,4,400,50,cache_post,.003
s6-inproc-parents,base,1,dr_rc,dr|fast-repeated-cross-section|repeated-cross-section,4,400,50,cluster,0
s6-inproc-parents,base,1,dr_rc,dr|fast-repeated-cross-section|repeated-cross-section,4,400,50,bootstrap,0
s6-inproc-parents,base,1,dr_rc,dr|fast-repeated-cross-section|repeated-cross-section,4,400,50,aggregation,0
s6-inproc-parents,base,1,dr_rc,dr|fast-repeated-cross-section|repeated-cross-section,4,400,50,unprofiled,.6700000000000021
s6-inproc-parents,base,1,dr_rc,dr|fast-repeated-cross-section|repeated-cross-section,4,400,50,total,4.161000000000002
s6-inproc-parents,head,2,reg,reg|fast-balanced-panel|panel,1,400,50,setup,.1290000000000001
s6-inproc-parents,head,2,reg,reg|fast-balanced-panel|panel,1,400,50,cell_extract,0
s6-inproc-parents,head,2,reg,reg|fast-balanced-panel|panel,1,400,50,model_fit,.3740000000000003
s6-inproc-parents,head,2,reg,reg|fast-balanced-panel|panel,1,400,50,if_assembly,.051
s6-inproc-parents,head,2,reg,reg|fast-balanced-panel|panel,1,400,50,cache_post,.005
s6-inproc-parents,head,2,reg,reg|fast-balanced-panel|panel,1,400,50,cluster,0
s6-inproc-parents,head,2,reg,reg|fast-balanced-panel|panel,1,400,50,bootstrap,0
s6-inproc-parents,head,2,reg,reg|fast-balanced-panel|panel,1,400,50,aggregation,0
s6-inproc-parents,head,2,reg,reg|fast-balanced-panel|panel,1,400,50,unprofiled,.4999999999999996
s6-inproc-parents,head,2,reg,reg|fast-balanced-panel|panel,1,400,50,total,1.059
s6-inproc-parents,head,2,dr_rc,dr|fast-repeated-cross-section|repeated-cross-section,2,400,50,setup,.2480000000000001
s6-inproc-parents,head,2,dr_rc,dr|fast-repeated-cross-section|repeated-cross-section,2,400,50,cell_extract,.04
s6-inproc-parents,head,2,dr_rc,dr|fast-repeated-cross-section|repeated-cross-section,2,400,50,model_fit,2.898000000000001
s6-inproc-parents,head,2,dr_rc,dr|fast-repeated-cross-section|repeated-cross-section,2,400,50,if_assembly,.2220000000000001
s6-inproc-parents,head,2,dr_rc,dr|fast-repeated-cross-section|repeated-cross-section,2,400,50,cache_post,.005
s6-inproc-parents,head,2,dr_rc,dr|fast-repeated-cross-section|repeated-cross-section,2,400,50,cluster,0
s6-inproc-parents,head,2,dr_rc,dr|fast-repeated-cross-section|repeated-cross-section,2,400,50,bootstrap,0
s6-inproc-parents,head,2,dr_rc,dr|fast-repeated-cross-section|repeated-cross-section,2,400,50,aggregation,0
s6-inproc-parents,head,2,dr_rc,dr|fast-repeated-cross-section|repeated-cross-section,2,400,50,unprofiled,.6939999999999991
s6-inproc-parents,head,2,dr_rc,dr|fast-repeated-cross-section|repeated-cross-section,2,400,50,total,4.107
s6-inproc-parents,head,2,dr,dr|fast-balanced-panel|panel,3,400,50,setup,.1290000000000001
s6-inproc-parents,head,2,dr,dr|fast-balanced-panel|panel,3,400,50,cell_extract,0
s6-inproc-parents,head,2,dr,dr|fast-balanced-panel|panel,3,400,50,model_fit,1.422
s6-inproc-parents,head,2,dr,dr|fast-balanced-panel|panel,3,400,50,if_assembly,.05
s6-inproc-parents,head,2,dr,dr|fast-balanced-panel|panel,3,400,50,cache_post,.001
s6-inproc-parents,head,2,dr,dr|fast-balanced-panel|panel,3,400,50,cluster,0
s6-inproc-parents,head,2,dr,dr|fast-balanced-panel|panel,3,400,50,bootstrap,0
s6-inproc-parents,head,2,dr,dr|fast-balanced-panel|panel,3,400,50,aggregation,0
s6-inproc-parents,head,2,dr,dr|fast-balanced-panel|panel,3,400,50,unprofiled,.5429999999999999
s6-inproc-parents,head,2,dr,dr|fast-balanced-panel|panel,3,400,50,total,2.145
s6-inproc-parents,head,2,ipw,ipw|fast-balanced-panel|panel,4,400,50,setup,.1350000000000001
s6-inproc-parents,head,2,ipw,ipw|fast-balanced-panel|panel,4,400,50,cell_extract,0
s6-inproc-parents,head,2,ipw,ipw|fast-balanced-panel|panel,4,400,50,model_fit,1.024000000000001
s6-inproc-parents,head,2,ipw,ipw|fast-balanced-panel|panel,4,400,50,if_assembly,.054
s6-inproc-parents,head,2,ipw,ipw|fast-balanced-panel|panel,4,400,50,cache_post,.003
s6-inproc-parents,head,2,ipw,ipw|fast-balanced-panel|panel,4,400,50,cluster,0
s6-inproc-parents,head,2,ipw,ipw|fast-balanced-panel|panel,4,400,50,bootstrap,0
s6-inproc-parents,head,2,ipw,ipw|fast-balanced-panel|panel,4,400,50,aggregation,0
s6-inproc-parents,head,2,ipw,ipw|fast-balanced-panel|panel,4,400,50,unprofiled,.578999999999998
s6-inproc-parents,head,2,ipw,ipw|fast-balanced-panel|panel,4,400,50,total,1.794999999999999
s6-inproc-parents,base,2,reg,reg|fast-balanced-panel|panel,1,400,50,setup,.1270000000000001
s6-inproc-parents,base,2,reg,reg|fast-balanced-panel|panel,1,400,50,cell_extract,0
s6-inproc-parents,base,2,reg,reg|fast-balanced-panel|panel,1,400,50,model_fit,.3700000000000003
s6-inproc-parents,base,2,reg,reg|fast-balanced-panel|panel,1,400,50,if_assembly,.048
s6-inproc-parents,base,2,reg,reg|fast-balanced-panel|panel,1,400,50,cache_post,.002
s6-inproc-parents,base,2,reg,reg|fast-balanced-panel|panel,1,400,50,cluster,0
s6-inproc-parents,base,2,reg,reg|fast-balanced-panel|panel,1,400,50,bootstrap,0
s6-inproc-parents,base,2,reg,reg|fast-balanced-panel|panel,1,400,50,aggregation,0
s6-inproc-parents,base,2,reg,reg|fast-balanced-panel|panel,1,400,50,unprofiled,.5269999999999997
s6-inproc-parents,base,2,reg,reg|fast-balanced-panel|panel,1,400,50,total,1.074
s6-inproc-parents,base,2,dr_rc,dr|fast-repeated-cross-section|repeated-cross-section,2,400,50,setup,.2420000000000002
s6-inproc-parents,base,2,dr_rc,dr|fast-repeated-cross-section|repeated-cross-section,2,400,50,cell_extract,.0990000000000001
s6-inproc-parents,base,2,dr_rc,dr|fast-repeated-cross-section|repeated-cross-section,2,400,50,model_fit,2.927000000000002
s6-inproc-parents,base,2,dr_rc,dr|fast-repeated-cross-section|repeated-cross-section,2,400,50,if_assembly,.2070000000000001
s6-inproc-parents,base,2,dr_rc,dr|fast-repeated-cross-section|repeated-cross-section,2,400,50,cache_post,.001
s6-inproc-parents,base,2,dr_rc,dr|fast-repeated-cross-section|repeated-cross-section,2,400,50,cluster,0
s6-inproc-parents,base,2,dr_rc,dr|fast-repeated-cross-section|repeated-cross-section,2,400,50,bootstrap,0
s6-inproc-parents,base,2,dr_rc,dr|fast-repeated-cross-section|repeated-cross-section,2,400,50,aggregation,0
s6-inproc-parents,base,2,dr_rc,dr|fast-repeated-cross-section|repeated-cross-section,2,400,50,unprofiled,.6839999999999997
s6-inproc-parents,base,2,dr_rc,dr|fast-repeated-cross-section|repeated-cross-section,2,400,50,total,4.160000000000002
s6-inproc-parents,base,2,dr,dr|fast-balanced-panel|panel,3,400,50,setup,.1270000000000001
s6-inproc-parents,base,2,dr,dr|fast-balanced-panel|panel,3,400,50,cell_extract,0
s6-inproc-parents,base,2,dr,dr|fast-balanced-panel|panel,3,400,50,model_fit,1.396
s6-inproc-parents,base,2,dr,dr|fast-balanced-panel|panel,3,400,50,if_assembly,.05
s6-inproc-parents,base,2,dr,dr|fast-balanced-panel|panel,3,400,50,cache_post,.001
s6-inproc-parents,base,2,dr,dr|fast-balanced-panel|panel,3,400,50,cluster,0
s6-inproc-parents,base,2,dr,dr|fast-balanced-panel|panel,3,400,50,bootstrap,0
s6-inproc-parents,base,2,dr,dr|fast-balanced-panel|panel,3,400,50,aggregation,0
s6-inproc-parents,base,2,dr,dr|fast-balanced-panel|panel,3,400,50,unprofiled,.5629999999999999
s6-inproc-parents,base,2,dr,dr|fast-balanced-panel|panel,3,400,50,total,2.137
s6-inproc-parents,base,2,ipw,ipw|fast-balanced-panel|panel,4,400,50,setup,.1280000000000001
s6-inproc-parents,base,2,ipw,ipw|fast-balanced-panel|panel,4,400,50,cell_extract,0
s6-inproc-parents,base,2,ipw,ipw|fast-balanced-panel|panel,4,400,50,model_fit,.9890000000000008
s6-inproc-parents,base,2,ipw,ipw|fast-balanced-panel|panel,4,400,50,if_assembly,.062
s6-inproc-parents,base,2,ipw,ipw|fast-balanced-panel|panel,4,400,50,cache_post,.001
s6-inproc-parents,base,2,ipw,ipw|fast-balanced-panel|panel,4,400,50,cluster,0
s6-inproc-parents,base,2,ipw,ipw|fast-balanced-panel|panel,4,400,50,bootstrap,0
s6-inproc-parents,base,2,ipw,ipw|fast-balanced-panel|panel,4,400,50,aggregation,0
s6-inproc-parents,base,2,ipw,ipw|fast-balanced-panel|panel,4,400,50,unprofiled,.5479999999999989
s6-inproc-parents,base,2,ipw,ipw|fast-balanced-panel|panel,4,400,50,total,1.728
s6-inproc-parents,s4,2,reg,reg|fast-balanced-panel|panel,1,400,50,setup,.1280000000000001
s6-inproc-parents,s4,2,reg,reg|fast-balanced-panel|panel,1,400,50,cell_extract,0
s6-inproc-parents,s4,2,reg,reg|fast-balanced-panel|panel,1,400,50,model_fit,.3940000000000003
s6-inproc-parents,s4,2,reg,reg|fast-balanced-panel|panel,1,400,50,if_assembly,.067
s6-inproc-parents,s4,2,reg,reg|fast-balanced-panel|panel,1,400,50,cache_post,.001
s6-inproc-parents,s4,2,reg,reg|fast-balanced-panel|panel,1,400,50,cluster,0
s6-inproc-parents,s4,2,reg,reg|fast-balanced-panel|panel,1,400,50,bootstrap,0
s6-inproc-parents,s4,2,reg,reg|fast-balanced-panel|panel,1,400,50,aggregation,0
s6-inproc-parents,s4,2,reg,reg|fast-balanced-panel|panel,1,400,50,unprofiled,.4910000000000007
s6-inproc-parents,s4,2,reg,reg|fast-balanced-panel|panel,1,400,50,total,1.081000000000001
s6-inproc-parents,s4,2,dr_rc,dr|fast-repeated-cross-section|repeated-cross-section,2,400,50,setup,.2420000000000001
s6-inproc-parents,s4,2,dr_rc,dr|fast-repeated-cross-section|repeated-cross-section,2,400,50,cell_extract,.044
s6-inproc-parents,s4,2,dr_rc,dr|fast-repeated-cross-section|repeated-cross-section,2,400,50,model_fit,2.94
s6-inproc-parents,s4,2,dr_rc,dr|fast-repeated-cross-section|repeated-cross-section,2,400,50,if_assembly,.2140000000000001
s6-inproc-parents,s4,2,dr_rc,dr|fast-repeated-cross-section|repeated-cross-section,2,400,50,cache_post,.003
s6-inproc-parents,s4,2,dr_rc,dr|fast-repeated-cross-section|repeated-cross-section,2,400,50,cluster,0
s6-inproc-parents,s4,2,dr_rc,dr|fast-repeated-cross-section|repeated-cross-section,2,400,50,bootstrap,0
s6-inproc-parents,s4,2,dr_rc,dr|fast-repeated-cross-section|repeated-cross-section,2,400,50,aggregation,0
s6-inproc-parents,s4,2,dr_rc,dr|fast-repeated-cross-section|repeated-cross-section,2,400,50,unprofiled,.6780000000000004
s6-inproc-parents,s4,2,dr_rc,dr|fast-repeated-cross-section|repeated-cross-section,2,400,50,total,4.121
s6-inproc-parents,s4,2,dr,dr|fast-balanced-panel|panel,3,400,50,setup,.1340000000000001
s6-inproc-parents,s4,2,dr,dr|fast-balanced-panel|panel,3,400,50,cell_extract,0
s6-inproc-parents,s4,2,dr,dr|fast-balanced-panel|panel,3,400,50,model_fit,1.384000000000001
s6-inproc-parents,s4,2,dr,dr|fast-balanced-panel|panel,3,400,50,if_assembly,.063
s6-inproc-parents,s4,2,dr,dr|fast-balanced-panel|panel,3,400,50,cache_post,.003
s6-inproc-parents,s4,2,dr,dr|fast-balanced-panel|panel,3,400,50,cluster,0
s6-inproc-parents,s4,2,dr,dr|fast-balanced-panel|panel,3,400,50,bootstrap,0
s6-inproc-parents,s4,2,dr,dr|fast-balanced-panel|panel,3,400,50,aggregation,0
s6-inproc-parents,s4,2,dr,dr|fast-balanced-panel|panel,3,400,50,unprofiled,.5509999999999979
s6-inproc-parents,s4,2,dr,dr|fast-balanced-panel|panel,3,400,50,total,2.134999999999999
s6-inproc-parents,s4,2,ipw,ipw|fast-balanced-panel|panel,4,400,50,setup,.1310000000000001
s6-inproc-parents,s4,2,ipw,ipw|fast-balanced-panel|panel,4,400,50,cell_extract,0
s6-inproc-parents,s4,2,ipw,ipw|fast-balanced-panel|panel,4,400,50,model_fit,.9570000000000007
s6-inproc-parents,s4,2,ipw,ipw|fast-balanced-panel|panel,4,400,50,if_assembly,.053
s6-inproc-parents,s4,2,ipw,ipw|fast-balanced-panel|panel,4,400,50,cache_post,.004
s6-inproc-parents,s4,2,ipw,ipw|fast-balanced-panel|panel,4,400,50,cluster,0
s6-inproc-parents,s4,2,ipw,ipw|fast-balanced-panel|panel,4,400,50,bootstrap,0
s6-inproc-parents,s4,2,ipw,ipw|fast-balanced-panel|panel,4,400,50,aggregation,0
s6-inproc-parents,s4,2,ipw,ipw|fast-balanced-panel|panel,4,400,50,unprofiled,.5419999999999991
s6-inproc-parents,s4,2,ipw,ipw|fast-balanced-panel|panel,4,400,50,total,1.687
s6-inproc-parents,base,3,dr,dr|fast-balanced-panel|panel,1,400,50,setup,.1240000000000001
s6-inproc-parents,base,3,dr,dr|fast-balanced-panel|panel,1,400,50,cell_extract,0
s6-inproc-parents,base,3,dr,dr|fast-balanced-panel|panel,1,400,50,model_fit,1.375
s6-inproc-parents,base,3,dr,dr|fast-balanced-panel|panel,1,400,50,if_assembly,.06
s6-inproc-parents,base,3,dr,dr|fast-balanced-panel|panel,1,400,50,cache_post,.006
s6-inproc-parents,base,3,dr,dr|fast-balanced-panel|panel,1,400,50,cluster,0
s6-inproc-parents,base,3,dr,dr|fast-balanced-panel|panel,1,400,50,bootstrap,0
s6-inproc-parents,base,3,dr,dr|fast-balanced-panel|panel,1,400,50,aggregation,0
s6-inproc-parents,base,3,dr,dr|fast-balanced-panel|panel,1,400,50,unprofiled,.504999999999999
s6-inproc-parents,base,3,dr,dr|fast-balanced-panel|panel,1,400,50,total,2.069999999999999
s6-inproc-parents,base,3,dr_rc,dr|fast-repeated-cross-section|repeated-cross-section,2,400,50,setup,.2410000000000002
s6-inproc-parents,base,3,dr_rc,dr|fast-repeated-cross-section|repeated-cross-section,2,400,50,cell_extract,.1000000000000001
s6-inproc-parents,base,3,dr_rc,dr|fast-repeated-cross-section|repeated-cross-section,2,400,50,model_fit,2.884000000000001
s6-inproc-parents,base,3,dr_rc,dr|fast-repeated-cross-section|repeated-cross-section,2,400,50,if_assembly,.2260000000000001
s6-inproc-parents,base,3,dr_rc,dr|fast-repeated-cross-section|repeated-cross-section,2,400,50,cache_post,.003
s6-inproc-parents,base,3,dr_rc,dr|fast-repeated-cross-section|repeated-cross-section,2,400,50,cluster,0
s6-inproc-parents,base,3,dr_rc,dr|fast-repeated-cross-section|repeated-cross-section,2,400,50,bootstrap,0
s6-inproc-parents,base,3,dr_rc,dr|fast-repeated-cross-section|repeated-cross-section,2,400,50,aggregation,0
s6-inproc-parents,base,3,dr_rc,dr|fast-repeated-cross-section|repeated-cross-section,2,400,50,unprofiled,.714
s6-inproc-parents,base,3,dr_rc,dr|fast-repeated-cross-section|repeated-cross-section,2,400,50,total,4.168000000000001
s6-inproc-parents,base,3,reg,reg|fast-balanced-panel|panel,3,400,50,setup,.1320000000000001
s6-inproc-parents,base,3,reg,reg|fast-balanced-panel|panel,3,400,50,cell_extract,0
s6-inproc-parents,base,3,reg,reg|fast-balanced-panel|panel,3,400,50,model_fit,.4080000000000003
s6-inproc-parents,base,3,reg,reg|fast-balanced-panel|panel,3,400,50,if_assembly,.047
s6-inproc-parents,base,3,reg,reg|fast-balanced-panel|panel,3,400,50,cache_post,.003
s6-inproc-parents,base,3,reg,reg|fast-balanced-panel|panel,3,400,50,cluster,0
s6-inproc-parents,base,3,reg,reg|fast-balanced-panel|panel,3,400,50,bootstrap,0
s6-inproc-parents,base,3,reg,reg|fast-balanced-panel|panel,3,400,50,aggregation,0
s6-inproc-parents,base,3,reg,reg|fast-balanced-panel|panel,3,400,50,unprofiled,.5269999999999996
s6-inproc-parents,base,3,reg,reg|fast-balanced-panel|panel,3,400,50,total,1.117
s6-inproc-parents,base,3,ipw,ipw|fast-balanced-panel|panel,4,400,50,setup,.1260000000000001
s6-inproc-parents,base,3,ipw,ipw|fast-balanced-panel|panel,4,400,50,cell_extract,0
s6-inproc-parents,base,3,ipw,ipw|fast-balanced-panel|panel,4,400,50,model_fit,1.005000000000001
s6-inproc-parents,base,3,ipw,ipw|fast-balanced-panel|panel,4,400,50,if_assembly,.06
s6-inproc-parents,base,3,ipw,ipw|fast-balanced-panel|panel,4,400,50,cache_post,0
s6-inproc-parents,base,3,ipw,ipw|fast-balanced-panel|panel,4,400,50,cluster,0
s6-inproc-parents,base,3,ipw,ipw|fast-balanced-panel|panel,4,400,50,bootstrap,0
s6-inproc-parents,base,3,ipw,ipw|fast-balanced-panel|panel,4,400,50,aggregation,0
s6-inproc-parents,base,3,ipw,ipw|fast-balanced-panel|panel,4,400,50,unprofiled,.546999999999999
s6-inproc-parents,base,3,ipw,ipw|fast-balanced-panel|panel,4,400,50,total,1.738
s6-inproc-parents,head,3,dr,dr|fast-balanced-panel|panel,1,400,50,setup,.1290000000000001
s6-inproc-parents,head,3,dr,dr|fast-balanced-panel|panel,1,400,50,cell_extract,0
s6-inproc-parents,head,3,dr,dr|fast-balanced-panel|panel,1,400,50,model_fit,1.394
s6-inproc-parents,head,3,dr,dr|fast-balanced-panel|panel,1,400,50,if_assembly,.055
s6-inproc-parents,head,3,dr,dr|fast-balanced-panel|panel,1,400,50,cache_post,.001
s6-inproc-parents,head,3,dr,dr|fast-balanced-panel|panel,1,400,50,cluster,0
s6-inproc-parents,head,3,dr,dr|fast-balanced-panel|panel,1,400,50,bootstrap,0
s6-inproc-parents,head,3,dr,dr|fast-balanced-panel|panel,1,400,50,aggregation,0
s6-inproc-parents,head,3,dr,dr|fast-balanced-panel|panel,1,400,50,unprofiled,.494
s6-inproc-parents,head,3,dr,dr|fast-balanced-panel|panel,1,400,50,total,2.073
s6-inproc-parents,head,3,dr_rc,dr|fast-repeated-cross-section|repeated-cross-section,2,400,50,setup,.2460000000000002
s6-inproc-parents,head,3,dr_rc,dr|fast-repeated-cross-section|repeated-cross-section,2,400,50,cell_extract,.038
s6-inproc-parents,head,3,dr_rc,dr|fast-repeated-cross-section|repeated-cross-section,2,400,50,model_fit,2.906
s6-inproc-parents,head,3,dr_rc,dr|fast-repeated-cross-section|repeated-cross-section,2,400,50,if_assembly,.2070000000000001
s6-inproc-parents,head,3,dr_rc,dr|fast-repeated-cross-section|repeated-cross-section,2,400,50,cache_post,.002
s6-inproc-parents,head,3,dr_rc,dr|fast-repeated-cross-section|repeated-cross-section,2,400,50,cluster,0
s6-inproc-parents,head,3,dr_rc,dr|fast-repeated-cross-section|repeated-cross-section,2,400,50,bootstrap,0
s6-inproc-parents,head,3,dr_rc,dr|fast-repeated-cross-section|repeated-cross-section,2,400,50,aggregation,0
s6-inproc-parents,head,3,dr_rc,dr|fast-repeated-cross-section|repeated-cross-section,2,400,50,unprofiled,.6889999999999992
s6-inproc-parents,head,3,dr_rc,dr|fast-repeated-cross-section|repeated-cross-section,2,400,50,total,4.087999999999999
s6-inproc-parents,head,3,reg,reg|fast-balanced-panel|panel,3,400,50,setup,.1350000000000001
s6-inproc-parents,head,3,reg,reg|fast-balanced-panel|panel,3,400,50,cell_extract,0
s6-inproc-parents,head,3,reg,reg|fast-balanced-panel|panel,3,400,50,model_fit,.3930000000000003
s6-inproc-parents,head,3,reg,reg|fast-balanced-panel|panel,3,400,50,if_assembly,.051
s6-inproc-parents,head,3,reg,reg|fast-balanced-panel|panel,3,400,50,cache_post,0
s6-inproc-parents,head,3,reg,reg|fast-balanced-panel|panel,3,400,50,cluster,0
s6-inproc-parents,head,3,reg,reg|fast-balanced-panel|panel,3,400,50,bootstrap,0
s6-inproc-parents,head,3,reg,reg|fast-balanced-panel|panel,3,400,50,aggregation,0
s6-inproc-parents,head,3,reg,reg|fast-balanced-panel|panel,3,400,50,unprofiled,.5429999999999997
s6-inproc-parents,head,3,reg,reg|fast-balanced-panel|panel,3,400,50,total,1.122
s6-inproc-parents,head,3,ipw,ipw|fast-balanced-panel|panel,4,400,50,setup,.1300000000000001
s6-inproc-parents,head,3,ipw,ipw|fast-balanced-panel|panel,4,400,50,cell_extract,0
s6-inproc-parents,head,3,ipw,ipw|fast-balanced-panel|panel,4,400,50,model_fit,1.013000000000001
s6-inproc-parents,head,3,ipw,ipw|fast-balanced-panel|panel,4,400,50,if_assembly,.06
s6-inproc-parents,head,3,ipw,ipw|fast-balanced-panel|panel,4,400,50,cache_post,.001
s6-inproc-parents,head,3,ipw,ipw|fast-balanced-panel|panel,4,400,50,cluster,0
s6-inproc-parents,head,3,ipw,ipw|fast-balanced-panel|panel,4,400,50,bootstrap,0
s6-inproc-parents,head,3,ipw,ipw|fast-balanced-panel|panel,4,400,50,aggregation,0
s6-inproc-parents,head,3,ipw,ipw|fast-balanced-panel|panel,4,400,50,unprofiled,.5459999999999989
s6-inproc-parents,head,3,ipw,ipw|fast-balanced-panel|panel,4,400,50,total,1.75
s6-inproc-parents,s4,3,dr,dr|fast-balanced-panel|panel,1,400,50,setup,.1250000000000001
s6-inproc-parents,s4,3,dr,dr|fast-balanced-panel|panel,1,400,50,cell_extract,0
s6-inproc-parents,s4,3,dr,dr|fast-balanced-panel|panel,1,400,50,model_fit,1.386
s6-inproc-parents,s4,3,dr,dr|fast-balanced-panel|panel,1,400,50,if_assembly,.055
s6-inproc-parents,s4,3,dr,dr|fast-balanced-panel|panel,1,400,50,cache_post,.002
s6-inproc-parents,s4,3,dr,dr|fast-balanced-panel|panel,1,400,50,cluster,0
s6-inproc-parents,s4,3,dr,dr|fast-balanced-panel|panel,1,400,50,bootstrap,0
s6-inproc-parents,s4,3,dr,dr|fast-balanced-panel|panel,1,400,50,aggregation,0
s6-inproc-parents,s4,3,dr,dr|fast-balanced-panel|panel,1,400,50,unprofiled,.52
s6-inproc-parents,s4,3,dr,dr|fast-balanced-panel|panel,1,400,50,total,2.088
s6-inproc-parents,s4,3,dr_rc,dr|fast-repeated-cross-section|repeated-cross-section,2,400,50,setup,.2480000000000001
s6-inproc-parents,s4,3,dr_rc,dr|fast-repeated-cross-section|repeated-cross-section,2,400,50,cell_extract,.037
s6-inproc-parents,s4,3,dr_rc,dr|fast-repeated-cross-section|repeated-cross-section,2,400,50,model_fit,2.977000000000001
s6-inproc-parents,s4,3,dr_rc,dr|fast-repeated-cross-section|repeated-cross-section,2,400,50,if_assembly,.1980000000000001
s6-inproc-parents,s4,3,dr_rc,dr|fast-repeated-cross-section|repeated-cross-section,2,400,50,cache_post,.004
s6-inproc-parents,s4,3,dr_rc,dr|fast-repeated-cross-section|repeated-cross-section,2,400,50,cluster,0
s6-inproc-parents,s4,3,dr_rc,dr|fast-repeated-cross-section|repeated-cross-section,2,400,50,bootstrap,0
s6-inproc-parents,s4,3,dr_rc,dr|fast-repeated-cross-section|repeated-cross-section,2,400,50,aggregation,0
s6-inproc-parents,s4,3,dr_rc,dr|fast-repeated-cross-section|repeated-cross-section,2,400,50,unprofiled,.6899999999999999
s6-inproc-parents,s4,3,dr_rc,dr|fast-repeated-cross-section|repeated-cross-section,2,400,50,total,4.154000000000001
s6-inproc-parents,s4,3,reg,reg|fast-balanced-panel|panel,3,400,50,setup,.1260000000000001
s6-inproc-parents,s4,3,reg,reg|fast-balanced-panel|panel,3,400,50,cell_extract,0
s6-inproc-parents,s4,3,reg,reg|fast-balanced-panel|panel,3,400,50,model_fit,.4120000000000003
s6-inproc-parents,s4,3,reg,reg|fast-balanced-panel|panel,3,400,50,if_assembly,.042
s6-inproc-parents,s4,3,reg,reg|fast-balanced-panel|panel,3,400,50,cache_post,.004
s6-inproc-parents,s4,3,reg,reg|fast-balanced-panel|panel,3,400,50,cluster,0
s6-inproc-parents,s4,3,reg,reg|fast-balanced-panel|panel,3,400,50,bootstrap,0
s6-inproc-parents,s4,3,reg,reg|fast-balanced-panel|panel,3,400,50,aggregation,0
s6-inproc-parents,s4,3,reg,reg|fast-balanced-panel|panel,3,400,50,unprofiled,.5269999999999995
s6-inproc-parents,s4,3,reg,reg|fast-balanced-panel|panel,3,400,50,total,1.111
s6-inproc-parents,s4,3,ipw,ipw|fast-balanced-panel|panel,4,400,50,setup,.1200000000000001
s6-inproc-parents,s4,3,ipw,ipw|fast-balanced-panel|panel,4,400,50,cell_extract,0
s6-inproc-parents,s4,3,ipw,ipw|fast-balanced-panel|panel,4,400,50,model_fit,1.020000000000001
s6-inproc-parents,s4,3,ipw,ipw|fast-balanced-panel|panel,4,400,50,if_assembly,.058
s6-inproc-parents,s4,3,ipw,ipw|fast-balanced-panel|panel,4,400,50,cache_post,0
s6-inproc-parents,s4,3,ipw,ipw|fast-balanced-panel|panel,4,400,50,cluster,0
s6-inproc-parents,s4,3,ipw,ipw|fast-balanced-panel|panel,4,400,50,bootstrap,0
s6-inproc-parents,s4,3,ipw,ipw|fast-balanced-panel|panel,4,400,50,aggregation,0
s6-inproc-parents,s4,3,ipw,ipw|fast-balanced-panel|panel,4,400,50,unprofiled,.5439999999999989
s6-inproc-parents,s4,3,ipw,ipw|fast-balanced-panel|panel,4,400,50,total,1.742
s6-inproc-parents,base,4,dr,dr|fast-balanced-panel|panel,1,400,50,setup,.1260000000000001
s6-inproc-parents,base,4,dr,dr|fast-balanced-panel|panel,1,400,50,cell_extract,0
s6-inproc-parents,base,4,dr,dr|fast-balanced-panel|panel,1,400,50,model_fit,1.358000000000001
s6-inproc-parents,base,4,dr,dr|fast-balanced-panel|panel,1,400,50,if_assembly,.056
s6-inproc-parents,base,4,dr,dr|fast-balanced-panel|panel,1,400,50,cache_post,.003
s6-inproc-parents,base,4,dr,dr|fast-balanced-panel|panel,1,400,50,cluster,0
s6-inproc-parents,base,4,dr,dr|fast-balanced-panel|panel,1,400,50,bootstrap,0
s6-inproc-parents,base,4,dr,dr|fast-balanced-panel|panel,1,400,50,aggregation,0
s6-inproc-parents,base,4,dr,dr|fast-balanced-panel|panel,1,400,50,unprofiled,.5279999999999978
s6-inproc-parents,base,4,dr,dr|fast-balanced-panel|panel,1,400,50,total,2.070999999999999
s6-inproc-parents,base,4,ipw,ipw|fast-balanced-panel|panel,2,400,50,setup,.1290000000000001
s6-inproc-parents,base,4,ipw,ipw|fast-balanced-panel|panel,2,400,50,cell_extract,0
s6-inproc-parents,base,4,ipw,ipw|fast-balanced-panel|panel,2,400,50,model_fit,.9790000000000008
s6-inproc-parents,base,4,ipw,ipw|fast-balanced-panel|panel,2,400,50,if_assembly,.063
s6-inproc-parents,base,4,ipw,ipw|fast-balanced-panel|panel,2,400,50,cache_post,.002
s6-inproc-parents,base,4,ipw,ipw|fast-balanced-panel|panel,2,400,50,cluster,0
s6-inproc-parents,base,4,ipw,ipw|fast-balanced-panel|panel,2,400,50,bootstrap,0
s6-inproc-parents,base,4,ipw,ipw|fast-balanced-panel|panel,2,400,50,aggregation,0
s6-inproc-parents,base,4,ipw,ipw|fast-balanced-panel|panel,2,400,50,unprofiled,.52
s6-inproc-parents,base,4,ipw,ipw|fast-balanced-panel|panel,2,400,50,total,1.693000000000001
s6-inproc-parents,base,4,reg,reg|fast-balanced-panel|panel,3,400,50,setup,.1200000000000001
s6-inproc-parents,base,4,reg,reg|fast-balanced-panel|panel,3,400,50,cell_extract,0
s6-inproc-parents,base,4,reg,reg|fast-balanced-panel|panel,3,400,50,model_fit,.3830000000000003
s6-inproc-parents,base,4,reg,reg|fast-balanced-panel|panel,3,400,50,if_assembly,.052
s6-inproc-parents,base,4,reg,reg|fast-balanced-panel|panel,3,400,50,cache_post,.005
s6-inproc-parents,base,4,reg,reg|fast-balanced-panel|panel,3,400,50,cluster,0
s6-inproc-parents,base,4,reg,reg|fast-balanced-panel|panel,3,400,50,bootstrap,0
s6-inproc-parents,base,4,reg,reg|fast-balanced-panel|panel,3,400,50,aggregation,0
s6-inproc-parents,base,4,reg,reg|fast-balanced-panel|panel,3,400,50,unprofiled,.5129999999999996
s6-inproc-parents,base,4,reg,reg|fast-balanced-panel|panel,3,400,50,total,1.073
s6-inproc-parents,base,4,dr_rc,dr|fast-repeated-cross-section|repeated-cross-section,4,400,50,setup,.2430000000000002
s6-inproc-parents,base,4,dr_rc,dr|fast-repeated-cross-section|repeated-cross-section,4,400,50,cell_extract,.1000000000000001
s6-inproc-parents,base,4,dr_rc,dr|fast-repeated-cross-section|repeated-cross-section,4,400,50,model_fit,2.919
s6-inproc-parents,base,4,dr_rc,dr|fast-repeated-cross-section|repeated-cross-section,4,400,50,if_assembly,.2090000000000001
s6-inproc-parents,base,4,dr_rc,dr|fast-repeated-cross-section|repeated-cross-section,4,400,50,cache_post,.001
s6-inproc-parents,base,4,dr_rc,dr|fast-repeated-cross-section|repeated-cross-section,4,400,50,cluster,0
s6-inproc-parents,base,4,dr_rc,dr|fast-repeated-cross-section|repeated-cross-section,4,400,50,bootstrap,0
s6-inproc-parents,base,4,dr_rc,dr|fast-repeated-cross-section|repeated-cross-section,4,400,50,aggregation,0
s6-inproc-parents,base,4,dr_rc,dr|fast-repeated-cross-section|repeated-cross-section,4,400,50,unprofiled,.6840000000000006
s6-inproc-parents,base,4,dr_rc,dr|fast-repeated-cross-section|repeated-cross-section,4,400,50,total,4.156000000000001
s6-inproc-parents,s4,4,dr,dr|fast-balanced-panel|panel,1,400,50,setup,.1280000000000001
s6-inproc-parents,s4,4,dr,dr|fast-balanced-panel|panel,1,400,50,cell_extract,0
s6-inproc-parents,s4,4,dr,dr|fast-balanced-panel|panel,1,400,50,model_fit,1.372
s6-inproc-parents,s4,4,dr,dr|fast-balanced-panel|panel,1,400,50,if_assembly,.053
s6-inproc-parents,s4,4,dr,dr|fast-balanced-panel|panel,1,400,50,cache_post,.003
s6-inproc-parents,s4,4,dr,dr|fast-balanced-panel|panel,1,400,50,cluster,0
s6-inproc-parents,s4,4,dr,dr|fast-balanced-panel|panel,1,400,50,bootstrap,0
s6-inproc-parents,s4,4,dr,dr|fast-balanced-panel|panel,1,400,50,aggregation,0
s6-inproc-parents,s4,4,dr,dr|fast-balanced-panel|panel,1,400,50,unprofiled,.5209999999999999
s6-inproc-parents,s4,4,dr,dr|fast-balanced-panel|panel,1,400,50,total,2.077
s6-inproc-parents,s4,4,ipw,ipw|fast-balanced-panel|panel,2,400,50,setup,.1300000000000001
s6-inproc-parents,s4,4,ipw,ipw|fast-balanced-panel|panel,2,400,50,cell_extract,0
s6-inproc-parents,s4,4,ipw,ipw|fast-balanced-panel|panel,2,400,50,model_fit,.9980000000000008
s6-inproc-parents,s4,4,ipw,ipw|fast-balanced-panel|panel,2,400,50,if_assembly,.058
s6-inproc-parents,s4,4,ipw,ipw|fast-balanced-panel|panel,2,400,50,cache_post,.001
s6-inproc-parents,s4,4,ipw,ipw|fast-balanced-panel|panel,2,400,50,cluster,0
s6-inproc-parents,s4,4,ipw,ipw|fast-balanced-panel|panel,2,400,50,bootstrap,0
s6-inproc-parents,s4,4,ipw,ipw|fast-balanced-panel|panel,2,400,50,aggregation,0
s6-inproc-parents,s4,4,ipw,ipw|fast-balanced-panel|panel,2,400,50,unprofiled,.500999999999999
s6-inproc-parents,s4,4,ipw,ipw|fast-balanced-panel|panel,2,400,50,total,1.688
s6-inproc-parents,s4,4,reg,reg|fast-balanced-panel|panel,3,400,50,setup,.1240000000000001
s6-inproc-parents,s4,4,reg,reg|fast-balanced-panel|panel,3,400,50,cell_extract,0
s6-inproc-parents,s4,4,reg,reg|fast-balanced-panel|panel,3,400,50,model_fit,.3910000000000003
s6-inproc-parents,s4,4,reg,reg|fast-balanced-panel|panel,3,400,50,if_assembly,.045
s6-inproc-parents,s4,4,reg,reg|fast-balanced-panel|panel,3,400,50,cache_post,.001
s6-inproc-parents,s4,4,reg,reg|fast-balanced-panel|panel,3,400,50,cluster,0
s6-inproc-parents,s4,4,reg,reg|fast-balanced-panel|panel,3,400,50,bootstrap,0
s6-inproc-parents,s4,4,reg,reg|fast-balanced-panel|panel,3,400,50,aggregation,0
s6-inproc-parents,s4,4,reg,reg|fast-balanced-panel|panel,3,400,50,unprofiled,.5139999999999996
s6-inproc-parents,s4,4,reg,reg|fast-balanced-panel|panel,3,400,50,total,1.075
s6-inproc-parents,s4,4,dr_rc,dr|fast-repeated-cross-section|repeated-cross-section,4,400,50,setup,.2440000000000001
s6-inproc-parents,s4,4,dr_rc,dr|fast-repeated-cross-section|repeated-cross-section,4,400,50,cell_extract,.043
s6-inproc-parents,s4,4,dr_rc,dr|fast-repeated-cross-section|repeated-cross-section,4,400,50,model_fit,2.903000000000002
s6-inproc-parents,s4,4,dr_rc,dr|fast-repeated-cross-section|repeated-cross-section,4,400,50,if_assembly,.2290000000000001
s6-inproc-parents,s4,4,dr_rc,dr|fast-repeated-cross-section|repeated-cross-section,4,400,50,cache_post,.002
s6-inproc-parents,s4,4,dr_rc,dr|fast-repeated-cross-section|repeated-cross-section,4,400,50,cluster,0
s6-inproc-parents,s4,4,dr_rc,dr|fast-repeated-cross-section|repeated-cross-section,4,400,50,bootstrap,0
s6-inproc-parents,s4,4,dr_rc,dr|fast-repeated-cross-section|repeated-cross-section,4,400,50,aggregation,0
s6-inproc-parents,s4,4,dr_rc,dr|fast-repeated-cross-section|repeated-cross-section,4,400,50,unprofiled,.6689999999999969
s6-inproc-parents,s4,4,dr_rc,dr|fast-repeated-cross-section|repeated-cross-section,4,400,50,total,4.089999999999999
s6-inproc-parents,head,4,dr,dr|fast-balanced-panel|panel,1,400,50,setup,.1260000000000001
s6-inproc-parents,head,4,dr,dr|fast-balanced-panel|panel,1,400,50,cell_extract,0
s6-inproc-parents,head,4,dr,dr|fast-balanced-panel|panel,1,400,50,model_fit,1.386
s6-inproc-parents,head,4,dr,dr|fast-balanced-panel|panel,1,400,50,if_assembly,.055
s6-inproc-parents,head,4,dr,dr|fast-balanced-panel|panel,1,400,50,cache_post,.002
s6-inproc-parents,head,4,dr,dr|fast-balanced-panel|panel,1,400,50,cluster,0
s6-inproc-parents,head,4,dr,dr|fast-balanced-panel|panel,1,400,50,bootstrap,0
s6-inproc-parents,head,4,dr,dr|fast-balanced-panel|panel,1,400,50,aggregation,0
s6-inproc-parents,head,4,dr,dr|fast-balanced-panel|panel,1,400,50,unprofiled,.5100000000000002
s6-inproc-parents,head,4,dr,dr|fast-balanced-panel|panel,1,400,50,total,2.079
s6-inproc-parents,head,4,ipw,ipw|fast-balanced-panel|panel,2,400,50,setup,.1220000000000001
s6-inproc-parents,head,4,ipw,ipw|fast-balanced-panel|panel,2,400,50,cell_extract,0
s6-inproc-parents,head,4,ipw,ipw|fast-balanced-panel|panel,2,400,50,model_fit,1.012000000000001
s6-inproc-parents,head,4,ipw,ipw|fast-balanced-panel|panel,2,400,50,if_assembly,.052
s6-inproc-parents,head,4,ipw,ipw|fast-balanced-panel|panel,2,400,50,cache_post,.003
s6-inproc-parents,head,4,ipw,ipw|fast-balanced-panel|panel,2,400,50,cluster,0
s6-inproc-parents,head,4,ipw,ipw|fast-balanced-panel|panel,2,400,50,bootstrap,0
s6-inproc-parents,head,4,ipw,ipw|fast-balanced-panel|panel,2,400,50,aggregation,0
s6-inproc-parents,head,4,ipw,ipw|fast-balanced-panel|panel,2,400,50,unprofiled,.5059999999999991
s6-inproc-parents,head,4,ipw,ipw|fast-balanced-panel|panel,2,400,50,total,1.695
s6-inproc-parents,head,4,reg,reg|fast-balanced-panel|panel,3,400,50,setup,.1250000000000001
s6-inproc-parents,head,4,reg,reg|fast-balanced-panel|panel,3,400,50,cell_extract,0
s6-inproc-parents,head,4,reg,reg|fast-balanced-panel|panel,3,400,50,model_fit,.3830000000000003
s6-inproc-parents,head,4,reg,reg|fast-balanced-panel|panel,3,400,50,if_assembly,.051
s6-inproc-parents,head,4,reg,reg|fast-balanced-panel|panel,3,400,50,cache_post,.003
s6-inproc-parents,head,4,reg,reg|fast-balanced-panel|panel,3,400,50,cluster,0
s6-inproc-parents,head,4,reg,reg|fast-balanced-panel|panel,3,400,50,bootstrap,0
s6-inproc-parents,head,4,reg,reg|fast-balanced-panel|panel,3,400,50,aggregation,0
s6-inproc-parents,head,4,reg,reg|fast-balanced-panel|panel,3,400,50,unprofiled,.5060000000000004
s6-inproc-parents,head,4,reg,reg|fast-balanced-panel|panel,3,400,50,total,1.068000000000001
s6-inproc-parents,head,4,dr_rc,dr|fast-repeated-cross-section|repeated-cross-section,4,400,50,setup,.2450000000000001
s6-inproc-parents,head,4,dr_rc,dr|fast-repeated-cross-section|repeated-cross-section,4,400,50,cell_extract,.039
s6-inproc-parents,head,4,dr_rc,dr|fast-repeated-cross-section|repeated-cross-section,4,400,50,model_fit,2.922000000000001
s6-inproc-parents,head,4,dr_rc,dr|fast-repeated-cross-section|repeated-cross-section,4,400,50,if_assembly,.2060000000000001
s6-inproc-parents,head,4,dr_rc,dr|fast-repeated-cross-section|repeated-cross-section,4,400,50,cache_post,.004
s6-inproc-parents,head,4,dr_rc,dr|fast-repeated-cross-section|repeated-cross-section,4,400,50,cluster,0
s6-inproc-parents,head,4,dr_rc,dr|fast-repeated-cross-section|repeated-cross-section,4,400,50,bootstrap,0
s6-inproc-parents,head,4,dr_rc,dr|fast-repeated-cross-section|repeated-cross-section,4,400,50,aggregation,0
s6-inproc-parents,head,4,dr_rc,dr|fast-repeated-cross-section|repeated-cross-section,4,400,50,unprofiled,.6779999999999986
s6-inproc-parents,head,4,dr_rc,dr|fast-repeated-cross-section|repeated-cross-section,4,400,50,total,4.093999999999999
s6-inproc-parents,s4,5,reg,reg|fast-balanced-panel|panel,1,400,50,setup,.1270000000000001
s6-inproc-parents,s4,5,reg,reg|fast-balanced-panel|panel,1,400,50,cell_extract,0
s6-inproc-parents,s4,5,reg,reg|fast-balanced-panel|panel,1,400,50,model_fit,.3860000000000003
s6-inproc-parents,s4,5,reg,reg|fast-balanced-panel|panel,1,400,50,if_assembly,.065
s6-inproc-parents,s4,5,reg,reg|fast-balanced-panel|panel,1,400,50,cache_post,.002
s6-inproc-parents,s4,5,reg,reg|fast-balanced-panel|panel,1,400,50,cluster,0
s6-inproc-parents,s4,5,reg,reg|fast-balanced-panel|panel,1,400,50,bootstrap,0
s6-inproc-parents,s4,5,reg,reg|fast-balanced-panel|panel,1,400,50,aggregation,0
s6-inproc-parents,s4,5,reg,reg|fast-balanced-panel|panel,1,400,50,unprofiled,.4799999999999998
s6-inproc-parents,s4,5,reg,reg|fast-balanced-panel|panel,1,400,50,total,1.06
s6-inproc-parents,s4,5,ipw,ipw|fast-balanced-panel|panel,2,400,50,setup,.1220000000000001
s6-inproc-parents,s4,5,ipw,ipw|fast-balanced-panel|panel,2,400,50,cell_extract,0
s6-inproc-parents,s4,5,ipw,ipw|fast-balanced-panel|panel,2,400,50,model_fit,1.008000000000001
s6-inproc-parents,s4,5,ipw,ipw|fast-balanced-panel|panel,2,400,50,if_assembly,.052
s6-inproc-parents,s4,5,ipw,ipw|fast-balanced-panel|panel,2,400,50,cache_post,.002
s6-inproc-parents,s4,5,ipw,ipw|fast-balanced-panel|panel,2,400,50,cluster,0
s6-inproc-parents,s4,5,ipw,ipw|fast-balanced-panel|panel,2,400,50,bootstrap,0
s6-inproc-parents,s4,5,ipw,ipw|fast-balanced-panel|panel,2,400,50,aggregation,0
s6-inproc-parents,s4,5,ipw,ipw|fast-balanced-panel|panel,2,400,50,unprofiled,.502999999999999
s6-inproc-parents,s4,5,ipw,ipw|fast-balanced-panel|panel,2,400,50,total,1.687
s6-inproc-parents,s4,5,dr,dr|fast-balanced-panel|panel,3,400,50,setup,.1260000000000001
s6-inproc-parents,s4,5,dr,dr|fast-balanced-panel|panel,3,400,50,cell_extract,0
s6-inproc-parents,s4,5,dr,dr|fast-balanced-panel|panel,3,400,50,model_fit,1.4
s6-inproc-parents,s4,5,dr,dr|fast-balanced-panel|panel,3,400,50,if_assembly,.054
s6-inproc-parents,s4,5,dr,dr|fast-balanced-panel|panel,3,400,50,cache_post,.001
s6-inproc-parents,s4,5,dr,dr|fast-balanced-panel|panel,3,400,50,cluster,0
s6-inproc-parents,s4,5,dr,dr|fast-balanced-panel|panel,3,400,50,bootstrap,0
s6-inproc-parents,s4,5,dr,dr|fast-balanced-panel|panel,3,400,50,aggregation,0
s6-inproc-parents,s4,5,dr,dr|fast-balanced-panel|panel,3,400,50,unprofiled,.5030000000000001
s6-inproc-parents,s4,5,dr,dr|fast-balanced-panel|panel,3,400,50,total,2.084
s6-inproc-parents,s4,5,dr_rc,dr|fast-repeated-cross-section|repeated-cross-section,4,400,50,setup,.2460000000000001
s6-inproc-parents,s4,5,dr_rc,dr|fast-repeated-cross-section|repeated-cross-section,4,400,50,cell_extract,.036
s6-inproc-parents,s4,5,dr_rc,dr|fast-repeated-cross-section|repeated-cross-section,4,400,50,model_fit,2.893000000000001
s6-inproc-parents,s4,5,dr_rc,dr|fast-repeated-cross-section|repeated-cross-section,4,400,50,if_assembly,.2260000000000001
s6-inproc-parents,s4,5,dr_rc,dr|fast-repeated-cross-section|repeated-cross-section,4,400,50,cache_post,.006
s6-inproc-parents,s4,5,dr_rc,dr|fast-repeated-cross-section|repeated-cross-section,4,400,50,cluster,0
s6-inproc-parents,s4,5,dr_rc,dr|fast-repeated-cross-section|repeated-cross-section,4,400,50,bootstrap,0
s6-inproc-parents,s4,5,dr_rc,dr|fast-repeated-cross-section|repeated-cross-section,4,400,50,aggregation,0
s6-inproc-parents,s4,5,dr_rc,dr|fast-repeated-cross-section|repeated-cross-section,4,400,50,unprofiled,.677999999999999
s6-inproc-parents,s4,5,dr_rc,dr|fast-repeated-cross-section|repeated-cross-section,4,400,50,total,4.085
s6-inproc-parents,base,5,reg,reg|fast-balanced-panel|panel,1,400,50,setup,.1280000000000001
s6-inproc-parents,base,5,reg,reg|fast-balanced-panel|panel,1,400,50,cell_extract,0
s6-inproc-parents,base,5,reg,reg|fast-balanced-panel|panel,1,400,50,model_fit,.3980000000000003
s6-inproc-parents,base,5,reg,reg|fast-balanced-panel|panel,1,400,50,if_assembly,.045
s6-inproc-parents,base,5,reg,reg|fast-balanced-panel|panel,1,400,50,cache_post,.001
s6-inproc-parents,base,5,reg,reg|fast-balanced-panel|panel,1,400,50,cluster,0
s6-inproc-parents,base,5,reg,reg|fast-balanced-panel|panel,1,400,50,bootstrap,0
s6-inproc-parents,base,5,reg,reg|fast-balanced-panel|panel,1,400,50,aggregation,0
s6-inproc-parents,base,5,reg,reg|fast-balanced-panel|panel,1,400,50,unprofiled,.5029999999999994
s6-inproc-parents,base,5,reg,reg|fast-balanced-panel|panel,1,400,50,total,1.075
s6-inproc-parents,base,5,ipw,ipw|fast-balanced-panel|panel,2,400,50,setup,.1240000000000001
s6-inproc-parents,base,5,ipw,ipw|fast-balanced-panel|panel,2,400,50,cell_extract,0
s6-inproc-parents,base,5,ipw,ipw|fast-balanced-panel|panel,2,400,50,model_fit,.9980000000000008
s6-inproc-parents,base,5,ipw,ipw|fast-balanced-panel|panel,2,400,50,if_assembly,.052
s6-inproc-parents,base,5,ipw,ipw|fast-balanced-panel|panel,2,400,50,cache_post,.003
s6-inproc-parents,base,5,ipw,ipw|fast-balanced-panel|panel,2,400,50,cluster,0
s6-inproc-parents,base,5,ipw,ipw|fast-balanced-panel|panel,2,400,50,bootstrap,0
s6-inproc-parents,base,5,ipw,ipw|fast-balanced-panel|panel,2,400,50,aggregation,0
s6-inproc-parents,base,5,ipw,ipw|fast-balanced-panel|panel,2,400,50,unprofiled,.5230000000000001
s6-inproc-parents,base,5,ipw,ipw|fast-balanced-panel|panel,2,400,50,total,1.700000000000001
s6-inproc-parents,base,5,dr,dr|fast-balanced-panel|panel,3,400,50,setup,.1260000000000001
s6-inproc-parents,base,5,dr,dr|fast-balanced-panel|panel,3,400,50,cell_extract,0
s6-inproc-parents,base,5,dr,dr|fast-balanced-panel|panel,3,400,50,model_fit,1.384000000000001
s6-inproc-parents,base,5,dr,dr|fast-balanced-panel|panel,3,400,50,if_assembly,.057
s6-inproc-parents,base,5,dr,dr|fast-balanced-panel|panel,3,400,50,cache_post,.004
s6-inproc-parents,base,5,dr,dr|fast-balanced-panel|panel,3,400,50,cluster,0
s6-inproc-parents,base,5,dr,dr|fast-balanced-panel|panel,3,400,50,bootstrap,0
s6-inproc-parents,base,5,dr,dr|fast-balanced-panel|panel,3,400,50,aggregation,0
s6-inproc-parents,base,5,dr,dr|fast-balanced-panel|panel,3,400,50,unprofiled,.5119999999999991
s6-inproc-parents,base,5,dr,dr|fast-balanced-panel|panel,3,400,50,total,2.083
s6-inproc-parents,base,5,dr_rc,dr|fast-repeated-cross-section|repeated-cross-section,4,400,50,setup,.2450000000000001
s6-inproc-parents,base,5,dr_rc,dr|fast-repeated-cross-section|repeated-cross-section,4,400,50,cell_extract,.1000000000000001
s6-inproc-parents,base,5,dr_rc,dr|fast-repeated-cross-section|repeated-cross-section,4,400,50,model_fit,2.914
s6-inproc-parents,base,5,dr_rc,dr|fast-repeated-cross-section|repeated-cross-section,4,400,50,if_assembly,.2210000000000001
s6-inproc-parents,base,5,dr_rc,dr|fast-repeated-cross-section|repeated-cross-section,4,400,50,cache_post,.004
s6-inproc-parents,base,5,dr_rc,dr|fast-repeated-cross-section|repeated-cross-section,4,400,50,cluster,0
s6-inproc-parents,base,5,dr_rc,dr|fast-repeated-cross-section|repeated-cross-section,4,400,50,bootstrap,0
s6-inproc-parents,base,5,dr_rc,dr|fast-repeated-cross-section|repeated-cross-section,4,400,50,aggregation,0
s6-inproc-parents,base,5,dr_rc,dr|fast-repeated-cross-section|repeated-cross-section,4,400,50,unprofiled,.6760000000000019
s6-inproc-parents,base,5,dr_rc,dr|fast-repeated-cross-section|repeated-cross-section,4,400,50,total,4.160000000000002
s6-inproc-parents,head,5,reg,reg|fast-balanced-panel|panel,1,400,50,setup,.1200000000000001
s6-inproc-parents,head,5,reg,reg|fast-balanced-panel|panel,1,400,50,cell_extract,0
s6-inproc-parents,head,5,reg,reg|fast-balanced-panel|panel,1,400,50,model_fit,.3890000000000003
s6-inproc-parents,head,5,reg,reg|fast-balanced-panel|panel,1,400,50,if_assembly,.056
s6-inproc-parents,head,5,reg,reg|fast-balanced-panel|panel,1,400,50,cache_post,.002
s6-inproc-parents,head,5,reg,reg|fast-balanced-panel|panel,1,400,50,cluster,0
s6-inproc-parents,head,5,reg,reg|fast-balanced-panel|panel,1,400,50,bootstrap,0
s6-inproc-parents,head,5,reg,reg|fast-balanced-panel|panel,1,400,50,aggregation,0
s6-inproc-parents,head,5,reg,reg|fast-balanced-panel|panel,1,400,50,unprofiled,.5000000000000007
s6-inproc-parents,head,5,reg,reg|fast-balanced-panel|panel,1,400,50,total,1.067000000000001
s6-inproc-parents,head,5,ipw,ipw|fast-balanced-panel|panel,2,400,50,setup,.1230000000000001
s6-inproc-parents,head,5,ipw,ipw|fast-balanced-panel|panel,2,400,50,cell_extract,0
s6-inproc-parents,head,5,ipw,ipw|fast-balanced-panel|panel,2,400,50,model_fit,1.008000000000001
s6-inproc-parents,head,5,ipw,ipw|fast-balanced-panel|panel,2,400,50,if_assembly,.054
s6-inproc-parents,head,5,ipw,ipw|fast-balanced-panel|panel,2,400,50,cache_post,.001
s6-inproc-parents,head,5,ipw,ipw|fast-balanced-panel|panel,2,400,50,cluster,0
s6-inproc-parents,head,5,ipw,ipw|fast-balanced-panel|panel,2,400,50,bootstrap,0
s6-inproc-parents,head,5,ipw,ipw|fast-balanced-panel|panel,2,400,50,aggregation,0
s6-inproc-parents,head,5,ipw,ipw|fast-balanced-panel|panel,2,400,50,unprofiled,.5069999999999999
s6-inproc-parents,head,5,ipw,ipw|fast-balanced-panel|panel,2,400,50,total,1.693000000000001
s6-inproc-parents,head,5,dr,dr|fast-balanced-panel|panel,3,400,50,setup,.1240000000000001
s6-inproc-parents,head,5,dr,dr|fast-balanced-panel|panel,3,400,50,cell_extract,0
s6-inproc-parents,head,5,dr,dr|fast-balanced-panel|panel,3,400,50,model_fit,1.42
s6-inproc-parents,head,5,dr,dr|fast-balanced-panel|panel,3,400,50,if_assembly,.054
s6-inproc-parents,head,5,dr,dr|fast-balanced-panel|panel,3,400,50,cache_post,.002
s6-inproc-parents,head,5,dr,dr|fast-balanced-panel|panel,3,400,50,cluster,0
s6-inproc-parents,head,5,dr,dr|fast-balanced-panel|panel,3,400,50,bootstrap,0
s6-inproc-parents,head,5,dr,dr|fast-balanced-panel|panel,3,400,50,aggregation,0
s6-inproc-parents,head,5,dr,dr|fast-balanced-panel|panel,3,400,50,unprofiled,.5019999999999998
s6-inproc-parents,head,5,dr,dr|fast-balanced-panel|panel,3,400,50,total,2.102
s6-inproc-parents,head,5,dr_rc,dr|fast-repeated-cross-section|repeated-cross-section,4,400,50,setup,.2440000000000001
s6-inproc-parents,head,5,dr_rc,dr|fast-repeated-cross-section|repeated-cross-section,4,400,50,cell_extract,.04
s6-inproc-parents,head,5,dr_rc,dr|fast-repeated-cross-section|repeated-cross-section,4,400,50,model_fit,2.931
s6-inproc-parents,head,5,dr_rc,dr|fast-repeated-cross-section|repeated-cross-section,4,400,50,if_assembly,.2020000000000001
s6-inproc-parents,head,5,dr_rc,dr|fast-repeated-cross-section|repeated-cross-section,4,400,50,cache_post,.004
s6-inproc-parents,head,5,dr_rc,dr|fast-repeated-cross-section|repeated-cross-section,4,400,50,cluster,0
s6-inproc-parents,head,5,dr_rc,dr|fast-repeated-cross-section|repeated-cross-section,4,400,50,bootstrap,0
s6-inproc-parents,head,5,dr_rc,dr|fast-repeated-cross-section|repeated-cross-section,4,400,50,aggregation,0
s6-inproc-parents,head,5,dr_rc,dr|fast-repeated-cross-section|repeated-cross-section,4,400,50,unprofiled,.706
s6-inproc-parents,head,5,dr_rc,dr|fast-repeated-cross-section|repeated-cross-section,4,400,50,total,4.127
s6-inproc-parents,s4,6,reg,reg|fast-balanced-panel|panel,1,400,50,setup,.1290000000000001
s6-inproc-parents,s4,6,reg,reg|fast-balanced-panel|panel,1,400,50,cell_extract,0
s6-inproc-parents,s4,6,reg,reg|fast-balanced-panel|panel,1,400,50,model_fit,.3920000000000003
s6-inproc-parents,s4,6,reg,reg|fast-balanced-panel|panel,1,400,50,if_assembly,.048
s6-inproc-parents,s4,6,reg,reg|fast-balanced-panel|panel,1,400,50,cache_post,.003
s6-inproc-parents,s4,6,reg,reg|fast-balanced-panel|panel,1,400,50,cluster,0
s6-inproc-parents,s4,6,reg,reg|fast-balanced-panel|panel,1,400,50,bootstrap,0
s6-inproc-parents,s4,6,reg,reg|fast-balanced-panel|panel,1,400,50,aggregation,0
s6-inproc-parents,s4,6,reg,reg|fast-balanced-panel|panel,1,400,50,unprofiled,.4989999999999996
s6-inproc-parents,s4,6,reg,reg|fast-balanced-panel|panel,1,400,50,total,1.071
s6-inproc-parents,s4,6,dr_rc,dr|fast-repeated-cross-section|repeated-cross-section,2,400,50,setup,.2460000000000002
s6-inproc-parents,s4,6,dr_rc,dr|fast-repeated-cross-section|repeated-cross-section,2,400,50,cell_extract,.033
s6-inproc-parents,s4,6,dr_rc,dr|fast-repeated-cross-section|repeated-cross-section,2,400,50,model_fit,2.937000000000001
s6-inproc-parents,s4,6,dr_rc,dr|fast-repeated-cross-section|repeated-cross-section,2,400,50,if_assembly,.2200000000000001
s6-inproc-parents,s4,6,dr_rc,dr|fast-repeated-cross-section|repeated-cross-section,2,400,50,cache_post,.003
s6-inproc-parents,s4,6,dr_rc,dr|fast-repeated-cross-section|repeated-cross-section,2,400,50,cluster,0
s6-inproc-parents,s4,6,dr_rc,dr|fast-repeated-cross-section|repeated-cross-section,2,400,50,bootstrap,0
s6-inproc-parents,s4,6,dr_rc,dr|fast-repeated-cross-section|repeated-cross-section,2,400,50,aggregation,0
s6-inproc-parents,s4,6,dr_rc,dr|fast-repeated-cross-section|repeated-cross-section,2,400,50,unprofiled,.6789999999999976
s6-inproc-parents,s4,6,dr_rc,dr|fast-repeated-cross-section|repeated-cross-section,2,400,50,total,4.117999999999999
s6-inproc-parents,s4,6,dr,dr|fast-balanced-panel|panel,3,400,50,setup,.1250000000000001
s6-inproc-parents,s4,6,dr,dr|fast-balanced-panel|panel,3,400,50,cell_extract,0
s6-inproc-parents,s4,6,dr,dr|fast-balanced-panel|panel,3,400,50,model_fit,1.409
s6-inproc-parents,s4,6,dr,dr|fast-balanced-panel|panel,3,400,50,if_assembly,.062
s6-inproc-parents,s4,6,dr,dr|fast-balanced-panel|panel,3,400,50,cache_post,0
s6-inproc-parents,s4,6,dr,dr|fast-balanced-panel|panel,3,400,50,cluster,0
s6-inproc-parents,s4,6,dr,dr|fast-balanced-panel|panel,3,400,50,bootstrap,0
s6-inproc-parents,s4,6,dr,dr|fast-balanced-panel|panel,3,400,50,aggregation,0
s6-inproc-parents,s4,6,dr,dr|fast-balanced-panel|panel,3,400,50,unprofiled,.544
s6-inproc-parents,s4,6,dr,dr|fast-balanced-panel|panel,3,400,50,total,2.14
s6-inproc-parents,s4,6,ipw,ipw|fast-balanced-panel|panel,4,400,50,setup,.1280000000000001
s6-inproc-parents,s4,6,ipw,ipw|fast-balanced-panel|panel,4,400,50,cell_extract,0
s6-inproc-parents,s4,6,ipw,ipw|fast-balanced-panel|panel,4,400,50,model_fit,.9970000000000008
s6-inproc-parents,s4,6,ipw,ipw|fast-balanced-panel|panel,4,400,50,if_assembly,.068
s6-inproc-parents,s4,6,ipw,ipw|fast-balanced-panel|panel,4,400,50,cache_post,.004
s6-inproc-parents,s4,6,ipw,ipw|fast-balanced-panel|panel,4,400,50,cluster,0
s6-inproc-parents,s4,6,ipw,ipw|fast-balanced-panel|panel,4,400,50,bootstrap,0
s6-inproc-parents,s4,6,ipw,ipw|fast-balanced-panel|panel,4,400,50,aggregation,0
s6-inproc-parents,s4,6,ipw,ipw|fast-balanced-panel|panel,4,400,50,unprofiled,.543999999999998
s6-inproc-parents,s4,6,ipw,ipw|fast-balanced-panel|panel,4,400,50,total,1.740999999999999
s6-inproc-parents,head,6,reg,reg|fast-balanced-panel|panel,1,400,50,setup,.1260000000000001
s6-inproc-parents,head,6,reg,reg|fast-balanced-panel|panel,1,400,50,cell_extract,0
s6-inproc-parents,head,6,reg,reg|fast-balanced-panel|panel,1,400,50,model_fit,.3930000000000003
s6-inproc-parents,head,6,reg,reg|fast-balanced-panel|panel,1,400,50,if_assembly,.051
s6-inproc-parents,head,6,reg,reg|fast-balanced-panel|panel,1,400,50,cache_post,.004
s6-inproc-parents,head,6,reg,reg|fast-balanced-panel|panel,1,400,50,cluster,0
s6-inproc-parents,head,6,reg,reg|fast-balanced-panel|panel,1,400,50,bootstrap,0
s6-inproc-parents,head,6,reg,reg|fast-balanced-panel|panel,1,400,50,aggregation,0
s6-inproc-parents,head,6,reg,reg|fast-balanced-panel|panel,1,400,50,unprofiled,.4989999999999996
s6-inproc-parents,head,6,reg,reg|fast-balanced-panel|panel,1,400,50,total,1.073
s6-inproc-parents,head,6,dr_rc,dr|fast-repeated-cross-section|repeated-cross-section,2,400,50,setup,.2460000000000001
s6-inproc-parents,head,6,dr_rc,dr|fast-repeated-cross-section|repeated-cross-section,2,400,50,cell_extract,.041
s6-inproc-parents,head,6,dr_rc,dr|fast-repeated-cross-section|repeated-cross-section,2,400,50,model_fit,2.910000000000001
s6-inproc-parents,head,6,dr_rc,dr|fast-repeated-cross-section|repeated-cross-section,2,400,50,if_assembly,.2100000000000001
s6-inproc-parents,head,6,dr_rc,dr|fast-repeated-cross-section|repeated-cross-section,2,400,50,cache_post,.005
s6-inproc-parents,head,6,dr_rc,dr|fast-repeated-cross-section|repeated-cross-section,2,400,50,cluster,0
s6-inproc-parents,head,6,dr_rc,dr|fast-repeated-cross-section|repeated-cross-section,2,400,50,bootstrap,0
s6-inproc-parents,head,6,dr_rc,dr|fast-repeated-cross-section|repeated-cross-section,2,400,50,aggregation,0
s6-inproc-parents,head,6,dr_rc,dr|fast-repeated-cross-section|repeated-cross-section,2,400,50,unprofiled,.6789999999999976
s6-inproc-parents,head,6,dr_rc,dr|fast-repeated-cross-section|repeated-cross-section,2,400,50,total,4.090999999999998
s6-inproc-parents,head,6,dr,dr|fast-balanced-panel|panel,3,400,50,setup,.1320000000000001
s6-inproc-parents,head,6,dr,dr|fast-balanced-panel|panel,3,400,50,cell_extract,0
s6-inproc-parents,head,6,dr,dr|fast-balanced-panel|panel,3,400,50,model_fit,1.367
s6-inproc-parents,head,6,dr,dr|fast-balanced-panel|panel,3,400,50,if_assembly,.073
s6-inproc-parents,head,6,dr,dr|fast-balanced-panel|panel,3,400,50,cache_post,.001
s6-inproc-parents,head,6,dr,dr|fast-balanced-panel|panel,3,400,50,cluster,0
s6-inproc-parents,head,6,dr,dr|fast-balanced-panel|panel,3,400,50,bootstrap,0
s6-inproc-parents,head,6,dr,dr|fast-balanced-panel|panel,3,400,50,aggregation,0
s6-inproc-parents,head,6,dr,dr|fast-balanced-panel|panel,3,400,50,unprofiled,.544
s6-inproc-parents,head,6,dr,dr|fast-balanced-panel|panel,3,400,50,total,2.117
s6-inproc-parents,head,6,ipw,ipw|fast-balanced-panel|panel,4,400,50,setup,.1330000000000001
s6-inproc-parents,head,6,ipw,ipw|fast-balanced-panel|panel,4,400,50,cell_extract,0
s6-inproc-parents,head,6,ipw,ipw|fast-balanced-panel|panel,4,400,50,model_fit,.9910000000000008
s6-inproc-parents,head,6,ipw,ipw|fast-balanced-panel|panel,4,400,50,if_assembly,.057
s6-inproc-parents,head,6,ipw,ipw|fast-balanced-panel|panel,4,400,50,cache_post,.003
s6-inproc-parents,head,6,ipw,ipw|fast-balanced-panel|panel,4,400,50,cluster,0
s6-inproc-parents,head,6,ipw,ipw|fast-balanced-panel|panel,4,400,50,bootstrap,0
s6-inproc-parents,head,6,ipw,ipw|fast-balanced-panel|panel,4,400,50,aggregation,0
s6-inproc-parents,head,6,ipw,ipw|fast-balanced-panel|panel,4,400,50,unprofiled,.532999999999999
s6-inproc-parents,head,6,ipw,ipw|fast-balanced-panel|panel,4,400,50,total,1.717
s6-inproc-parents,base,6,reg,reg|fast-balanced-panel|panel,1,400,50,setup,.1250000000000001
s6-inproc-parents,base,6,reg,reg|fast-balanced-panel|panel,1,400,50,cell_extract,0
s6-inproc-parents,base,6,reg,reg|fast-balanced-panel|panel,1,400,50,model_fit,.3770000000000003
s6-inproc-parents,base,6,reg,reg|fast-balanced-panel|panel,1,400,50,if_assembly,.051
s6-inproc-parents,base,6,reg,reg|fast-balanced-panel|panel,1,400,50,cache_post,.003
s6-inproc-parents,base,6,reg,reg|fast-balanced-panel|panel,1,400,50,cluster,0
s6-inproc-parents,base,6,reg,reg|fast-balanced-panel|panel,1,400,50,bootstrap,0
s6-inproc-parents,base,6,reg,reg|fast-balanced-panel|panel,1,400,50,aggregation,0
s6-inproc-parents,base,6,reg,reg|fast-balanced-panel|panel,1,400,50,unprofiled,.5149999999999995
s6-inproc-parents,base,6,reg,reg|fast-balanced-panel|panel,1,400,50,total,1.071
s6-inproc-parents,base,6,dr_rc,dr|fast-repeated-cross-section|repeated-cross-section,2,400,50,setup,.2430000000000002
s6-inproc-parents,base,6,dr_rc,dr|fast-repeated-cross-section|repeated-cross-section,2,400,50,cell_extract,.0980000000000001
s6-inproc-parents,base,6,dr_rc,dr|fast-repeated-cross-section|repeated-cross-section,2,400,50,model_fit,2.927000000000001
s6-inproc-parents,base,6,dr_rc,dr|fast-repeated-cross-section|repeated-cross-section,2,400,50,if_assembly,.2080000000000001
s6-inproc-parents,base,6,dr_rc,dr|fast-repeated-cross-section|repeated-cross-section,2,400,50,cache_post,.001
s6-inproc-parents,base,6,dr_rc,dr|fast-repeated-cross-section|repeated-cross-section,2,400,50,cluster,0
s6-inproc-parents,base,6,dr_rc,dr|fast-repeated-cross-section|repeated-cross-section,2,400,50,bootstrap,0
s6-inproc-parents,base,6,dr_rc,dr|fast-repeated-cross-section|repeated-cross-section,2,400,50,aggregation,0
s6-inproc-parents,base,6,dr_rc,dr|fast-repeated-cross-section|repeated-cross-section,2,400,50,unprofiled,.6770000000000005
s6-inproc-parents,base,6,dr_rc,dr|fast-repeated-cross-section|repeated-cross-section,2,400,50,total,4.154000000000002
s6-inproc-parents,base,6,dr,dr|fast-balanced-panel|panel,3,400,50,setup,.1290000000000001
s6-inproc-parents,base,6,dr,dr|fast-balanced-panel|panel,3,400,50,cell_extract,0
s6-inproc-parents,base,6,dr,dr|fast-balanced-panel|panel,3,400,50,model_fit,1.369
s6-inproc-parents,base,6,dr,dr|fast-balanced-panel|panel,3,400,50,if_assembly,.058
s6-inproc-parents,base,6,dr,dr|fast-balanced-panel|panel,3,400,50,cache_post,0
s6-inproc-parents,base,6,dr,dr|fast-balanced-panel|panel,3,400,50,cluster,0
s6-inproc-parents,base,6,dr,dr|fast-balanced-panel|panel,3,400,50,bootstrap,0
s6-inproc-parents,base,6,dr,dr|fast-balanced-panel|panel,3,400,50,aggregation,0
s6-inproc-parents,base,6,dr,dr|fast-balanced-panel|panel,3,400,50,unprofiled,.5630000000000011
s6-inproc-parents,base,6,dr,dr|fast-balanced-panel|panel,3,400,50,total,2.119000000000001
s6-inproc-parents,base,6,ipw,ipw|fast-balanced-panel|panel,4,400,50,setup,.1360000000000001
s6-inproc-parents,base,6,ipw,ipw|fast-balanced-panel|panel,4,400,50,cell_extract,0
s6-inproc-parents,base,6,ipw,ipw|fast-balanced-panel|panel,4,400,50,model_fit,1.003000000000001
s6-inproc-parents,base,6,ipw,ipw|fast-balanced-panel|panel,4,400,50,if_assembly,.054
s6-inproc-parents,base,6,ipw,ipw|fast-balanced-panel|panel,4,400,50,cache_post,.003
s6-inproc-parents,base,6,ipw,ipw|fast-balanced-panel|panel,4,400,50,cluster,0
s6-inproc-parents,base,6,ipw,ipw|fast-balanced-panel|panel,4,400,50,bootstrap,0
s6-inproc-parents,base,6,ipw,ipw|fast-balanced-panel|panel,4,400,50,aggregation,0
s6-inproc-parents,base,6,ipw,ipw|fast-balanced-panel|panel,4,400,50,unprofiled,.5399999999999989
s6-inproc-parents,base,6,ipw,ipw|fast-balanced-panel|panel,4,400,50,total,1.736
s6-inproc-parents,head,7,dr,dr|fast-balanced-panel|panel,1,400,50,setup,.1280000000000001
s6-inproc-parents,head,7,dr,dr|fast-balanced-panel|panel,1,400,50,cell_extract,0
s6-inproc-parents,head,7,dr,dr|fast-balanced-panel|panel,1,400,50,model_fit,1.399
s6-inproc-parents,head,7,dr,dr|fast-balanced-panel|panel,1,400,50,if_assembly,.045
s6-inproc-parents,head,7,dr,dr|fast-balanced-panel|panel,1,400,50,cache_post,.001
s6-inproc-parents,head,7,dr,dr|fast-balanced-panel|panel,1,400,50,cluster,0
s6-inproc-parents,head,7,dr,dr|fast-balanced-panel|panel,1,400,50,bootstrap,0
s6-inproc-parents,head,7,dr,dr|fast-balanced-panel|panel,1,400,50,aggregation,0
s6-inproc-parents,head,7,dr,dr|fast-balanced-panel|panel,1,400,50,unprofiled,.508
s6-inproc-parents,head,7,dr,dr|fast-balanced-panel|panel,1,400,50,total,2.081
s6-inproc-parents,head,7,dr_rc,dr|fast-repeated-cross-section|repeated-cross-section,2,400,50,setup,.2440000000000001
s6-inproc-parents,head,7,dr_rc,dr|fast-repeated-cross-section|repeated-cross-section,2,400,50,cell_extract,.039
s6-inproc-parents,head,7,dr_rc,dr|fast-repeated-cross-section|repeated-cross-section,2,400,50,model_fit,2.904
s6-inproc-parents,head,7,dr_rc,dr|fast-repeated-cross-section|repeated-cross-section,2,400,50,if_assembly,.2150000000000001
s6-inproc-parents,head,7,dr_rc,dr|fast-repeated-cross-section|repeated-cross-section,2,400,50,cache_post,.001
s6-inproc-parents,head,7,dr_rc,dr|fast-repeated-cross-section|repeated-cross-section,2,400,50,cluster,0
s6-inproc-parents,head,7,dr_rc,dr|fast-repeated-cross-section|repeated-cross-section,2,400,50,bootstrap,0
s6-inproc-parents,head,7,dr_rc,dr|fast-repeated-cross-section|repeated-cross-section,2,400,50,aggregation,0
s6-inproc-parents,head,7,dr_rc,dr|fast-repeated-cross-section|repeated-cross-section,2,400,50,unprofiled,.6909999999999994
s6-inproc-parents,head,7,dr_rc,dr|fast-repeated-cross-section|repeated-cross-section,2,400,50,total,4.093999999999999
s6-inproc-parents,head,7,reg,reg|fast-balanced-panel|panel,3,400,50,setup,.1320000000000001
s6-inproc-parents,head,7,reg,reg|fast-balanced-panel|panel,3,400,50,cell_extract,0
s6-inproc-parents,head,7,reg,reg|fast-balanced-panel|panel,3,400,50,model_fit,.3920000000000003
s6-inproc-parents,head,7,reg,reg|fast-balanced-panel|panel,3,400,50,if_assembly,.058
s6-inproc-parents,head,7,reg,reg|fast-balanced-panel|panel,3,400,50,cache_post,0
s6-inproc-parents,head,7,reg,reg|fast-balanced-panel|panel,3,400,50,cluster,0
s6-inproc-parents,head,7,reg,reg|fast-balanced-panel|panel,3,400,50,bootstrap,0
s6-inproc-parents,head,7,reg,reg|fast-balanced-panel|panel,3,400,50,aggregation,0
s6-inproc-parents,head,7,reg,reg|fast-balanced-panel|panel,3,400,50,unprofiled,.5289999999999996
s6-inproc-parents,head,7,reg,reg|fast-balanced-panel|panel,3,400,50,total,1.111
s6-inproc-parents,head,7,ipw,ipw|fast-balanced-panel|panel,4,400,50,setup,.1240000000000001
s6-inproc-parents,head,7,ipw,ipw|fast-balanced-panel|panel,4,400,50,cell_extract,0
s6-inproc-parents,head,7,ipw,ipw|fast-balanced-panel|panel,4,400,50,model_fit,1.007000000000001
s6-inproc-parents,head,7,ipw,ipw|fast-balanced-panel|panel,4,400,50,if_assembly,.057
s6-inproc-parents,head,7,ipw,ipw|fast-balanced-panel|panel,4,400,50,cache_post,.002
s6-inproc-parents,head,7,ipw,ipw|fast-balanced-panel|panel,4,400,50,cluster,0
s6-inproc-parents,head,7,ipw,ipw|fast-balanced-panel|panel,4,400,50,bootstrap,0
s6-inproc-parents,head,7,ipw,ipw|fast-balanced-panel|panel,4,400,50,aggregation,0
s6-inproc-parents,head,7,ipw,ipw|fast-balanced-panel|panel,4,400,50,unprofiled,.5419999999999989
s6-inproc-parents,head,7,ipw,ipw|fast-balanced-panel|panel,4,400,50,total,1.732
s6-inproc-parents,s4,7,dr,dr|fast-balanced-panel|panel,1,400,50,setup,.1230000000000001
s6-inproc-parents,s4,7,dr,dr|fast-balanced-panel|panel,1,400,50,cell_extract,0
s6-inproc-parents,s4,7,dr,dr|fast-balanced-panel|panel,1,400,50,model_fit,1.408000000000001
s6-inproc-parents,s4,7,dr,dr|fast-balanced-panel|panel,1,400,50,if_assembly,.048
s6-inproc-parents,s4,7,dr,dr|fast-balanced-panel|panel,1,400,50,cache_post,.002
s6-inproc-parents,s4,7,dr,dr|fast-balanced-panel|panel,1,400,50,cluster,0
s6-inproc-parents,s4,7,dr,dr|fast-balanced-panel|panel,1,400,50,bootstrap,0
s6-inproc-parents,s4,7,dr,dr|fast-balanced-panel|panel,1,400,50,aggregation,0
s6-inproc-parents,s4,7,dr,dr|fast-balanced-panel|panel,1,400,50,unprofiled,.4979999999999991
s6-inproc-parents,s4,7,dr,dr|fast-balanced-panel|panel,1,400,50,total,2.079
s6-inproc-parents,s4,7,dr_rc,dr|fast-repeated-cross-section|repeated-cross-section,2,400,50,setup,.2470000000000001
s6-inproc-parents,s4,7,dr_rc,dr|fast-repeated-cross-section|repeated-cross-section,2,400,50,cell_extract,.037
s6-inproc-parents,s4,7,dr_rc,dr|fast-repeated-cross-section|repeated-cross-section,2,400,50,model_fit,2.897000000000001
s6-inproc-parents,s4,7,dr_rc,dr|fast-repeated-cross-section|repeated-cross-section,2,400,50,if_assembly,.2270000000000001
s6-inproc-parents,s4,7,dr_rc,dr|fast-repeated-cross-section|repeated-cross-section,2,400,50,cache_post,.003
s6-inproc-parents,s4,7,dr_rc,dr|fast-repeated-cross-section|repeated-cross-section,2,400,50,cluster,0
s6-inproc-parents,s4,7,dr_rc,dr|fast-repeated-cross-section|repeated-cross-section,2,400,50,bootstrap,0
s6-inproc-parents,s4,7,dr_rc,dr|fast-repeated-cross-section|repeated-cross-section,2,400,50,aggregation,0
s6-inproc-parents,s4,7,dr_rc,dr|fast-repeated-cross-section|repeated-cross-section,2,400,50,unprofiled,.6789999999999972
s6-inproc-parents,s4,7,dr_rc,dr|fast-repeated-cross-section|repeated-cross-section,2,400,50,total,4.089999999999998
s6-inproc-parents,s4,7,reg,reg|fast-balanced-panel|panel,3,400,50,setup,.1310000000000001
s6-inproc-parents,s4,7,reg,reg|fast-balanced-panel|panel,3,400,50,cell_extract,0
s6-inproc-parents,s4,7,reg,reg|fast-balanced-panel|panel,3,400,50,model_fit,.3940000000000003
s6-inproc-parents,s4,7,reg,reg|fast-balanced-panel|panel,3,400,50,if_assembly,.055
s6-inproc-parents,s4,7,reg,reg|fast-balanced-panel|panel,3,400,50,cache_post,.003
s6-inproc-parents,s4,7,reg,reg|fast-balanced-panel|panel,3,400,50,cluster,0
s6-inproc-parents,s4,7,reg,reg|fast-balanced-panel|panel,3,400,50,bootstrap,0
s6-inproc-parents,s4,7,reg,reg|fast-balanced-panel|panel,3,400,50,aggregation,0
s6-inproc-parents,s4,7,reg,reg|fast-balanced-panel|panel,3,400,50,unprofiled,.5309999999999997
s6-inproc-parents,s4,7,reg,reg|fast-balanced-panel|panel,3,400,50,total,1.114
s6-inproc-parents,s4,7,ipw,ipw|fast-balanced-panel|panel,4,400,50,setup,.1330000000000001
s6-inproc-parents,s4,7,ipw,ipw|fast-balanced-panel|panel,4,400,50,cell_extract,0
s6-inproc-parents,s4,7,ipw,ipw|fast-balanced-panel|panel,4,400,50,model_fit,.9860000000000008
s6-inproc-parents,s4,7,ipw,ipw|fast-balanced-panel|panel,4,400,50,if_assembly,.064
s6-inproc-parents,s4,7,ipw,ipw|fast-balanced-panel|panel,4,400,50,cache_post,.003
s6-inproc-parents,s4,7,ipw,ipw|fast-balanced-panel|panel,4,400,50,cluster,0
s6-inproc-parents,s4,7,ipw,ipw|fast-balanced-panel|panel,4,400,50,bootstrap,0
s6-inproc-parents,s4,7,ipw,ipw|fast-balanced-panel|panel,4,400,50,aggregation,0
s6-inproc-parents,s4,7,ipw,ipw|fast-balanced-panel|panel,4,400,50,unprofiled,.5459999999999989
s6-inproc-parents,s4,7,ipw,ipw|fast-balanced-panel|panel,4,400,50,total,1.732
s6-inproc-parents,base,7,dr,dr|fast-balanced-panel|panel,1,400,50,setup,.1240000000000001
s6-inproc-parents,base,7,dr,dr|fast-balanced-panel|panel,1,400,50,cell_extract,0
s6-inproc-parents,base,7,dr,dr|fast-balanced-panel|panel,1,400,50,model_fit,1.375
s6-inproc-parents,base,7,dr,dr|fast-balanced-panel|panel,1,400,50,if_assembly,.056
s6-inproc-parents,base,7,dr,dr|fast-balanced-panel|panel,1,400,50,cache_post,0
s6-inproc-parents,base,7,dr,dr|fast-balanced-panel|panel,1,400,50,cluster,0
s6-inproc-parents,base,7,dr,dr|fast-balanced-panel|panel,1,400,50,bootstrap,0
s6-inproc-parents,base,7,dr,dr|fast-balanced-panel|panel,1,400,50,aggregation,0
s6-inproc-parents,base,7,dr,dr|fast-balanced-panel|panel,1,400,50,unprofiled,.510999999999999
s6-inproc-parents,base,7,dr,dr|fast-balanced-panel|panel,1,400,50,total,2.065999999999999
s6-inproc-parents,base,7,dr_rc,dr|fast-repeated-cross-section|repeated-cross-section,2,400,50,setup,.2460000000000001
s6-inproc-parents,base,7,dr_rc,dr|fast-repeated-cross-section|repeated-cross-section,2,400,50,cell_extract,.1010000000000001
s6-inproc-parents,base,7,dr_rc,dr|fast-repeated-cross-section|repeated-cross-section,2,400,50,model_fit,2.901
s6-inproc-parents,base,7,dr_rc,dr|fast-repeated-cross-section|repeated-cross-section,2,400,50,if_assembly,.2220000000000001
s6-inproc-parents,base,7,dr_rc,dr|fast-repeated-cross-section|repeated-cross-section,2,400,50,cache_post,.002
s6-inproc-parents,base,7,dr_rc,dr|fast-repeated-cross-section|repeated-cross-section,2,400,50,cluster,0
s6-inproc-parents,base,7,dr_rc,dr|fast-repeated-cross-section|repeated-cross-section,2,400,50,bootstrap,0
s6-inproc-parents,base,7,dr_rc,dr|fast-repeated-cross-section|repeated-cross-section,2,400,50,aggregation,0
s6-inproc-parents,base,7,dr_rc,dr|fast-repeated-cross-section|repeated-cross-section,2,400,50,unprofiled,.7000000000000024
s6-inproc-parents,base,7,dr_rc,dr|fast-repeated-cross-section|repeated-cross-section,2,400,50,total,4.172000000000002
s6-inproc-parents,base,7,reg,reg|fast-balanced-panel|panel,3,400,50,setup,.1340000000000001
s6-inproc-parents,base,7,reg,reg|fast-balanced-panel|panel,3,400,50,cell_extract,0
s6-inproc-parents,base,7,reg,reg|fast-balanced-panel|panel,3,400,50,model_fit,.3900000000000003
s6-inproc-parents,base,7,reg,reg|fast-balanced-panel|panel,3,400,50,if_assembly,.053
s6-inproc-parents,base,7,reg,reg|fast-balanced-panel|panel,3,400,50,cache_post,.002
s6-inproc-parents,base,7,reg,reg|fast-balanced-panel|panel,3,400,50,cluster,0
s6-inproc-parents,base,7,reg,reg|fast-balanced-panel|panel,3,400,50,bootstrap,0
s6-inproc-parents,base,7,reg,reg|fast-balanced-panel|panel,3,400,50,aggregation,0
s6-inproc-parents,base,7,reg,reg|fast-balanced-panel|panel,3,400,50,unprofiled,.5379999999999996
s6-inproc-parents,base,7,reg,reg|fast-balanced-panel|panel,3,400,50,total,1.117
s6-inproc-parents,base,7,ipw,ipw|fast-balanced-panel|panel,4,400,50,setup,.1330000000000001
s6-inproc-parents,base,7,ipw,ipw|fast-balanced-panel|panel,4,400,50,cell_extract,0
s6-inproc-parents,base,7,ipw,ipw|fast-balanced-panel|panel,4,400,50,model_fit,1.014000000000001
s6-inproc-parents,base,7,ipw,ipw|fast-balanced-panel|panel,4,400,50,if_assembly,.046
s6-inproc-parents,base,7,ipw,ipw|fast-balanced-panel|panel,4,400,50,cache_post,.007
s6-inproc-parents,base,7,ipw,ipw|fast-balanced-panel|panel,4,400,50,cluster,0
s6-inproc-parents,base,7,ipw,ipw|fast-balanced-panel|panel,4,400,50,bootstrap,0
s6-inproc-parents,base,7,ipw,ipw|fast-balanced-panel|panel,4,400,50,aggregation,0
s6-inproc-parents,base,7,ipw,ipw|fast-balanced-panel|panel,4,400,50,unprofiled,.538999999999999
s6-inproc-parents,base,7,ipw,ipw|fast-balanced-panel|panel,4,400,50,total,1.739
s6-inproc-parents,head,8,dr,dr|fast-balanced-panel|panel,1,400,50,setup,.1310000000000001
s6-inproc-parents,head,8,dr,dr|fast-balanced-panel|panel,1,400,50,cell_extract,0
s6-inproc-parents,head,8,dr,dr|fast-balanced-panel|panel,1,400,50,model_fit,1.375
s6-inproc-parents,head,8,dr,dr|fast-balanced-panel|panel,1,400,50,if_assembly,.062
s6-inproc-parents,head,8,dr,dr|fast-balanced-panel|panel,1,400,50,cache_post,0
s6-inproc-parents,head,8,dr,dr|fast-balanced-panel|panel,1,400,50,cluster,0
s6-inproc-parents,head,8,dr,dr|fast-balanced-panel|panel,1,400,50,bootstrap,0
s6-inproc-parents,head,8,dr,dr|fast-balanced-panel|panel,1,400,50,aggregation,0
s6-inproc-parents,head,8,dr,dr|fast-balanced-panel|panel,1,400,50,unprofiled,.5070000000000001
s6-inproc-parents,head,8,dr,dr|fast-balanced-panel|panel,1,400,50,total,2.075
s6-inproc-parents,head,8,ipw,ipw|fast-balanced-panel|panel,2,400,50,setup,.1300000000000001
s6-inproc-parents,head,8,ipw,ipw|fast-balanced-panel|panel,2,400,50,cell_extract,0
s6-inproc-parents,head,8,ipw,ipw|fast-balanced-panel|panel,2,400,50,model_fit,.9780000000000008
s6-inproc-parents,head,8,ipw,ipw|fast-balanced-panel|panel,2,400,50,if_assembly,.057
s6-inproc-parents,head,8,ipw,ipw|fast-balanced-panel|panel,2,400,50,cache_post,.002
s6-inproc-parents,head,8,ipw,ipw|fast-balanced-panel|panel,2,400,50,cluster,0
s6-inproc-parents,head,8,ipw,ipw|fast-balanced-panel|panel,2,400,50,bootstrap,0
s6-inproc-parents,head,8,ipw,ipw|fast-balanced-panel|panel,2,400,50,aggregation,0
s6-inproc-parents,head,8,ipw,ipw|fast-balanced-panel|panel,2,400,50,unprofiled,.524
s6-inproc-parents,head,8,ipw,ipw|fast-balanced-panel|panel,2,400,50,total,1.691000000000001
s6-inproc-parents,head,8,reg,reg|fast-balanced-panel|panel,3,400,50,setup,.1310000000000001
s6-inproc-parents,head,8,reg,reg|fast-balanced-panel|panel,3,400,50,cell_extract,0
s6-inproc-parents,head,8,reg,reg|fast-balanced-panel|panel,3,400,50,model_fit,.3860000000000003
s6-inproc-parents,head,8,reg,reg|fast-balanced-panel|panel,3,400,50,if_assembly,.054
s6-inproc-parents,head,8,reg,reg|fast-balanced-panel|panel,3,400,50,cache_post,.001
s6-inproc-parents,head,8,reg,reg|fast-balanced-panel|panel,3,400,50,cluster,0
s6-inproc-parents,head,8,reg,reg|fast-balanced-panel|panel,3,400,50,bootstrap,0
s6-inproc-parents,head,8,reg,reg|fast-balanced-panel|panel,3,400,50,aggregation,0
s6-inproc-parents,head,8,reg,reg|fast-balanced-panel|panel,3,400,50,unprofiled,.5689999999999996
s6-inproc-parents,head,8,reg,reg|fast-balanced-panel|panel,3,400,50,total,1.141
s6-inproc-parents,head,8,dr_rc,dr|fast-repeated-cross-section|repeated-cross-section,4,400,50,setup,.2500000000000002
s6-inproc-parents,head,8,dr_rc,dr|fast-repeated-cross-section|repeated-cross-section,4,400,50,cell_extract,.037
s6-inproc-parents,head,8,dr_rc,dr|fast-repeated-cross-section|repeated-cross-section,4,400,50,model_fit,2.957000000000001
s6-inproc-parents,head,8,dr_rc,dr|fast-repeated-cross-section|repeated-cross-section,4,400,50,if_assembly,.2180000000000001
s6-inproc-parents,head,8,dr_rc,dr|fast-repeated-cross-section|repeated-cross-section,4,400,50,cache_post,.001
s6-inproc-parents,head,8,dr_rc,dr|fast-repeated-cross-section|repeated-cross-section,4,400,50,cluster,0
s6-inproc-parents,head,8,dr_rc,dr|fast-repeated-cross-section|repeated-cross-section,4,400,50,bootstrap,0
s6-inproc-parents,head,8,dr_rc,dr|fast-repeated-cross-section|repeated-cross-section,4,400,50,aggregation,0
s6-inproc-parents,head,8,dr_rc,dr|fast-repeated-cross-section|repeated-cross-section,4,400,50,unprofiled,.7699999999999978
s6-inproc-parents,head,8,dr_rc,dr|fast-repeated-cross-section|repeated-cross-section,4,400,50,total,4.233
s6-inproc-parents,base,8,dr,dr|fast-balanced-panel|panel,1,400,50,setup,.1250000000000001
s6-inproc-parents,base,8,dr,dr|fast-balanced-panel|panel,1,400,50,cell_extract,0
s6-inproc-parents,base,8,dr,dr|fast-balanced-panel|panel,1,400,50,model_fit,1.366
s6-inproc-parents,base,8,dr,dr|fast-balanced-panel|panel,1,400,50,if_assembly,.057
s6-inproc-parents,base,8,dr,dr|fast-balanced-panel|panel,1,400,50,cache_post,.003
s6-inproc-parents,base,8,dr,dr|fast-balanced-panel|panel,1,400,50,cluster,0
s6-inproc-parents,base,8,dr,dr|fast-balanced-panel|panel,1,400,50,bootstrap,0
s6-inproc-parents,base,8,dr,dr|fast-balanced-panel|panel,1,400,50,aggregation,0
s6-inproc-parents,base,8,dr,dr|fast-balanced-panel|panel,1,400,50,unprofiled,.5080000000000002
s6-inproc-parents,base,8,dr,dr|fast-balanced-panel|panel,1,400,50,total,2.059
s6-inproc-parents,base,8,ipw,ipw|fast-balanced-panel|panel,2,400,50,setup,.1280000000000001
s6-inproc-parents,base,8,ipw,ipw|fast-balanced-panel|panel,2,400,50,cell_extract,0
s6-inproc-parents,base,8,ipw,ipw|fast-balanced-panel|panel,2,400,50,model_fit,.9690000000000007
s6-inproc-parents,base,8,ipw,ipw|fast-balanced-panel|panel,2,400,50,if_assembly,.058
s6-inproc-parents,base,8,ipw,ipw|fast-balanced-panel|panel,2,400,50,cache_post,.006
s6-inproc-parents,base,8,ipw,ipw|fast-balanced-panel|panel,2,400,50,cluster,0
s6-inproc-parents,base,8,ipw,ipw|fast-balanced-panel|panel,2,400,50,bootstrap,0
s6-inproc-parents,base,8,ipw,ipw|fast-balanced-panel|panel,2,400,50,aggregation,0
s6-inproc-parents,base,8,ipw,ipw|fast-balanced-panel|panel,2,400,50,unprofiled,.5279999999999991
s6-inproc-parents,base,8,ipw,ipw|fast-balanced-panel|panel,2,400,50,total,1.689
s6-inproc-parents,base,8,reg,reg|fast-balanced-panel|panel,3,400,50,setup,.1240000000000001
s6-inproc-parents,base,8,reg,reg|fast-balanced-panel|panel,3,400,50,cell_extract,0
s6-inproc-parents,base,8,reg,reg|fast-balanced-panel|panel,3,400,50,model_fit,.3840000000000003
s6-inproc-parents,base,8,reg,reg|fast-balanced-panel|panel,3,400,50,if_assembly,.055
s6-inproc-parents,base,8,reg,reg|fast-balanced-panel|panel,3,400,50,cache_post,.002
s6-inproc-parents,base,8,reg,reg|fast-balanced-panel|panel,3,400,50,cluster,0
s6-inproc-parents,base,8,reg,reg|fast-balanced-panel|panel,3,400,50,bootstrap,0
s6-inproc-parents,base,8,reg,reg|fast-balanced-panel|panel,3,400,50,aggregation,0
s6-inproc-parents,base,8,reg,reg|fast-balanced-panel|panel,3,400,50,unprofiled,.5050000000000006
s6-inproc-parents,base,8,reg,reg|fast-balanced-panel|panel,3,400,50,total,1.070000000000001
s6-inproc-parents,base,8,dr_rc,dr|fast-repeated-cross-section|repeated-cross-section,4,400,50,setup,.2490000000000001
s6-inproc-parents,base,8,dr_rc,dr|fast-repeated-cross-section|repeated-cross-section,4,400,50,cell_extract,.0980000000000001
s6-inproc-parents,base,8,dr_rc,dr|fast-repeated-cross-section|repeated-cross-section,4,400,50,model_fit,2.920000000000002
s6-inproc-parents,base,8,dr_rc,dr|fast-repeated-cross-section|repeated-cross-section,4,400,50,if_assembly,.2080000000000001
s6-inproc-parents,base,8,dr_rc,dr|fast-repeated-cross-section|repeated-cross-section,4,400,50,cache_post,.005
s6-inproc-parents,base,8,dr_rc,dr|fast-repeated-cross-section|repeated-cross-section,4,400,50,cluster,0
s6-inproc-parents,base,8,dr_rc,dr|fast-repeated-cross-section|repeated-cross-section,4,400,50,bootstrap,0
s6-inproc-parents,base,8,dr_rc,dr|fast-repeated-cross-section|repeated-cross-section,4,400,50,aggregation,0
s6-inproc-parents,base,8,dr_rc,dr|fast-repeated-cross-section|repeated-cross-section,4,400,50,unprofiled,.6919999999999984
s6-inproc-parents,base,8,dr_rc,dr|fast-repeated-cross-section|repeated-cross-section,4,400,50,total,4.172000000000001
s6-inproc-parents,s4,8,dr,dr|fast-balanced-panel|panel,1,400,50,setup,.1250000000000001
s6-inproc-parents,s4,8,dr,dr|fast-balanced-panel|panel,1,400,50,cell_extract,0
s6-inproc-parents,s4,8,dr,dr|fast-balanced-panel|panel,1,400,50,model_fit,1.37
s6-inproc-parents,s4,8,dr,dr|fast-balanced-panel|panel,1,400,50,if_assembly,.068
s6-inproc-parents,s4,8,dr,dr|fast-balanced-panel|panel,1,400,50,cache_post,.002
s6-inproc-parents,s4,8,dr,dr|fast-balanced-panel|panel,1,400,50,cluster,0
s6-inproc-parents,s4,8,dr,dr|fast-balanced-panel|panel,1,400,50,bootstrap,0
s6-inproc-parents,s4,8,dr,dr|fast-balanced-panel|panel,1,400,50,aggregation,0
s6-inproc-parents,s4,8,dr,dr|fast-balanced-panel|panel,1,400,50,unprofiled,.516
s6-inproc-parents,s4,8,dr,dr|fast-balanced-panel|panel,1,400,50,total,2.081
s6-inproc-parents,s4,8,ipw,ipw|fast-balanced-panel|panel,2,400,50,setup,.1220000000000001
s6-inproc-parents,s4,8,ipw,ipw|fast-balanced-panel|panel,2,400,50,cell_extract,0
s6-inproc-parents,s4,8,ipw,ipw|fast-balanced-panel|panel,2,400,50,model_fit,1.001000000000001
s6-inproc-parents,s4,8,ipw,ipw|fast-balanced-panel|panel,2,400,50,if_assembly,.046
s6-inproc-parents,s4,8,ipw,ipw|fast-balanced-panel|panel,2,400,50,cache_post,.003
s6-inproc-parents,s4,8,ipw,ipw|fast-balanced-panel|panel,2,400,50,cluster,0
s6-inproc-parents,s4,8,ipw,ipw|fast-balanced-panel|panel,2,400,50,bootstrap,0
s6-inproc-parents,s4,8,ipw,ipw|fast-balanced-panel|panel,2,400,50,aggregation,0
s6-inproc-parents,s4,8,ipw,ipw|fast-balanced-panel|panel,2,400,50,unprofiled,.5159999999999989
s6-inproc-parents,s4,8,ipw,ipw|fast-balanced-panel|panel,2,400,50,total,1.688
s6-inproc-parents,s4,8,reg,reg|fast-balanced-panel|panel,3,400,50,setup,.1260000000000001
s6-inproc-parents,s4,8,reg,reg|fast-balanced-panel|panel,3,400,50,cell_extract,0
s6-inproc-parents,s4,8,reg,reg|fast-balanced-panel|panel,3,400,50,model_fit,.3930000000000003
s6-inproc-parents,s4,8,reg,reg|fast-balanced-panel|panel,3,400,50,if_assembly,.052
s6-inproc-parents,s4,8,reg,reg|fast-balanced-panel|panel,3,400,50,cache_post,.003
s6-inproc-parents,s4,8,reg,reg|fast-balanced-panel|panel,3,400,50,cluster,0
s6-inproc-parents,s4,8,reg,reg|fast-balanced-panel|panel,3,400,50,bootstrap,0
s6-inproc-parents,s4,8,reg,reg|fast-balanced-panel|panel,3,400,50,aggregation,0
s6-inproc-parents,s4,8,reg,reg|fast-balanced-panel|panel,3,400,50,unprofiled,.5189999999999996
s6-inproc-parents,s4,8,reg,reg|fast-balanced-panel|panel,3,400,50,total,1.093
s6-inproc-parents,s4,8,dr_rc,dr|fast-repeated-cross-section|repeated-cross-section,4,400,50,setup,.2510000000000001
s6-inproc-parents,s4,8,dr_rc,dr|fast-repeated-cross-section|repeated-cross-section,4,400,50,cell_extract,.039
s6-inproc-parents,s4,8,dr_rc,dr|fast-repeated-cross-section|repeated-cross-section,4,400,50,model_fit,2.949000000000001
s6-inproc-parents,s4,8,dr_rc,dr|fast-repeated-cross-section|repeated-cross-section,4,400,50,if_assembly,.2160000000000001
s6-inproc-parents,s4,8,dr_rc,dr|fast-repeated-cross-section|repeated-cross-section,4,400,50,cache_post,.002
s6-inproc-parents,s4,8,dr_rc,dr|fast-repeated-cross-section|repeated-cross-section,4,400,50,cluster,0
s6-inproc-parents,s4,8,dr_rc,dr|fast-repeated-cross-section|repeated-cross-section,4,400,50,bootstrap,0
s6-inproc-parents,s4,8,dr_rc,dr|fast-repeated-cross-section|repeated-cross-section,4,400,50,aggregation,0
s6-inproc-parents,s4,8,dr_rc,dr|fast-repeated-cross-section|repeated-cross-section,4,400,50,unprofiled,.6759999999999979
s6-inproc-parents,s4,8,dr_rc,dr|fast-repeated-cross-section|repeated-cross-section,4,400,50,total,4.132999999999999
s6-inproc-parents,base,9,reg,reg|fast-balanced-panel|panel,1,400,50,setup,.1320000000000001
s6-inproc-parents,base,9,reg,reg|fast-balanced-panel|panel,1,400,50,cell_extract,0
s6-inproc-parents,base,9,reg,reg|fast-balanced-panel|panel,1,400,50,model_fit,.4150000000000003
s6-inproc-parents,base,9,reg,reg|fast-balanced-panel|panel,1,400,50,if_assembly,.062
s6-inproc-parents,base,9,reg,reg|fast-balanced-panel|panel,1,400,50,cache_post,0
s6-inproc-parents,base,9,reg,reg|fast-balanced-panel|panel,1,400,50,cluster,0
s6-inproc-parents,base,9,reg,reg|fast-balanced-panel|panel,1,400,50,bootstrap,0
s6-inproc-parents,base,9,reg,reg|fast-balanced-panel|panel,1,400,50,aggregation,0
s6-inproc-parents,base,9,reg,reg|fast-balanced-panel|panel,1,400,50,unprofiled,.5179999999999996
s6-inproc-parents,base,9,reg,reg|fast-balanced-panel|panel,1,400,50,total,1.127
s6-inproc-parents,base,9,ipw,ipw|fast-balanced-panel|panel,2,400,50,setup,.1270000000000001
s6-inproc-parents,base,9,ipw,ipw|fast-balanced-panel|panel,2,400,50,cell_extract,0
s6-inproc-parents,base,9,ipw,ipw|fast-balanced-panel|panel,2,400,50,model_fit,1.000000000000001
s6-inproc-parents,base,9,ipw,ipw|fast-balanced-panel|panel,2,400,50,if_assembly,.061
s6-inproc-parents,base,9,ipw,ipw|fast-balanced-panel|panel,2,400,50,cache_post,.005
s6-inproc-parents,base,9,ipw,ipw|fast-balanced-panel|panel,2,400,50,cluster,0
s6-inproc-parents,base,9,ipw,ipw|fast-balanced-panel|panel,2,400,50,bootstrap,0
s6-inproc-parents,base,9,ipw,ipw|fast-balanced-panel|panel,2,400,50,aggregation,0
s6-inproc-parents,base,9,ipw,ipw|fast-balanced-panel|panel,2,400,50,unprofiled,.528999999999999
s6-inproc-parents,base,9,ipw,ipw|fast-balanced-panel|panel,2,400,50,total,1.722
s6-inproc-parents,base,9,dr,dr|fast-balanced-panel|panel,3,400,50,setup,.1220000000000001
s6-inproc-parents,base,9,dr,dr|fast-balanced-panel|panel,3,400,50,cell_extract,0
s6-inproc-parents,base,9,dr,dr|fast-balanced-panel|panel,3,400,50,model_fit,1.394000000000001
s6-inproc-parents,base,9,dr,dr|fast-balanced-panel|panel,3,400,50,if_assembly,.051
s6-inproc-parents,base,9,dr,dr|fast-balanced-panel|panel,3,400,50,cache_post,.002
s6-inproc-parents,base,9,dr,dr|fast-balanced-panel|panel,3,400,50,cluster,0
s6-inproc-parents,base,9,dr,dr|fast-balanced-panel|panel,3,400,50,bootstrap,0
s6-inproc-parents,base,9,dr,dr|fast-balanced-panel|panel,3,400,50,aggregation,0
s6-inproc-parents,base,9,dr,dr|fast-balanced-panel|panel,3,400,50,unprofiled,.522999999999999
s6-inproc-parents,base,9,dr,dr|fast-balanced-panel|panel,3,400,50,total,2.092
s6-inproc-parents,base,9,dr_rc,dr|fast-repeated-cross-section|repeated-cross-section,4,400,50,setup,.2450000000000002
s6-inproc-parents,base,9,dr_rc,dr|fast-repeated-cross-section|repeated-cross-section,4,400,50,cell_extract,.1010000000000001
s6-inproc-parents,base,9,dr_rc,dr|fast-repeated-cross-section|repeated-cross-section,4,400,50,model_fit,2.970000000000001
s6-inproc-parents,base,9,dr_rc,dr|fast-repeated-cross-section|repeated-cross-section,4,400,50,if_assembly,.2220000000000001
s6-inproc-parents,base,9,dr_rc,dr|fast-repeated-cross-section|repeated-cross-section,4,400,50,cache_post,.004
s6-inproc-parents,base,9,dr_rc,dr|fast-repeated-cross-section|repeated-cross-section,4,400,50,cluster,0
s6-inproc-parents,base,9,dr_rc,dr|fast-repeated-cross-section|repeated-cross-section,4,400,50,bootstrap,0
s6-inproc-parents,base,9,dr_rc,dr|fast-repeated-cross-section|repeated-cross-section,4,400,50,aggregation,0
s6-inproc-parents,base,9,dr_rc,dr|fast-repeated-cross-section|repeated-cross-section,4,400,50,unprofiled,.6869999999999989
s6-inproc-parents,base,9,dr_rc,dr|fast-repeated-cross-section|repeated-cross-section,4,400,50,total,4.229000000000001
s6-inproc-parents,head,9,reg,reg|fast-balanced-panel|panel,1,400,50,setup,.1250000000000001
s6-inproc-parents,head,9,reg,reg|fast-balanced-panel|panel,1,400,50,cell_extract,0
s6-inproc-parents,head,9,reg,reg|fast-balanced-panel|panel,1,400,50,model_fit,.3930000000000003
s6-inproc-parents,head,9,reg,reg|fast-balanced-panel|panel,1,400,50,if_assembly,.045
s6-inproc-parents,head,9,reg,reg|fast-balanced-panel|panel,1,400,50,cache_post,.004
s6-inproc-parents,head,9,reg,reg|fast-balanced-panel|panel,1,400,50,cluster,0
s6-inproc-parents,head,9,reg,reg|fast-balanced-panel|panel,1,400,50,bootstrap,0
s6-inproc-parents,head,9,reg,reg|fast-balanced-panel|panel,1,400,50,aggregation,0
s6-inproc-parents,head,9,reg,reg|fast-balanced-panel|panel,1,400,50,unprofiled,.5170000000000005
s6-inproc-parents,head,9,reg,reg|fast-balanced-panel|panel,1,400,50,total,1.084000000000001
s6-inproc-parents,head,9,ipw,ipw|fast-balanced-panel|panel,2,400,50,setup,.1170000000000001
s6-inproc-parents,head,9,ipw,ipw|fast-balanced-panel|panel,2,400,50,cell_extract,0
s6-inproc-parents,head,9,ipw,ipw|fast-balanced-panel|panel,2,400,50,model_fit,1.009000000000001
s6-inproc-parents,head,9,ipw,ipw|fast-balanced-panel|panel,2,400,50,if_assembly,.041
s6-inproc-parents,head,9,ipw,ipw|fast-balanced-panel|panel,2,400,50,cache_post,.003
s6-inproc-parents,head,9,ipw,ipw|fast-balanced-panel|panel,2,400,50,cluster,0
s6-inproc-parents,head,9,ipw,ipw|fast-balanced-panel|panel,2,400,50,bootstrap,0
s6-inproc-parents,head,9,ipw,ipw|fast-balanced-panel|panel,2,400,50,aggregation,0
s6-inproc-parents,head,9,ipw,ipw|fast-balanced-panel|panel,2,400,50,unprofiled,.528
s6-inproc-parents,head,9,ipw,ipw|fast-balanced-panel|panel,2,400,50,total,1.698000000000001
s6-inproc-parents,head,9,dr,dr|fast-balanced-panel|panel,3,400,50,setup,.1290000000000001
s6-inproc-parents,head,9,dr,dr|fast-balanced-panel|panel,3,400,50,cell_extract,0
s6-inproc-parents,head,9,dr,dr|fast-balanced-panel|panel,3,400,50,model_fit,1.398
s6-inproc-parents,head,9,dr,dr|fast-balanced-panel|panel,3,400,50,if_assembly,.055
s6-inproc-parents,head,9,dr,dr|fast-balanced-panel|panel,3,400,50,cache_post,.004
s6-inproc-parents,head,9,dr,dr|fast-balanced-panel|panel,3,400,50,cluster,0
s6-inproc-parents,head,9,dr,dr|fast-balanced-panel|panel,3,400,50,bootstrap,0
s6-inproc-parents,head,9,dr,dr|fast-balanced-panel|panel,3,400,50,aggregation,0
s6-inproc-parents,head,9,dr,dr|fast-balanced-panel|panel,3,400,50,unprofiled,.5130000000000001
s6-inproc-parents,head,9,dr,dr|fast-balanced-panel|panel,3,400,50,total,2.099
s6-inproc-parents,head,9,dr_rc,dr|fast-repeated-cross-section|repeated-cross-section,4,400,50,setup,.2500000000000001
s6-inproc-parents,head,9,dr_rc,dr|fast-repeated-cross-section|repeated-cross-section,4,400,50,cell_extract,.033
s6-inproc-parents,head,9,dr_rc,dr|fast-repeated-cross-section|repeated-cross-section,4,400,50,model_fit,2.978000000000001
s6-inproc-parents,head,9,dr_rc,dr|fast-repeated-cross-section|repeated-cross-section,4,400,50,if_assembly,.2240000000000001
s6-inproc-parents,head,9,dr_rc,dr|fast-repeated-cross-section|repeated-cross-section,4,400,50,cache_post,.012
s6-inproc-parents,head,9,dr_rc,dr|fast-repeated-cross-section|repeated-cross-section,4,400,50,cluster,0
s6-inproc-parents,head,9,dr_rc,dr|fast-repeated-cross-section|repeated-cross-section,4,400,50,bootstrap,0
s6-inproc-parents,head,9,dr_rc,dr|fast-repeated-cross-section|repeated-cross-section,4,400,50,aggregation,0
s6-inproc-parents,head,9,dr_rc,dr|fast-repeated-cross-section|repeated-cross-section,4,400,50,unprofiled,.6749999999999985
s6-inproc-parents,head,9,dr_rc,dr|fast-repeated-cross-section|repeated-cross-section,4,400,50,total,4.172
s6-inproc-parents,s4,9,reg,reg|fast-balanced-panel|panel,1,400,50,setup,.1210000000000001
s6-inproc-parents,s4,9,reg,reg|fast-balanced-panel|panel,1,400,50,cell_extract,0
s6-inproc-parents,s4,9,reg,reg|fast-balanced-panel|panel,1,400,50,model_fit,.3740000000000003
s6-inproc-parents,s4,9,reg,reg|fast-balanced-panel|panel,1,400,50,if_assembly,.06
s6-inproc-parents,s4,9,reg,reg|fast-balanced-panel|panel,1,400,50,cache_post,.005
s6-inproc-parents,s4,9,reg,reg|fast-balanced-panel|panel,1,400,50,cluster,0
s6-inproc-parents,s4,9,reg,reg|fast-balanced-panel|panel,1,400,50,bootstrap,0
s6-inproc-parents,s4,9,reg,reg|fast-balanced-panel|panel,1,400,50,aggregation,0
s6-inproc-parents,s4,9,reg,reg|fast-balanced-panel|panel,1,400,50,unprofiled,.5039999999999997
s6-inproc-parents,s4,9,reg,reg|fast-balanced-panel|panel,1,400,50,total,1.064
s6-inproc-parents,s4,9,ipw,ipw|fast-balanced-panel|panel,2,400,50,setup,.1260000000000001
s6-inproc-parents,s4,9,ipw,ipw|fast-balanced-panel|panel,2,400,50,cell_extract,0
s6-inproc-parents,s4,9,ipw,ipw|fast-balanced-panel|panel,2,400,50,model_fit,.9980000000000008
s6-inproc-parents,s4,9,ipw,ipw|fast-balanced-panel|panel,2,400,50,if_assembly,.048
s6-inproc-parents,s4,9,ipw,ipw|fast-balanced-panel|panel,2,400,50,cache_post,.004
s6-inproc-parents,s4,9,ipw,ipw|fast-balanced-panel|panel,2,400,50,cluster,0
s6-inproc-parents,s4,9,ipw,ipw|fast-balanced-panel|panel,2,400,50,bootstrap,0
s6-inproc-parents,s4,9,ipw,ipw|fast-balanced-panel|panel,2,400,50,aggregation,0
s6-inproc-parents,s4,9,ipw,ipw|fast-balanced-panel|panel,2,400,50,unprofiled,.510999999999999
s6-inproc-parents,s4,9,ipw,ipw|fast-balanced-panel|panel,2,400,50,total,1.687
s6-inproc-parents,s4,9,dr,dr|fast-balanced-panel|panel,3,400,50,setup,.1270000000000001
s6-inproc-parents,s4,9,dr,dr|fast-balanced-panel|panel,3,400,50,cell_extract,0
s6-inproc-parents,s4,9,dr,dr|fast-balanced-panel|panel,3,400,50,model_fit,1.401
s6-inproc-parents,s4,9,dr,dr|fast-balanced-panel|panel,3,400,50,if_assembly,.048
s6-inproc-parents,s4,9,dr,dr|fast-balanced-panel|panel,3,400,50,cache_post,.003
s6-inproc-parents,s4,9,dr,dr|fast-balanced-panel|panel,3,400,50,cluster,0
s6-inproc-parents,s4,9,dr,dr|fast-balanced-panel|panel,3,400,50,bootstrap,0
s6-inproc-parents,s4,9,dr,dr|fast-balanced-panel|panel,3,400,50,aggregation,0
s6-inproc-parents,s4,9,dr,dr|fast-balanced-panel|panel,3,400,50,unprofiled,.5119999999999989
s6-inproc-parents,s4,9,dr,dr|fast-balanced-panel|panel,3,400,50,total,2.090999999999999
s6-inproc-parents,s4,9,dr_rc,dr|fast-repeated-cross-section|repeated-cross-section,4,400,50,setup,.2460000000000002
s6-inproc-parents,s4,9,dr_rc,dr|fast-repeated-cross-section|repeated-cross-section,4,400,50,cell_extract,.04
s6-inproc-parents,s4,9,dr_rc,dr|fast-repeated-cross-section|repeated-cross-section,4,400,50,model_fit,2.923000000000001
s6-inproc-parents,s4,9,dr_rc,dr|fast-repeated-cross-section|repeated-cross-section,4,400,50,if_assembly,.2100000000000001
s6-inproc-parents,s4,9,dr_rc,dr|fast-repeated-cross-section|repeated-cross-section,4,400,50,cache_post,.007
s6-inproc-parents,s4,9,dr_rc,dr|fast-repeated-cross-section|repeated-cross-section,4,400,50,cluster,0
s6-inproc-parents,s4,9,dr_rc,dr|fast-repeated-cross-section|repeated-cross-section,4,400,50,bootstrap,0
s6-inproc-parents,s4,9,dr_rc,dr|fast-repeated-cross-section|repeated-cross-section,4,400,50,aggregation,0
s6-inproc-parents,s4,9,dr_rc,dr|fast-repeated-cross-section|repeated-cross-section,4,400,50,unprofiled,.6759999999999984
s6-inproc-parents,s4,9,dr_rc,dr|fast-repeated-cross-section|repeated-cross-section,4,400,50,total,4.101999999999999
s6-inproc-parents,base,10,reg,reg|fast-balanced-panel|panel,1,400,50,setup,.1230000000000001
s6-inproc-parents,base,10,reg,reg|fast-balanced-panel|panel,1,400,50,cell_extract,0
s6-inproc-parents,base,10,reg,reg|fast-balanced-panel|panel,1,400,50,model_fit,.3820000000000003
s6-inproc-parents,base,10,reg,reg|fast-balanced-panel|panel,1,400,50,if_assembly,.051
s6-inproc-parents,base,10,reg,reg|fast-balanced-panel|panel,1,400,50,cache_post,.002
s6-inproc-parents,base,10,reg,reg|fast-balanced-panel|panel,1,400,50,cluster,0
s6-inproc-parents,base,10,reg,reg|fast-balanced-panel|panel,1,400,50,bootstrap,0
s6-inproc-parents,base,10,reg,reg|fast-balanced-panel|panel,1,400,50,aggregation,0
s6-inproc-parents,base,10,reg,reg|fast-balanced-panel|panel,1,400,50,unprofiled,.5029999999999996
s6-inproc-parents,base,10,reg,reg|fast-balanced-panel|panel,1,400,50,total,1.061
s6-inproc-parents,base,10,dr_rc,dr|fast-repeated-cross-section|repeated-cross-section,2,400,50,setup,.2420000000000002
s6-inproc-parents,base,10,dr_rc,dr|fast-repeated-cross-section|repeated-cross-section,2,400,50,cell_extract,.1000000000000001
s6-inproc-parents,base,10,dr_rc,dr|fast-repeated-cross-section|repeated-cross-section,2,400,50,model_fit,2.902
s6-inproc-parents,base,10,dr_rc,dr|fast-repeated-cross-section|repeated-cross-section,2,400,50,if_assembly,.2170000000000001
s6-inproc-parents,base,10,dr_rc,dr|fast-repeated-cross-section|repeated-cross-section,2,400,50,cache_post,.003
s6-inproc-parents,base,10,dr_rc,dr|fast-repeated-cross-section|repeated-cross-section,2,400,50,cluster,0
s6-inproc-parents,base,10,dr_rc,dr|fast-repeated-cross-section|repeated-cross-section,2,400,50,bootstrap,0
s6-inproc-parents,base,10,dr_rc,dr|fast-repeated-cross-section|repeated-cross-section,2,400,50,aggregation,0
s6-inproc-parents,base,10,dr_rc,dr|fast-repeated-cross-section|repeated-cross-section,2,400,50,unprofiled,.6870000000000007
s6-inproc-parents,base,10,dr_rc,dr|fast-repeated-cross-section|repeated-cross-section,2,400,50,total,4.151000000000002
s6-inproc-parents,base,10,dr,dr|fast-balanced-panel|panel,3,400,50,setup,.1290000000000001
s6-inproc-parents,base,10,dr,dr|fast-balanced-panel|panel,3,400,50,cell_extract,0
s6-inproc-parents,base,10,dr,dr|fast-balanced-panel|panel,3,400,50,model_fit,1.366
s6-inproc-parents,base,10,dr,dr|fast-balanced-panel|panel,3,400,50,if_assembly,.067
s6-inproc-parents,base,10,dr,dr|fast-balanced-panel|panel,3,400,50,cache_post,.002
s6-inproc-parents,base,10,dr,dr|fast-balanced-panel|panel,3,400,50,cluster,0
s6-inproc-parents,base,10,dr,dr|fast-balanced-panel|panel,3,400,50,bootstrap,0
s6-inproc-parents,base,10,dr,dr|fast-balanced-panel|panel,3,400,50,aggregation,0
s6-inproc-parents,base,10,dr,dr|fast-balanced-panel|panel,3,400,50,unprofiled,.5539999999999998
s6-inproc-parents,base,10,dr,dr|fast-balanced-panel|panel,3,400,50,total,2.118
s6-inproc-parents,base,10,ipw,ipw|fast-balanced-panel|panel,4,400,50,setup,.1260000000000001
s6-inproc-parents,base,10,ipw,ipw|fast-balanced-panel|panel,4,400,50,cell_extract,0
s6-inproc-parents,base,10,ipw,ipw|fast-balanced-panel|panel,4,400,50,model_fit,1.001000000000001
s6-inproc-parents,base,10,ipw,ipw|fast-balanced-panel|panel,4,400,50,if_assembly,.046
s6-inproc-parents,base,10,ipw,ipw|fast-balanced-panel|panel,4,400,50,cache_post,.002
s6-inproc-parents,base,10,ipw,ipw|fast-balanced-panel|panel,4,400,50,cluster,0
s6-inproc-parents,base,10,ipw,ipw|fast-balanced-panel|panel,4,400,50,bootstrap,0
s6-inproc-parents,base,10,ipw,ipw|fast-balanced-panel|panel,4,400,50,aggregation,0
s6-inproc-parents,base,10,ipw,ipw|fast-balanced-panel|panel,4,400,50,unprofiled,.554999999999999
s6-inproc-parents,base,10,ipw,ipw|fast-balanced-panel|panel,4,400,50,total,1.73
s6-inproc-parents,s4,10,reg,reg|fast-balanced-panel|panel,1,400,50,setup,.1310000000000001
s6-inproc-parents,s4,10,reg,reg|fast-balanced-panel|panel,1,400,50,cell_extract,0
s6-inproc-parents,s4,10,reg,reg|fast-balanced-panel|panel,1,400,50,model_fit,.3760000000000003
s6-inproc-parents,s4,10,reg,reg|fast-balanced-panel|panel,1,400,50,if_assembly,.061
s6-inproc-parents,s4,10,reg,reg|fast-balanced-panel|panel,1,400,50,cache_post,.004
s6-inproc-parents,s4,10,reg,reg|fast-balanced-panel|panel,1,400,50,cluster,0
s6-inproc-parents,s4,10,reg,reg|fast-balanced-panel|panel,1,400,50,bootstrap,0
s6-inproc-parents,s4,10,reg,reg|fast-balanced-panel|panel,1,400,50,aggregation,0
s6-inproc-parents,s4,10,reg,reg|fast-balanced-panel|panel,1,400,50,unprofiled,.5289999999999997
s6-inproc-parents,s4,10,reg,reg|fast-balanced-panel|panel,1,400,50,total,1.101
s6-inproc-parents,s4,10,dr_rc,dr|fast-repeated-cross-section|repeated-cross-section,2,400,50,setup,.2450000000000001
s6-inproc-parents,s4,10,dr_rc,dr|fast-repeated-cross-section|repeated-cross-section,2,400,50,cell_extract,.038
s6-inproc-parents,s4,10,dr_rc,dr|fast-repeated-cross-section|repeated-cross-section,2,400,50,model_fit,2.925
s6-inproc-parents,s4,10,dr_rc,dr|fast-repeated-cross-section|repeated-cross-section,2,400,50,if_assembly,.2000000000000001
s6-inproc-parents,s4,10,dr_rc,dr|fast-repeated-cross-section|repeated-cross-section,2,400,50,cache_post,.004
s6-inproc-parents,s4,10,dr_rc,dr|fast-repeated-cross-section|repeated-cross-section,2,400,50,cluster,0
s6-inproc-parents,s4,10,dr_rc,dr|fast-repeated-cross-section|repeated-cross-section,2,400,50,bootstrap,0
s6-inproc-parents,s4,10,dr_rc,dr|fast-repeated-cross-section|repeated-cross-section,2,400,50,aggregation,0
s6-inproc-parents,s4,10,dr_rc,dr|fast-repeated-cross-section|repeated-cross-section,2,400,50,unprofiled,.6799999999999997
s6-inproc-parents,s4,10,dr_rc,dr|fast-repeated-cross-section|repeated-cross-section,2,400,50,total,4.092
s6-inproc-parents,s4,10,dr,dr|fast-balanced-panel|panel,3,400,50,setup,.1310000000000001
s6-inproc-parents,s4,10,dr,dr|fast-balanced-panel|panel,3,400,50,cell_extract,0
s6-inproc-parents,s4,10,dr,dr|fast-balanced-panel|panel,3,400,50,model_fit,1.411
s6-inproc-parents,s4,10,dr,dr|fast-balanced-panel|panel,3,400,50,if_assembly,.055
s6-inproc-parents,s4,10,dr,dr|fast-balanced-panel|panel,3,400,50,cache_post,0
s6-inproc-parents,s4,10,dr,dr|fast-balanced-panel|panel,3,400,50,cluster,0
s6-inproc-parents,s4,10,dr,dr|fast-balanced-panel|panel,3,400,50,bootstrap,0
s6-inproc-parents,s4,10,dr,dr|fast-balanced-panel|panel,3,400,50,aggregation,0
s6-inproc-parents,s4,10,dr,dr|fast-balanced-panel|panel,3,400,50,unprofiled,.555000000000001
s6-inproc-parents,s4,10,dr,dr|fast-balanced-panel|panel,3,400,50,total,2.152000000000001
s6-inproc-parents,s4,10,ipw,ipw|fast-balanced-panel|panel,4,400,50,setup,.1280000000000001
s6-inproc-parents,s4,10,ipw,ipw|fast-balanced-panel|panel,4,400,50,cell_extract,0
s6-inproc-parents,s4,10,ipw,ipw|fast-balanced-panel|panel,4,400,50,model_fit,1.009000000000001
s6-inproc-parents,s4,10,ipw,ipw|fast-balanced-panel|panel,4,400,50,if_assembly,.047
s6-inproc-parents,s4,10,ipw,ipw|fast-balanced-panel|panel,4,400,50,cache_post,.005
s6-inproc-parents,s4,10,ipw,ipw|fast-balanced-panel|panel,4,400,50,cluster,0
s6-inproc-parents,s4,10,ipw,ipw|fast-balanced-panel|panel,4,400,50,bootstrap,0
s6-inproc-parents,s4,10,ipw,ipw|fast-balanced-panel|panel,4,400,50,aggregation,0
s6-inproc-parents,s4,10,ipw,ipw|fast-balanced-panel|panel,4,400,50,unprofiled,.5619999999999989
s6-inproc-parents,s4,10,ipw,ipw|fast-balanced-panel|panel,4,400,50,total,1.751
s6-inproc-parents,head,10,reg,reg|fast-balanced-panel|panel,1,400,50,setup,.1270000000000001
s6-inproc-parents,head,10,reg,reg|fast-balanced-panel|panel,1,400,50,cell_extract,0
s6-inproc-parents,head,10,reg,reg|fast-balanced-panel|panel,1,400,50,model_fit,.3920000000000003
s6-inproc-parents,head,10,reg,reg|fast-balanced-panel|panel,1,400,50,if_assembly,.05
s6-inproc-parents,head,10,reg,reg|fast-balanced-panel|panel,1,400,50,cache_post,.003
s6-inproc-parents,head,10,reg,reg|fast-balanced-panel|panel,1,400,50,cluster,0
s6-inproc-parents,head,10,reg,reg|fast-balanced-panel|panel,1,400,50,bootstrap,0
s6-inproc-parents,head,10,reg,reg|fast-balanced-panel|panel,1,400,50,aggregation,0
s6-inproc-parents,head,10,reg,reg|fast-balanced-panel|panel,1,400,50,unprofiled,.5000000000000006
s6-inproc-parents,head,10,reg,reg|fast-balanced-panel|panel,1,400,50,total,1.072000000000001
s6-inproc-parents,head,10,dr_rc,dr|fast-repeated-cross-section|repeated-cross-section,2,400,50,setup,.2480000000000001
s6-inproc-parents,head,10,dr_rc,dr|fast-repeated-cross-section|repeated-cross-section,2,400,50,cell_extract,.041
s6-inproc-parents,head,10,dr_rc,dr|fast-repeated-cross-section|repeated-cross-section,2,400,50,model_fit,2.938000000000001
s6-inproc-parents,head,10,dr_rc,dr|fast-repeated-cross-section|repeated-cross-section,2,400,50,if_assembly,.2050000000000001
s6-inproc-parents,head,10,dr_rc,dr|fast-repeated-cross-section|repeated-cross-section,2,400,50,cache_post,.004
s6-inproc-parents,head,10,dr_rc,dr|fast-repeated-cross-section|repeated-cross-section,2,400,50,cluster,0
s6-inproc-parents,head,10,dr_rc,dr|fast-repeated-cross-section|repeated-cross-section,2,400,50,bootstrap,0
s6-inproc-parents,head,10,dr_rc,dr|fast-repeated-cross-section|repeated-cross-section,2,400,50,aggregation,0
s6-inproc-parents,head,10,dr_rc,dr|fast-repeated-cross-section|repeated-cross-section,2,400,50,unprofiled,.6759999999999993
s6-inproc-parents,head,10,dr_rc,dr|fast-repeated-cross-section|repeated-cross-section,2,400,50,total,4.112
s6-inproc-parents,head,10,dr,dr|fast-balanced-panel|panel,3,400,50,setup,.1320000000000001
s6-inproc-parents,head,10,dr,dr|fast-balanced-panel|panel,3,400,50,cell_extract,0
s6-inproc-parents,head,10,dr,dr|fast-balanced-panel|panel,3,400,50,model_fit,1.39
s6-inproc-parents,head,10,dr,dr|fast-balanced-panel|panel,3,400,50,if_assembly,.055
s6-inproc-parents,head,10,dr,dr|fast-balanced-panel|panel,3,400,50,cache_post,0
s6-inproc-parents,head,10,dr,dr|fast-balanced-panel|panel,3,400,50,cluster,0
s6-inproc-parents,head,10,dr,dr|fast-balanced-panel|panel,3,400,50,bootstrap,0
s6-inproc-parents,head,10,dr,dr|fast-balanced-panel|panel,3,400,50,aggregation,0
s6-inproc-parents,head,10,dr,dr|fast-balanced-panel|panel,3,400,50,unprofiled,.5550000000000002
s6-inproc-parents,head,10,dr,dr|fast-balanced-panel|panel,3,400,50,total,2.132
s6-inproc-parents,head,10,ipw,ipw|fast-balanced-panel|panel,4,400,50,setup,.1310000000000001
s6-inproc-parents,head,10,ipw,ipw|fast-balanced-panel|panel,4,400,50,cell_extract,0
s6-inproc-parents,head,10,ipw,ipw|fast-balanced-panel|panel,4,400,50,model_fit,1.016000000000001
s6-inproc-parents,head,10,ipw,ipw|fast-balanced-panel|panel,4,400,50,if_assembly,.044
s6-inproc-parents,head,10,ipw,ipw|fast-balanced-panel|panel,4,400,50,cache_post,.003
s6-inproc-parents,head,10,ipw,ipw|fast-balanced-panel|panel,4,400,50,cluster,0
s6-inproc-parents,head,10,ipw,ipw|fast-balanced-panel|panel,4,400,50,bootstrap,0
s6-inproc-parents,head,10,ipw,ipw|fast-balanced-panel|panel,4,400,50,aggregation,0
s6-inproc-parents,head,10,ipw,ipw|fast-balanced-panel|panel,4,400,50,unprofiled,.5439999999999989
s6-inproc-parents,head,10,ipw,ipw|fast-balanced-panel|panel,4,400,50,total,1.738
s6-inproc-parents,s4,11,dr,dr|fast-balanced-panel|panel,1,400,50,setup,.1310000000000001
s6-inproc-parents,s4,11,dr,dr|fast-balanced-panel|panel,1,400,50,cell_extract,0
s6-inproc-parents,s4,11,dr,dr|fast-balanced-panel|panel,1,400,50,model_fit,1.386
s6-inproc-parents,s4,11,dr,dr|fast-balanced-panel|panel,1,400,50,if_assembly,.047
s6-inproc-parents,s4,11,dr,dr|fast-balanced-panel|panel,1,400,50,cache_post,0
s6-inproc-parents,s4,11,dr,dr|fast-balanced-panel|panel,1,400,50,cluster,0
s6-inproc-parents,s4,11,dr,dr|fast-balanced-panel|panel,1,400,50,bootstrap,0
s6-inproc-parents,s4,11,dr,dr|fast-balanced-panel|panel,1,400,50,aggregation,0
s6-inproc-parents,s4,11,dr,dr|fast-balanced-panel|panel,1,400,50,unprofiled,.5099999999999998
s6-inproc-parents,s4,11,dr,dr|fast-balanced-panel|panel,1,400,50,total,2.074
s6-inproc-parents,s4,11,dr_rc,dr|fast-repeated-cross-section|repeated-cross-section,2,400,50,setup,.2440000000000001
s6-inproc-parents,s4,11,dr_rc,dr|fast-repeated-cross-section|repeated-cross-section,2,400,50,cell_extract,.039
s6-inproc-parents,s4,11,dr_rc,dr|fast-repeated-cross-section|repeated-cross-section,2,400,50,model_fit,2.907000000000001
s6-inproc-parents,s4,11,dr_rc,dr|fast-repeated-cross-section|repeated-cross-section,2,400,50,if_assembly,.2140000000000001
s6-inproc-parents,s4,11,dr_rc,dr|fast-repeated-cross-section|repeated-cross-section,2,400,50,cache_post,.004
s6-inproc-parents,s4,11,dr_rc,dr|fast-repeated-cross-section|repeated-cross-section,2,400,50,cluster,0
s6-inproc-parents,s4,11,dr_rc,dr|fast-repeated-cross-section|repeated-cross-section,2,400,50,bootstrap,0
s6-inproc-parents,s4,11,dr_rc,dr|fast-repeated-cross-section|repeated-cross-section,2,400,50,aggregation,0
s6-inproc-parents,s4,11,dr_rc,dr|fast-repeated-cross-section|repeated-cross-section,2,400,50,unprofiled,.6809999999999996
s6-inproc-parents,s4,11,dr_rc,dr|fast-repeated-cross-section|repeated-cross-section,2,400,50,total,4.089
s6-inproc-parents,s4,11,reg,reg|fast-balanced-panel|panel,3,400,50,setup,.1300000000000001
s6-inproc-parents,s4,11,reg,reg|fast-balanced-panel|panel,3,400,50,cell_extract,0
s6-inproc-parents,s4,11,reg,reg|fast-balanced-panel|panel,3,400,50,model_fit,.3960000000000003
s6-inproc-parents,s4,11,reg,reg|fast-balanced-panel|panel,3,400,50,if_assembly,.053
s6-inproc-parents,s4,11,reg,reg|fast-balanced-panel|panel,3,400,50,cache_post,.004
s6-inproc-parents,s4,11,reg,reg|fast-balanced-panel|panel,3,400,50,cluster,0
s6-inproc-parents,s4,11,reg,reg|fast-balanced-panel|panel,3,400,50,bootstrap,0
s6-inproc-parents,s4,11,reg,reg|fast-balanced-panel|panel,3,400,50,aggregation,0
s6-inproc-parents,s4,11,reg,reg|fast-balanced-panel|panel,3,400,50,unprofiled,.5319999999999996
s6-inproc-parents,s4,11,reg,reg|fast-balanced-panel|panel,3,400,50,total,1.115
s6-inproc-parents,s4,11,ipw,ipw|fast-balanced-panel|panel,4,400,50,setup,.1280000000000001
s6-inproc-parents,s4,11,ipw,ipw|fast-balanced-panel|panel,4,400,50,cell_extract,0
s6-inproc-parents,s4,11,ipw,ipw|fast-balanced-panel|panel,4,400,50,model_fit,1.013000000000001
s6-inproc-parents,s4,11,ipw,ipw|fast-balanced-panel|panel,4,400,50,if_assembly,.053
s6-inproc-parents,s4,11,ipw,ipw|fast-balanced-panel|panel,4,400,50,cache_post,.002
s6-inproc-parents,s4,11,ipw,ipw|fast-balanced-panel|panel,4,400,50,cluster,0
s6-inproc-parents,s4,11,ipw,ipw|fast-balanced-panel|panel,4,400,50,bootstrap,0
s6-inproc-parents,s4,11,ipw,ipw|fast-balanced-panel|panel,4,400,50,aggregation,0
s6-inproc-parents,s4,11,ipw,ipw|fast-balanced-panel|panel,4,400,50,unprofiled,.538999999999999
s6-inproc-parents,s4,11,ipw,ipw|fast-balanced-panel|panel,4,400,50,total,1.735
s6-inproc-parents,base,11,dr,dr|fast-balanced-panel|panel,1,400,50,setup,.1260000000000001
s6-inproc-parents,base,11,dr,dr|fast-balanced-panel|panel,1,400,50,cell_extract,0
s6-inproc-parents,base,11,dr,dr|fast-balanced-panel|panel,1,400,50,model_fit,1.368
s6-inproc-parents,base,11,dr,dr|fast-balanced-panel|panel,1,400,50,if_assembly,.058
s6-inproc-parents,base,11,dr,dr|fast-balanced-panel|panel,1,400,50,cache_post,.002
s6-inproc-parents,base,11,dr,dr|fast-balanced-panel|panel,1,400,50,cluster,0
s6-inproc-parents,base,11,dr,dr|fast-balanced-panel|panel,1,400,50,bootstrap,0
s6-inproc-parents,base,11,dr,dr|fast-balanced-panel|panel,1,400,50,aggregation,0
s6-inproc-parents,base,11,dr,dr|fast-balanced-panel|panel,1,400,50,unprofiled,.522
s6-inproc-parents,base,11,dr,dr|fast-balanced-panel|panel,1,400,50,total,2.076
s6-inproc-parents,base,11,dr_rc,dr|fast-repeated-cross-section|repeated-cross-section,2,400,50,setup,.2430000000000001
s6-inproc-parents,base,11,dr_rc,dr|fast-repeated-cross-section|repeated-cross-section,2,400,50,cell_extract,.1000000000000001
s6-inproc-parents,base,11,dr_rc,dr|fast-repeated-cross-section|repeated-cross-section,2,400,50,model_fit,2.875000000000001
s6-inproc-parents,base,11,dr_rc,dr|fast-repeated-cross-section|repeated-cross-section,2,400,50,if_assembly,.2310000000000001
s6-inproc-parents,base,11,dr_rc,dr|fast-repeated-cross-section|repeated-cross-section,2,400,50,cache_post,.007
s6-inproc-parents,base,11,dr_rc,dr|fast-repeated-cross-section|repeated-cross-section,2,400,50,cluster,0
s6-inproc-parents,base,11,dr_rc,dr|fast-repeated-cross-section|repeated-cross-section,2,400,50,bootstrap,0
s6-inproc-parents,base,11,dr_rc,dr|fast-repeated-cross-section|repeated-cross-section,2,400,50,aggregation,0
s6-inproc-parents,base,11,dr_rc,dr|fast-repeated-cross-section|repeated-cross-section,2,400,50,unprofiled,.6829999999999994
s6-inproc-parents,base,11,dr_rc,dr|fast-repeated-cross-section|repeated-cross-section,2,400,50,total,4.139
s6-inproc-parents,base,11,reg,reg|fast-balanced-panel|panel,3,400,50,setup,.1310000000000001
s6-inproc-parents,base,11,reg,reg|fast-balanced-panel|panel,3,400,50,cell_extract,0
s6-inproc-parents,base,11,reg,reg|fast-balanced-panel|panel,3,400,50,model_fit,.3830000000000003
s6-inproc-parents,base,11,reg,reg|fast-balanced-panel|panel,3,400,50,if_assembly,.054
s6-inproc-parents,base,11,reg,reg|fast-balanced-panel|panel,3,400,50,cache_post,.004
s6-inproc-parents,base,11,reg,reg|fast-balanced-panel|panel,3,400,50,cluster,0
s6-inproc-parents,base,11,reg,reg|fast-balanced-panel|panel,3,400,50,bootstrap,0
s6-inproc-parents,base,11,reg,reg|fast-balanced-panel|panel,3,400,50,aggregation,0
s6-inproc-parents,base,11,reg,reg|fast-balanced-panel|panel,3,400,50,unprofiled,.5459999999999997
s6-inproc-parents,base,11,reg,reg|fast-balanced-panel|panel,3,400,50,total,1.118
s6-inproc-parents,base,11,ipw,ipw|fast-balanced-panel|panel,4,400,50,setup,.1290000000000001
s6-inproc-parents,base,11,ipw,ipw|fast-balanced-panel|panel,4,400,50,cell_extract,0
s6-inproc-parents,base,11,ipw,ipw|fast-balanced-panel|panel,4,400,50,model_fit,1.007000000000001
s6-inproc-parents,base,11,ipw,ipw|fast-balanced-panel|panel,4,400,50,if_assembly,.071
s6-inproc-parents,base,11,ipw,ipw|fast-balanced-panel|panel,4,400,50,cache_post,.001
s6-inproc-parents,base,11,ipw,ipw|fast-balanced-panel|panel,4,400,50,cluster,0
s6-inproc-parents,base,11,ipw,ipw|fast-balanced-panel|panel,4,400,50,bootstrap,0
s6-inproc-parents,base,11,ipw,ipw|fast-balanced-panel|panel,4,400,50,aggregation,0
s6-inproc-parents,base,11,ipw,ipw|fast-balanced-panel|panel,4,400,50,unprofiled,.5489999999999988
s6-inproc-parents,base,11,ipw,ipw|fast-balanced-panel|panel,4,400,50,total,1.757
s6-inproc-parents,head,11,dr,dr|fast-balanced-panel|panel,1,400,50,setup,.1330000000000001
s6-inproc-parents,head,11,dr,dr|fast-balanced-panel|panel,1,400,50,cell_extract,0
s6-inproc-parents,head,11,dr,dr|fast-balanced-panel|panel,1,400,50,model_fit,1.43
s6-inproc-parents,head,11,dr,dr|fast-balanced-panel|panel,1,400,50,if_assembly,.057
s6-inproc-parents,head,11,dr,dr|fast-balanced-panel|panel,1,400,50,cache_post,.001
s6-inproc-parents,head,11,dr,dr|fast-balanced-panel|panel,1,400,50,cluster,0
s6-inproc-parents,head,11,dr,dr|fast-balanced-panel|panel,1,400,50,bootstrap,0
s6-inproc-parents,head,11,dr,dr|fast-balanced-panel|panel,1,400,50,aggregation,0
s6-inproc-parents,head,11,dr,dr|fast-balanced-panel|panel,1,400,50,unprofiled,.5339999999999998
s6-inproc-parents,head,11,dr,dr|fast-balanced-panel|panel,1,400,50,total,2.155
s6-inproc-parents,head,11,dr_rc,dr|fast-repeated-cross-section|repeated-cross-section,2,400,50,setup,.2510000000000001
s6-inproc-parents,head,11,dr_rc,dr|fast-repeated-cross-section|repeated-cross-section,2,400,50,cell_extract,.036
s6-inproc-parents,head,11,dr_rc,dr|fast-repeated-cross-section|repeated-cross-section,2,400,50,model_fit,2.995
s6-inproc-parents,head,11,dr_rc,dr|fast-repeated-cross-section|repeated-cross-section,2,400,50,if_assembly,.2230000000000001
s6-inproc-parents,head,11,dr_rc,dr|fast-repeated-cross-section|repeated-cross-section,2,400,50,cache_post,.002
s6-inproc-parents,head,11,dr_rc,dr|fast-repeated-cross-section|repeated-cross-section,2,400,50,cluster,0
s6-inproc-parents,head,11,dr_rc,dr|fast-repeated-cross-section|repeated-cross-section,2,400,50,bootstrap,0
s6-inproc-parents,head,11,dr_rc,dr|fast-repeated-cross-section|repeated-cross-section,2,400,50,aggregation,0
s6-inproc-parents,head,11,dr_rc,dr|fast-repeated-cross-section|repeated-cross-section,2,400,50,unprofiled,.7029999999999981
s6-inproc-parents,head,11,dr_rc,dr|fast-repeated-cross-section|repeated-cross-section,2,400,50,total,4.209999999999998
s6-inproc-parents,head,11,reg,reg|fast-balanced-panel|panel,3,400,50,setup,.1270000000000001
s6-inproc-parents,head,11,reg,reg|fast-balanced-panel|panel,3,400,50,cell_extract,0
s6-inproc-parents,head,11,reg,reg|fast-balanced-panel|panel,3,400,50,model_fit,.4050000000000003
s6-inproc-parents,head,11,reg,reg|fast-balanced-panel|panel,3,400,50,if_assembly,.051
s6-inproc-parents,head,11,reg,reg|fast-balanced-panel|panel,3,400,50,cache_post,.003
s6-inproc-parents,head,11,reg,reg|fast-balanced-panel|panel,3,400,50,cluster,0
s6-inproc-parents,head,11,reg,reg|fast-balanced-panel|panel,3,400,50,bootstrap,0
s6-inproc-parents,head,11,reg,reg|fast-balanced-panel|panel,3,400,50,aggregation,0
s6-inproc-parents,head,11,reg,reg|fast-balanced-panel|panel,3,400,50,unprofiled,.5449999999999995
s6-inproc-parents,head,11,reg,reg|fast-balanced-panel|panel,3,400,50,total,1.131
s6-inproc-parents,head,11,ipw,ipw|fast-balanced-panel|panel,4,400,50,setup,.1310000000000001
s6-inproc-parents,head,11,ipw,ipw|fast-balanced-panel|panel,4,400,50,cell_extract,0
s6-inproc-parents,head,11,ipw,ipw|fast-balanced-panel|panel,4,400,50,model_fit,1.017000000000001
s6-inproc-parents,head,11,ipw,ipw|fast-balanced-panel|panel,4,400,50,if_assembly,.051
s6-inproc-parents,head,11,ipw,ipw|fast-balanced-panel|panel,4,400,50,cache_post,.009
s6-inproc-parents,head,11,ipw,ipw|fast-balanced-panel|panel,4,400,50,cluster,0
s6-inproc-parents,head,11,ipw,ipw|fast-balanced-panel|panel,4,400,50,bootstrap,0
s6-inproc-parents,head,11,ipw,ipw|fast-balanced-panel|panel,4,400,50,aggregation,0
s6-inproc-parents,head,11,ipw,ipw|fast-balanced-panel|panel,4,400,50,unprofiled,.5479999999999989
s6-inproc-parents,head,11,ipw,ipw|fast-balanced-panel|panel,4,400,50,total,1.756
s6-inproc-parents,s4,12,dr,dr|fast-balanced-panel|panel,1,400,50,setup,.1290000000000001
s6-inproc-parents,s4,12,dr,dr|fast-balanced-panel|panel,1,400,50,cell_extract,0
s6-inproc-parents,s4,12,dr,dr|fast-balanced-panel|panel,1,400,50,model_fit,1.454
s6-inproc-parents,s4,12,dr,dr|fast-balanced-panel|panel,1,400,50,if_assembly,.071
s6-inproc-parents,s4,12,dr,dr|fast-balanced-panel|panel,1,400,50,cache_post,.004
s6-inproc-parents,s4,12,dr,dr|fast-balanced-panel|panel,1,400,50,cluster,0
s6-inproc-parents,s4,12,dr,dr|fast-balanced-panel|panel,1,400,50,bootstrap,0
s6-inproc-parents,s4,12,dr,dr|fast-balanced-panel|panel,1,400,50,aggregation,0
s6-inproc-parents,s4,12,dr,dr|fast-balanced-panel|panel,1,400,50,unprofiled,.5270000000000001
s6-inproc-parents,s4,12,dr,dr|fast-balanced-panel|panel,1,400,50,total,2.185
s6-inproc-parents,s4,12,ipw,ipw|fast-balanced-panel|panel,2,400,50,setup,.1270000000000001
s6-inproc-parents,s4,12,ipw,ipw|fast-balanced-panel|panel,2,400,50,cell_extract,0
s6-inproc-parents,s4,12,ipw,ipw|fast-balanced-panel|panel,2,400,50,model_fit,.9890000000000008
s6-inproc-parents,s4,12,ipw,ipw|fast-balanced-panel|panel,2,400,50,if_assembly,.054
s6-inproc-parents,s4,12,ipw,ipw|fast-balanced-panel|panel,2,400,50,cache_post,.003
s6-inproc-parents,s4,12,ipw,ipw|fast-balanced-panel|panel,2,400,50,cluster,0
s6-inproc-parents,s4,12,ipw,ipw|fast-balanced-panel|panel,2,400,50,bootstrap,0
s6-inproc-parents,s4,12,ipw,ipw|fast-balanced-panel|panel,2,400,50,aggregation,0
s6-inproc-parents,s4,12,ipw,ipw|fast-balanced-panel|panel,2,400,50,unprofiled,.5190000000000001
s6-inproc-parents,s4,12,ipw,ipw|fast-balanced-panel|panel,2,400,50,total,1.692000000000001
s6-inproc-parents,s4,12,reg,reg|fast-balanced-panel|panel,3,400,50,setup,.1260000000000001
s6-inproc-parents,s4,12,reg,reg|fast-balanced-panel|panel,3,400,50,cell_extract,0
s6-inproc-parents,s4,12,reg,reg|fast-balanced-panel|panel,3,400,50,model_fit,.3840000000000003
s6-inproc-parents,s4,12,reg,reg|fast-balanced-panel|panel,3,400,50,if_assembly,.05
s6-inproc-parents,s4,12,reg,reg|fast-balanced-panel|panel,3,400,50,cache_post,.001
s6-inproc-parents,s4,12,reg,reg|fast-balanced-panel|panel,3,400,50,cluster,0
s6-inproc-parents,s4,12,reg,reg|fast-balanced-panel|panel,3,400,50,bootstrap,0
s6-inproc-parents,s4,12,reg,reg|fast-balanced-panel|panel,3,400,50,aggregation,0
s6-inproc-parents,s4,12,reg,reg|fast-balanced-panel|panel,3,400,50,unprofiled,.5149999999999996
s6-inproc-parents,s4,12,reg,reg|fast-balanced-panel|panel,3,400,50,total,1.076
s6-inproc-parents,s4,12,dr_rc,dr|fast-repeated-cross-section|repeated-cross-section,4,400,50,setup,.2500000000000002
s6-inproc-parents,s4,12,dr_rc,dr|fast-repeated-cross-section|repeated-cross-section,4,400,50,cell_extract,.036
s6-inproc-parents,s4,12,dr_rc,dr|fast-repeated-cross-section|repeated-cross-section,4,400,50,model_fit,2.902000000000001
s6-inproc-parents,s4,12,dr_rc,dr|fast-repeated-cross-section|repeated-cross-section,4,400,50,if_assembly,.2190000000000001
s6-inproc-parents,s4,12,dr_rc,dr|fast-repeated-cross-section|repeated-cross-section,4,400,50,cache_post,.003
s6-inproc-parents,s4,12,dr_rc,dr|fast-repeated-cross-section|repeated-cross-section,4,400,50,cluster,0
s6-inproc-parents,s4,12,dr_rc,dr|fast-repeated-cross-section|repeated-cross-section,4,400,50,bootstrap,0
s6-inproc-parents,s4,12,dr_rc,dr|fast-repeated-cross-section|repeated-cross-section,4,400,50,aggregation,0
s6-inproc-parents,s4,12,dr_rc,dr|fast-repeated-cross-section|repeated-cross-section,4,400,50,unprofiled,.6879999999999979
s6-inproc-parents,s4,12,dr_rc,dr|fast-repeated-cross-section|repeated-cross-section,4,400,50,total,4.097999999999999
s6-inproc-parents,head,12,dr,dr|fast-balanced-panel|panel,1,400,50,setup,.1300000000000001
s6-inproc-parents,head,12,dr,dr|fast-balanced-panel|panel,1,400,50,cell_extract,0
s6-inproc-parents,head,12,dr,dr|fast-balanced-panel|panel,1,400,50,model_fit,1.368000000000001
s6-inproc-parents,head,12,dr,dr|fast-balanced-panel|panel,1,400,50,if_assembly,.062
s6-inproc-parents,head,12,dr,dr|fast-balanced-panel|panel,1,400,50,cache_post,.003
s6-inproc-parents,head,12,dr,dr|fast-balanced-panel|panel,1,400,50,cluster,0
s6-inproc-parents,head,12,dr,dr|fast-balanced-panel|panel,1,400,50,bootstrap,0
s6-inproc-parents,head,12,dr,dr|fast-balanced-panel|panel,1,400,50,aggregation,0
s6-inproc-parents,head,12,dr,dr|fast-balanced-panel|panel,1,400,50,unprofiled,.5119999999999978
s6-inproc-parents,head,12,dr,dr|fast-balanced-panel|panel,1,400,50,total,2.074999999999999
s6-inproc-parents,head,12,ipw,ipw|fast-balanced-panel|panel,2,400,50,setup,.1250000000000001
s6-inproc-parents,head,12,ipw,ipw|fast-balanced-panel|panel,2,400,50,cell_extract,0
s6-inproc-parents,head,12,ipw,ipw|fast-balanced-panel|panel,2,400,50,model_fit,.9940000000000008
s6-inproc-parents,head,12,ipw,ipw|fast-balanced-panel|panel,2,400,50,if_assembly,.053
s6-inproc-parents,head,12,ipw,ipw|fast-balanced-panel|panel,2,400,50,cache_post,.002
s6-inproc-parents,head,12,ipw,ipw|fast-balanced-panel|panel,2,400,50,cluster,0
s6-inproc-parents,head,12,ipw,ipw|fast-balanced-panel|panel,2,400,50,bootstrap,0
s6-inproc-parents,head,12,ipw,ipw|fast-balanced-panel|panel,2,400,50,aggregation,0
s6-inproc-parents,head,12,ipw,ipw|fast-balanced-panel|panel,2,400,50,unprofiled,.516999999999999
s6-inproc-parents,head,12,ipw,ipw|fast-balanced-panel|panel,2,400,50,total,1.691
s6-inproc-parents,head,12,reg,reg|fast-balanced-panel|panel,3,400,50,setup,.1270000000000001
s6-inproc-parents,head,12,reg,reg|fast-balanced-panel|panel,3,400,50,cell_extract,0
s6-inproc-parents,head,12,reg,reg|fast-balanced-panel|panel,3,400,50,model_fit,.3880000000000003
s6-inproc-parents,head,12,reg,reg|fast-balanced-panel|panel,3,400,50,if_assembly,.056
s6-inproc-parents,head,12,reg,reg|fast-balanced-panel|panel,3,400,50,cache_post,.001
s6-inproc-parents,head,12,reg,reg|fast-balanced-panel|panel,3,400,50,cluster,0
s6-inproc-parents,head,12,reg,reg|fast-balanced-panel|panel,3,400,50,bootstrap,0
s6-inproc-parents,head,12,reg,reg|fast-balanced-panel|panel,3,400,50,aggregation,0
s6-inproc-parents,head,12,reg,reg|fast-balanced-panel|panel,3,400,50,unprofiled,.4989999999999996
s6-inproc-parents,head,12,reg,reg|fast-balanced-panel|panel,3,400,50,total,1.071
s6-inproc-parents,head,12,dr_rc,dr|fast-repeated-cross-section|repeated-cross-section,4,400,50,setup,.2460000000000001
s6-inproc-parents,head,12,dr_rc,dr|fast-repeated-cross-section|repeated-cross-section,4,400,50,cell_extract,.037
s6-inproc-parents,head,12,dr_rc,dr|fast-repeated-cross-section|repeated-cross-section,4,400,50,model_fit,2.888000000000001
s6-inproc-parents,head,12,dr_rc,dr|fast-repeated-cross-section|repeated-cross-section,4,400,50,if_assembly,.2330000000000002
s6-inproc-parents,head,12,dr_rc,dr|fast-repeated-cross-section|repeated-cross-section,4,400,50,cache_post,.006
s6-inproc-parents,head,12,dr_rc,dr|fast-repeated-cross-section|repeated-cross-section,4,400,50,cluster,0
s6-inproc-parents,head,12,dr_rc,dr|fast-repeated-cross-section|repeated-cross-section,4,400,50,bootstrap,0
s6-inproc-parents,head,12,dr_rc,dr|fast-repeated-cross-section|repeated-cross-section,4,400,50,aggregation,0
s6-inproc-parents,head,12,dr_rc,dr|fast-repeated-cross-section|repeated-cross-section,4,400,50,unprofiled,.6709999999999994
s6-inproc-parents,head,12,dr_rc,dr|fast-repeated-cross-section|repeated-cross-section,4,400,50,total,4.081
s6-inproc-parents,base,12,dr,dr|fast-balanced-panel|panel,1,400,50,setup,.1270000000000001
s6-inproc-parents,base,12,dr,dr|fast-balanced-panel|panel,1,400,50,cell_extract,0
s6-inproc-parents,base,12,dr,dr|fast-balanced-panel|panel,1,400,50,model_fit,1.387
s6-inproc-parents,base,12,dr,dr|fast-balanced-panel|panel,1,400,50,if_assembly,.046
s6-inproc-parents,base,12,dr,dr|fast-balanced-panel|panel,1,400,50,cache_post,.001
s6-inproc-parents,base,12,dr,dr|fast-balanced-panel|panel,1,400,50,cluster,0
s6-inproc-parents,base,12,dr,dr|fast-balanced-panel|panel,1,400,50,bootstrap,0
s6-inproc-parents,base,12,dr,dr|fast-balanced-panel|panel,1,400,50,aggregation,0
s6-inproc-parents,base,12,dr,dr|fast-balanced-panel|panel,1,400,50,unprofiled,.5060000000000002
s6-inproc-parents,base,12,dr,dr|fast-balanced-panel|panel,1,400,50,total,2.067
s6-inproc-parents,base,12,ipw,ipw|fast-balanced-panel|panel,2,400,50,setup,.1220000000000001
s6-inproc-parents,base,12,ipw,ipw|fast-balanced-panel|panel,2,400,50,cell_extract,0
s6-inproc-parents,base,12,ipw,ipw|fast-balanced-panel|panel,2,400,50,model_fit,.9980000000000008
s6-inproc-parents,base,12,ipw,ipw|fast-balanced-panel|panel,2,400,50,if_assembly,.057
s6-inproc-parents,base,12,ipw,ipw|fast-balanced-panel|panel,2,400,50,cache_post,.006
s6-inproc-parents,base,12,ipw,ipw|fast-balanced-panel|panel,2,400,50,cluster,0
s6-inproc-parents,base,12,ipw,ipw|fast-balanced-panel|panel,2,400,50,bootstrap,0
s6-inproc-parents,base,12,ipw,ipw|fast-balanced-panel|panel,2,400,50,aggregation,0
s6-inproc-parents,base,12,ipw,ipw|fast-balanced-panel|panel,2,400,50,unprofiled,.506999999999999
s6-inproc-parents,base,12,ipw,ipw|fast-balanced-panel|panel,2,400,50,total,1.69
s6-inproc-parents,base,12,reg,reg|fast-balanced-panel|panel,3,400,50,setup,.1250000000000001
s6-inproc-parents,base,12,reg,reg|fast-balanced-panel|panel,3,400,50,cell_extract,0
s6-inproc-parents,base,12,reg,reg|fast-balanced-panel|panel,3,400,50,model_fit,.3800000000000003
s6-inproc-parents,base,12,reg,reg|fast-balanced-panel|panel,3,400,50,if_assembly,.058
s6-inproc-parents,base,12,reg,reg|fast-balanced-panel|panel,3,400,50,cache_post,.003
s6-inproc-parents,base,12,reg,reg|fast-balanced-panel|panel,3,400,50,cluster,0
s6-inproc-parents,base,12,reg,reg|fast-balanced-panel|panel,3,400,50,bootstrap,0
s6-inproc-parents,base,12,reg,reg|fast-balanced-panel|panel,3,400,50,aggregation,0
s6-inproc-parents,base,12,reg,reg|fast-balanced-panel|panel,3,400,50,unprofiled,.5069999999999996
s6-inproc-parents,base,12,reg,reg|fast-balanced-panel|panel,3,400,50,total,1.073
s6-inproc-parents,base,12,dr_rc,dr|fast-repeated-cross-section|repeated-cross-section,4,400,50,setup,.2460000000000001
s6-inproc-parents,base,12,dr_rc,dr|fast-repeated-cross-section|repeated-cross-section,4,400,50,cell_extract,.1040000000000001
s6-inproc-parents,base,12,dr_rc,dr|fast-repeated-cross-section|repeated-cross-section,4,400,50,model_fit,3.028000000000001
s6-inproc-parents,base,12,dr_rc,dr|fast-repeated-cross-section|repeated-cross-section,4,400,50,if_assembly,.2290000000000001
s6-inproc-parents,base,12,dr_rc,dr|fast-repeated-cross-section|repeated-cross-section,4,400,50,cache_post,.004
s6-inproc-parents,base,12,dr_rc,dr|fast-repeated-cross-section|repeated-cross-section,4,400,50,cluster,0
s6-inproc-parents,base,12,dr_rc,dr|fast-repeated-cross-section|repeated-cross-section,4,400,50,bootstrap,0
s6-inproc-parents,base,12,dr_rc,dr|fast-repeated-cross-section|repeated-cross-section,4,400,50,aggregation,0
s6-inproc-parents,base,12,dr_rc,dr|fast-repeated-cross-section|repeated-cross-section,4,400,50,unprofiled,.694999999999999
s6-inproc-parents,base,12,dr_rc,dr|fast-repeated-cross-section|repeated-cross-section,4,400,50,total,4.306
