s6-inproc-dralias,head,0,dr,dr|fast-balanced-panel|panel,1,400,50,setup,.1310000000000001
s6-inproc-dralias,head,0,dr,dr|fast-balanced-panel|panel,1,400,50,cell_extract,0
s6-inproc-dralias,head,0,dr,dr|fast-balanced-panel|panel,1,400,50,model_fit,1.458
s6-inproc-dralias,head,0,dr,dr|fast-balanced-panel|panel,1,400,50,if_assembly,.052
s6-inproc-dralias,head,0,dr,dr|fast-balanced-panel|panel,1,400,50,cache_post,.002
s6-inproc-dralias,head,0,dr,dr|fast-balanced-panel|panel,1,400,50,cluster,0
s6-inproc-dralias,head,0,dr,dr|fast-balanced-panel|panel,1,400,50,bootstrap,0
s6-inproc-dralias,head,0,dr,dr|fast-balanced-panel|panel,1,400,50,aggregation,0
s6-inproc-dralias,head,0,dr,dr|fast-balanced-panel|panel,1,400,50,unprofiled,.5370000000000001
s6-inproc-dralias,head,0,dr,dr|fast-balanced-panel|panel,1,400,50,total,2.18
s6-inproc-dralias,head,0,ipw,ipw|fast-balanced-panel|panel,2,400,50,setup,.1240000000000001
s6-inproc-dralias,head,0,ipw,ipw|fast-balanced-panel|panel,2,400,50,cell_extract,0
s6-inproc-dralias,head,0,ipw,ipw|fast-balanced-panel|panel,2,400,50,model_fit,.9840000000000008
s6-inproc-dralias,head,0,ipw,ipw|fast-balanced-panel|panel,2,400,50,if_assembly,.05
s6-inproc-dralias,head,0,ipw,ipw|fast-balanced-panel|panel,2,400,50,cache_post,.003
s6-inproc-dralias,head,0,ipw,ipw|fast-balanced-panel|panel,2,400,50,cluster,0
s6-inproc-dralias,head,0,ipw,ipw|fast-balanced-panel|panel,2,400,50,bootstrap,0
s6-inproc-dralias,head,0,ipw,ipw|fast-balanced-panel|panel,2,400,50,aggregation,0
s6-inproc-dralias,head,0,ipw,ipw|fast-balanced-panel|panel,2,400,50,unprofiled,.518999999999999
s6-inproc-dralias,head,0,ipw,ipw|fast-balanced-panel|panel,2,400,50,total,1.68
s6-inproc-dralias,head,0,reg,reg|fast-balanced-panel|panel,3,400,50,setup,.1250000000000001
s6-inproc-dralias,head,0,reg,reg|fast-balanced-panel|panel,3,400,50,cell_extract,0
s6-inproc-dralias,head,0,reg,reg|fast-balanced-panel|panel,3,400,50,model_fit,.3760000000000003
s6-inproc-dralias,head,0,reg,reg|fast-balanced-panel|panel,3,400,50,if_assembly,.053
s6-inproc-dralias,head,0,reg,reg|fast-balanced-panel|panel,3,400,50,cache_post,.003
s6-inproc-dralias,head,0,reg,reg|fast-balanced-panel|panel,3,400,50,cluster,0
s6-inproc-dralias,head,0,reg,reg|fast-balanced-panel|panel,3,400,50,bootstrap,0
s6-inproc-dralias,head,0,reg,reg|fast-balanced-panel|panel,3,400,50,aggregation,0
s6-inproc-dralias,head,0,reg,reg|fast-balanced-panel|panel,3,400,50,unprofiled,.5150000000000006
s6-inproc-dralias,head,0,reg,reg|fast-balanced-panel|panel,3,400,50,total,1.072000000000001
s6-inproc-dralias,head,0,dr_rc,dr|fast-repeated-cross-section|repeated-cross-section,4,400,50,setup,.2450000000000001
s6-inproc-dralias,head,0,dr_rc,dr|fast-repeated-cross-section|repeated-cross-section,4,400,50,cell_extract,.038
s6-inproc-dralias,head,0,dr_rc,dr|fast-repeated-cross-section|repeated-cross-section,4,400,50,model_fit,2.926000000000001
s6-inproc-dralias,head,0,dr_rc,dr|fast-repeated-cross-section|repeated-cross-section,4,400,50,if_assembly,.2250000000000001
s6-inproc-dralias,head,0,dr_rc,dr|fast-repeated-cross-section|repeated-cross-section,4,400,50,cache_post,.005
s6-inproc-dralias,head,0,dr_rc,dr|fast-repeated-cross-section|repeated-cross-section,4,400,50,cluster,0
s6-inproc-dralias,head,0,dr_rc,dr|fast-repeated-cross-section|repeated-cross-section,4,400,50,bootstrap,0
s6-inproc-dralias,head,0,dr_rc,dr|fast-repeated-cross-section|repeated-cross-section,4,400,50,aggregation,0
s6-inproc-dralias,head,0,dr_rc,dr|fast-repeated-cross-section|repeated-cross-section,4,400,50,unprofiled,.6859999999999991
s6-inproc-dralias,head,0,dr_rc,dr|fast-repeated-cross-section|repeated-cross-section,4,400,50,total,4.125
s6-inproc-dralias,drlocal,0,dr,dr|fast-balanced-panel|panel,1,400,50,setup,.1230000000000001
s6-inproc-dralias,drlocal,0,dr,dr|fast-balanced-panel|panel,1,400,50,cell_extract,0
s6-inproc-dralias,drlocal,0,dr,dr|fast-balanced-panel|panel,1,400,50,model_fit,1.398000000000001
s6-inproc-dralias,drlocal,0,dr,dr|fast-balanced-panel|panel,1,400,50,if_assembly,.052
s6-inproc-dralias,drlocal,0,dr,dr|fast-balanced-panel|panel,1,400,50,cache_post,0
s6-inproc-dralias,drlocal,0,dr,dr|fast-balanced-panel|panel,1,400,50,cluster,0
s6-inproc-dralias,drlocal,0,dr,dr|fast-balanced-panel|panel,1,400,50,bootstrap,0
s6-inproc-dralias,drlocal,0,dr,dr|fast-balanced-panel|panel,1,400,50,aggregation,0
s6-inproc-dralias,drlocal,0,dr,dr|fast-balanced-panel|panel,1,400,50,unprofiled,.5019999999999991
s6-inproc-dralias,drlocal,0,dr,dr|fast-balanced-panel|panel,1,400,50,total,2.075
s6-inproc-dralias,drlocal,0,ipw,ipw|fast-balanced-panel|panel,2,400,50,setup,.1220000000000001
s6-inproc-dralias,drlocal,0,ipw,ipw|fast-balanced-panel|panel,2,400,50,cell_extract,0
s6-inproc-dralias,drlocal,0,ipw,ipw|fast-balanced-panel|panel,2,400,50,model_fit,.9900000000000008
s6-inproc-dralias,drlocal,0,ipw,ipw|fast-balanced-panel|panel,2,400,50,if_assembly,.067
s6-inproc-dralias,drlocal,0,ipw,ipw|fast-balanced-panel|panel,2,400,50,cache_post,.003
s6-inproc-dralias,drlocal,0,ipw,ipw|fast-balanced-panel|panel,2,400,50,cluster,0
s6-inproc-dralias,drlocal,0,ipw,ipw|fast-balanced-panel|panel,2,400,50,bootstrap,0
s6-inproc-dralias,drlocal,0,ipw,ipw|fast-balanced-panel|panel,2,400,50,aggregation,0
s6-inproc-dralias,drlocal,0,ipw,ipw|fast-balanced-panel|panel,2,400,50,unprofiled,.512
s6-inproc-dralias,drlocal,0,ipw,ipw|fast-balanced-panel|panel,2,400,50,total,1.694000000000001
s6-inproc-dralias,drlocal,0,reg,reg|fast-balanced-panel|panel,3,400,50,setup,.1210000000000001
s6-inproc-dralias,drlocal,0,reg,reg|fast-balanced-panel|panel,3,400,50,cell_extract,0
s6-inproc-dralias,drlocal,0,reg,reg|fast-balanced-panel|panel,3,400,50,model_fit,.3940000000000003
s6-inproc-dralias,drlocal,0,reg,reg|fast-balanced-panel|panel,3,400,50,if_assembly,.052
s6-inproc-dralias,drlocal,0,reg,reg|fast-balanced-panel|panel,3,400,50,cache_post,.001
s6-inproc-dralias,drlocal,0,reg,reg|fast-balanced-panel|panel,3,400,50,cluster,0
s6-inproc-dralias,drlocal,0,reg,reg|fast-balanced-panel|panel,3,400,50,bootstrap,0
s6-inproc-dralias,drlocal,0,reg,reg|fast-balanced-panel|panel,3,400,50,aggregation,0
s6-inproc-dralias,drlocal,0,reg,reg|fast-balanced-panel|panel,3,400,50,unprofiled,.5019999999999997
s6-inproc-dralias,drlocal,0,reg,reg|fast-balanced-panel|panel,3,400,50,total,1.07
s6-inproc-dralias,drlocal,0,dr_rc,dr|fast-repeated-cross-section|repeated-cross-section,4,400,50,setup,.2470000000000001
s6-inproc-dralias,drlocal,0,dr_rc,dr|fast-repeated-cross-section|repeated-cross-section,4,400,50,cell_extract,.037
s6-inproc-dralias,drlocal,0,dr_rc,dr|fast-repeated-cross-section|repeated-cross-section,4,400,50,model_fit,2.889000000000001
s6-inproc-dralias,drlocal,0,dr_rc,dr|fast-repeated-cross-section|repeated-cross-section,4,400,50,if_assembly,.2220000000000001
s6-inproc-dralias,drlocal,0,dr_rc,dr|fast-repeated-cross-section|repeated-cross-section,4,400,50,cache_post,0
s6-inproc-dralias,drlocal,0,dr_rc,dr|fast-repeated-cross-section|repeated-cross-section,4,400,50,cluster,0
s6-inproc-dralias,drlocal,0,dr_rc,dr|fast-repeated-cross-section|repeated-cross-section,4,400,50,bootstrap,0
s6-inproc-dralias,drlocal,0,dr_rc,dr|fast-repeated-cross-section|repeated-cross-section,4,400,50,aggregation,0
s6-inproc-dralias,drlocal,0,dr_rc,dr|fast-repeated-cross-section|repeated-cross-section,4,400,50,unprofiled,.6899999999999973
s6-inproc-dralias,drlocal,0,dr_rc,dr|fast-repeated-cross-section|repeated-cross-section,4,400,50,total,4.084999999999998
s6-inproc-dralias,dralias,0,dr,dr|fast-balanced-panel|panel,1,400,50,setup,.1250000000000001
s6-inproc-dralias,dralias,0,dr,dr|fast-balanced-panel|panel,1,400,50,cell_extract,0
s6-inproc-dralias,dralias,0,dr,dr|fast-balanced-panel|panel,1,400,50,model_fit,1.381000000000001
s6-inproc-dralias,dralias,0,dr,dr|fast-balanced-panel|panel,1,400,50,if_assembly,.052
s6-inproc-dralias,dralias,0,dr,dr|fast-balanced-panel|panel,1,400,50,cache_post,0
s6-inproc-dralias,dralias,0,dr,dr|fast-balanced-panel|panel,1,400,50,cluster,0
s6-inproc-dralias,dralias,0,dr,dr|fast-balanced-panel|panel,1,400,50,bootstrap,0
s6-inproc-dralias,dralias,0,dr,dr|fast-balanced-panel|panel,1,400,50,aggregation,0
s6-inproc-dralias,dralias,0,dr,dr|fast-balanced-panel|panel,1,400,50,unprofiled,.5369999999999993
s6-inproc-dralias,dralias,0,dr,dr|fast-balanced-panel|panel,1,400,50,total,2.095
s6-inproc-dralias,dralias,0,ipw,ipw|fast-balanced-panel|panel,2,400,50,setup,.1290000000000001
s6-inproc-dralias,dralias,0,ipw,ipw|fast-balanced-panel|panel,2,400,50,cell_extract,0
s6-inproc-dralias,dralias,0,ipw,ipw|fast-balanced-panel|panel,2,400,50,model_fit,1.006000000000001
s6-inproc-dralias,dralias,0,ipw,ipw|fast-balanced-panel|panel,2,400,50,if_assembly,.059
s6-inproc-dralias,dralias,0,ipw,ipw|fast-balanced-panel|panel,2,400,50,cache_post,.002
s6-inproc-dralias,dralias,0,ipw,ipw|fast-balanced-panel|panel,2,400,50,cluster,0
s6-inproc-dralias,dralias,0,ipw,ipw|fast-balanced-panel|panel,2,400,50,bootstrap,0
s6-inproc-dralias,dralias,0,ipw,ipw|fast-balanced-panel|panel,2,400,50,aggregation,0
s6-inproc-dralias,dralias,0,ipw,ipw|fast-balanced-panel|panel,2,400,50,unprofiled,.5099999999999989
s6-inproc-dralias,dralias,0,ipw,ipw|fast-balanced-panel|panel,2,400,50,total,1.706
s6-inproc-dralias,dralias,0,reg,reg|fast-balanced-panel|panel,3,400,50,setup,.1260000000000001
s6-inproc-dralias,dralias,0,reg,reg|fast-balanced-panel|panel,3,400,50,cell_extract,0
s6-inproc-dralias,dralias,0,reg,reg|fast-balanced-panel|panel,3,400,50,model_fit,.3960000000000003
s6-inproc-dralias,dralias,0,reg,reg|fast-balanced-panel|panel,3,400,50,if_assembly,.057
s6-inproc-dralias,dralias,0,reg,reg|fast-balanced-panel|panel,3,400,50,cache_post,.003
s6-inproc-dralias,dralias,0,reg,reg|fast-balanced-panel|panel,3,400,50,cluster,0
s6-inproc-dralias,dralias,0,reg,reg|fast-balanced-panel|panel,3,400,50,bootstrap,0
s6-inproc-dralias,dralias,0,reg,reg|fast-balanced-panel|panel,3,400,50,aggregation,0
s6-inproc-dralias,dralias,0,reg,reg|fast-balanced-panel|panel,3,400,50,unprofiled,.5079999999999996
s6-inproc-dralias,dralias,0,reg,reg|fast-balanced-panel|panel,3,400,50,total,1.09
s6-inproc-dralias,dralias,0,dr_rc,dr|fast-repeated-cross-section|repeated-cross-section,4,400,50,setup,.2450000000000001
s6-inproc-dralias,dralias,0,dr_rc,dr|fast-repeated-cross-section|repeated-cross-section,4,400,50,cell_extract,.041
s6-inproc-dralias,dralias,0,dr_rc,dr|fast-repeated-cross-section|repeated-cross-section,4,400,50,model_fit,2.896
s6-inproc-dralias,dralias,0,dr_rc,dr|fast-repeated-cross-section|repeated-cross-section,4,400,50,if_assembly,.2190000000000001
s6-inproc-dralias,dralias,0,dr_rc,dr|fast-repeated-cross-section|repeated-cross-section,4,400,50,cache_post,.002
s6-inproc-dralias,dralias,0,dr_rc,dr|fast-repeated-cross-section|repeated-cross-section,4,400,50,cluster,0
s6-inproc-dralias,dralias,0,dr_rc,dr|fast-repeated-cross-section|repeated-cross-section,4,400,50,bootstrap,0
s6-inproc-dralias,dralias,0,dr_rc,dr|fast-repeated-cross-section|repeated-cross-section,4,400,50,aggregation,0
s6-inproc-dralias,dralias,0,dr_rc,dr|fast-repeated-cross-section|repeated-cross-section,4,400,50,unprofiled,.6809999999999996
s6-inproc-dralias,dralias,0,dr_rc,dr|fast-repeated-cross-section|repeated-cross-section,4,400,50,total,4.084
s6-inproc-dralias,base,0,dr,dr|fast-balanced-panel|panel,1,400,50,setup,.1220000000000001
s6-inproc-dralias,base,0,dr,dr|fast-balanced-panel|panel,1,400,50,cell_extract,0
s6-inproc-dralias,base,0,dr,dr|fast-balanced-panel|panel,1,400,50,model_fit,1.378
s6-inproc-dralias,base,0,dr,dr|fast-balanced-panel|panel,1,400,50,if_assembly,.053
s6-inproc-dralias,base,0,dr,dr|fast-balanced-panel|panel,1,400,50,cache_post,.004
s6-inproc-dralias,base,0,dr,dr|fast-balanced-panel|panel,1,400,50,cluster,0
s6-inproc-dralias,base,0,dr,dr|fast-balanced-panel|panel,1,400,50,bootstrap,0
s6-inproc-dralias,base,0,dr,dr|fast-balanced-panel|panel,1,400,50,aggregation,0
s6-inproc-dralias,base,0,dr,dr|fast-balanced-panel|panel,1,400,50,unprofiled,.5020000000000002
s6-inproc-dralias,base,0,dr,dr|fast-balanced-panel|panel,1,400,50,total,2.059
s6-inproc-dralias,base,0,ipw,ipw|fast-balanced-panel|panel,2,400,50,setup,.1190000000000001
s6-inproc-dralias,base,0,ipw,ipw|fast-balanced-panel|panel,2,400,50,cell_extract,0
s6-inproc-dralias,base,0,ipw,ipw|fast-balanced-panel|panel,2,400,50,model_fit,1.003000000000001
s6-inproc-dralias,base,0,ipw,ipw|fast-balanced-panel|panel,2,400,50,if_assembly,.061
s6-inproc-dralias,base,0,ipw,ipw|fast-balanced-panel|panel,2,400,50,cache_post,.005
s6-inproc-dralias,base,0,ipw,ipw|fast-balanced-panel|panel,2,400,50,cluster,0
s6-inproc-dralias,base,0,ipw,ipw|fast-balanced-panel|panel,2,400,50,bootstrap,0
s6-inproc-dralias,base,0,ipw,ipw|fast-balanced-panel|panel,2,400,50,aggregation,0
s6-inproc-dralias,base,0,ipw,ipw|fast-balanced-panel|panel,2,400,50,unprofiled,.508
s6-inproc-dralias,base,0,ipw,ipw|fast-balanced-panel|panel,2,400,50,total,1.696000000000001
s6-inproc-dralias,base,0,reg,reg|fast-balanced-panel|panel,3,400,50,setup,.1210000000000001
s6-inproc-dralias,base,0,reg,reg|fast-balanced-panel|panel,3,400,50,cell_extract,0
s6-inproc-dralias,base,0,reg,reg|fast-balanced-panel|panel,3,400,50,model_fit,.3900000000000003
s6-inproc-dralias,base,0,reg,reg|fast-balanced-panel|panel,3,400,50,if_assembly,.05
s6-inproc-dralias,base,0,reg,reg|fast-balanced-panel|panel,3,400,50,cache_post,.002
s6-inproc-dralias,base,0,reg,reg|fast-balanced-panel|panel,3,400,50,cluster,0
s6-inproc-dralias,base,0,reg,reg|fast-balanced-panel|panel,3,400,50,bootstrap,0
s6-inproc-dralias,base,0,reg,reg|fast-balanced-panel|panel,3,400,50,aggregation,0
s6-inproc-dralias,base,0,reg,reg|fast-balanced-panel|panel,3,400,50,unprofiled,.5090000000000006
s6-inproc-dralias,base,0,reg,reg|fast-balanced-panel|panel,3,400,50,total,1.072000000000001
s6-inproc-dralias,base,0,dr_rc,dr|fast-repeated-cross-section|repeated-cross-section,4,400,50,setup,.2450000000000001
s6-inproc-dralias,base,0,dr_rc,dr|fast-repeated-cross-section|repeated-cross-section,4,400,50,cell_extract,.1000000000000001
s6-inproc-dralias,base,0,dr_rc,dr|fast-repeated-cross-section|repeated-cross-section,4,400,50,model_fit,2.896000000000001
s6-inproc-dralias,base,0,dr_rc,dr|fast-repeated-cross-section|repeated-cross-section,4,400,50,if_assembly,.2410000000000002
s6-inproc-dralias,base,0,dr_rc,dr|fast-repeated-cross-section|repeated-cross-section,4,400,50,cache_post,.003
s6-inproc-dralias,base,0,dr_rc,dr|fast-repeated-cross-section|repeated-cross-section,4,400,50,cluster,0
s6-inproc-dralias,base,0,dr_rc,dr|fast-repeated-cross-section|repeated-cross-section,4,400,50,bootstrap,0
s6-inproc-dralias,base,0,dr_rc,dr|fast-repeated-cross-section|repeated-cross-section,4,400,50,aggregation,0
s6-inproc-dralias,base,0,dr_rc,dr|fast-repeated-cross-section|repeated-cross-section,4,400,50,unprofiled,.6749999999999998
s6-inproc-dralias,base,0,dr_rc,dr|fast-repeated-cross-section|repeated-cross-section,4,400,50,total,4.160000000000001
s6-inproc-dralias,dralias,1,reg,reg|fast-balanced-panel|panel,1,400,50,setup,.1250000000000001
s6-inproc-dralias,dralias,1,reg,reg|fast-balanced-panel|panel,1,400,50,cell_extract,0
s6-inproc-dralias,dralias,1,reg,reg|fast-balanced-panel|panel,1,400,50,model_fit,.3930000000000003
s6-inproc-dralias,dralias,1,reg,reg|fast-balanced-panel|panel,1,400,50,if_assembly,.048
s6-inproc-dralias,dralias,1,reg,reg|fast-balanced-panel|panel,1,400,50,cache_post,0
s6-inproc-dralias,dralias,1,reg,reg|fast-balanced-panel|panel,1,400,50,cluster,0
s6-inproc-dralias,dralias,1,reg,reg|fast-balanced-panel|panel,1,400,50,bootstrap,0
s6-inproc-dralias,dralias,1,reg,reg|fast-balanced-panel|panel,1,400,50,aggregation,0
s6-inproc-dralias,dralias,1,reg,reg|fast-balanced-panel|panel,1,400,50,unprofiled,.4929999999999994
s6-inproc-dralias,dralias,1,reg,reg|fast-balanced-panel|panel,1,400,50,total,1.059
s6-inproc-dralias,dralias,1,ipw,ipw|fast-balanced-panel|panel,2,400,50,setup,.1320000000000001
s6-inproc-dralias,dralias,1,ipw,ipw|fast-balanced-panel|panel,2,400,50,cell_extract,0
s6-inproc-dralias,dralias,1,ipw,ipw|fast-balanced-panel|panel,2,400,50,model_fit,.9920000000000008
s6-inproc-dralias,dralias,1,ipw,ipw|fast-balanced-panel|panel,2,400,50,if_assembly,.053
s6-inproc-dralias,dralias,1,ipw,ipw|fast-balanced-panel|panel,2,400,50,cache_post,.002
s6-inproc-dralias,dralias,1,ipw,ipw|fast-balanced-panel|panel,2,400,50,cluster,0
s6-inproc-dralias,dralias,1,ipw,ipw|fast-balanced-panel|panel,2,400,50,bootstrap,0
s6-inproc-dralias,dralias,1,ipw,ipw|fast-balanced-panel|panel,2,400,50,aggregation,0
s6-inproc-dralias,dralias,1,ipw,ipw|fast-balanced-panel|panel,2,400,50,unprofiled,.4979999999999991
s6-inproc-dralias,dralias,1,ipw,ipw|fast-balanced-panel|panel,2,400,50,total,1.677
s6-inproc-dralias,dralias,1,dr,dr|fast-balanced-panel|panel,3,400,50,setup,.1260000000000001
s6-inproc-dralias,dralias,1,dr,dr|fast-balanced-panel|panel,3,400,50,cell_extract,0
s6-inproc-dralias,dralias,1,dr,dr|fast-balanced-panel|panel,3,400,50,model_fit,1.392
s6-inproc-dralias,dralias,1,dr,dr|fast-balanced-panel|panel,3,400,50,if_assembly,.051
s6-inproc-dralias,dralias,1,dr,dr|fast-balanced-panel|panel,3,400,50,cache_post,.005
s6-inproc-dralias,dralias,1,dr,dr|fast-balanced-panel|panel,3,400,50,cluster,0
s6-inproc-dralias,dralias,1,dr,dr|fast-balanced-panel|panel,3,400,50,bootstrap,0
s6-inproc-dralias,dralias,1,dr,dr|fast-balanced-panel|panel,3,400,50,aggregation,0
s6-inproc-dralias,dralias,1,dr,dr|fast-balanced-panel|panel,3,400,50,unprofiled,.5039999999999998
s6-inproc-dralias,dralias,1,dr,dr|fast-balanced-panel|panel,3,400,50,total,2.078
s6-inproc-dralias,dralias,1,dr_rc,dr|fast-repeated-cross-section|repeated-cross-section,4,400,50,setup,.2450000000000001
s6-inproc-dralias,dralias,1,dr_rc,dr|fast-repeated-cross-section|repeated-cross-section,4,400,50,cell_extract,.035
s6-inproc-dralias,dralias,1,dr_rc,dr|fast-repeated-cross-section|repeated-cross-section,4,400,50,model_fit,2.910000000000001
s6-inproc-dralias,dralias,1,dr_rc,dr|fast-repeated-cross-section|repeated-cross-section,4,400,50,if_assembly,.1980000000000001
s6-inproc-dralias,dralias,1,dr_rc,dr|fast-repeated-cross-section|repeated-cross-section,4,400,50,cache_post,.005
s6-inproc-dralias,dralias,1,dr_rc,dr|fast-repeated-cross-section|repeated-cross-section,4,400,50,cluster,0
s6-inproc-dralias,dralias,1,dr_rc,dr|fast-repeated-cross-section|repeated-cross-section,4,400,50,bootstrap,0
s6-inproc-dralias,dralias,1,dr_rc,dr|fast-repeated-cross-section|repeated-cross-section,4,400,50,aggregation,0
s6-inproc-dralias,dralias,1,dr_rc,dr|fast-repeated-cross-section|repeated-cross-section,4,400,50,unprofiled,.6909999999999985
s6-inproc-dralias,dralias,1,dr_rc,dr|fast-repeated-cross-section|repeated-cross-section,4,400,50,total,4.084
s6-inproc-dralias,drlocal,1,reg,reg|fast-balanced-panel|panel,1,400,50,setup,.1220000000000001
s6-inproc-dralias,drlocal,1,reg,reg|fast-balanced-panel|panel,1,400,50,cell_extract,0
s6-inproc-dralias,drlocal,1,reg,reg|fast-balanced-panel|panel,1,400,50,model_fit,.3830000000000003
s6-inproc-dralias,drlocal,1,reg,reg|fast-balanced-panel|panel,1,400,50,if_assembly,.061
s6-inproc-dralias,drlocal,1,reg,reg|fast-balanced-panel|panel,1,400,50,cache_post,.002
s6-inproc-dralias,drlocal,1,reg,reg|fast-balanced-panel|panel,1,400,50,cluster,0
s6-inproc-dralias,drlocal,1,reg,reg|fast-balanced-panel|panel,1,400,50,bootstrap,0
s6-inproc-dralias,drlocal,1,reg,reg|fast-balanced-panel|panel,1,400,50,aggregation,0
s6-inproc-dralias,drlocal,1,reg,reg|fast-balanced-panel|panel,1,400,50,unprofiled,.5049999999999997
s6-inproc-dralias,drlocal,1,reg,reg|fast-balanced-panel|panel,1,400,50,total,1.073
s6-inproc-dralias,drlocal,1,ipw,ipw|fast-balanced-panel|panel,2,400,50,setup,.1270000000000001
s6-inproc-dralias,drlocal,1,ipw,ipw|fast-balanced-panel|panel,2,400,50,cell_extract,0
s6-inproc-dralias,drlocal,1,ipw,ipw|fast-balanced-panel|panel,2,400,50,model_fit,1.001000000000001
s6-inproc-dralias,drlocal,1,ipw,ipw|fast-balanced-panel|panel,2,400,50,if_assembly,.068
s6-inproc-dralias,drlocal,1,ipw,ipw|fast-balanced-panel|panel,2,400,50,cache_post,.001
s6-inproc-dralias,drlocal,1,ipw,ipw|fast-balanced-panel|panel,2,400,50,cluster,0
s6-inproc-dralias,drlocal,1,ipw,ipw|fast-balanced-panel|panel,2,400,50,bootstrap,0
s6-inproc-dralias,drlocal,1,ipw,ipw|fast-balanced-panel|panel,2,400,50,aggregation,0
s6-inproc-dralias,drlocal,1,ipw,ipw|fast-balanced-panel|panel,2,400,50,unprofiled,.504999999999999
s6-inproc-dralias,drlocal,1,ipw,ipw|fast-balanced-panel|panel,2,400,50,total,1.702
s6-inproc-dralias,drlocal,1,dr,dr|fast-balanced-panel|panel,3,400,50,setup,.1270000000000001
s6-inproc-dralias,drlocal,1,dr,dr|fast-balanced-panel|panel,3,400,50,cell_extract,0
s6-inproc-dralias,drlocal,1,dr,dr|fast-balanced-panel|panel,3,400,50,model_fit,1.381
s6-inproc-dralias,drlocal,1,dr,dr|fast-balanced-panel|panel,3,400,50,if_assembly,.056
s6-inproc-dralias,drlocal,1,dr,dr|fast-balanced-panel|panel,3,400,50,cache_post,.001
s6-inproc-dralias,drlocal,1,dr,dr|fast-balanced-panel|panel,3,400,50,cluster,0
s6-inproc-dralias,drlocal,1,dr,dr|fast-balanced-panel|panel,3,400,50,bootstrap,0
s6-inproc-dralias,drlocal,1,dr,dr|fast-balanced-panel|panel,3,400,50,aggregation,0
s6-inproc-dralias,drlocal,1,dr,dr|fast-balanced-panel|panel,3,400,50,unprofiled,.5140000000000002
s6-inproc-dralias,drlocal,1,dr,dr|fast-balanced-panel|panel,3,400,50,total,2.079
s6-inproc-dralias,drlocal,1,dr_rc,dr|fast-repeated-cross-section|repeated-cross-section,4,400,50,setup,.2430000000000001
s6-inproc-dralias,drlocal,1,dr_rc,dr|fast-repeated-cross-section|repeated-cross-section,4,400,50,cell_extract,.041
s6-inproc-dralias,drlocal,1,dr_rc,dr|fast-repeated-cross-section|repeated-cross-section,4,400,50,model_fit,2.946000000000001
s6-inproc-dralias,drlocal,1,dr_rc,dr|fast-repeated-cross-section|repeated-cross-section,4,400,50,if_assembly,.2070000000000001
s6-inproc-dralias,drlocal,1,dr_rc,dr|fast-repeated-cross-section|repeated-cross-section,4,400,50,cache_post,.004
s6-inproc-dralias,drlocal,1,dr_rc,dr|fast-repeated-cross-section|repeated-cross-section,4,400,50,cluster,0
s6-inproc-dralias,drlocal,1,dr_rc,dr|fast-repeated-cross-section|repeated-cross-section,4,400,50,bootstrap,0
s6-inproc-dralias,drlocal,1,dr_rc,dr|fast-repeated-cross-section|repeated-cross-section,4,400,50,aggregation,0
s6-inproc-dralias,drlocal,1,dr_rc,dr|fast-repeated-cross-section|repeated-cross-section,4,400,50,unprofiled,.6779999999999986
s6-inproc-dralias,drlocal,1,dr_rc,dr|fast-repeated-cross-section|repeated-cross-section,4,400,50,total,4.119
s6-inproc-dralias,head,1,reg,reg|fast-balanced-panel|panel,1,400,50,setup,.1260000000000001
s6-inproc-dralias,head,1,reg,reg|fast-balanced-panel|panel,1,400,50,cell_extract,0
s6-inproc-dralias,head,1,reg,reg|fast-balanced-panel|panel,1,400,50,model_fit,.3890000000000003
s6-inproc-dralias,head,1,reg,reg|fast-balanced-panel|panel,1,400,50,if_assembly,.062
s6-inproc-dralias,head,1,reg,reg|fast-balanced-panel|panel,1,400,50,cache_post,.005
s6-inproc-dralias,head,1,reg,reg|fast-balanced-panel|panel,1,400,50,cluster,0
s6-inproc-dralias,head,1,reg,reg|fast-balanced-panel|panel,1,400,50,bootstrap,0
s6-inproc-dralias,head,1,reg,reg|fast-balanced-panel|panel,1,400,50,aggregation,0
s6-inproc-dralias,head,1,reg,reg|fast-balanced-panel|panel,1,400,50,unprofiled,.4819999999999997
s6-inproc-dralias,head,1,reg,reg|fast-balanced-panel|panel,1,400,50,total,1.064
s6-inproc-dralias,head,1,ipw,ipw|fast-balanced-panel|panel,2,400,50,setup,.1280000000000001
s6-inproc-dralias,head,1,ipw,ipw|fast-balanced-panel|panel,2,400,50,cell_extract,0
s6-inproc-dralias,head,1,ipw,ipw|fast-balanced-panel|panel,2,400,50,model_fit,.9890000000000008
s6-inproc-dralias,head,1,ipw,ipw|fast-balanced-panel|panel,2,400,50,if_assembly,.057
s6-inproc-dralias,head,1,ipw,ipw|fast-balanced-panel|panel,2,400,50,cache_post,.003
s6-inproc-dralias,head,1,ipw,ipw|fast-balanced-panel|panel,2,400,50,cluster,0
s6-inproc-dralias,head,1,ipw,ipw|fast-balanced-panel|panel,2,400,50,bootstrap,0
s6-inproc-dralias,head,1,ipw,ipw|fast-balanced-panel|panel,2,400,50,aggregation,0
s6-inproc-dralias,head,1,ipw,ipw|fast-balanced-panel|panel,2,400,50,unprofiled,.5039999999999991
s6-inproc-dralias,head,1,ipw,ipw|fast-balanced-panel|panel,2,400,50,total,1.681
s6-inproc-dralias,head,1,dr,dr|fast-balanced-panel|panel,3,400,50,setup,.1250000000000001
s6-inproc-dralias,head,1,dr,dr|fast-balanced-panel|panel,3,400,50,cell_extract,0
s6-inproc-dralias,head,1,dr,dr|fast-balanced-panel|panel,3,400,50,model_fit,1.380000000000001
s6-inproc-dralias,head,1,dr,dr|fast-balanced-panel|panel,3,400,50,if_assembly,.061
s6-inproc-dralias,head,1,dr,dr|fast-balanced-panel|panel,3,400,50,cache_post,.002
s6-inproc-dralias,head,1,dr,dr|fast-balanced-panel|panel,3,400,50,cluster,0
s6-inproc-dralias,head,1,dr,dr|fast-balanced-panel|panel,3,400,50,bootstrap,0
s6-inproc-dralias,head,1,dr,dr|fast-balanced-panel|panel,3,400,50,aggregation,0
s6-inproc-dralias,head,1,dr,dr|fast-balanced-panel|panel,3,400,50,unprofiled,.5079999999999982
s6-inproc-dralias,head,1,dr,dr|fast-balanced-panel|panel,3,400,50,total,2.075999999999999
s6-inproc-dralias,head,1,dr_rc,dr|fast-repeated-cross-section|repeated-cross-section,4,400,50,setup,.2420000000000002
s6-inproc-dralias,head,1,dr_rc,dr|fast-repeated-cross-section|repeated-cross-section,4,400,50,cell_extract,.041
s6-inproc-dralias,head,1,dr_rc,dr|fast-repeated-cross-section|repeated-cross-section,4,400,50,model_fit,2.913000000000002
s6-inproc-dralias,head,1,dr_rc,dr|fast-repeated-cross-section|repeated-cross-section,4,400,50,if_assembly,.2090000000000001
s6-inproc-dralias,head,1,dr_rc,dr|fast-repeated-cross-section|repeated-cross-section,4,400,50,cache_post,.004
s6-inproc-dralias,head,1,dr_rc,dr|fast-repeated-cross-section|repeated-cross-section,4,400,50,cluster,0
s6-inproc-dralias,head,1,dr_rc,dr|fast-repeated-cross-section|repeated-cross-section,4,400,50,bootstrap,0
s6-inproc-dralias,head,1,dr_rc,dr|fast-repeated-cross-section|repeated-cross-section,4,400,50,aggregation,0
s6-inproc-dralias,head,1,dr_rc,dr|fast-repeated-cross-section|repeated-cross-section,4,400,50,unprofiled,.6699999999999968
s6-inproc-dralias,head,1,dr_rc,dr|fast-repeated-cross-section|repeated-cross-section,4,400,50,total,4.078999999999999
s6-inproc-dralias,base,1,reg,reg|fast-balanced-panel|panel,1,400,50,setup,.1210000000000001
s6-inproc-dralias,base,1,reg,reg|fast-balanced-panel|panel,1,400,50,cell_extract,0
s6-inproc-dralias,base,1,reg,reg|fast-balanced-panel|panel,1,400,50,model_fit,.3970000000000003
s6-inproc-dralias,base,1,reg,reg|fast-balanced-panel|panel,1,400,50,if_assembly,.044
s6-inproc-dralias,base,1,reg,reg|fast-balanced-panel|panel,1,400,50,cache_post,.003
s6-inproc-dralias,base,1,reg,reg|fast-balanced-panel|panel,1,400,50,cluster,0
s6-inproc-dralias,base,1,reg,reg|fast-balanced-panel|panel,1,400,50,bootstrap,0
s6-inproc-dralias,base,1,reg,reg|fast-balanced-panel|panel,1,400,50,aggregation,0
s6-inproc-dralias,base,1,reg,reg|fast-balanced-panel|panel,1,400,50,unprofiled,.5079999999999996
s6-inproc-dralias,base,1,reg,reg|fast-balanced-panel|panel,1,400,50,total,1.073
s6-inproc-dralias,base,1,ipw,ipw|fast-balanced-panel|panel,2,400,50,setup,.1290000000000001
s6-inproc-dralias,base,1,ipw,ipw|fast-balanced-panel|panel,2,400,50,cell_extract,0
s6-inproc-dralias,base,1,ipw,ipw|fast-balanced-panel|panel,2,400,50,model_fit,.9680000000000007
s6-inproc-dralias,base,1,ipw,ipw|fast-balanced-panel|panel,2,400,50,if_assembly,.061
s6-inproc-dralias,base,1,ipw,ipw|fast-balanced-panel|panel,2,400,50,cache_post,.003
s6-inproc-dralias,base,1,ipw,ipw|fast-balanced-panel|panel,2,400,50,cluster,0
s6-inproc-dralias,base,1,ipw,ipw|fast-balanced-panel|panel,2,400,50,bootstrap,0
s6-inproc-dralias,base,1,ipw,ipw|fast-balanced-panel|panel,2,400,50,aggregation,0
s6-inproc-dralias,base,1,ipw,ipw|fast-balanced-panel|panel,2,400,50,unprofiled,.536999999999999
s6-inproc-dralias,base,1,ipw,ipw|fast-balanced-panel|panel,2,400,50,total,1.698
s6-inproc-dralias,base,1,dr,dr|fast-balanced-panel|panel,3,400,50,setup,.1230000000000001
s6-inproc-dralias,base,1,dr,dr|fast-balanced-panel|panel,3,400,50,cell_extract,0
s6-inproc-dralias,base,1,dr,dr|fast-balanced-panel|panel,3,400,50,model_fit,1.373
s6-inproc-dralias,base,1,dr,dr|fast-balanced-panel|panel,3,400,50,if_assembly,.052
s6-inproc-dralias,base,1,dr,dr|fast-balanced-panel|panel,3,400,50,cache_post,.003
s6-inproc-dralias,base,1,dr,dr|fast-balanced-panel|panel,3,400,50,cluster,0
s6-inproc-dralias,base,1,dr,dr|fast-balanced-panel|panel,3,400,50,bootstrap,0
s6-inproc-dralias,base,1,dr,dr|fast-balanced-panel|panel,3,400,50,aggregation,0
s6-inproc-dralias,base,1,dr,dr|fast-balanced-panel|panel,3,400,50,unprofiled,.5269999999999999
s6-inproc-dralias,base,1,dr,dr|fast-balanced-panel|panel,3,400,50,total,2.078
s6-inproc-dralias,base,1,dr_rc,dr|fast-repeated-cross-section|repeated-cross-section,4,400,50,setup,.2480000000000002
s6-inproc-dralias,base,1,dr_rc,dr|fast-repeated-cross-section|repeated-cross-section,4,400,50,cell_extract,.0990000000000001
s6-inproc-dralias,base,1,dr_rc,dr|fast-repeated-cross-section|repeated-cross-section,4,400,50,model_fit,2.909000000000001
s6-inproc-dralias,base,1,dr_rc,dr|fast-repeated-cross-section|repeated-cross-section,4,400,50,if_assembly,.2260000000000001
s6-inproc-dralias,base,1,dr_rc,dr|fast-repeated-cross-section|repeated-cross-section,4,400,50,cache_post,.005
s6-inproc-dralias,base,1,dr_rc,dr|fast-repeated-cross-section|repeated-cross-section,4,400,50,cluster,0
s6-inproc-dralias,base,1,dr_rc,dr|fast-repeated-cross-section|repeated-cross-section,4,400,50,bootstrap,0
s6-inproc-dralias,base,1,dr_rc,dr|fast-repeated-cross-section|repeated-cross-section,4,400,50,aggregation,0
s6-inproc-dralias,base,1,dr_rc,dr|fast-repeated-cross-section|repeated-cross-section,4,400,50,unprofiled,.6639999999999988
s6-inproc-dralias,base,1,dr_rc,dr|fast-repeated-cross-section|repeated-cross-section,4,400,50,total,4.151000000000001
s6-inproc-dralias,dralias,2,reg,reg|fast-balanced-panel|panel,1,400,50,setup,.1270000000000001
s6-inproc-dralias,dralias,2,reg,reg|fast-balanced-panel|panel,1,400,50,cell_extract,0
s6-inproc-dralias,dralias,2,reg,reg|fast-balanced-panel|panel,1,400,50,model_fit,.3900000000000003
s6-inproc-dralias,dralias,2,reg,reg|fast-balanced-panel|panel,1,400,50,if_assembly,.061
s6-inproc-dralias,dralias,2,reg,reg|fast-balanced-panel|panel,1,400,50,cache_post,.001
s6-inproc-dralias,dralias,2,reg,reg|fast-balanced-panel|panel,1,400,50,cluster,0
s6-inproc-dralias,dralias,2,reg,reg|fast-balanced-panel|panel,1,400,50,bootstrap,0
s6-inproc-dralias,dralias,2,reg,reg|fast-balanced-panel|panel,1,400,50,aggregation,0
s6-inproc-dralias,dralias,2,reg,reg|fast-balanced-panel|panel,1,400,50,unprofiled,.4930000000000007
s6-inproc-dralias,dralias,2,reg,reg|fast-balanced-panel|panel,1,400,50,total,1.072000000000001
s6-inproc-dralias,dralias,2,dr_rc,dr|fast-repeated-cross-section|repeated-cross-section,2,400,50,setup,.2440000000000001
s6-inproc-dralias,dralias,2,dr_rc,dr|fast-repeated-cross-section|repeated-cross-section,2,400,50,cell_extract,.037
s6-inproc-dralias,dralias,2,dr_rc,dr|fast-repeated-cross-section|repeated-cross-section,2,400,50,model_fit,2.895
s6-inproc-dralias,dralias,2,dr_rc,dr|fast-repeated-cross-section|repeated-cross-section,2,400,50,if_assembly,.2140000000000001
s6-inproc-dralias,dralias,2,dr_rc,dr|fast-repeated-cross-section|repeated-cross-section,2,400,50,cache_post,.003
s6-inproc-dralias,dralias,2,dr_rc,dr|fast-repeated-cross-section|repeated-cross-section,2,400,50,cluster,0
s6-inproc-dralias,dralias,2,dr_rc,dr|fast-repeated-cross-section|repeated-cross-section,2,400,50,bootstrap,0
s6-inproc-dralias,dralias,2,dr_rc,dr|fast-repeated-cross-section|repeated-cross-section,2,400,50,aggregation,0
s6-inproc-dralias,dralias,2,dr_rc,dr|fast-repeated-cross-section|repeated-cross-section,2,400,50,unprofiled,.6909999999999989
s6-inproc-dralias,dralias,2,dr_rc,dr|fast-repeated-cross-section|repeated-cross-section,2,400,50,total,4.083999999999999
s6-inproc-dralias,dralias,2,dr,dr|fast-balanced-panel|panel,3,400,50,setup,.1260000000000001
s6-inproc-dralias,dralias,2,dr,dr|fast-balanced-panel|panel,3,400,50,cell_extract,0
s6-inproc-dralias,dralias,2,dr,dr|fast-balanced-panel|panel,3,400,50,model_fit,1.396
s6-inproc-dralias,dralias,2,dr,dr|fast-balanced-panel|panel,3,400,50,if_assembly,.055
s6-inproc-dralias,dralias,2,dr,dr|fast-balanced-panel|panel,3,400,50,cache_post,.002
s6-inproc-dralias,dralias,2,dr,dr|fast-balanced-panel|panel,3,400,50,cluster,0
s6-inproc-dralias,dralias,2,dr,dr|fast-balanced-panel|panel,3,400,50,bootstrap,0
s6-inproc-dralias,dralias,2,dr,dr|fast-balanced-panel|panel,3,400,50,aggregation,0
s6-inproc-dralias,dralias,2,dr,dr|fast-balanced-panel|panel,3,400,50,unprofiled,.554
s6-inproc-dralias,dralias,2,dr,dr|fast-balanced-panel|panel,3,400,50,total,2.133
s6-inproc-dralias,dralias,2,ipw,ipw|fast-balanced-panel|panel,4,400,50,setup,.1300000000000001
s6-inproc-dralias,dralias,2,ipw,ipw|fast-balanced-panel|panel,4,400,50,cell_extract,0
s6-inproc-dralias,dralias,2,ipw,ipw|fast-balanced-panel|panel,4,400,50,model_fit,.9960000000000008
s6-inproc-dralias,dralias,2,ipw,ipw|fast-balanced-panel|panel,4,400,50,if_assembly,.056
s6-inproc-dralias,dralias,2,ipw,ipw|fast-balanced-panel|panel,4,400,50,cache_post,.002
s6-inproc-dralias,dralias,2,ipw,ipw|fast-balanced-panel|panel,4,400,50,cluster,0
s6-inproc-dralias,dralias,2,ipw,ipw|fast-balanced-panel|panel,4,400,50,bootstrap,0
s6-inproc-dralias,dralias,2,ipw,ipw|fast-balanced-panel|panel,4,400,50,aggregation,0
s6-inproc-dralias,dralias,2,ipw,ipw|fast-balanced-panel|panel,4,400,50,unprofiled,.540999999999999
s6-inproc-dralias,dralias,2,ipw,ipw|fast-balanced-panel|panel,4,400,50,total,1.725
s6-inproc-dralias,base,2,reg,reg|fast-balanced-panel|panel,1,400,50,setup,.1240000000000001
s6-inproc-dralias,base,2,reg,reg|fast-balanced-panel|panel,1,400,50,cell_extract,0
s6-inproc-dralias,base,2,reg,reg|fast-balanced-panel|panel,1,400,50,model_fit,.3690000000000003
s6-inproc-dralias,base,2,reg,reg|fast-balanced-panel|panel,1,400,50,if_assembly,.064
s6-inproc-dralias,base,2,reg,reg|fast-balanced-panel|panel,1,400,50,cache_post,.002
s6-inproc-dralias,base,2,reg,reg|fast-balanced-panel|panel,1,400,50,cluster,0
s6-inproc-dralias,base,2,reg,reg|fast-balanced-panel|panel,1,400,50,bootstrap,0
s6-inproc-dralias,base,2,reg,reg|fast-balanced-panel|panel,1,400,50,aggregation,0
s6-inproc-dralias,base,2,reg,reg|fast-balanced-panel|panel,1,400,50,unprofiled,.5109999999999997
s6-inproc-dralias,base,2,reg,reg|fast-balanced-panel|panel,1,400,50,total,1.07
s6-inproc-dralias,base,2,dr_rc,dr|fast-repeated-cross-section|repeated-cross-section,2,400,50,setup,.2380000000000002
s6-inproc-dralias,base,2,dr_rc,dr|fast-repeated-cross-section|repeated-cross-section,2,400,50,cell_extract,.0990000000000001
s6-inproc-dralias,base,2,dr_rc,dr|fast-repeated-cross-section|repeated-cross-section,2,400,50,model_fit,2.909
s6-inproc-dralias,base,2,dr_rc,dr|fast-repeated-cross-section|repeated-cross-section,2,400,50,if_assembly,.2010000000000001
s6-inproc-dralias,base,2,dr_rc,dr|fast-repeated-cross-section|repeated-cross-section,2,400,50,cache_post,.009
s6-inproc-dralias,base,2,dr_rc,dr|fast-repeated-cross-section|repeated-cross-section,2,400,50,cluster,0
s6-inproc-dralias,base,2,dr_rc,dr|fast-repeated-cross-section|repeated-cross-section,2,400,50,bootstrap,0
s6-inproc-dralias,base,2,dr_rc,dr|fast-repeated-cross-section|repeated-cross-section,2,400,50,aggregation,0
s6-inproc-dralias,base,2,dr_rc,dr|fast-repeated-cross-section|repeated-cross-section,2,400,50,unprofiled,.6780000000000004
s6-inproc-dralias,base,2,dr_rc,dr|fast-repeated-cross-section|repeated-cross-section,2,400,50,total,4.134
s6-inproc-dralias,base,2,dr,dr|fast-balanced-panel|panel,3,400,50,setup,.1280000000000001
s6-inproc-dralias,base,2,dr,dr|fast-balanced-panel|panel,3,400,50,cell_extract,0
s6-inproc-dralias,base,2,dr,dr|fast-balanced-panel|panel,3,400,50,model_fit,1.385
s6-inproc-dralias,base,2,dr,dr|fast-balanced-panel|panel,3,400,50,if_assembly,.045
s6-inproc-dralias,base,2,dr,dr|fast-balanced-panel|panel,3,400,50,cache_post,.005
s6-inproc-dralias,base,2,dr,dr|fast-balanced-panel|panel,3,400,50,cluster,0
s6-inproc-dralias,base,2,dr,dr|fast-balanced-panel|panel,3,400,50,bootstrap,0
s6-inproc-dralias,base,2,dr,dr|fast-balanced-panel|panel,3,400,50,aggregation,0
s6-inproc-dralias,base,2,dr,dr|fast-balanced-panel|panel,3,400,50,unprofiled,.554
s6-inproc-dralias,base,2,dr,dr|fast-balanced-panel|panel,3,400,50,total,2.117
s6-inproc-dralias,base,2,ipw,ipw|fast-balanced-panel|panel,4,400,50,setup,.1300000000000001
s6-inproc-dralias,base,2,ipw,ipw|fast-balanced-panel|panel,4,400,50,cell_extract,0
s6-inproc-dralias,base,2,ipw,ipw|fast-balanced-panel|panel,4,400,50,model_fit,1.001000000000001
s6-inproc-dralias,base,2,ipw,ipw|fast-balanced-panel|panel,4,400,50,if_assembly,.056
s6-inproc-dralias,base,2,ipw,ipw|fast-balanced-panel|panel,4,400,50,cache_post,.005
s6-inproc-dralias,base,2,ipw,ipw|fast-balanced-panel|panel,4,400,50,cluster,0
s6-inproc-dralias,base,2,ipw,ipw|fast-balanced-panel|panel,4,400,50,bootstrap,0
s6-inproc-dralias,base,2,ipw,ipw|fast-balanced-panel|panel,4,400,50,aggregation,0
s6-inproc-dralias,base,2,ipw,ipw|fast-balanced-panel|panel,4,400,50,unprofiled,.538999999999999
s6-inproc-dralias,base,2,ipw,ipw|fast-balanced-panel|panel,4,400,50,total,1.731
s6-inproc-dralias,head,2,reg,reg|fast-balanced-panel|panel,1,400,50,setup,.1300000000000001
s6-inproc-dralias,head,2,reg,reg|fast-balanced-panel|panel,1,400,50,cell_extract,0
s6-inproc-dralias,head,2,reg,reg|fast-balanced-panel|panel,1,400,50,model_fit,.3760000000000003
s6-inproc-dralias,head,2,reg,reg|fast-balanced-panel|panel,1,400,50,if_assembly,.061
s6-inproc-dralias,head,2,reg,reg|fast-balanced-panel|panel,1,400,50,cache_post,.003
s6-inproc-dralias,head,2,reg,reg|fast-balanced-panel|panel,1,400,50,cluster,0
s6-inproc-dralias,head,2,reg,reg|fast-balanced-panel|panel,1,400,50,bootstrap,0
s6-inproc-dralias,head,2,reg,reg|fast-balanced-panel|panel,1,400,50,aggregation,0
s6-inproc-dralias,head,2,reg,reg|fast-balanced-panel|panel,1,400,50,unprofiled,.4949999999999996
s6-inproc-dralias,head,2,reg,reg|fast-balanced-panel|panel,1,400,50,total,1.065
s6-inproc-dralias,head,2,dr_rc,dr|fast-repeated-cross-section|repeated-cross-section,2,400,50,setup,.2450000000000001
s6-inproc-dralias,head,2,dr_rc,dr|fast-repeated-cross-section|repeated-cross-section,2,400,50,cell_extract,.038
s6-inproc-dralias,head,2,dr_rc,dr|fast-repeated-cross-section|repeated-cross-section,2,400,50,model_fit,2.869
s6-inproc-dralias,head,2,dr_rc,dr|fast-repeated-cross-section|repeated-cross-section,2,400,50,if_assembly,.2140000000000001
s6-inproc-dralias,head,2,dr_rc,dr|fast-repeated-cross-section|repeated-cross-section,2,400,50,cache_post,.004
s6-inproc-dralias,head,2,dr_rc,dr|fast-repeated-cross-section|repeated-cross-section,2,400,50,cluster,0
s6-inproc-dralias,head,2,dr_rc,dr|fast-repeated-cross-section|repeated-cross-section,2,400,50,bootstrap,0
s6-inproc-dralias,head,2,dr_rc,dr|fast-repeated-cross-section|repeated-cross-section,2,400,50,aggregation,0
s6-inproc-dralias,head,2,dr_rc,dr|fast-repeated-cross-section|repeated-cross-section,2,400,50,unprofiled,.6930000000000005
s6-inproc-dralias,head,2,dr_rc,dr|fast-repeated-cross-section|repeated-cross-section,2,400,50,total,4.063000000000001
s6-inproc-dralias,head,2,dr,dr|fast-balanced-panel|panel,3,400,50,setup,.1280000000000001
s6-inproc-dralias,head,2,dr,dr|fast-balanced-panel|panel,3,400,50,cell_extract,0
s6-inproc-dralias,head,2,dr,dr|fast-balanced-panel|panel,3,400,50,model_fit,1.385
s6-inproc-dralias,head,2,dr,dr|fast-balanced-panel|panel,3,400,50,if_assembly,.067
s6-inproc-dralias,head,2,dr,dr|fast-balanced-panel|panel,3,400,50,cache_post,.002
s6-inproc-dralias,head,2,dr,dr|fast-balanced-panel|panel,3,400,50,cluster,0
s6-inproc-dralias,head,2,dr,dr|fast-balanced-panel|panel,3,400,50,bootstrap,0
s6-inproc-dralias,head,2,dr,dr|fast-balanced-panel|panel,3,400,50,aggregation,0
s6-inproc-dralias,head,2,dr,dr|fast-balanced-panel|panel,3,400,50,unprofiled,.5410000000000001
s6-inproc-dralias,head,2,dr,dr|fast-balanced-panel|panel,3,400,50,total,2.123
s6-inproc-dralias,head,2,ipw,ipw|fast-balanced-panel|panel,4,400,50,setup,.1330000000000001
s6-inproc-dralias,head,2,ipw,ipw|fast-balanced-panel|panel,4,400,50,cell_extract,0
s6-inproc-dralias,head,2,ipw,ipw|fast-balanced-panel|panel,4,400,50,model_fit,.9910000000000008
s6-inproc-dralias,head,2,ipw,ipw|fast-balanced-panel|panel,4,400,50,if_assembly,.061
s6-inproc-dralias,head,2,ipw,ipw|fast-balanced-panel|panel,4,400,50,cache_post,.003
s6-inproc-dralias,head,2,ipw,ipw|fast-balanced-panel|panel,4,400,50,cluster,0
s6-inproc-dralias,head,2,ipw,ipw|fast-balanced-panel|panel,4,400,50,bootstrap,0
s6-inproc-dralias,head,2,ipw,ipw|fast-balanced-panel|panel,4,400,50,aggregation,0
s6-inproc-dralias,head,2,ipw,ipw|fast-balanced-panel|panel,4,400,50,unprofiled,.5339999999999989
s6-inproc-dralias,head,2,ipw,ipw|fast-balanced-panel|panel,4,400,50,total,1.722
s6-inproc-dralias,drlocal,2,reg,reg|fast-balanced-panel|panel,1,400,50,setup,.1280000000000001
s6-inproc-dralias,drlocal,2,reg,reg|fast-balanced-panel|panel,1,400,50,cell_extract,0
s6-inproc-dralias,drlocal,2,reg,reg|fast-balanced-panel|panel,1,400,50,model_fit,.3800000000000003
s6-inproc-dralias,drlocal,2,reg,reg|fast-balanced-panel|panel,1,400,50,if_assembly,.054
s6-inproc-dralias,drlocal,2,reg,reg|fast-balanced-panel|panel,1,400,50,cache_post,.001
s6-inproc-dralias,drlocal,2,reg,reg|fast-balanced-panel|panel,1,400,50,cluster,0
s6-inproc-dralias,drlocal,2,reg,reg|fast-balanced-panel|panel,1,400,50,bootstrap,0
s6-inproc-dralias,drlocal,2,reg,reg|fast-balanced-panel|panel,1,400,50,aggregation,0
s6-inproc-dralias,drlocal,2,reg,reg|fast-balanced-panel|panel,1,400,50,unprofiled,.5039999999999994
s6-inproc-dralias,drlocal,2,reg,reg|fast-balanced-panel|panel,1,400,50,total,1.067
s6-inproc-dralias,drlocal,2,dr_rc,dr|fast-repeated-cross-section|repeated-cross-section,2,400,50,setup,.2460000000000001
s6-inproc-dralias,drlocal,2,dr_rc,dr|fast-repeated-cross-section|repeated-cross-section,2,400,50,cell_extract,.038
s6-inproc-dralias,drlocal,2,dr_rc,dr|fast-repeated-cross-section|repeated-cross-section,2,400,50,model_fit,2.898000000000001
s6-inproc-dralias,drlocal,2,dr_rc,dr|fast-repeated-cross-section|repeated-cross-section,2,400,50,if_assembly,.2190000000000001
s6-inproc-dralias,drlocal,2,dr_rc,dr|fast-repeated-cross-section|repeated-cross-section,2,400,50,cache_post,.008
s6-inproc-dralias,drlocal,2,dr_rc,dr|fast-repeated-cross-section|repeated-cross-section,2,400,50,cluster,0
s6-inproc-dralias,drlocal,2,dr_rc,dr|fast-repeated-cross-section|repeated-cross-section,2,400,50,bootstrap,0
s6-inproc-dralias,drlocal,2,dr_rc,dr|fast-repeated-cross-section|repeated-cross-section,2,400,50,aggregation,0
s6-inproc-dralias,drlocal,2,dr_rc,dr|fast-repeated-cross-section|repeated-cross-section,2,400,50,unprofiled,.667999999999997
s6-inproc-dralias,drlocal,2,dr_rc,dr|fast-repeated-cross-section|repeated-cross-section,2,400,50,total,4.076999999999998
s6-inproc-dralias,drlocal,2,dr,dr|fast-balanced-panel|panel,3,400,50,setup,.1310000000000001
s6-inproc-dralias,drlocal,2,dr,dr|fast-balanced-panel|panel,3,400,50,cell_extract,0
s6-inproc-dralias,drlocal,2,dr,dr|fast-balanced-panel|panel,3,400,50,model_fit,1.368
s6-inproc-dralias,drlocal,2,dr,dr|fast-balanced-panel|panel,3,400,50,if_assembly,.061
s6-inproc-dralias,drlocal,2,dr,dr|fast-balanced-panel|panel,3,400,50,cache_post,.003
s6-inproc-dralias,drlocal,2,dr,dr|fast-balanced-panel|panel,3,400,50,cluster,0
s6-inproc-dralias,drlocal,2,dr,dr|fast-balanced-panel|panel,3,400,50,bootstrap,0
s6-inproc-dralias,drlocal,2,dr,dr|fast-balanced-panel|panel,3,400,50,aggregation,0
s6-inproc-dralias,drlocal,2,dr,dr|fast-balanced-panel|panel,3,400,50,unprofiled,.546
s6-inproc-dralias,drlocal,2,dr,dr|fast-balanced-panel|panel,3,400,50,total,2.109
s6-inproc-dralias,drlocal,2,ipw,ipw|fast-balanced-panel|panel,4,400,50,setup,.1220000000000001
s6-inproc-dralias,drlocal,2,ipw,ipw|fast-balanced-panel|panel,4,400,50,cell_extract,0
s6-inproc-dralias,drlocal,2,ipw,ipw|fast-balanced-panel|panel,4,400,50,model_fit,.9840000000000008
s6-inproc-dralias,drlocal,2,ipw,ipw|fast-balanced-panel|panel,4,400,50,if_assembly,.062
s6-inproc-dralias,drlocal,2,ipw,ipw|fast-balanced-panel|panel,4,400,50,cache_post,.004
s6-inproc-dralias,drlocal,2,ipw,ipw|fast-balanced-panel|panel,4,400,50,cluster,0
s6-inproc-dralias,drlocal,2,ipw,ipw|fast-balanced-panel|panel,4,400,50,bootstrap,0
s6-inproc-dralias,drlocal,2,ipw,ipw|fast-balanced-panel|panel,4,400,50,aggregation,0
s6-inproc-dralias,drlocal,2,ipw,ipw|fast-balanced-panel|panel,4,400,50,unprofiled,.542
s6-inproc-dralias,drlocal,2,ipw,ipw|fast-balanced-panel|panel,4,400,50,total,1.714000000000001
s6-inproc-dralias,head,3,dr,dr|fast-balanced-panel|panel,1,400,50,setup,.1270000000000001
s6-inproc-dralias,head,3,dr,dr|fast-balanced-panel|panel,1,400,50,cell_extract,0
s6-inproc-dralias,head,3,dr,dr|fast-balanced-panel|panel,1,400,50,model_fit,1.364000000000001
s6-inproc-dralias,head,3,dr,dr|fast-balanced-panel|panel,1,400,50,if_assembly,.056
s6-inproc-dralias,head,3,dr,dr|fast-balanced-panel|panel,1,400,50,cache_post,.003
s6-inproc-dralias,head,3,dr,dr|fast-balanced-panel|panel,1,400,50,cluster,0
s6-inproc-dralias,head,3,dr,dr|fast-balanced-panel|panel,1,400,50,bootstrap,0
s6-inproc-dralias,head,3,dr,dr|fast-balanced-panel|panel,1,400,50,aggregation,0
s6-inproc-dralias,head,3,dr,dr|fast-balanced-panel|panel,1,400,50,unprofiled,.5139999999999982
s6-inproc-dralias,head,3,dr,dr|fast-balanced-panel|panel,1,400,50,total,2.063999999999999
s6-inproc-dralias,head,3,dr_rc,dr|fast-repeated-cross-section|repeated-cross-section,2,400,50,setup,.2420000000000001
s6-inproc-dralias,head,3,dr_rc,dr|fast-repeated-cross-section|repeated-cross-section,2,400,50,cell_extract,.036
s6-inproc-dralias,head,3,dr_rc,dr|fast-repeated-cross-section|repeated-cross-section,2,400,50,model_fit,2.896000000000001
s6-inproc-dralias,head,3,dr_rc,dr|fast-repeated-cross-section|repeated-cross-section,2,400,50,if_assembly,.2340000000000002
s6-inproc-dralias,head,3,dr_rc,dr|fast-repeated-cross-section|repeated-cross-section,2,400,50,cache_post,.002
s6-inproc-dralias,head,3,dr_rc,dr|fast-repeated-cross-section|repeated-cross-section,2,400,50,cluster,0
s6-inproc-dralias,head,3,dr_rc,dr|fast-repeated-cross-section|repeated-cross-section,2,400,50,bootstrap,0
s6-inproc-dralias,head,3,dr_rc,dr|fast-repeated-cross-section|repeated-cross-section,2,400,50,aggregation,0
s6-inproc-dralias,head,3,dr_rc,dr|fast-repeated-cross-section|repeated-cross-section,2,400,50,unprofiled,.676999999999996
s6-inproc-dralias,head,3,dr_rc,dr|fast-repeated-cross-section|repeated-cross-section,2,400,50,total,4.086999999999997
s6-inproc-dralias,head,3,reg,reg|fast-balanced-panel|panel,3,400,50,setup,.1310000000000001
s6-inproc-dralias,head,3,reg,reg|fast-balanced-panel|panel,3,400,50,cell_extract,0
s6-inproc-dralias,head,3,reg,reg|fast-balanced-panel|panel,3,400,50,model_fit,.3850000000000003
s6-inproc-dralias,head,3,reg,reg|fast-balanced-panel|panel,3,400,50,if_assembly,.063
s6-inproc-dralias,head,3,reg,reg|fast-balanced-panel|panel,3,400,50,cache_post,.002
s6-inproc-dralias,head,3,reg,reg|fast-balanced-panel|panel,3,400,50,cluster,0
s6-inproc-dralias,head,3,reg,reg|fast-balanced-panel|panel,3,400,50,bootstrap,0
s6-inproc-dralias,head,3,reg,reg|fast-balanced-panel|panel,3,400,50,aggregation,0
s6-inproc-dralias,head,3,reg,reg|fast-balanced-panel|panel,3,400,50,unprofiled,.5219999999999996
s6-inproc-dralias,head,3,reg,reg|fast-balanced-panel|panel,3,400,50,total,1.103
s6-inproc-dralias,head,3,ipw,ipw|fast-balanced-panel|panel,4,400,50,setup,.1300000000000001
s6-inproc-dralias,head,3,ipw,ipw|fast-balanced-panel|panel,4,400,50,cell_extract,0
s6-inproc-dralias,head,3,ipw,ipw|fast-balanced-panel|panel,4,400,50,model_fit,1.006000000000001
s6-inproc-dralias,head,3,ipw,ipw|fast-balanced-panel|panel,4,400,50,if_assembly,.053
s6-inproc-dralias,head,3,ipw,ipw|fast-balanced-panel|panel,4,400,50,cache_post,0
s6-inproc-dralias,head,3,ipw,ipw|fast-balanced-panel|panel,4,400,50,cluster,0
s6-inproc-dralias,head,3,ipw,ipw|fast-balanced-panel|panel,4,400,50,bootstrap,0
s6-inproc-dralias,head,3,ipw,ipw|fast-balanced-panel|panel,4,400,50,aggregation,0
s6-inproc-dralias,head,3,ipw,ipw|fast-balanced-panel|panel,4,400,50,unprofiled,.542999999999999
s6-inproc-dralias,head,3,ipw,ipw|fast-balanced-panel|panel,4,400,50,total,1.732
s6-inproc-dralias,base,3,dr,dr|fast-balanced-panel|panel,1,400,50,setup,.1190000000000001
s6-inproc-dralias,base,3,dr,dr|fast-balanced-panel|panel,1,400,50,cell_extract,0
s6-inproc-dralias,base,3,dr,dr|fast-balanced-panel|panel,1,400,50,model_fit,1.393
s6-inproc-dralias,base,3,dr,dr|fast-balanced-panel|panel,1,400,50,if_assembly,.055
s6-inproc-dralias,base,3,dr,dr|fast-balanced-panel|panel,1,400,50,cache_post,0
s6-inproc-dralias,base,3,dr,dr|fast-balanced-panel|panel,1,400,50,cluster,0
s6-inproc-dralias,base,3,dr,dr|fast-balanced-panel|panel,1,400,50,bootstrap,0
s6-inproc-dralias,base,3,dr,dr|fast-balanced-panel|panel,1,400,50,aggregation,0
s6-inproc-dralias,base,3,dr,dr|fast-balanced-panel|panel,1,400,50,unprofiled,.506999999999999
s6-inproc-dralias,base,3,dr,dr|fast-balanced-panel|panel,1,400,50,total,2.073999999999999
s6-inproc-dralias,base,3,dr_rc,dr|fast-repeated-cross-section|repeated-cross-section,2,400,50,setup,.2420000000000002
s6-inproc-dralias,base,3,dr_rc,dr|fast-repeated-cross-section|repeated-cross-section,2,400,50,cell_extract,.1000000000000001
s6-inproc-dralias,base,3,dr_rc,dr|fast-repeated-cross-section|repeated-cross-section,2,400,50,model_fit,2.937000000000001
s6-inproc-dralias,base,3,dr_rc,dr|fast-repeated-cross-section|repeated-cross-section,2,400,50,if_assembly,.2310000000000001
s6-inproc-dralias,base,3,dr_rc,dr|fast-repeated-cross-section|repeated-cross-section,2,400,50,cache_post,.005
s6-inproc-dralias,base,3,dr_rc,dr|fast-repeated-cross-section|repeated-cross-section,2,400,50,cluster,0
s6-inproc-dralias,base,3,dr_rc,dr|fast-repeated-cross-section|repeated-cross-section,2,400,50,bootstrap,0
s6-inproc-dralias,base,3,dr_rc,dr|fast-repeated-cross-section|repeated-cross-section,2,400,50,aggregation,0
s6-inproc-dralias,base,3,dr_rc,dr|fast-repeated-cross-section|repeated-cross-section,2,400,50,unprofiled,.6830000000000003
s6-inproc-dralias,base,3,dr_rc,dr|fast-repeated-cross-section|repeated-cross-section,2,400,50,total,4.198000000000002
s6-inproc-dralias,base,3,reg,reg|fast-balanced-panel|panel,3,400,50,setup,.1330000000000001
s6-inproc-dralias,base,3,reg,reg|fast-balanced-panel|panel,3,400,50,cell_extract,0
s6-inproc-dralias,base,3,reg,reg|fast-balanced-panel|panel,3,400,50,model_fit,.3920000000000003
s6-inproc-dralias,base,3,reg,reg|fast-balanced-panel|panel,3,400,50,if_assembly,.054
s6-inproc-dralias,base,3,reg,reg|fast-balanced-panel|panel,3,400,50,cache_post,.001
s6-inproc-dralias,base,3,reg,reg|fast-balanced-panel|panel,3,400,50,cluster,0
s6-inproc-dralias,base,3,reg,reg|fast-balanced-panel|panel,3,400,50,bootstrap,0
s6-inproc-dralias,base,3,reg,reg|fast-balanced-panel|panel,3,400,50,aggregation,0
s6-inproc-dralias,base,3,reg,reg|fast-balanced-panel|panel,3,400,50,unprofiled,.5380000000000006
s6-inproc-dralias,base,3,reg,reg|fast-balanced-panel|panel,3,400,50,total,1.118000000000001
s6-inproc-dralias,base,3,ipw,ipw|fast-balanced-panel|panel,4,400,50,setup,.1270000000000001
s6-inproc-dralias,base,3,ipw,ipw|fast-balanced-panel|panel,4,400,50,cell_extract,0
s6-inproc-dralias,base,3,ipw,ipw|fast-balanced-panel|panel,4,400,50,model_fit,1.012000000000001
s6-inproc-dralias,base,3,ipw,ipw|fast-balanced-panel|panel,4,400,50,if_assembly,.061
s6-inproc-dralias,base,3,ipw,ipw|fast-balanced-panel|panel,4,400,50,cache_post,.005
s6-inproc-dralias,base,3,ipw,ipw|fast-balanced-panel|panel,4,400,50,cluster,0
s6-inproc-dralias,base,3,ipw,ipw|fast-balanced-panel|panel,4,400,50,bootstrap,0
s6-inproc-dralias,base,3,ipw,ipw|fast-balanced-panel|panel,4,400,50,aggregation,0
s6-inproc-dralias,base,3,ipw,ipw|fast-balanced-panel|panel,4,400,50,unprofiled,.524999999999999
s6-inproc-dralias,base,3,ipw,ipw|fast-balanced-panel|panel,4,400,50,total,1.73
s6-inproc-dralias,dralias,3,dr,dr|fast-balanced-panel|panel,1,400,50,setup,.1190000000000001
s6-inproc-dralias,dralias,3,dr,dr|fast-balanced-panel|panel,1,400,50,cell_extract,0
s6-inproc-dralias,dralias,3,dr,dr|fast-balanced-panel|panel,1,400,50,model_fit,1.380000000000001
s6-inproc-dralias,dralias,3,dr,dr|fast-balanced-panel|panel,1,400,50,if_assembly,.057
s6-inproc-dralias,dralias,3,dr,dr|fast-balanced-panel|panel,1,400,50,cache_post,0
s6-inproc-dralias,dralias,3,dr,dr|fast-balanced-panel|panel,1,400,50,cluster,0
s6-inproc-dralias,dralias,3,dr,dr|fast-balanced-panel|panel,1,400,50,bootstrap,0
s6-inproc-dralias,dralias,3,dr,dr|fast-balanced-panel|panel,1,400,50,aggregation,0
s6-inproc-dralias,dralias,3,dr,dr|fast-balanced-panel|panel,1,400,50,unprofiled,.5129999999999981
s6-inproc-dralias,dralias,3,dr,dr|fast-balanced-panel|panel,1,400,50,total,2.068999999999999
s6-inproc-dralias,dralias,3,dr_rc,dr|fast-repeated-cross-section|repeated-cross-section,2,400,50,setup,.2440000000000001
s6-inproc-dralias,dralias,3,dr_rc,dr|fast-repeated-cross-section|repeated-cross-section,2,400,50,cell_extract,.04
s6-inproc-dralias,dralias,3,dr_rc,dr|fast-repeated-cross-section|repeated-cross-section,2,400,50,model_fit,2.882000000000001
s6-inproc-dralias,dralias,3,dr_rc,dr|fast-repeated-cross-section|repeated-cross-section,2,400,50,if_assembly,.2280000000000001
s6-inproc-dralias,dralias,3,dr_rc,dr|fast-repeated-cross-section|repeated-cross-section,2,400,50,cache_post,.007
s6-inproc-dralias,dralias,3,dr_rc,dr|fast-repeated-cross-section|repeated-cross-section,2,400,50,cluster,0
s6-inproc-dralias,dralias,3,dr_rc,dr|fast-repeated-cross-section|repeated-cross-section,2,400,50,bootstrap,0
s6-inproc-dralias,dralias,3,dr_rc,dr|fast-repeated-cross-section|repeated-cross-section,2,400,50,aggregation,0
s6-inproc-dralias,dralias,3,dr_rc,dr|fast-repeated-cross-section|repeated-cross-section,2,400,50,unprofiled,.6749999999999976
s6-inproc-dralias,dralias,3,dr_rc,dr|fast-repeated-cross-section|repeated-cross-section,2,400,50,total,4.075999999999999
s6-inproc-dralias,dralias,3,reg,reg|fast-balanced-panel|panel,3,400,50,setup,.1310000000000001
s6-inproc-dralias,dralias,3,reg,reg|fast-balanced-panel|panel,3,400,50,cell_extract,0
s6-inproc-dralias,dralias,3,reg,reg|fast-balanced-panel|panel,3,400,50,model_fit,.3820000000000003
s6-inproc-dralias,dralias,3,reg,reg|fast-balanced-panel|panel,3,400,50,if_assembly,.048
s6-inproc-dralias,dralias,3,reg,reg|fast-balanced-panel|panel,3,400,50,cache_post,.003
s6-inproc-dralias,dralias,3,reg,reg|fast-balanced-panel|panel,3,400,50,cluster,0
s6-inproc-dralias,dralias,3,reg,reg|fast-balanced-panel|panel,3,400,50,bootstrap,0
s6-inproc-dralias,dralias,3,reg,reg|fast-balanced-panel|panel,3,400,50,aggregation,0
s6-inproc-dralias,dralias,3,reg,reg|fast-balanced-panel|panel,3,400,50,unprofiled,.5489999999999996
s6-inproc-dralias,dralias,3,reg,reg|fast-balanced-panel|panel,3,400,50,total,1.113
s6-inproc-dralias,dralias,3,ipw,ipw|fast-balanced-panel|panel,4,400,50,setup,.1340000000000001
s6-inproc-dralias,dralias,3,ipw,ipw|fast-balanced-panel|panel,4,400,50,cell_extract,0
s6-inproc-dralias,dralias,3,ipw,ipw|fast-balanced-panel|panel,4,400,50,model_fit,1.011000000000001
s6-inproc-dralias,dralias,3,ipw,ipw|fast-balanced-panel|panel,4,400,50,if_assembly,.057
s6-inproc-dralias,dralias,3,ipw,ipw|fast-balanced-panel|panel,4,400,50,cache_post,.001
s6-inproc-dralias,dralias,3,ipw,ipw|fast-balanced-panel|panel,4,400,50,cluster,0
s6-inproc-dralias,dralias,3,ipw,ipw|fast-balanced-panel|panel,4,400,50,bootstrap,0
s6-inproc-dralias,dralias,3,ipw,ipw|fast-balanced-panel|panel,4,400,50,aggregation,0
s6-inproc-dralias,dralias,3,ipw,ipw|fast-balanced-panel|panel,4,400,50,unprofiled,.548999999999999
s6-inproc-dralias,dralias,3,ipw,ipw|fast-balanced-panel|panel,4,400,50,total,1.752
s6-inproc-dralias,drlocal,3,dr,dr|fast-balanced-panel|panel,1,400,50,setup,.1320000000000001
s6-inproc-dralias,drlocal,3,dr,dr|fast-balanced-panel|panel,1,400,50,cell_extract,0
s6-inproc-dralias,drlocal,3,dr,dr|fast-balanced-panel|panel,1,400,50,model_fit,1.368
s6-inproc-dralias,drlocal,3,dr,dr|fast-balanced-panel|panel,1,400,50,if_assembly,.05
s6-inproc-dralias,drlocal,3,dr,dr|fast-balanced-panel|panel,1,400,50,cache_post,.008
s6-inproc-dralias,drlocal,3,dr,dr|fast-balanced-panel|panel,1,400,50,cluster,0
s6-inproc-dralias,drlocal,3,dr,dr|fast-balanced-panel|panel,1,400,50,bootstrap,0
s6-inproc-dralias,drlocal,3,dr,dr|fast-balanced-panel|panel,1,400,50,aggregation,0
s6-inproc-dralias,drlocal,3,dr,dr|fast-balanced-panel|panel,1,400,50,unprofiled,.5069999999999999
s6-inproc-dralias,drlocal,3,dr,dr|fast-balanced-panel|panel,1,400,50,total,2.065
s6-inproc-dralias,drlocal,3,dr_rc,dr|fast-repeated-cross-section|repeated-cross-section,2,400,50,setup,.2450000000000001
s6-inproc-dralias,drlocal,3,dr_rc,dr|fast-repeated-cross-section|repeated-cross-section,2,400,50,cell_extract,.04
s6-inproc-dralias,drlocal,3,dr_rc,dr|fast-repeated-cross-section|repeated-cross-section,2,400,50,model_fit,2.933
s6-inproc-dralias,drlocal,3,dr_rc,dr|fast-repeated-cross-section|repeated-cross-section,2,400,50,if_assembly,.2060000000000001
s6-inproc-dralias,drlocal,3,dr_rc,dr|fast-repeated-cross-section|repeated-cross-section,2,400,50,cache_post,.003
s6-inproc-dralias,drlocal,3,dr_rc,dr|fast-repeated-cross-section|repeated-cross-section,2,400,50,cluster,0
s6-inproc-dralias,drlocal,3,dr_rc,dr|fast-repeated-cross-section|repeated-cross-section,2,400,50,bootstrap,0
s6-inproc-dralias,drlocal,3,dr_rc,dr|fast-repeated-cross-section|repeated-cross-section,2,400,50,aggregation,0
s6-inproc-dralias,drlocal,3,dr_rc,dr|fast-repeated-cross-section|repeated-cross-section,2,400,50,unprofiled,.6669999999999976
s6-inproc-dralias,drlocal,3,dr_rc,dr|fast-repeated-cross-section|repeated-cross-section,2,400,50,total,4.093999999999998
s6-inproc-dralias,drlocal,3,reg,reg|fast-balanced-panel|panel,3,400,50,setup,.1780000000000001
s6-inproc-dralias,drlocal,3,reg,reg|fast-balanced-panel|panel,3,400,50,cell_extract,0
s6-inproc-dralias,drlocal,3,reg,reg|fast-balanced-panel|panel,3,400,50,model_fit,.4200000000000003
s6-inproc-dralias,drlocal,3,reg,reg|fast-balanced-panel|panel,3,400,50,if_assembly,.07
s6-inproc-dralias,drlocal,3,reg,reg|fast-balanced-panel|panel,3,400,50,cache_post,.003
s6-inproc-dralias,drlocal,3,reg,reg|fast-balanced-panel|panel,3,400,50,cluster,0
s6-inproc-dralias,drlocal,3,reg,reg|fast-balanced-panel|panel,3,400,50,bootstrap,0
s6-inproc-dralias,drlocal,3,reg,reg|fast-balanced-panel|panel,3,400,50,aggregation,0
s6-inproc-dralias,drlocal,3,reg,reg|fast-balanced-panel|panel,3,400,50,unprofiled,.5829999999999996
s6-inproc-dralias,drlocal,3,reg,reg|fast-balanced-panel|panel,3,400,50,total,1.254
s6-inproc-dralias,drlocal,3,ipw,ipw|fast-balanced-panel|panel,4,400,50,setup,.1300000000000001
s6-inproc-dralias,drlocal,3,ipw,ipw|fast-balanced-panel|panel,4,400,50,cell_extract,0
s6-inproc-dralias,drlocal,3,ipw,ipw|fast-balanced-panel|panel,4,400,50,model_fit,1.004000000000001
s6-inproc-dralias,drlocal,3,ipw,ipw|fast-balanced-panel|panel,4,400,50,if_assembly,.057
s6-inproc-dralias,drlocal,3,ipw,ipw|fast-balanced-panel|panel,4,400,50,cache_post,.002
s6-inproc-dralias,drlocal,3,ipw,ipw|fast-balanced-panel|panel,4,400,50,cluster,0
s6-inproc-dralias,drlocal,3,ipw,ipw|fast-balanced-panel|panel,4,400,50,bootstrap,0
s6-inproc-dralias,drlocal,3,ipw,ipw|fast-balanced-panel|panel,4,400,50,aggregation,0
s6-inproc-dralias,drlocal,3,ipw,ipw|fast-balanced-panel|panel,4,400,50,unprofiled,.546999999999999
s6-inproc-dralias,drlocal,3,ipw,ipw|fast-balanced-panel|panel,4,400,50,total,1.74
s6-inproc-dralias,head,4,dr,dr|fast-balanced-panel|panel,1,400,50,setup,.1230000000000001
s6-inproc-dralias,head,4,dr,dr|fast-balanced-panel|panel,1,400,50,cell_extract,0
s6-inproc-dralias,head,4,dr,dr|fast-balanced-panel|panel,1,400,50,model_fit,1.375
s6-inproc-dralias,head,4,dr,dr|fast-balanced-panel|panel,1,400,50,if_assembly,.055
s6-inproc-dralias,head,4,dr,dr|fast-balanced-panel|panel,1,400,50,cache_post,.003
s6-inproc-dralias,head,4,dr,dr|fast-balanced-panel|panel,1,400,50,cluster,0
s6-inproc-dralias,head,4,dr,dr|fast-balanced-panel|panel,1,400,50,bootstrap,0
s6-inproc-dralias,head,4,dr,dr|fast-balanced-panel|panel,1,400,50,aggregation,0
s6-inproc-dralias,head,4,dr,dr|fast-balanced-panel|panel,1,400,50,unprofiled,.5190000000000001
s6-inproc-dralias,head,4,dr,dr|fast-balanced-panel|panel,1,400,50,total,2.075
s6-inproc-dralias,head,4,ipw,ipw|fast-balanced-panel|panel,2,400,50,setup,.1280000000000001
s6-inproc-dralias,head,4,ipw,ipw|fast-balanced-panel|panel,2,400,50,cell_extract,0
s6-inproc-dralias,head,4,ipw,ipw|fast-balanced-panel|panel,2,400,50,model_fit,.9980000000000008
s6-inproc-dralias,head,4,ipw,ipw|fast-balanced-panel|panel,2,400,50,if_assembly,.054
s6-inproc-dralias,head,4,ipw,ipw|fast-balanced-panel|panel,2,400,50,cache_post,.001
s6-inproc-dralias,head,4,ipw,ipw|fast-balanced-panel|panel,2,400,50,cluster,0
s6-inproc-dralias,head,4,ipw,ipw|fast-balanced-panel|panel,2,400,50,bootstrap,0
s6-inproc-dralias,head,4,ipw,ipw|fast-balanced-panel|panel,2,400,50,aggregation,0
s6-inproc-dralias,head,4,ipw,ipw|fast-balanced-panel|panel,2,400,50,unprofiled,.5110000000000001
s6-inproc-dralias,head,4,ipw,ipw|fast-balanced-panel|panel,2,400,50,total,1.692000000000001
s6-inproc-dralias,head,4,reg,reg|fast-balanced-panel|panel,3,400,50,setup,.1250000000000001
s6-inproc-dralias,head,4,reg,reg|fast-balanced-panel|panel,3,400,50,cell_extract,0
s6-inproc-dralias,head,4,reg,reg|fast-balanced-panel|panel,3,400,50,model_fit,.3830000000000003
s6-inproc-dralias,head,4,reg,reg|fast-balanced-panel|panel,3,400,50,if_assembly,.063
s6-inproc-dralias,head,4,reg,reg|fast-balanced-panel|panel,3,400,50,cache_post,.001
s6-inproc-dralias,head,4,reg,reg|fast-balanced-panel|panel,3,400,50,cluster,0
s6-inproc-dralias,head,4,reg,reg|fast-balanced-panel|panel,3,400,50,bootstrap,0
s6-inproc-dralias,head,4,reg,reg|fast-balanced-panel|panel,3,400,50,aggregation,0
s6-inproc-dralias,head,4,reg,reg|fast-balanced-panel|panel,3,400,50,unprofiled,.5049999999999996
s6-inproc-dralias,head,4,reg,reg|fast-balanced-panel|panel,3,400,50,total,1.077
s6-inproc-dralias,head,4,dr_rc,dr|fast-repeated-cross-section|repeated-cross-section,4,400,50,setup,.2470000000000001
s6-inproc-dralias,head,4,dr_rc,dr|fast-repeated-cross-section|repeated-cross-section,4,400,50,cell_extract,.03
s6-inproc-dralias,head,4,dr_rc,dr|fast-repeated-cross-section|repeated-cross-section,4,400,50,model_fit,2.890000000000001
s6-inproc-dralias,head,4,dr_rc,dr|fast-repeated-cross-section|repeated-cross-section,4,400,50,if_assembly,.2340000000000002
s6-inproc-dralias,head,4,dr_rc,dr|fast-repeated-cross-section|repeated-cross-section,4,400,50,cache_post,.005
s6-inproc-dralias,head,4,dr_rc,dr|fast-repeated-cross-section|repeated-cross-section,4,400,50,cluster,0
s6-inproc-dralias,head,4,dr_rc,dr|fast-repeated-cross-section|repeated-cross-section,4,400,50,bootstrap,0
s6-inproc-dralias,head,4,dr_rc,dr|fast-repeated-cross-section|repeated-cross-section,4,400,50,aggregation,0
s6-inproc-dralias,head,4,dr_rc,dr|fast-repeated-cross-section|repeated-cross-section,4,400,50,unprofiled,.6839999999999971
s6-inproc-dralias,head,4,dr_rc,dr|fast-repeated-cross-section|repeated-cross-section,4,400,50,total,4.089999999999999
s6-inproc-dralias,drlocal,4,dr,dr|fast-balanced-panel|panel,1,400,50,setup,.1240000000000001
s6-inproc-dralias,drlocal,4,dr,dr|fast-balanced-panel|panel,1,400,50,cell_extract,0
s6-inproc-dralias,drlocal,4,dr,dr|fast-balanced-panel|panel,1,400,50,model_fit,1.378
s6-inproc-dralias,drlocal,4,dr,dr|fast-balanced-panel|panel,1,400,50,if_assembly,.057
s6-inproc-dralias,drlocal,4,dr,dr|fast-balanced-panel|panel,1,400,50,cache_post,.003
s6-inproc-dralias,drlocal,4,dr,dr|fast-balanced-panel|panel,1,400,50,cluster,0
s6-inproc-dralias,drlocal,4,dr,dr|fast-balanced-panel|panel,1,400,50,bootstrap,0
s6-inproc-dralias,drlocal,4,dr,dr|fast-balanced-panel|panel,1,400,50,aggregation,0
s6-inproc-dralias,drlocal,4,dr,dr|fast-balanced-panel|panel,1,400,50,unprofiled,.5039999999999998
s6-inproc-dralias,drlocal,4,dr,dr|fast-balanced-panel|panel,1,400,50,total,2.066
s6-inproc-dralias,drlocal,4,ipw,ipw|fast-balanced-panel|panel,2,400,50,setup,.1280000000000001
s6-inproc-dralias,drlocal,4,ipw,ipw|fast-balanced-panel|panel,2,400,50,cell_extract,0
s6-inproc-dralias,drlocal,4,ipw,ipw|fast-balanced-panel|panel,2,400,50,model_fit,.9910000000000008
s6-inproc-dralias,drlocal,4,ipw,ipw|fast-balanced-panel|panel,2,400,50,if_assembly,.059
s6-inproc-dralias,drlocal,4,ipw,ipw|fast-balanced-panel|panel,2,400,50,cache_post,.002
s6-inproc-dralias,drlocal,4,ipw,ipw|fast-balanced-panel|panel,2,400,50,cluster,0
s6-inproc-dralias,drlocal,4,ipw,ipw|fast-balanced-panel|panel,2,400,50,bootstrap,0
s6-inproc-dralias,drlocal,4,ipw,ipw|fast-balanced-panel|panel,2,400,50,aggregation,0
s6-inproc-dralias,drlocal,4,ipw,ipw|fast-balanced-panel|panel,2,400,50,unprofiled,.506999999999999
s6-inproc-dralias,drlocal,4,ipw,ipw|fast-balanced-panel|panel,2,400,50,total,1.687
s6-inproc-dralias,drlocal,4,reg,reg|fast-balanced-panel|panel,3,400,50,setup,.1270000000000001
s6-inproc-dralias,drlocal,4,reg,reg|fast-balanced-panel|panel,3,400,50,cell_extract,0
s6-inproc-dralias,drlocal,4,reg,reg|fast-balanced-panel|panel,3,400,50,model_fit,.3780000000000003
s6-inproc-dralias,drlocal,4,reg,reg|fast-balanced-panel|panel,3,400,50,if_assembly,.06
s6-inproc-dralias,drlocal,4,reg,reg|fast-balanced-panel|panel,3,400,50,cache_post,.003
s6-inproc-dralias,drlocal,4,reg,reg|fast-balanced-panel|panel,3,400,50,cluster,0
s6-inproc-dralias,drlocal,4,reg,reg|fast-balanced-panel|panel,3,400,50,bootstrap,0
s6-inproc-dralias,drlocal,4,reg,reg|fast-balanced-panel|panel,3,400,50,aggregation,0
s6-inproc-dralias,drlocal,4,reg,reg|fast-balanced-panel|panel,3,400,50,unprofiled,.5059999999999997
s6-inproc-dralias,drlocal,4,reg,reg|fast-balanced-panel|panel,3,400,50,total,1.074
s6-inproc-dralias,drlocal,4,dr_rc,dr|fast-repeated-cross-section|repeated-cross-section,4,400,50,setup,.2450000000000001
s6-inproc-dralias,drlocal,4,dr_rc,dr|fast-repeated-cross-section|repeated-cross-section,4,400,50,cell_extract,.036
s6-inproc-dralias,drlocal,4,dr_rc,dr|fast-repeated-cross-section|repeated-cross-section,4,400,50,model_fit,2.900000000000001
s6-inproc-dralias,drlocal,4,dr_rc,dr|fast-repeated-cross-section|repeated-cross-section,4,400,50,if_assembly,.2100000000000001
s6-inproc-dralias,drlocal,4,dr_rc,dr|fast-repeated-cross-section|repeated-cross-section,4,400,50,cache_post,.004
s6-inproc-dralias,drlocal,4,dr_rc,dr|fast-repeated-cross-section|repeated-cross-section,4,400,50,cluster,0
s6-inproc-dralias,drlocal,4,dr_rc,dr|fast-repeated-cross-section|repeated-cross-section,4,400,50,bootstrap,0
s6-inproc-dralias,drlocal,4,dr_rc,dr|fast-repeated-cross-section|repeated-cross-section,4,400,50,aggregation,0
s6-inproc-dralias,drlocal,4,dr_rc,dr|fast-repeated-cross-section|repeated-cross-section,4,400,50,unprofiled,.6809999999999978
s6-inproc-dralias,drlocal,4,dr_rc,dr|fast-repeated-cross-section|repeated-cross-section,4,400,50,total,4.075999999999999
s6-inproc-dralias,dralias,4,dr,dr|fast-balanced-panel|panel,1,400,50,setup,.1220000000000001
s6-inproc-dralias,dralias,4,dr,dr|fast-balanced-panel|panel,1,400,50,cell_extract,0
s6-inproc-dralias,dralias,4,dr,dr|fast-balanced-panel|panel,1,400,50,model_fit,1.386
s6-inproc-dralias,dralias,4,dr,dr|fast-balanced-panel|panel,1,400,50,if_assembly,.053
s6-inproc-dralias,dralias,4,dr,dr|fast-balanced-panel|panel,1,400,50,cache_post,.003
s6-inproc-dralias,dralias,4,dr,dr|fast-balanced-panel|panel,1,400,50,cluster,0
s6-inproc-dralias,dralias,4,dr,dr|fast-balanced-panel|panel,1,400,50,bootstrap,0
s6-inproc-dralias,dralias,4,dr,dr|fast-balanced-panel|panel,1,400,50,aggregation,0
s6-inproc-dralias,dralias,4,dr,dr|fast-balanced-panel|panel,1,400,50,unprofiled,.5139999999999998
s6-inproc-dralias,dralias,4,dr,dr|fast-balanced-panel|panel,1,400,50,total,2.078
s6-inproc-dralias,dralias,4,ipw,ipw|fast-balanced-panel|panel,2,400,50,setup,.1280000000000001
s6-inproc-dralias,dralias,4,ipw,ipw|fast-balanced-panel|panel,2,400,50,cell_extract,0
s6-inproc-dralias,dralias,4,ipw,ipw|fast-balanced-panel|panel,2,400,50,model_fit,1.002000000000001
s6-inproc-dralias,dralias,4,ipw,ipw|fast-balanced-panel|panel,2,400,50,if_assembly,.052
s6-inproc-dralias,dralias,4,ipw,ipw|fast-balanced-panel|panel,2,400,50,cache_post,.002
s6-inproc-dralias,dralias,4,ipw,ipw|fast-balanced-panel|panel,2,400,50,cluster,0
s6-inproc-dralias,dralias,4,ipw,ipw|fast-balanced-panel|panel,2,400,50,bootstrap,0
s6-inproc-dralias,dralias,4,ipw,ipw|fast-balanced-panel|panel,2,400,50,aggregation,0
s6-inproc-dralias,dralias,4,ipw,ipw|fast-balanced-panel|panel,2,400,50,unprofiled,.5189999999999999
s6-inproc-dralias,dralias,4,ipw,ipw|fast-balanced-panel|panel,2,400,50,total,1.703000000000001
s6-inproc-dralias,dralias,4,reg,reg|fast-balanced-panel|panel,3,400,50,setup,.1270000000000001
s6-inproc-dralias,dralias,4,reg,reg|fast-balanced-panel|panel,3,400,50,cell_extract,0
s6-inproc-dralias,dralias,4,reg,reg|fast-balanced-panel|panel,3,400,50,model_fit,.3900000000000003
s6-inproc-dralias,dralias,4,reg,reg|fast-balanced-panel|panel,3,400,50,if_assembly,.051
s6-inproc-dralias,dralias,4,reg,reg|fast-balanced-panel|panel,3,400,50,cache_post,0
s6-inproc-dralias,dralias,4,reg,reg|fast-balanced-panel|panel,3,400,50,cluster,0
s6-inproc-dralias,dralias,4,reg,reg|fast-balanced-panel|panel,3,400,50,bootstrap,0
s6-inproc-dralias,dralias,4,reg,reg|fast-balanced-panel|panel,3,400,50,aggregation,0
s6-inproc-dralias,dralias,4,reg,reg|fast-balanced-panel|panel,3,400,50,unprofiled,.5130000000000007
s6-inproc-dralias,dralias,4,reg,reg|fast-balanced-panel|panel,3,400,50,total,1.081000000000001
s6-inproc-dralias,dralias,4,dr_rc,dr|fast-repeated-cross-section|repeated-cross-section,4,400,50,setup,.2410000000000002
s6-inproc-dralias,dralias,4,dr_rc,dr|fast-repeated-cross-section|repeated-cross-section,4,400,50,cell_extract,.041
s6-inproc-dralias,dralias,4,dr_rc,dr|fast-repeated-cross-section|repeated-cross-section,4,400,50,model_fit,2.944000000000001
s6-inproc-dralias,dralias,4,dr_rc,dr|fast-repeated-cross-section|repeated-cross-section,4,400,50,if_assembly,.2080000000000001
s6-inproc-dralias,dralias,4,dr_rc,dr|fast-repeated-cross-section|repeated-cross-section,4,400,50,cache_post,.007
s6-inproc-dralias,dralias,4,dr_rc,dr|fast-repeated-cross-section|repeated-cross-section,4,400,50,cluster,0
s6-inproc-dralias,dralias,4,dr_rc,dr|fast-repeated-cross-section|repeated-cross-section,4,400,50,bootstrap,0
s6-inproc-dralias,dralias,4,dr_rc,dr|fast-repeated-cross-section|repeated-cross-section,4,400,50,aggregation,0
s6-inproc-dralias,dralias,4,dr_rc,dr|fast-repeated-cross-section|repeated-cross-section,4,400,50,unprofiled,.6719999999999993
s6-inproc-dralias,dralias,4,dr_rc,dr|fast-repeated-cross-section|repeated-cross-section,4,400,50,total,4.113
s6-inproc-dralias,base,4,dr,dr|fast-balanced-panel|panel,1,400,50,setup,.1210000000000001
s6-inproc-dralias,base,4,dr,dr|fast-balanced-panel|panel,1,400,50,cell_extract,0
s6-inproc-dralias,base,4,dr,dr|fast-balanced-panel|panel,1,400,50,model_fit,1.368000000000001
s6-inproc-dralias,base,4,dr,dr|fast-balanced-panel|panel,1,400,50,if_assembly,.067
s6-inproc-dralias,base,4,dr,dr|fast-balanced-panel|panel,1,400,50,cache_post,.003
s6-inproc-dralias,base,4,dr,dr|fast-balanced-panel|panel,1,400,50,cluster,0
s6-inproc-dralias,base,4,dr,dr|fast-balanced-panel|panel,1,400,50,bootstrap,0
s6-inproc-dralias,base,4,dr,dr|fast-balanced-panel|panel,1,400,50,aggregation,0
s6-inproc-dralias,base,4,dr,dr|fast-balanced-panel|panel,1,400,50,unprofiled,.5219999999999989
s6-inproc-dralias,base,4,dr,dr|fast-balanced-panel|panel,1,400,50,total,2.081
s6-inproc-dralias,base,4,ipw,ipw|fast-balanced-panel|panel,2,400,50,setup,.1260000000000001
s6-inproc-dralias,base,4,ipw,ipw|fast-balanced-panel|panel,2,400,50,cell_extract,0
s6-inproc-dralias,base,4,ipw,ipw|fast-balanced-panel|panel,2,400,50,model_fit,.9940000000000008
s6-inproc-dralias,base,4,ipw,ipw|fast-balanced-panel|panel,2,400,50,if_assembly,.063
s6-inproc-dralias,base,4,ipw,ipw|fast-balanced-panel|panel,2,400,50,cache_post,.002
s6-inproc-dralias,base,4,ipw,ipw|fast-balanced-panel|panel,2,400,50,cluster,0
s6-inproc-dralias,base,4,ipw,ipw|fast-balanced-panel|panel,2,400,50,bootstrap,0
s6-inproc-dralias,base,4,ipw,ipw|fast-balanced-panel|panel,2,400,50,aggregation,0
s6-inproc-dralias,base,4,ipw,ipw|fast-balanced-panel|panel,2,400,50,unprofiled,.516999999999999
s6-inproc-dralias,base,4,ipw,ipw|fast-balanced-panel|panel,2,400,50,total,1.702
s6-inproc-dralias,base,4,reg,reg|fast-balanced-panel|panel,3,400,50,setup,.1250000000000001
s6-inproc-dralias,base,4,reg,reg|fast-balanced-panel|panel,3,400,50,cell_extract,0
s6-inproc-dralias,base,4,reg,reg|fast-balanced-panel|panel,3,400,50,model_fit,.3920000000000003
s6-inproc-dralias,base,4,reg,reg|fast-balanced-panel|panel,3,400,50,if_assembly,.044
s6-inproc-dralias,base,4,reg,reg|fast-balanced-panel|panel,3,400,50,cache_post,.003
s6-inproc-dralias,base,4,reg,reg|fast-balanced-panel|panel,3,400,50,cluster,0
s6-inproc-dralias,base,4,reg,reg|fast-balanced-panel|panel,3,400,50,bootstrap,0
s6-inproc-dralias,base,4,reg,reg|fast-balanced-panel|panel,3,400,50,aggregation,0
s6-inproc-dralias,base,4,reg,reg|fast-balanced-panel|panel,3,400,50,unprofiled,.5169999999999996
s6-inproc-dralias,base,4,reg,reg|fast-balanced-panel|panel,3,400,50,total,1.081
s6-inproc-dralias,base,4,dr_rc,dr|fast-repeated-cross-section|repeated-cross-section,4,400,50,setup,.2430000000000002
s6-inproc-dralias,base,4,dr_rc,dr|fast-repeated-cross-section|repeated-cross-section,4,400,50,cell_extract,.0980000000000001
s6-inproc-dralias,base,4,dr_rc,dr|fast-repeated-cross-section|repeated-cross-section,4,400,50,model_fit,2.927
s6-inproc-dralias,base,4,dr_rc,dr|fast-repeated-cross-section|repeated-cross-section,4,400,50,if_assembly,.2140000000000001
s6-inproc-dralias,base,4,dr_rc,dr|fast-repeated-cross-section|repeated-cross-section,4,400,50,cache_post,.003
s6-inproc-dralias,base,4,dr_rc,dr|fast-repeated-cross-section|repeated-cross-section,4,400,50,cluster,0
s6-inproc-dralias,base,4,dr_rc,dr|fast-repeated-cross-section|repeated-cross-section,4,400,50,bootstrap,0
s6-inproc-dralias,base,4,dr_rc,dr|fast-repeated-cross-section|repeated-cross-section,4,400,50,aggregation,0
s6-inproc-dralias,base,4,dr_rc,dr|fast-repeated-cross-section|repeated-cross-section,4,400,50,unprofiled,.696000000000002
s6-inproc-dralias,base,4,dr_rc,dr|fast-repeated-cross-section|repeated-cross-section,4,400,50,total,4.181000000000002
s6-inproc-dralias,dralias,5,reg,reg|fast-balanced-panel|panel,1,400,50,setup,.1230000000000001
s6-inproc-dralias,dralias,5,reg,reg|fast-balanced-panel|panel,1,400,50,cell_extract,0
s6-inproc-dralias,dralias,5,reg,reg|fast-balanced-panel|panel,1,400,50,model_fit,.3800000000000003
s6-inproc-dralias,dralias,5,reg,reg|fast-balanced-panel|panel,1,400,50,if_assembly,.06
s6-inproc-dralias,dralias,5,reg,reg|fast-balanced-panel|panel,1,400,50,cache_post,.002
s6-inproc-dralias,dralias,5,reg,reg|fast-balanced-panel|panel,1,400,50,cluster,0
s6-inproc-dralias,dralias,5,reg,reg|fast-balanced-panel|panel,1,400,50,bootstrap,0
s6-inproc-dralias,dralias,5,reg,reg|fast-balanced-panel|panel,1,400,50,aggregation,0
s6-inproc-dralias,dralias,5,reg,reg|fast-balanced-panel|panel,1,400,50,unprofiled,.5099999999999996
s6-inproc-dralias,dralias,5,reg,reg|fast-balanced-panel|panel,1,400,50,total,1.075
s6-inproc-dralias,dralias,5,ipw,ipw|fast-balanced-panel|panel,2,400,50,setup,.1240000000000001
s6-inproc-dralias,dralias,5,ipw,ipw|fast-balanced-panel|panel,2,400,50,cell_extract,0
s6-inproc-dralias,dralias,5,ipw,ipw|fast-balanced-panel|panel,2,400,50,model_fit,.9880000000000008
s6-inproc-dralias,dralias,5,ipw,ipw|fast-balanced-panel|panel,2,400,50,if_assembly,.064
s6-inproc-dralias,dralias,5,ipw,ipw|fast-balanced-panel|panel,2,400,50,cache_post,.004
s6-inproc-dralias,dralias,5,ipw,ipw|fast-balanced-panel|panel,2,400,50,cluster,0
s6-inproc-dralias,dralias,5,ipw,ipw|fast-balanced-panel|panel,2,400,50,bootstrap,0
s6-inproc-dralias,dralias,5,ipw,ipw|fast-balanced-panel|panel,2,400,50,aggregation,0
s6-inproc-dralias,dralias,5,ipw,ipw|fast-balanced-panel|panel,2,400,50,unprofiled,.51
s6-inproc-dralias,dralias,5,ipw,ipw|fast-balanced-panel|panel,2,400,50,total,1.690000000000001
s6-inproc-dralias,dralias,5,dr,dr|fast-balanced-panel|panel,3,400,50,setup,.1240000000000001
s6-inproc-dralias,dralias,5,dr,dr|fast-balanced-panel|panel,3,400,50,cell_extract,0
s6-inproc-dralias,dralias,5,dr,dr|fast-balanced-panel|panel,3,400,50,model_fit,1.403
s6-inproc-dralias,dralias,5,dr,dr|fast-balanced-panel|panel,3,400,50,if_assembly,.052
s6-inproc-dralias,dralias,5,dr,dr|fast-balanced-panel|panel,3,400,50,cache_post,.006
s6-inproc-dralias,dralias,5,dr,dr|fast-balanced-panel|panel,3,400,50,cluster,0
s6-inproc-dralias,dralias,5,dr,dr|fast-balanced-panel|panel,3,400,50,bootstrap,0
s6-inproc-dralias,dralias,5,dr,dr|fast-balanced-panel|panel,3,400,50,aggregation,0
s6-inproc-dralias,dralias,5,dr,dr|fast-balanced-panel|panel,3,400,50,unprofiled,.4900000000000002
s6-inproc-dralias,dralias,5,dr,dr|fast-balanced-panel|panel,3,400,50,total,2.075
s6-inproc-dralias,dralias,5,dr_rc,dr|fast-repeated-cross-section|repeated-cross-section,4,400,50,setup,.2440000000000001
s6-inproc-dralias,dralias,5,dr_rc,dr|fast-repeated-cross-section|repeated-cross-section,4,400,50,cell_extract,.037
s6-inproc-dralias,dralias,5,dr_rc,dr|fast-repeated-cross-section|repeated-cross-section,4,400,50,model_fit,2.886000000000001
s6-inproc-dralias,dralias,5,dr_rc,dr|fast-repeated-cross-section|repeated-cross-section,4,400,50,if_assembly,.2270000000000001
s6-inproc-dralias,dralias,5,dr_rc,dr|fast-repeated-cross-section|repeated-cross-section,4,400,50,cache_post,.001
s6-inproc-dralias,dralias,5,dr_rc,dr|fast-repeated-cross-section|repeated-cross-section,4,400,50,cluster,0
s6-inproc-dralias,dralias,5,dr_rc,dr|fast-repeated-cross-section|repeated-cross-section,4,400,50,bootstrap,0
s6-inproc-dralias,dralias,5,dr_rc,dr|fast-repeated-cross-section|repeated-cross-section,4,400,50,aggregation,0
s6-inproc-dralias,dralias,5,dr_rc,dr|fast-repeated-cross-section|repeated-cross-section,4,400,50,unprofiled,.6929999999999992
s6-inproc-dralias,dralias,5,dr_rc,dr|fast-repeated-cross-section|repeated-cross-section,4,400,50,total,4.088
s6-inproc-dralias,drlocal,5,reg,reg|fast-balanced-panel|panel,1,400,50,setup,.1270000000000001
s6-inproc-dralias,drlocal,5,reg,reg|fast-balanced-panel|panel,1,400,50,cell_extract,0
s6-inproc-dralias,drlocal,5,reg,reg|fast-balanced-panel|panel,1,400,50,model_fit,.4030000000000003
s6-inproc-dralias,drlocal,5,reg,reg|fast-balanced-panel|panel,1,400,50,if_assembly,.059
s6-inproc-dralias,drlocal,5,reg,reg|fast-balanced-panel|panel,1,400,50,cache_post,.001
s6-inproc-dralias,drlocal,5,reg,reg|fast-balanced-panel|panel,1,400,50,cluster,0
s6-inproc-dralias,drlocal,5,reg,reg|fast-balanced-panel|panel,1,400,50,bootstrap,0
s6-inproc-dralias,drlocal,5,reg,reg|fast-balanced-panel|panel,1,400,50,aggregation,0
s6-inproc-dralias,drlocal,5,reg,reg|fast-balanced-panel|panel,1,400,50,unprofiled,.4899999999999997
s6-inproc-dralias,drlocal,5,reg,reg|fast-balanced-panel|panel,1,400,50,total,1.08
s6-inproc-dralias,drlocal,5,ipw,ipw|fast-balanced-panel|panel,2,400,50,setup,.1260000000000001
s6-inproc-dralias,drlocal,5,ipw,ipw|fast-balanced-panel|panel,2,400,50,cell_extract,0
s6-inproc-dralias,drlocal,5,ipw,ipw|fast-balanced-panel|panel,2,400,50,model_fit,1.014000000000001
s6-inproc-dralias,drlocal,5,ipw,ipw|fast-balanced-panel|panel,2,400,50,if_assembly,.045
s6-inproc-dralias,drlocal,5,ipw,ipw|fast-balanced-panel|panel,2,400,50,cache_post,.006
s6-inproc-dralias,drlocal,5,ipw,ipw|fast-balanced-panel|panel,2,400,50,cluster,0
s6-inproc-dralias,drlocal,5,ipw,ipw|fast-balanced-panel|panel,2,400,50,bootstrap,0
s6-inproc-dralias,drlocal,5,ipw,ipw|fast-balanced-panel|panel,2,400,50,aggregation,0
s6-inproc-dralias,drlocal,5,ipw,ipw|fast-balanced-panel|panel,2,400,50,unprofiled,.498
s6-inproc-dralias,drlocal,5,ipw,ipw|fast-balanced-panel|panel,2,400,50,total,1.689000000000001
s6-inproc-dralias,drlocal,5,dr,dr|fast-balanced-panel|panel,3,400,50,setup,.1230000000000001
s6-inproc-dralias,drlocal,5,dr,dr|fast-balanced-panel|panel,3,400,50,cell_extract,0
s6-inproc-dralias,drlocal,5,dr,dr|fast-balanced-panel|panel,3,400,50,model_fit,1.380000000000001
s6-inproc-dralias,drlocal,5,dr,dr|fast-balanced-panel|panel,3,400,50,if_assembly,.06
s6-inproc-dralias,drlocal,5,dr,dr|fast-balanced-panel|panel,3,400,50,cache_post,.001
s6-inproc-dralias,drlocal,5,dr,dr|fast-balanced-panel|panel,3,400,50,cluster,0
s6-inproc-dralias,drlocal,5,dr,dr|fast-balanced-panel|panel,3,400,50,bootstrap,0
s6-inproc-dralias,drlocal,5,dr,dr|fast-balanced-panel|panel,3,400,50,aggregation,0
s6-inproc-dralias,drlocal,5,dr,dr|fast-balanced-panel|panel,3,400,50,unprofiled,.5069999999999992
s6-inproc-dralias,drlocal,5,dr,dr|fast-balanced-panel|panel,3,400,50,total,2.071
s6-inproc-dralias,drlocal,5,dr_rc,dr|fast-repeated-cross-section|repeated-cross-section,4,400,50,setup,.2470000000000002
s6-inproc-dralias,drlocal,5,dr_rc,dr|fast-repeated-cross-section|repeated-cross-section,4,400,50,cell_extract,.039
s6-inproc-dralias,drlocal,5,dr_rc,dr|fast-repeated-cross-section|repeated-cross-section,4,400,50,model_fit,2.893000000000001
s6-inproc-dralias,drlocal,5,dr_rc,dr|fast-repeated-cross-section|repeated-cross-section,4,400,50,if_assembly,.2180000000000001
s6-inproc-dralias,drlocal,5,dr_rc,dr|fast-repeated-cross-section|repeated-cross-section,4,400,50,cache_post,.001
s6-inproc-dralias,drlocal,5,dr_rc,dr|fast-repeated-cross-section|repeated-cross-section,4,400,50,cluster,0
s6-inproc-dralias,drlocal,5,dr_rc,dr|fast-repeated-cross-section|repeated-cross-section,4,400,50,bootstrap,0
s6-inproc-dralias,drlocal,5,dr_rc,dr|fast-repeated-cross-section|repeated-cross-section,4,400,50,aggregation,0
s6-inproc-dralias,drlocal,5,dr_rc,dr|fast-repeated-cross-section|repeated-cross-section,4,400,50,unprofiled,.6809999999999978
s6-inproc-dralias,drlocal,5,dr_rc,dr|fast-repeated-cross-section|repeated-cross-section,4,400,50,total,4.078999999999999
s6-inproc-dralias,head,5,reg,reg|fast-balanced-panel|panel,1,400,50,setup,.1260000000000001
s6-inproc-dralias,head,5,reg,reg|fast-balanced-panel|panel,1,400,50,cell_extract,0
s6-inproc-dralias,head,5,reg,reg|fast-balanced-panel|panel,1,400,50,model_fit,.3830000000000003
s6-inproc-dralias,head,5,reg,reg|fast-balanced-panel|panel,1,400,50,if_assembly,.052
s6-inproc-dralias,head,5,reg,reg|fast-balanced-panel|panel,1,400,50,cache_post,.001
s6-inproc-dralias,head,5,reg,reg|fast-balanced-panel|panel,1,400,50,cluster,0
s6-inproc-dralias,head,5,reg,reg|fast-balanced-panel|panel,1,400,50,bootstrap,0
s6-inproc-dralias,head,5,reg,reg|fast-balanced-panel|panel,1,400,50,aggregation,0
s6-inproc-dralias,head,5,reg,reg|fast-balanced-panel|panel,1,400,50,unprofiled,.5029999999999996
s6-inproc-dralias,head,5,reg,reg|fast-balanced-panel|panel,1,400,50,total,1.065
s6-inproc-dralias,head,5,ipw,ipw|fast-balanced-panel|panel,2,400,50,setup,.1240000000000001
s6-inproc-dralias,head,5,ipw,ipw|fast-balanced-panel|panel,2,400,50,cell_extract,0
s6-inproc-dralias,head,5,ipw,ipw|fast-balanced-panel|panel,2,400,50,model_fit,.9860000000000008
s6-inproc-dralias,head,5,ipw,ipw|fast-balanced-panel|panel,2,400,50,if_assembly,.059
s6-inproc-dralias,head,5,ipw,ipw|fast-balanced-panel|panel,2,400,50,cache_post,.007
s6-inproc-dralias,head,5,ipw,ipw|fast-balanced-panel|panel,2,400,50,cluster,0
s6-inproc-dralias,head,5,ipw,ipw|fast-balanced-panel|panel,2,400,50,bootstrap,0
s6-inproc-dralias,head,5,ipw,ipw|fast-balanced-panel|panel,2,400,50,aggregation,0
s6-inproc-dralias,head,5,ipw,ipw|fast-balanced-panel|panel,2,400,50,unprofiled,.51
s6-inproc-dralias,head,5,ipw,ipw|fast-balanced-panel|panel,2,400,50,total,1.686000000000001
s6-inproc-dralias,head,5,dr,dr|fast-balanced-panel|panel,3,400,50,setup,.1270000000000001
s6-inproc-dralias,head,5,dr,dr|fast-balanced-panel|panel,3,400,50,cell_extract,0
s6-inproc-dralias,head,5,dr,dr|fast-balanced-panel|panel,3,400,50,model_fit,1.381000000000001
s6-inproc-dralias,head,5,dr,dr|fast-balanced-panel|panel,3,400,50,if_assembly,.059
s6-inproc-dralias,head,5,dr,dr|fast-balanced-panel|panel,3,400,50,cache_post,.004
s6-inproc-dralias,head,5,dr,dr|fast-balanced-panel|panel,3,400,50,cluster,0
s6-inproc-dralias,head,5,dr,dr|fast-balanced-panel|panel,3,400,50,bootstrap,0
s6-inproc-dralias,head,5,dr,dr|fast-balanced-panel|panel,3,400,50,aggregation,0
s6-inproc-dralias,head,5,dr,dr|fast-balanced-panel|panel,3,400,50,unprofiled,.520999999999999
s6-inproc-dralias,head,5,dr,dr|fast-balanced-panel|panel,3,400,50,total,2.092
s6-inproc-dralias,head,5,dr_rc,dr|fast-repeated-cross-section|repeated-cross-section,4,400,50,setup,.2440000000000002
s6-inproc-dralias,head,5,dr_rc,dr|fast-repeated-cross-section|repeated-cross-section,4,400,50,cell_extract,.04
s6-inproc-dralias,head,5,dr_rc,dr|fast-repeated-cross-section|repeated-cross-section,4,400,50,model_fit,2.919
s6-inproc-dralias,head,5,dr_rc,dr|fast-repeated-cross-section|repeated-cross-section,4,400,50,if_assembly,.2120000000000001
s6-inproc-dralias,head,5,dr_rc,dr|fast-repeated-cross-section|repeated-cross-section,4,400,50,cache_post,.006
s6-inproc-dralias,head,5,dr_rc,dr|fast-repeated-cross-section|repeated-cross-section,4,400,50,cluster,0
s6-inproc-dralias,head,5,dr_rc,dr|fast-repeated-cross-section|repeated-cross-section,4,400,50,bootstrap,0
s6-inproc-dralias,head,5,dr_rc,dr|fast-repeated-cross-section|repeated-cross-section,4,400,50,aggregation,0
s6-inproc-dralias,head,5,dr_rc,dr|fast-repeated-cross-section|repeated-cross-section,4,400,50,unprofiled,.6639999999999993
s6-inproc-dralias,head,5,dr_rc,dr|fast-repeated-cross-section|repeated-cross-section,4,400,50,total,4.084999999999999
s6-inproc-dralias,base,5,reg,reg|fast-balanced-panel|panel,1,400,50,setup,.1250000000000001
s6-inproc-dralias,base,5,reg,reg|fast-balanced-panel|panel,1,400,50,cell_extract,0
s6-inproc-dralias,base,5,reg,reg|fast-balanced-panel|panel,1,400,50,model_fit,.3940000000000003
s6-inproc-dralias,base,5,reg,reg|fast-balanced-panel|panel,1,400,50,if_assembly,.056
s6-inproc-dralias,base,5,reg,reg|fast-balanced-panel|panel,1,400,50,cache_post,.005
s6-inproc-dralias,base,5,reg,reg|fast-balanced-panel|panel,1,400,50,cluster,0
s6-inproc-dralias,base,5,reg,reg|fast-balanced-panel|panel,1,400,50,bootstrap,0
s6-inproc-dralias,base,5,reg,reg|fast-balanced-panel|panel,1,400,50,aggregation,0
s6-inproc-dralias,base,5,reg,reg|fast-balanced-panel|panel,1,400,50,unprofiled,.4889999999999995
s6-inproc-dralias,base,5,reg,reg|fast-balanced-panel|panel,1,400,50,total,1.069
s6-inproc-dralias,base,5,ipw,ipw|fast-balanced-panel|panel,2,400,50,setup,.1220000000000001
s6-inproc-dralias,base,5,ipw,ipw|fast-balanced-panel|panel,2,400,50,cell_extract,0
s6-inproc-dralias,base,5,ipw,ipw|fast-balanced-panel|panel,2,400,50,model_fit,1.010000000000001
s6-inproc-dralias,base,5,ipw,ipw|fast-balanced-panel|panel,2,400,50,if_assembly,.053
s6-inproc-dralias,base,5,ipw,ipw|fast-balanced-panel|panel,2,400,50,cache_post,.006
s6-inproc-dralias,base,5,ipw,ipw|fast-balanced-panel|panel,2,400,50,cluster,0
s6-inproc-dralias,base,5,ipw,ipw|fast-balanced-panel|panel,2,400,50,bootstrap,0
s6-inproc-dralias,base,5,ipw,ipw|fast-balanced-panel|panel,2,400,50,aggregation,0
s6-inproc-dralias,base,5,ipw,ipw|fast-balanced-panel|panel,2,400,50,unprofiled,.502
s6-inproc-dralias,base,5,ipw,ipw|fast-balanced-panel|panel,2,400,50,total,1.693000000000001
s6-inproc-dralias,base,5,dr,dr|fast-balanced-panel|panel,3,400,50,setup,.1250000000000001
s6-inproc-dralias,base,5,dr,dr|fast-balanced-panel|panel,3,400,50,cell_extract,0
s6-inproc-dralias,base,5,dr,dr|fast-balanced-panel|panel,3,400,50,model_fit,1.387
s6-inproc-dralias,base,5,dr,dr|fast-balanced-panel|panel,3,400,50,if_assembly,.054
s6-inproc-dralias,base,5,dr,dr|fast-balanced-panel|panel,3,400,50,cache_post,.003
s6-inproc-dralias,base,5,dr,dr|fast-balanced-panel|panel,3,400,50,cluster,0
s6-inproc-dralias,base,5,dr,dr|fast-balanced-panel|panel,3,400,50,bootstrap,0
s6-inproc-dralias,base,5,dr,dr|fast-balanced-panel|panel,3,400,50,aggregation,0
s6-inproc-dralias,base,5,dr,dr|fast-balanced-panel|panel,3,400,50,unprofiled,.504
s6-inproc-dralias,base,5,dr,dr|fast-balanced-panel|panel,3,400,50,total,2.073
s6-inproc-dralias,base,5,dr_rc,dr|fast-repeated-cross-section|repeated-cross-section,4,400,50,setup,.2430000000000002
s6-inproc-dralias,base,5,dr_rc,dr|fast-repeated-cross-section|repeated-cross-section,4,400,50,cell_extract,.0970000000000001
s6-inproc-dralias,base,5,dr_rc,dr|fast-repeated-cross-section|repeated-cross-section,4,400,50,model_fit,2.882000000000001
s6-inproc-dralias,base,5,dr_rc,dr|fast-repeated-cross-section|repeated-cross-section,4,400,50,if_assembly,.2230000000000001
s6-inproc-dralias,base,5,dr_rc,dr|fast-repeated-cross-section|repeated-cross-section,4,400,50,cache_post,.004
s6-inproc-dralias,base,5,dr_rc,dr|fast-repeated-cross-section|repeated-cross-section,4,400,50,cluster,0
s6-inproc-dralias,base,5,dr_rc,dr|fast-repeated-cross-section|repeated-cross-section,4,400,50,bootstrap,0
s6-inproc-dralias,base,5,dr_rc,dr|fast-repeated-cross-section|repeated-cross-section,4,400,50,aggregation,0
s6-inproc-dralias,base,5,dr_rc,dr|fast-repeated-cross-section|repeated-cross-section,4,400,50,unprofiled,.6969999999999987
s6-inproc-dralias,base,5,dr_rc,dr|fast-repeated-cross-section|repeated-cross-section,4,400,50,total,4.146
s6-inproc-dralias,dralias,6,reg,reg|fast-balanced-panel|panel,1,400,50,setup,.1230000000000001
s6-inproc-dralias,dralias,6,reg,reg|fast-balanced-panel|panel,1,400,50,cell_extract,0
s6-inproc-dralias,dralias,6,reg,reg|fast-balanced-panel|panel,1,400,50,model_fit,.3810000000000003
s6-inproc-dralias,dralias,6,reg,reg|fast-balanced-panel|panel,1,400,50,if_assembly,.06
s6-inproc-dralias,dralias,6,reg,reg|fast-balanced-panel|panel,1,400,50,cache_post,.001
s6-inproc-dralias,dralias,6,reg,reg|fast-balanced-panel|panel,1,400,50,cluster,0
s6-inproc-dralias,dralias,6,reg,reg|fast-balanced-panel|panel,1,400,50,bootstrap,0
s6-inproc-dralias,dralias,6,reg,reg|fast-balanced-panel|panel,1,400,50,aggregation,0
s6-inproc-dralias,dralias,6,reg,reg|fast-balanced-panel|panel,1,400,50,unprofiled,.5019999999999997
s6-inproc-dralias,dralias,6,reg,reg|fast-balanced-panel|panel,1,400,50,total,1.067
s6-inproc-dralias,dralias,6,dr_rc,dr|fast-repeated-cross-section|repeated-cross-section,2,400,50,setup,.2450000000000001
s6-inproc-dralias,dralias,6,dr_rc,dr|fast-repeated-cross-section|repeated-cross-section,2,400,50,cell_extract,.041
s6-inproc-dralias,dralias,6,dr_rc,dr|fast-repeated-cross-section|repeated-cross-section,2,400,50,model_fit,2.908000000000001
s6-inproc-dralias,dralias,6,dr_rc,dr|fast-repeated-cross-section|repeated-cross-section,2,400,50,if_assembly,.2220000000000001
s6-inproc-dralias,dralias,6,dr_rc,dr|fast-repeated-cross-section|repeated-cross-section,2,400,50,cache_post,.003
s6-inproc-dralias,dralias,6,dr_rc,dr|fast-repeated-cross-section|repeated-cross-section,2,400,50,cluster,0
s6-inproc-dralias,dralias,6,dr_rc,dr|fast-repeated-cross-section|repeated-cross-section,2,400,50,bootstrap,0
s6-inproc-dralias,dralias,6,dr_rc,dr|fast-repeated-cross-section|repeated-cross-section,2,400,50,aggregation,0
s6-inproc-dralias,dralias,6,dr_rc,dr|fast-repeated-cross-section|repeated-cross-section,2,400,50,unprofiled,.6809999999999978
s6-inproc-dralias,dralias,6,dr_rc,dr|fast-repeated-cross-section|repeated-cross-section,2,400,50,total,4.099999999999999
s6-inproc-dralias,dralias,6,dr,dr|fast-balanced-panel|panel,3,400,50,setup,.1310000000000001
s6-inproc-dralias,dralias,6,dr,dr|fast-balanced-panel|panel,3,400,50,cell_extract,0
s6-inproc-dralias,dralias,6,dr,dr|fast-balanced-panel|panel,3,400,50,model_fit,1.389000000000001
s6-inproc-dralias,dralias,6,dr,dr|fast-balanced-panel|panel,3,400,50,if_assembly,.053
s6-inproc-dralias,dralias,6,dr,dr|fast-balanced-panel|panel,3,400,50,cache_post,.003
s6-inproc-dralias,dralias,6,dr,dr|fast-balanced-panel|panel,3,400,50,cluster,0
s6-inproc-dralias,dralias,6,dr,dr|fast-balanced-panel|panel,3,400,50,bootstrap,0
s6-inproc-dralias,dralias,6,dr,dr|fast-balanced-panel|panel,3,400,50,aggregation,0
s6-inproc-dralias,dralias,6,dr,dr|fast-balanced-panel|panel,3,400,50,unprofiled,.544999999999999
s6-inproc-dralias,dralias,6,dr,dr|fast-balanced-panel|panel,3,400,50,total,2.121
s6-inproc-dralias,dralias,6,ipw,ipw|fast-balanced-panel|panel,4,400,50,setup,.1300000000000001
s6-inproc-dralias,dralias,6,ipw,ipw|fast-balanced-panel|panel,4,400,50,cell_extract,0
s6-inproc-dralias,dralias,6,ipw,ipw|fast-balanced-panel|panel,4,400,50,model_fit,.9950000000000008
s6-inproc-dralias,dralias,6,ipw,ipw|fast-balanced-panel|panel,4,400,50,if_assembly,.055
s6-inproc-dralias,dralias,6,ipw,ipw|fast-balanced-panel|panel,4,400,50,cache_post,.003
s6-inproc-dralias,dralias,6,ipw,ipw|fast-balanced-panel|panel,4,400,50,cluster,0
s6-inproc-dralias,dralias,6,ipw,ipw|fast-balanced-panel|panel,4,400,50,bootstrap,0
s6-inproc-dralias,dralias,6,ipw,ipw|fast-balanced-panel|panel,4,400,50,aggregation,0
s6-inproc-dralias,dralias,6,ipw,ipw|fast-balanced-panel|panel,4,400,50,unprofiled,.548999999999999
s6-inproc-dralias,dralias,6,ipw,ipw|fast-balanced-panel|panel,4,400,50,total,1.732
s6-inproc-dralias,base,6,reg,reg|fast-balanced-panel|panel,1,400,50,setup,.1230000000000001
s6-inproc-dralias,base,6,reg,reg|fast-balanced-panel|panel,1,400,50,cell_extract,0
s6-inproc-dralias,base,6,reg,reg|fast-balanced-panel|panel,1,400,50,model_fit,.3800000000000003
s6-inproc-dralias,base,6,reg,reg|fast-balanced-panel|panel,1,400,50,if_assembly,.062
s6-inproc-dralias,base,6,reg,reg|fast-balanced-panel|panel,1,400,50,cache_post,.003
s6-inproc-dralias,base,6,reg,reg|fast-balanced-panel|panel,1,400,50,cluster,0
s6-inproc-dralias,base,6,reg,reg|fast-balanced-panel|panel,1,400,50,bootstrap,0
s6-inproc-dralias,base,6,reg,reg|fast-balanced-panel|panel,1,400,50,aggregation,0
s6-inproc-dralias,base,6,reg,reg|fast-balanced-panel|panel,1,400,50,unprofiled,.5020000000000006
s6-inproc-dralias,base,6,reg,reg|fast-balanced-panel|panel,1,400,50,total,1.070000000000001
s6-inproc-dralias,base,6,dr_rc,dr|fast-repeated-cross-section|repeated-cross-section,2,400,50,setup,.2450000000000001
s6-inproc-dralias,base,6,dr_rc,dr|fast-repeated-cross-section|repeated-cross-section,2,400,50,cell_extract,.1020000000000001
s6-inproc-dralias,base,6,dr_rc,dr|fast-repeated-cross-section|repeated-cross-section,2,400,50,model_fit,2.901000000000001
s6-inproc-dralias,base,6,dr_rc,dr|fast-repeated-cross-section|repeated-cross-section,2,400,50,if_assembly,.2350000000000002
s6-inproc-dralias,base,6,dr_rc,dr|fast-repeated-cross-section|repeated-cross-section,2,400,50,cache_post,.002
s6-inproc-dralias,base,6,dr_rc,dr|fast-repeated-cross-section|repeated-cross-section,2,400,50,cluster,0
s6-inproc-dralias,base,6,dr_rc,dr|fast-repeated-cross-section|repeated-cross-section,2,400,50,bootstrap,0
s6-inproc-dralias,base,6,dr_rc,dr|fast-repeated-cross-section|repeated-cross-section,2,400,50,aggregation,0
s6-inproc-dralias,base,6,dr_rc,dr|fast-repeated-cross-section|repeated-cross-section,2,400,50,unprofiled,.6859999999999999
s6-inproc-dralias,base,6,dr_rc,dr|fast-repeated-cross-section|repeated-cross-section,2,400,50,total,4.171000000000001
s6-inproc-dralias,base,6,dr,dr|fast-balanced-panel|panel,3,400,50,setup,.1340000000000001
s6-inproc-dralias,base,6,dr,dr|fast-balanced-panel|panel,3,400,50,cell_extract,0
s6-inproc-dralias,base,6,dr,dr|fast-balanced-panel|panel,3,400,50,model_fit,1.38
s6-inproc-dralias,base,6,dr,dr|fast-balanced-panel|panel,3,400,50,if_assembly,.05
s6-inproc-dralias,base,6,dr,dr|fast-balanced-panel|panel,3,400,50,cache_post,.004
s6-inproc-dralias,base,6,dr,dr|fast-balanced-panel|panel,3,400,50,cluster,0
s6-inproc-dralias,base,6,dr,dr|fast-balanced-panel|panel,3,400,50,bootstrap,0
s6-inproc-dralias,base,6,dr,dr|fast-balanced-panel|panel,3,400,50,aggregation,0
s6-inproc-dralias,base,6,dr,dr|fast-balanced-panel|panel,3,400,50,unprofiled,.5499999999999998
s6-inproc-dralias,base,6,dr,dr|fast-balanced-panel|panel,3,400,50,total,2.118
s6-inproc-dralias,base,6,ipw,ipw|fast-balanced-panel|panel,4,400,50,setup,.1320000000000001
s6-inproc-dralias,base,6,ipw,ipw|fast-balanced-panel|panel,4,400,50,cell_extract,0
s6-inproc-dralias,base,6,ipw,ipw|fast-balanced-panel|panel,4,400,50,model_fit,.9970000000000008
s6-inproc-dralias,base,6,ipw,ipw|fast-balanced-panel|panel,4,400,50,if_assembly,.058
s6-inproc-dralias,base,6,ipw,ipw|fast-balanced-panel|panel,4,400,50,cache_post,.002
s6-inproc-dralias,base,6,ipw,ipw|fast-balanced-panel|panel,4,400,50,cluster,0
s6-inproc-dralias,base,6,ipw,ipw|fast-balanced-panel|panel,4,400,50,bootstrap,0
s6-inproc-dralias,base,6,ipw,ipw|fast-balanced-panel|panel,4,400,50,aggregation,0
s6-inproc-dralias,base,6,ipw,ipw|fast-balanced-panel|panel,4,400,50,unprofiled,.5399999999999991
s6-inproc-dralias,base,6,ipw,ipw|fast-balanced-panel|panel,4,400,50,total,1.729
s6-inproc-dralias,head,6,reg,reg|fast-balanced-panel|panel,1,400,50,setup,.1220000000000001
s6-inproc-dralias,head,6,reg,reg|fast-balanced-panel|panel,1,400,50,cell_extract,0
s6-inproc-dralias,head,6,reg,reg|fast-balanced-panel|panel,1,400,50,model_fit,.3620000000000003
s6-inproc-dralias,head,6,reg,reg|fast-balanced-panel|panel,1,400,50,if_assembly,.06
s6-inproc-dralias,head,6,reg,reg|fast-balanced-panel|panel,1,400,50,cache_post,.001
s6-inproc-dralias,head,6,reg,reg|fast-balanced-panel|panel,1,400,50,cluster,0
s6-inproc-dralias,head,6,reg,reg|fast-balanced-panel|panel,1,400,50,bootstrap,0
s6-inproc-dralias,head,6,reg,reg|fast-balanced-panel|panel,1,400,50,aggregation,0
s6-inproc-dralias,head,6,reg,reg|fast-balanced-panel|panel,1,400,50,unprofiled,.5149999999999997
s6-inproc-dralias,head,6,reg,reg|fast-balanced-panel|panel,1,400,50,total,1.06
s6-inproc-dralias,head,6,dr_rc,dr|fast-repeated-cross-section|repeated-cross-section,2,400,50,setup,.2560000000000001
s6-inproc-dralias,head,6,dr_rc,dr|fast-repeated-cross-section|repeated-cross-section,2,400,50,cell_extract,.037
s6-inproc-dralias,head,6,dr_rc,dr|fast-repeated-cross-section|repeated-cross-section,2,400,50,model_fit,2.933000000000001
s6-inproc-dralias,head,6,dr_rc,dr|fast-repeated-cross-section|repeated-cross-section,2,400,50,if_assembly,.2060000000000001
s6-inproc-dralias,head,6,dr_rc,dr|fast-repeated-cross-section|repeated-cross-section,2,400,50,cache_post,.004
s6-inproc-dralias,head,6,dr_rc,dr|fast-repeated-cross-section|repeated-cross-section,2,400,50,cluster,0
s6-inproc-dralias,head,6,dr_rc,dr|fast-repeated-cross-section|repeated-cross-section,2,400,50,bootstrap,0
s6-inproc-dralias,head,6,dr_rc,dr|fast-repeated-cross-section|repeated-cross-section,2,400,50,aggregation,0
s6-inproc-dralias,head,6,dr_rc,dr|fast-repeated-cross-section|repeated-cross-section,2,400,50,unprofiled,.7049999999999992
s6-inproc-dralias,head,6,dr_rc,dr|fast-repeated-cross-section|repeated-cross-section,2,400,50,total,4.141
s6-inproc-dralias,head,6,dr,dr|fast-balanced-panel|panel,3,400,50,setup,.1360000000000001
s6-inproc-dralias,head,6,dr,dr|fast-balanced-panel|panel,3,400,50,cell_extract,0
s6-inproc-dralias,head,6,dr,dr|fast-balanced-panel|panel,3,400,50,model_fit,1.380000000000001
s6-inproc-dralias,head,6,dr,dr|fast-balanced-panel|panel,3,400,50,if_assembly,.066
s6-inproc-dralias,head,6,dr,dr|fast-balanced-panel|panel,3,400,50,cache_post,.002
s6-inproc-dralias,head,6,dr,dr|fast-balanced-panel|panel,3,400,50,cluster,0
s6-inproc-dralias,head,6,dr,dr|fast-balanced-panel|panel,3,400,50,bootstrap,0
s6-inproc-dralias,head,6,dr,dr|fast-balanced-panel|panel,3,400,50,aggregation,0
s6-inproc-dralias,head,6,dr,dr|fast-balanced-panel|panel,3,400,50,unprofiled,.5319999999999991
s6-inproc-dralias,head,6,dr,dr|fast-balanced-panel|panel,3,400,50,total,2.116
s6-inproc-dralias,head,6,ipw,ipw|fast-balanced-panel|panel,4,400,50,setup,.1340000000000001
s6-inproc-dralias,head,6,ipw,ipw|fast-balanced-panel|panel,4,400,50,cell_extract,0
s6-inproc-dralias,head,6,ipw,ipw|fast-balanced-panel|panel,4,400,50,model_fit,1.007000000000001
s6-inproc-dralias,head,6,ipw,ipw|fast-balanced-panel|panel,4,400,50,if_assembly,.049
s6-inproc-dralias,head,6,ipw,ipw|fast-balanced-panel|panel,4,400,50,cache_post,.002
s6-inproc-dralias,head,6,ipw,ipw|fast-balanced-panel|panel,4,400,50,cluster,0
s6-inproc-dralias,head,6,ipw,ipw|fast-balanced-panel|panel,4,400,50,bootstrap,0
s6-inproc-dralias,head,6,ipw,ipw|fast-balanced-panel|panel,4,400,50,aggregation,0
s6-inproc-dralias,head,6,ipw,ipw|fast-balanced-panel|panel,4,400,50,unprofiled,.532999999999999
s6-inproc-dralias,head,6,ipw,ipw|fast-balanced-panel|panel,4,400,50,total,1.725
s6-inproc-dralias,drlocal,6,reg,reg|fast-balanced-panel|panel,1,400,50,setup,.1250000000000001
s6-inproc-dralias,drlocal,6,reg,reg|fast-balanced-panel|panel,1,400,50,cell_extract,0
s6-inproc-dralias,drlocal,6,reg,reg|fast-balanced-panel|panel,1,400,50,model_fit,.3750000000000003
s6-inproc-dralias,drlocal,6,reg,reg|fast-balanced-panel|panel,1,400,50,if_assembly,.063
s6-inproc-dralias,drlocal,6,reg,reg|fast-balanced-panel|panel,1,400,50,cache_post,.003
s6-inproc-dralias,drlocal,6,reg,reg|fast-balanced-panel|panel,1,400,50,cluster,0
s6-inproc-dralias,drlocal,6,reg,reg|fast-balanced-panel|panel,1,400,50,bootstrap,0
s6-inproc-dralias,drlocal,6,reg,reg|fast-balanced-panel|panel,1,400,50,aggregation,0
s6-inproc-dralias,drlocal,6,reg,reg|fast-balanced-panel|panel,1,400,50,unprofiled,.5009999999999996
s6-inproc-dralias,drlocal,6,reg,reg|fast-balanced-panel|panel,1,400,50,total,1.067
s6-inproc-dralias,drlocal,6,dr_rc,dr|fast-repeated-cross-section|repeated-cross-section,2,400,50,setup,.2480000000000002
s6-inproc-dralias,drlocal,6,dr_rc,dr|fast-repeated-cross-section|repeated-cross-section,2,400,50,cell_extract,.04
s6-inproc-dralias,drlocal,6,dr_rc,dr|fast-repeated-cross-section|repeated-cross-section,2,400,50,model_fit,2.875000000000001
s6-inproc-dralias,drlocal,6,dr_rc,dr|fast-repeated-cross-section|repeated-cross-section,2,400,50,if_assembly,.2290000000000001
s6-inproc-dralias,drlocal,6,dr_rc,dr|fast-repeated-cross-section|repeated-cross-section,2,400,50,cache_post,.004
s6-inproc-dralias,drlocal,6,dr_rc,dr|fast-repeated-cross-section|repeated-cross-section,2,400,50,cluster,0
s6-inproc-dralias,drlocal,6,dr_rc,dr|fast-repeated-cross-section|repeated-cross-section,2,400,50,bootstrap,0
s6-inproc-dralias,drlocal,6,dr_rc,dr|fast-repeated-cross-section|repeated-cross-section,2,400,50,aggregation,0
s6-inproc-dralias,drlocal,6,dr_rc,dr|fast-repeated-cross-section|repeated-cross-section,2,400,50,unprofiled,.6859999999999982
s6-inproc-dralias,drlocal,6,dr_rc,dr|fast-repeated-cross-section|repeated-cross-section,2,400,50,total,4.081999999999999
s6-inproc-dralias,drlocal,6,dr,dr|fast-balanced-panel|panel,3,400,50,setup,.1270000000000001
s6-inproc-dralias,drlocal,6,dr,dr|fast-balanced-panel|panel,3,400,50,cell_extract,0
s6-inproc-dralias,drlocal,6,dr,dr|fast-balanced-panel|panel,3,400,50,model_fit,1.392000000000001
s6-inproc-dralias,drlocal,6,dr,dr|fast-balanced-panel|panel,3,400,50,if_assembly,.054
s6-inproc-dralias,drlocal,6,dr,dr|fast-balanced-panel|panel,3,400,50,cache_post,.002
s6-inproc-dralias,drlocal,6,dr,dr|fast-balanced-panel|panel,3,400,50,cluster,0
s6-inproc-dralias,drlocal,6,dr,dr|fast-balanced-panel|panel,3,400,50,bootstrap,0
s6-inproc-dralias,drlocal,6,dr,dr|fast-balanced-panel|panel,3,400,50,aggregation,0
s6-inproc-dralias,drlocal,6,dr,dr|fast-balanced-panel|panel,3,400,50,unprofiled,.5349999999999988
s6-inproc-dralias,drlocal,6,dr,dr|fast-balanced-panel|panel,3,400,50,total,2.11
s6-inproc-dralias,drlocal,6,ipw,ipw|fast-balanced-panel|panel,4,400,50,setup,.1280000000000001
s6-inproc-dralias,drlocal,6,ipw,ipw|fast-balanced-panel|panel,4,400,50,cell_extract,0
s6-inproc-dralias,drlocal,6,ipw,ipw|fast-balanced-panel|panel,4,400,50,model_fit,.9960000000000008
s6-inproc-dralias,drlocal,6,ipw,ipw|fast-balanced-panel|panel,4,400,50,if_assembly,.064
s6-inproc-dralias,drlocal,6,ipw,ipw|fast-balanced-panel|panel,4,400,50,cache_post,.003
s6-inproc-dralias,drlocal,6,ipw,ipw|fast-balanced-panel|panel,4,400,50,cluster,0
s6-inproc-dralias,drlocal,6,ipw,ipw|fast-balanced-panel|panel,4,400,50,bootstrap,0
s6-inproc-dralias,drlocal,6,ipw,ipw|fast-balanced-panel|panel,4,400,50,aggregation,0
s6-inproc-dralias,drlocal,6,ipw,ipw|fast-balanced-panel|panel,4,400,50,unprofiled,.543999999999998
s6-inproc-dralias,drlocal,6,ipw,ipw|fast-balanced-panel|panel,4,400,50,total,1.734999999999999
s6-inproc-dralias,head,7,dr,dr|fast-balanced-panel|panel,1,400,50,setup,.1200000000000001
s6-inproc-dralias,head,7,dr,dr|fast-balanced-panel|panel,1,400,50,cell_extract,0
s6-inproc-dralias,head,7,dr,dr|fast-balanced-panel|panel,1,400,50,model_fit,1.385
s6-inproc-dralias,head,7,dr,dr|fast-balanced-panel|panel,1,400,50,if_assembly,.057
s6-inproc-dralias,head,7,dr,dr|fast-balanced-panel|panel,1,400,50,cache_post,.004
s6-inproc-dralias,head,7,dr,dr|fast-balanced-panel|panel,1,400,50,cluster,0
s6-inproc-dralias,head,7,dr,dr|fast-balanced-panel|panel,1,400,50,bootstrap,0
s6-inproc-dralias,head,7,dr,dr|fast-balanced-panel|panel,1,400,50,aggregation,0
s6-inproc-dralias,head,7,dr,dr|fast-balanced-panel|panel,1,400,50,unprofiled,.5079999999999998
s6-inproc-dralias,head,7,dr,dr|fast-balanced-panel|panel,1,400,50,total,2.074
s6-inproc-dralias,head,7,dr_rc,dr|fast-repeated-cross-section|repeated-cross-section,2,400,50,setup,.2490000000000001
s6-inproc-dralias,head,7,dr_rc,dr|fast-repeated-cross-section|repeated-cross-section,2,400,50,cell_extract,.042
s6-inproc-dralias,head,7,dr_rc,dr|fast-repeated-cross-section|repeated-cross-section,2,400,50,model_fit,2.944000000000001
s6-inproc-dralias,head,7,dr_rc,dr|fast-repeated-cross-section|repeated-cross-section,2,400,50,if_assembly,.2190000000000001
s6-inproc-dralias,head,7,dr_rc,dr|fast-repeated-cross-section|repeated-cross-section,2,400,50,cache_post,.009
s6-inproc-dralias,head,7,dr_rc,dr|fast-repeated-cross-section|repeated-cross-section,2,400,50,cluster,0
s6-inproc-dralias,head,7,dr_rc,dr|fast-repeated-cross-section|repeated-cross-section,2,400,50,bootstrap,0
s6-inproc-dralias,head,7,dr_rc,dr|fast-repeated-cross-section|repeated-cross-section,2,400,50,aggregation,0
s6-inproc-dralias,head,7,dr_rc,dr|fast-repeated-cross-section|repeated-cross-section,2,400,50,unprofiled,.6579999999999968
s6-inproc-dralias,head,7,dr_rc,dr|fast-repeated-cross-section|repeated-cross-section,2,400,50,total,4.120999999999999
s6-inproc-dralias,head,7,reg,reg|fast-balanced-panel|panel,3,400,50,setup,.1310000000000001
s6-inproc-dralias,head,7,reg,reg|fast-balanced-panel|panel,3,400,50,cell_extract,0
s6-inproc-dralias,head,7,reg,reg|fast-balanced-panel|panel,3,400,50,model_fit,.3820000000000003
s6-inproc-dralias,head,7,reg,reg|fast-balanced-panel|panel,3,400,50,if_assembly,.059
s6-inproc-dralias,head,7,reg,reg|fast-balanced-panel|panel,3,400,50,cache_post,.004
s6-inproc-dralias,head,7,reg,reg|fast-balanced-panel|panel,3,400,50,cluster,0
s6-inproc-dralias,head,7,reg,reg|fast-balanced-panel|panel,3,400,50,bootstrap,0
s6-inproc-dralias,head,7,reg,reg|fast-balanced-panel|panel,3,400,50,aggregation,0
s6-inproc-dralias,head,7,reg,reg|fast-balanced-panel|panel,3,400,50,unprofiled,.5359999999999998
s6-inproc-dralias,head,7,reg,reg|fast-balanced-panel|panel,3,400,50,total,1.112
s6-inproc-dralias,head,7,ipw,ipw|fast-balanced-panel|panel,4,400,50,setup,.1260000000000001
s6-inproc-dralias,head,7,ipw,ipw|fast-balanced-panel|panel,4,400,50,cell_extract,0
s6-inproc-dralias,head,7,ipw,ipw|fast-balanced-panel|panel,4,400,50,model_fit,1.017000000000001
s6-inproc-dralias,head,7,ipw,ipw|fast-balanced-panel|panel,4,400,50,if_assembly,.063
s6-inproc-dralias,head,7,ipw,ipw|fast-balanced-panel|panel,4,400,50,cache_post,.002
s6-inproc-dralias,head,7,ipw,ipw|fast-balanced-panel|panel,4,400,50,cluster,0
s6-inproc-dralias,head,7,ipw,ipw|fast-balanced-panel|panel,4,400,50,bootstrap,0
s6-inproc-dralias,head,7,ipw,ipw|fast-balanced-panel|panel,4,400,50,aggregation,0
s6-inproc-dralias,head,7,ipw,ipw|fast-balanced-panel|panel,4,400,50,unprofiled,.5339999999999989
s6-inproc-dralias,head,7,ipw,ipw|fast-balanced-panel|panel,4,400,50,total,1.742
s6-inproc-dralias,base,7,dr,dr|fast-balanced-panel|panel,1,400,50,setup,.1180000000000001
s6-inproc-dralias,base,7,dr,dr|fast-balanced-panel|panel,1,400,50,cell_extract,0
s6-inproc-dralias,base,7,dr,dr|fast-balanced-panel|panel,1,400,50,model_fit,1.388000000000001
s6-inproc-dralias,base,7,dr,dr|fast-balanced-panel|panel,1,400,50,if_assembly,.059
s6-inproc-dralias,base,7,dr,dr|fast-balanced-panel|panel,1,400,50,cache_post,.004
s6-inproc-dralias,base,7,dr,dr|fast-balanced-panel|panel,1,400,50,cluster,0
s6-inproc-dralias,base,7,dr,dr|fast-balanced-panel|panel,1,400,50,bootstrap,0
s6-inproc-dralias,base,7,dr,dr|fast-balanced-panel|panel,1,400,50,aggregation,0
s6-inproc-dralias,base,7,dr,dr|fast-balanced-panel|panel,1,400,50,unprofiled,.510999999999999
s6-inproc-dralias,base,7,dr,dr|fast-balanced-panel|panel,1,400,50,total,2.08
s6-inproc-dralias,base,7,dr_rc,dr|fast-repeated-cross-section|repeated-cross-section,2,400,50,setup,.2380000000000001
s6-inproc-dralias,base,7,dr_rc,dr|fast-repeated-cross-section|repeated-cross-section,2,400,50,cell_extract,.1010000000000001
s6-inproc-dralias,base,7,dr_rc,dr|fast-repeated-cross-section|repeated-cross-section,2,400,50,model_fit,2.901000000000001
s6-inproc-dralias,base,7,dr_rc,dr|fast-repeated-cross-section|repeated-cross-section,2,400,50,if_assembly,.2210000000000001
s6-inproc-dralias,base,7,dr_rc,dr|fast-repeated-cross-section|repeated-cross-section,2,400,50,cache_post,.002
s6-inproc-dralias,base,7,dr_rc,dr|fast-repeated-cross-section|repeated-cross-section,2,400,50,cluster,0
s6-inproc-dralias,base,7,dr_rc,dr|fast-repeated-cross-section|repeated-cross-section,2,400,50,bootstrap,0
s6-inproc-dralias,base,7,dr_rc,dr|fast-repeated-cross-section|repeated-cross-section,2,400,50,aggregation,0
s6-inproc-dralias,base,7,dr_rc,dr|fast-repeated-cross-section|repeated-cross-section,2,400,50,unprofiled,.6929999999999996
s6-inproc-dralias,base,7,dr_rc,dr|fast-repeated-cross-section|repeated-cross-section,2,400,50,total,4.156000000000001
s6-inproc-dralias,base,7,reg,reg|fast-balanced-panel|panel,3,400,50,setup,.1290000000000001
s6-inproc-dralias,base,7,reg,reg|fast-balanced-panel|panel,3,400,50,cell_extract,0
s6-inproc-dralias,base,7,reg,reg|fast-balanced-panel|panel,3,400,50,model_fit,.3930000000000003
s6-inproc-dralias,base,7,reg,reg|fast-balanced-panel|panel,3,400,50,if_assembly,.054
s6-inproc-dralias,base,7,reg,reg|fast-balanced-panel|panel,3,400,50,cache_post,.002
s6-inproc-dralias,base,7,reg,reg|fast-balanced-panel|panel,3,400,50,cluster,0
s6-inproc-dralias,base,7,reg,reg|fast-balanced-panel|panel,3,400,50,bootstrap,0
s6-inproc-dralias,base,7,reg,reg|fast-balanced-panel|panel,3,400,50,aggregation,0
s6-inproc-dralias,base,7,reg,reg|fast-balanced-panel|panel,3,400,50,unprofiled,.5290000000000007
s6-inproc-dralias,base,7,reg,reg|fast-balanced-panel|panel,3,400,50,total,1.107000000000001
s6-inproc-dralias,base,7,ipw,ipw|fast-balanced-panel|panel,4,400,50,setup,.1330000000000001
s6-inproc-dralias,base,7,ipw,ipw|fast-balanced-panel|panel,4,400,50,cell_extract,0
s6-inproc-dralias,base,7,ipw,ipw|fast-balanced-panel|panel,4,400,50,model_fit,.9930000000000008
s6-inproc-dralias,base,7,ipw,ipw|fast-balanced-panel|panel,4,400,50,if_assembly,.06
s6-inproc-dralias,base,7,ipw,ipw|fast-balanced-panel|panel,4,400,50,cache_post,.002
s6-inproc-dralias,base,7,ipw,ipw|fast-balanced-panel|panel,4,400,50,cluster,0
s6-inproc-dralias,base,7,ipw,ipw|fast-balanced-panel|panel,4,400,50,bootstrap,0
s6-inproc-dralias,base,7,ipw,ipw|fast-balanced-panel|panel,4,400,50,aggregation,0
s6-inproc-dralias,base,7,ipw,ipw|fast-balanced-panel|panel,4,400,50,unprofiled,.5539999999999989
s6-inproc-dralias,base,7,ipw,ipw|fast-balanced-panel|panel,4,400,50,total,1.742
s6-inproc-dralias,dralias,7,dr,dr|fast-balanced-panel|panel,1,400,50,setup,.1330000000000001
s6-inproc-dralias,dralias,7,dr,dr|fast-balanced-panel|panel,1,400,50,cell_extract,0
s6-inproc-dralias,dralias,7,dr,dr|fast-balanced-panel|panel,1,400,50,model_fit,1.368
s6-inproc-dralias,dralias,7,dr,dr|fast-balanced-panel|panel,1,400,50,if_assembly,.053
s6-inproc-dralias,dralias,7,dr,dr|fast-balanced-panel|panel,1,400,50,cache_post,.002
s6-inproc-dralias,dralias,7,dr,dr|fast-balanced-panel|panel,1,400,50,cluster,0
s6-inproc-dralias,dralias,7,dr,dr|fast-balanced-panel|panel,1,400,50,bootstrap,0
s6-inproc-dralias,dralias,7,dr,dr|fast-balanced-panel|panel,1,400,50,aggregation,0
s6-inproc-dralias,dralias,7,dr,dr|fast-balanced-panel|panel,1,400,50,unprofiled,.5339999999999998
s6-inproc-dralias,dralias,7,dr,dr|fast-balanced-panel|panel,1,400,50,total,2.09
s6-inproc-dralias,dralias,7,dr_rc,dr|fast-repeated-cross-section|repeated-cross-section,2,400,50,setup,.2470000000000001
s6-inproc-dralias,dralias,7,dr_rc,dr|fast-repeated-cross-section|repeated-cross-section,2,400,50,cell_extract,.036
s6-inproc-dralias,dralias,7,dr_rc,dr|fast-repeated-cross-section|repeated-cross-section,2,400,50,model_fit,2.928
s6-inproc-dralias,dralias,7,dr_rc,dr|fast-repeated-cross-section|repeated-cross-section,2,400,50,if_assembly,.2120000000000001
s6-inproc-dralias,dralias,7,dr_rc,dr|fast-repeated-cross-section|repeated-cross-section,2,400,50,cache_post,.002
s6-inproc-dralias,dralias,7,dr_rc,dr|fast-repeated-cross-section|repeated-cross-section,2,400,50,cluster,0
s6-inproc-dralias,dralias,7,dr_rc,dr|fast-repeated-cross-section|repeated-cross-section,2,400,50,bootstrap,0
s6-inproc-dralias,dralias,7,dr_rc,dr|fast-repeated-cross-section|repeated-cross-section,2,400,50,aggregation,0
s6-inproc-dralias,dralias,7,dr_rc,dr|fast-repeated-cross-section|repeated-cross-section,2,400,50,unprofiled,.6800000000000006
s6-inproc-dralias,dralias,7,dr_rc,dr|fast-repeated-cross-section|repeated-cross-section,2,400,50,total,4.105
s6-inproc-dralias,dralias,7,reg,reg|fast-balanced-panel|panel,3,400,50,setup,.1320000000000001
s6-inproc-dralias,dralias,7,reg,reg|fast-balanced-panel|panel,3,400,50,cell_extract,0
s6-inproc-dralias,dralias,7,reg,reg|fast-balanced-panel|panel,3,400,50,model_fit,.3930000000000003
s6-inproc-dralias,dralias,7,reg,reg|fast-balanced-panel|panel,3,400,50,if_assembly,.064
s6-inproc-dralias,dralias,7,reg,reg|fast-balanced-panel|panel,3,400,50,cache_post,.002
s6-inproc-dralias,dralias,7,reg,reg|fast-balanced-panel|panel,3,400,50,cluster,0
s6-inproc-dralias,dralias,7,reg,reg|fast-balanced-panel|panel,3,400,50,bootstrap,0
s6-inproc-dralias,dralias,7,reg,reg|fast-balanced-panel|panel,3,400,50,aggregation,0
s6-inproc-dralias,dralias,7,reg,reg|fast-balanced-panel|panel,3,400,50,unprofiled,.5219999999999996
s6-inproc-dralias,dralias,7,reg,reg|fast-balanced-panel|panel,3,400,50,total,1.113
s6-inproc-dralias,dralias,7,ipw,ipw|fast-balanced-panel|panel,4,400,50,setup,.1260000000000001
s6-inproc-dralias,dralias,7,ipw,ipw|fast-balanced-panel|panel,4,400,50,cell_extract,0
s6-inproc-dralias,dralias,7,ipw,ipw|fast-balanced-panel|panel,4,400,50,model_fit,1.000000000000001
s6-inproc-dralias,dralias,7,ipw,ipw|fast-balanced-panel|panel,4,400,50,if_assembly,.06
s6-inproc-dralias,dralias,7,ipw,ipw|fast-balanced-panel|panel,4,400,50,cache_post,.003
s6-inproc-dralias,dralias,7,ipw,ipw|fast-balanced-panel|panel,4,400,50,cluster,0
s6-inproc-dralias,dralias,7,ipw,ipw|fast-balanced-panel|panel,4,400,50,bootstrap,0
s6-inproc-dralias,dralias,7,ipw,ipw|fast-balanced-panel|panel,4,400,50,aggregation,0
s6-inproc-dralias,dralias,7,ipw,ipw|fast-balanced-panel|panel,4,400,50,unprofiled,.544999999999999
s6-inproc-dralias,dralias,7,ipw,ipw|fast-balanced-panel|panel,4,400,50,total,1.734
s6-inproc-dralias,drlocal,7,dr,dr|fast-balanced-panel|panel,1,400,50,setup,.1300000000000001
s6-inproc-dralias,drlocal,7,dr,dr|fast-balanced-panel|panel,1,400,50,cell_extract,0
s6-inproc-dralias,drlocal,7,dr,dr|fast-balanced-panel|panel,1,400,50,model_fit,1.334000000000001
s6-inproc-dralias,drlocal,7,dr,dr|fast-balanced-panel|panel,1,400,50,if_assembly,.069
s6-inproc-dralias,drlocal,7,dr,dr|fast-balanced-panel|panel,1,400,50,cache_post,.004
s6-inproc-dralias,drlocal,7,dr,dr|fast-balanced-panel|panel,1,400,50,cluster,0
s6-inproc-dralias,drlocal,7,dr,dr|fast-balanced-panel|panel,1,400,50,bootstrap,0
s6-inproc-dralias,drlocal,7,dr,dr|fast-balanced-panel|panel,1,400,50,aggregation,0
s6-inproc-dralias,drlocal,7,dr,dr|fast-balanced-panel|panel,1,400,50,unprofiled,.5209999999999979
s6-inproc-dralias,drlocal,7,dr,dr|fast-balanced-panel|panel,1,400,50,total,2.057999999999999
s6-inproc-dralias,drlocal,7,dr_rc,dr|fast-repeated-cross-section|repeated-cross-section,2,400,50,setup,.2460000000000001
s6-inproc-dralias,drlocal,7,dr_rc,dr|fast-repeated-cross-section|repeated-cross-section,2,400,50,cell_extract,.032
s6-inproc-dralias,drlocal,7,dr_rc,dr|fast-repeated-cross-section|repeated-cross-section,2,400,50,model_fit,2.893
s6-inproc-dralias,drlocal,7,dr_rc,dr|fast-repeated-cross-section|repeated-cross-section,2,400,50,if_assembly,.2190000000000001
s6-inproc-dralias,drlocal,7,dr_rc,dr|fast-repeated-cross-section|repeated-cross-section,2,400,50,cache_post,.002
s6-inproc-dralias,drlocal,7,dr_rc,dr|fast-repeated-cross-section|repeated-cross-section,2,400,50,cluster,0
s6-inproc-dralias,drlocal,7,dr_rc,dr|fast-repeated-cross-section|repeated-cross-section,2,400,50,bootstrap,0
s6-inproc-dralias,drlocal,7,dr_rc,dr|fast-repeated-cross-section|repeated-cross-section,2,400,50,aggregation,0
s6-inproc-dralias,drlocal,7,dr_rc,dr|fast-repeated-cross-section|repeated-cross-section,2,400,50,unprofiled,.6809999999999987
s6-inproc-dralias,drlocal,7,dr_rc,dr|fast-repeated-cross-section|repeated-cross-section,2,400,50,total,4.072999999999999
s6-inproc-dralias,drlocal,7,reg,reg|fast-balanced-panel|panel,3,400,50,setup,.1250000000000001
s6-inproc-dralias,drlocal,7,reg,reg|fast-balanced-panel|panel,3,400,50,cell_extract,0
s6-inproc-dralias,drlocal,7,reg,reg|fast-balanced-panel|panel,3,400,50,model_fit,.3770000000000003
s6-inproc-dralias,drlocal,7,reg,reg|fast-balanced-panel|panel,3,400,50,if_assembly,.067
s6-inproc-dralias,drlocal,7,reg,reg|fast-balanced-panel|panel,3,400,50,cache_post,.001
s6-inproc-dralias,drlocal,7,reg,reg|fast-balanced-panel|panel,3,400,50,cluster,0
s6-inproc-dralias,drlocal,7,reg,reg|fast-balanced-panel|panel,3,400,50,bootstrap,0
s6-inproc-dralias,drlocal,7,reg,reg|fast-balanced-panel|panel,3,400,50,aggregation,0
s6-inproc-dralias,drlocal,7,reg,reg|fast-balanced-panel|panel,3,400,50,unprofiled,.5369999999999996
s6-inproc-dralias,drlocal,7,reg,reg|fast-balanced-panel|panel,3,400,50,total,1.107
s6-inproc-dralias,drlocal,7,ipw,ipw|fast-balanced-panel|panel,4,400,50,setup,.1250000000000001
s6-inproc-dralias,drlocal,7,ipw,ipw|fast-balanced-panel|panel,4,400,50,cell_extract,0
s6-inproc-dralias,drlocal,7,ipw,ipw|fast-balanced-panel|panel,4,400,50,model_fit,1.004000000000001
s6-inproc-dralias,drlocal,7,ipw,ipw|fast-balanced-panel|panel,4,400,50,if_assembly,.062
s6-inproc-dralias,drlocal,7,ipw,ipw|fast-balanced-panel|panel,4,400,50,cache_post,.003
s6-inproc-dralias,drlocal,7,ipw,ipw|fast-balanced-panel|panel,4,400,50,cluster,0
s6-inproc-dralias,drlocal,7,ipw,ipw|fast-balanced-panel|panel,4,400,50,bootstrap,0
s6-inproc-dralias,drlocal,7,ipw,ipw|fast-balanced-panel|panel,4,400,50,aggregation,0
s6-inproc-dralias,drlocal,7,ipw,ipw|fast-balanced-panel|panel,4,400,50,unprofiled,.5319999999999989
s6-inproc-dralias,drlocal,7,ipw,ipw|fast-balanced-panel|panel,4,400,50,total,1.726
s6-inproc-dralias,head,8,dr,dr|fast-balanced-panel|panel,1,400,50,setup,.1270000000000001
s6-inproc-dralias,head,8,dr,dr|fast-balanced-panel|panel,1,400,50,cell_extract,0
s6-inproc-dralias,head,8,dr,dr|fast-balanced-panel|panel,1,400,50,model_fit,1.402
s6-inproc-dralias,head,8,dr,dr|fast-balanced-panel|panel,1,400,50,if_assembly,.042
s6-inproc-dralias,head,8,dr,dr|fast-balanced-panel|panel,1,400,50,cache_post,.001
s6-inproc-dralias,head,8,dr,dr|fast-balanced-panel|panel,1,400,50,cluster,0
s6-inproc-dralias,head,8,dr,dr|fast-balanced-panel|panel,1,400,50,bootstrap,0
s6-inproc-dralias,head,8,dr,dr|fast-balanced-panel|panel,1,400,50,aggregation,0
s6-inproc-dralias,head,8,dr,dr|fast-balanced-panel|panel,1,400,50,unprofiled,.492999999999999
s6-inproc-dralias,head,8,dr,dr|fast-balanced-panel|panel,1,400,50,total,2.064999999999999
s6-inproc-dralias,head,8,ipw,ipw|fast-balanced-panel|panel,2,400,50,setup,.1240000000000001
s6-inproc-dralias,head,8,ipw,ipw|fast-balanced-panel|panel,2,400,50,cell_extract,0
s6-inproc-dralias,head,8,ipw,ipw|fast-balanced-panel|panel,2,400,50,model_fit,.9840000000000008
s6-inproc-dralias,head,8,ipw,ipw|fast-balanced-panel|panel,2,400,50,if_assembly,.064
s6-inproc-dralias,head,8,ipw,ipw|fast-balanced-panel|panel,2,400,50,cache_post,.002
s6-inproc-dralias,head,8,ipw,ipw|fast-balanced-panel|panel,2,400,50,cluster,0
s6-inproc-dralias,head,8,ipw,ipw|fast-balanced-panel|panel,2,400,50,bootstrap,0
s6-inproc-dralias,head,8,ipw,ipw|fast-balanced-panel|panel,2,400,50,aggregation,0
s6-inproc-dralias,head,8,ipw,ipw|fast-balanced-panel|panel,2,400,50,unprofiled,.508999999999999
s6-inproc-dralias,head,8,ipw,ipw|fast-balanced-panel|panel,2,400,50,total,1.683
s6-inproc-dralias,head,8,reg,reg|fast-balanced-panel|panel,3,400,50,setup,.1300000000000001
s6-inproc-dralias,head,8,reg,reg|fast-balanced-panel|panel,3,400,50,cell_extract,0
s6-inproc-dralias,head,8,reg,reg|fast-balanced-panel|panel,3,400,50,model_fit,.3840000000000003
s6-inproc-dralias,head,8,reg,reg|fast-balanced-panel|panel,3,400,50,if_assembly,.052
s6-inproc-dralias,head,8,reg,reg|fast-balanced-panel|panel,3,400,50,cache_post,.005
s6-inproc-dralias,head,8,reg,reg|fast-balanced-panel|panel,3,400,50,cluster,0
s6-inproc-dralias,head,8,reg,reg|fast-balanced-panel|panel,3,400,50,bootstrap,0
s6-inproc-dralias,head,8,reg,reg|fast-balanced-panel|panel,3,400,50,aggregation,0
s6-inproc-dralias,head,8,reg,reg|fast-balanced-panel|panel,3,400,50,unprofiled,.4969999999999997
s6-inproc-dralias,head,8,reg,reg|fast-balanced-panel|panel,3,400,50,total,1.068
s6-inproc-dralias,head,8,dr_rc,dr|fast-repeated-cross-section|repeated-cross-section,4,400,50,setup,.2460000000000001
s6-inproc-dralias,head,8,dr_rc,dr|fast-repeated-cross-section|repeated-cross-section,4,400,50,cell_extract,.035
s6-inproc-dralias,head,8,dr_rc,dr|fast-repeated-cross-section|repeated-cross-section,4,400,50,model_fit,2.885
s6-inproc-dralias,head,8,dr_rc,dr|fast-repeated-cross-section|repeated-cross-section,4,400,50,if_assembly,.2070000000000001
s6-inproc-dralias,head,8,dr_rc,dr|fast-repeated-cross-section|repeated-cross-section,4,400,50,cache_post,.003
s6-inproc-dralias,head,8,dr_rc,dr|fast-repeated-cross-section|repeated-cross-section,4,400,50,cluster,0
s6-inproc-dralias,head,8,dr_rc,dr|fast-repeated-cross-section|repeated-cross-section,4,400,50,bootstrap,0
s6-inproc-dralias,head,8,dr_rc,dr|fast-repeated-cross-section|repeated-cross-section,4,400,50,aggregation,0
s6-inproc-dralias,head,8,dr_rc,dr|fast-repeated-cross-section|repeated-cross-section,4,400,50,unprofiled,.6839999999999988
s6-inproc-dralias,head,8,dr_rc,dr|fast-repeated-cross-section|repeated-cross-section,4,400,50,total,4.059999999999999
s6-inproc-dralias,drlocal,8,dr,dr|fast-balanced-panel|panel,1,400,50,setup,.1180000000000001
s6-inproc-dralias,drlocal,8,dr,dr|fast-balanced-panel|panel,1,400,50,cell_extract,0
s6-inproc-dralias,drlocal,8,dr,dr|fast-balanced-panel|panel,1,400,50,model_fit,1.368
s6-inproc-dralias,drlocal,8,dr,dr|fast-balanced-panel|panel,1,400,50,if_assembly,.066
s6-inproc-dralias,drlocal,8,dr,dr|fast-balanced-panel|panel,1,400,50,cache_post,.002
s6-inproc-dralias,drlocal,8,dr,dr|fast-balanced-panel|panel,1,400,50,cluster,0
s6-inproc-dralias,drlocal,8,dr,dr|fast-balanced-panel|panel,1,400,50,bootstrap,0
s6-inproc-dralias,drlocal,8,dr,dr|fast-balanced-panel|panel,1,400,50,aggregation,0
s6-inproc-dralias,drlocal,8,dr,dr|fast-balanced-panel|panel,1,400,50,unprofiled,.5149999999999999
s6-inproc-dralias,drlocal,8,dr,dr|fast-balanced-panel|panel,1,400,50,total,2.069
s6-inproc-dralias,drlocal,8,ipw,ipw|fast-balanced-panel|panel,2,400,50,setup,.1300000000000001
s6-inproc-dralias,drlocal,8,ipw,ipw|fast-balanced-panel|panel,2,400,50,cell_extract,0
s6-inproc-dralias,drlocal,8,ipw,ipw|fast-balanced-panel|panel,2,400,50,model_fit,.9950000000000008
s6-inproc-dralias,drlocal,8,ipw,ipw|fast-balanced-panel|panel,2,400,50,if_assembly,.043
s6-inproc-dralias,drlocal,8,ipw,ipw|fast-balanced-panel|panel,2,400,50,cache_post,.002
s6-inproc-dralias,drlocal,8,ipw,ipw|fast-balanced-panel|panel,2,400,50,cluster,0
s6-inproc-dralias,drlocal,8,ipw,ipw|fast-balanced-panel|panel,2,400,50,bootstrap,0
s6-inproc-dralias,drlocal,8,ipw,ipw|fast-balanced-panel|panel,2,400,50,aggregation,0
s6-inproc-dralias,drlocal,8,ipw,ipw|fast-balanced-panel|panel,2,400,50,unprofiled,.5119999999999989
s6-inproc-dralias,drlocal,8,ipw,ipw|fast-balanced-panel|panel,2,400,50,total,1.682
s6-inproc-dralias,drlocal,8,reg,reg|fast-balanced-panel|panel,3,400,50,setup,.1230000000000001
s6-inproc-dralias,drlocal,8,reg,reg|fast-balanced-panel|panel,3,400,50,cell_extract,0
s6-inproc-dralias,drlocal,8,reg,reg|fast-balanced-panel|panel,3,400,50,model_fit,.3780000000000003
s6-inproc-dralias,drlocal,8,reg,reg|fast-balanced-panel|panel,3,400,50,if_assembly,.052
s6-inproc-dralias,drlocal,8,reg,reg|fast-balanced-panel|panel,3,400,50,cache_post,.003
s6-inproc-dralias,drlocal,8,reg,reg|fast-balanced-panel|panel,3,400,50,cluster,0
s6-inproc-dralias,drlocal,8,reg,reg|fast-balanced-panel|panel,3,400,50,bootstrap,0
s6-inproc-dralias,drlocal,8,reg,reg|fast-balanced-panel|panel,3,400,50,aggregation,0
s6-inproc-dralias,drlocal,8,reg,reg|fast-balanced-panel|panel,3,400,50,unprofiled,.5159999999999997
s6-inproc-dralias,drlocal,8,reg,reg|fast-balanced-panel|panel,3,400,50,total,1.072
s6-inproc-dralias,drlocal,8,dr_rc,dr|fast-repeated-cross-section|repeated-cross-section,4,400,50,setup,.2440000000000002
s6-inproc-dralias,drlocal,8,dr_rc,dr|fast-repeated-cross-section|repeated-cross-section,4,400,50,cell_extract,.042
s6-inproc-dralias,drlocal,8,dr_rc,dr|fast-repeated-cross-section|repeated-cross-section,4,400,50,model_fit,2.905
s6-inproc-dralias,drlocal,8,dr_rc,dr|fast-repeated-cross-section|repeated-cross-section,4,400,50,if_assembly,.2030000000000001
s6-inproc-dralias,drlocal,8,dr_rc,dr|fast-repeated-cross-section|repeated-cross-section,4,400,50,cache_post,.006
s6-inproc-dralias,drlocal,8,dr_rc,dr|fast-repeated-cross-section|repeated-cross-section,4,400,50,cluster,0
s6-inproc-dralias,drlocal,8,dr_rc,dr|fast-repeated-cross-section|repeated-cross-section,4,400,50,bootstrap,0
s6-inproc-dralias,drlocal,8,dr_rc,dr|fast-repeated-cross-section|repeated-cross-section,4,400,50,aggregation,0
s6-inproc-dralias,drlocal,8,dr_rc,dr|fast-repeated-cross-section|repeated-cross-section,4,400,50,unprofiled,.6799999999999984
s6-inproc-dralias,drlocal,8,dr_rc,dr|fast-repeated-cross-section|repeated-cross-section,4,400,50,total,4.079999999999998
s6-inproc-dralias,dralias,8,dr,dr|fast-balanced-panel|panel,1,400,50,setup,.1240000000000001
s6-inproc-dralias,dralias,8,dr,dr|fast-balanced-panel|panel,1,400,50,cell_extract,0
s6-inproc-dralias,dralias,8,dr,dr|fast-balanced-panel|panel,1,400,50,model_fit,1.385
s6-inproc-dralias,dralias,8,dr,dr|fast-balanced-panel|panel,1,400,50,if_assembly,.058
s6-inproc-dralias,dralias,8,dr,dr|fast-balanced-panel|panel,1,400,50,cache_post,.002
s6-inproc-dralias,dralias,8,dr,dr|fast-balanced-panel|panel,1,400,50,cluster,0
s6-inproc-dralias,dralias,8,dr,dr|fast-balanced-panel|panel,1,400,50,bootstrap,0
s6-inproc-dralias,dralias,8,dr,dr|fast-balanced-panel|panel,1,400,50,aggregation,0
s6-inproc-dralias,dralias,8,dr,dr|fast-balanced-panel|panel,1,400,50,unprofiled,.508999999999999
s6-inproc-dralias,dralias,8,dr,dr|fast-balanced-panel|panel,1,400,50,total,2.077999999999999
s6-inproc-dralias,dralias,8,ipw,ipw|fast-balanced-panel|panel,2,400,50,setup,.1250000000000001
s6-inproc-dralias,dralias,8,ipw,ipw|fast-balanced-panel|panel,2,400,50,cell_extract,0
s6-inproc-dralias,dralias,8,ipw,ipw|fast-balanced-panel|panel,2,400,50,model_fit,1.001000000000001
s6-inproc-dralias,dralias,8,ipw,ipw|fast-balanced-panel|panel,2,400,50,if_assembly,.055
s6-inproc-dralias,dralias,8,ipw,ipw|fast-balanced-panel|panel,2,400,50,cache_post,.003
s6-inproc-dralias,dralias,8,ipw,ipw|fast-balanced-panel|panel,2,400,50,cluster,0
s6-inproc-dralias,dralias,8,ipw,ipw|fast-balanced-panel|panel,2,400,50,bootstrap,0
s6-inproc-dralias,dralias,8,ipw,ipw|fast-balanced-panel|panel,2,400,50,aggregation,0
s6-inproc-dralias,dralias,8,ipw,ipw|fast-balanced-panel|panel,2,400,50,unprofiled,.506
s6-inproc-dralias,dralias,8,ipw,ipw|fast-balanced-panel|panel,2,400,50,total,1.690000000000001
s6-inproc-dralias,dralias,8,reg,reg|fast-balanced-panel|panel,3,400,50,setup,.1240000000000001
s6-inproc-dralias,dralias,8,reg,reg|fast-balanced-panel|panel,3,400,50,cell_extract,0
s6-inproc-dralias,dralias,8,reg,reg|fast-balanced-panel|panel,3,400,50,model_fit,.3860000000000003
s6-inproc-dralias,dralias,8,reg,reg|fast-balanced-panel|panel,3,400,50,if_assembly,.056
s6-inproc-dralias,dralias,8,reg,reg|fast-balanced-panel|panel,3,400,50,cache_post,0
s6-inproc-dralias,dralias,8,reg,reg|fast-balanced-panel|panel,3,400,50,cluster,0
s6-inproc-dralias,dralias,8,reg,reg|fast-balanced-panel|panel,3,400,50,bootstrap,0
s6-inproc-dralias,dralias,8,reg,reg|fast-balanced-panel|panel,3,400,50,aggregation,0
s6-inproc-dralias,dralias,8,reg,reg|fast-balanced-panel|panel,3,400,50,unprofiled,.5019999999999997
s6-inproc-dralias,dralias,8,reg,reg|fast-balanced-panel|panel,3,400,50,total,1.068
s6-inproc-dralias,dralias,8,dr_rc,dr|fast-repeated-cross-section|repeated-cross-section,4,400,50,setup,.2470000000000001
s6-inproc-dralias,dralias,8,dr_rc,dr|fast-repeated-cross-section|repeated-cross-section,4,400,50,cell_extract,.035
s6-inproc-dralias,dralias,8,dr_rc,dr|fast-repeated-cross-section|repeated-cross-section,4,400,50,model_fit,2.894000000000001
s6-inproc-dralias,dralias,8,dr_rc,dr|fast-repeated-cross-section|repeated-cross-section,4,400,50,if_assembly,.2200000000000001
s6-inproc-dralias,dralias,8,dr_rc,dr|fast-repeated-cross-section|repeated-cross-section,4,400,50,cache_post,.003
s6-inproc-dralias,dralias,8,dr_rc,dr|fast-repeated-cross-section|repeated-cross-section,4,400,50,cluster,0
s6-inproc-dralias,dralias,8,dr_rc,dr|fast-repeated-cross-section|repeated-cross-section,4,400,50,bootstrap,0
s6-inproc-dralias,dralias,8,dr_rc,dr|fast-repeated-cross-section|repeated-cross-section,4,400,50,aggregation,0
s6-inproc-dralias,dralias,8,dr_rc,dr|fast-repeated-cross-section|repeated-cross-section,4,400,50,unprofiled,.6639999999999988
s6-inproc-dralias,dralias,8,dr_rc,dr|fast-repeated-cross-section|repeated-cross-section,4,400,50,total,4.063
s6-inproc-dralias,base,8,dr,dr|fast-balanced-panel|panel,1,400,50,setup,.1240000000000001
s6-inproc-dralias,base,8,dr,dr|fast-balanced-panel|panel,1,400,50,cell_extract,0
s6-inproc-dralias,base,8,dr,dr|fast-balanced-panel|panel,1,400,50,model_fit,1.374
s6-inproc-dralias,base,8,dr,dr|fast-balanced-panel|panel,1,400,50,if_assembly,.05
s6-inproc-dralias,base,8,dr,dr|fast-balanced-panel|panel,1,400,50,cache_post,.005
s6-inproc-dralias,base,8,dr,dr|fast-balanced-panel|panel,1,400,50,cluster,0
s6-inproc-dralias,base,8,dr,dr|fast-balanced-panel|panel,1,400,50,bootstrap,0
s6-inproc-dralias,base,8,dr,dr|fast-balanced-panel|panel,1,400,50,aggregation,0
s6-inproc-dralias,base,8,dr,dr|fast-balanced-panel|panel,1,400,50,unprofiled,.512999999999999
s6-inproc-dralias,base,8,dr,dr|fast-balanced-panel|panel,1,400,50,total,2.065999999999999
s6-inproc-dralias,base,8,ipw,ipw|fast-balanced-panel|panel,2,400,50,setup,.1260000000000001
s6-inproc-dralias,base,8,ipw,ipw|fast-balanced-panel|panel,2,400,50,cell_extract,0
s6-inproc-dralias,base,8,ipw,ipw|fast-balanced-panel|panel,2,400,50,model_fit,.9820000000000008
s6-inproc-dralias,base,8,ipw,ipw|fast-balanced-panel|panel,2,400,50,if_assembly,.055
s6-inproc-dralias,base,8,ipw,ipw|fast-balanced-panel|panel,2,400,50,cache_post,.001
s6-inproc-dralias,base,8,ipw,ipw|fast-balanced-panel|panel,2,400,50,cluster,0
s6-inproc-dralias,base,8,ipw,ipw|fast-balanced-panel|panel,2,400,50,bootstrap,0
s6-inproc-dralias,base,8,ipw,ipw|fast-balanced-panel|panel,2,400,50,aggregation,0
s6-inproc-dralias,base,8,ipw,ipw|fast-balanced-panel|panel,2,400,50,unprofiled,.5279999999999989
s6-inproc-dralias,base,8,ipw,ipw|fast-balanced-panel|panel,2,400,50,total,1.692
s6-inproc-dralias,base,8,reg,reg|fast-balanced-panel|panel,3,400,50,setup,.1250000000000001
s6-inproc-dralias,base,8,reg,reg|fast-balanced-panel|panel,3,400,50,cell_extract,0
s6-inproc-dralias,base,8,reg,reg|fast-balanced-panel|panel,3,400,50,model_fit,.3860000000000003
s6-inproc-dralias,base,8,reg,reg|fast-balanced-panel|panel,3,400,50,if_assembly,.054
s6-inproc-dralias,base,8,reg,reg|fast-balanced-panel|panel,3,400,50,cache_post,.004
s6-inproc-dralias,base,8,reg,reg|fast-balanced-panel|panel,3,400,50,cluster,0
s6-inproc-dralias,base,8,reg,reg|fast-balanced-panel|panel,3,400,50,bootstrap,0
s6-inproc-dralias,base,8,reg,reg|fast-balanced-panel|panel,3,400,50,aggregation,0
s6-inproc-dralias,base,8,reg,reg|fast-balanced-panel|panel,3,400,50,unprofiled,.5059999999999996
s6-inproc-dralias,base,8,reg,reg|fast-balanced-panel|panel,3,400,50,total,1.075
s6-inproc-dralias,base,8,dr_rc,dr|fast-repeated-cross-section|repeated-cross-section,4,400,50,setup,.2450000000000002
s6-inproc-dralias,base,8,dr_rc,dr|fast-repeated-cross-section|repeated-cross-section,4,400,50,cell_extract,.0990000000000001
s6-inproc-dralias,base,8,dr_rc,dr|fast-repeated-cross-section|repeated-cross-section,4,400,50,model_fit,2.922000000000001
s6-inproc-dralias,base,8,dr_rc,dr|fast-repeated-cross-section|repeated-cross-section,4,400,50,if_assembly,.2100000000000001
s6-inproc-dralias,base,8,dr_rc,dr|fast-repeated-cross-section|repeated-cross-section,4,400,50,cache_post,.004
s6-inproc-dralias,base,8,dr_rc,dr|fast-repeated-cross-section|repeated-cross-section,4,400,50,cluster,0
s6-inproc-dralias,base,8,dr_rc,dr|fast-repeated-cross-section|repeated-cross-section,4,400,50,bootstrap,0
s6-inproc-dralias,base,8,dr_rc,dr|fast-repeated-cross-section|repeated-cross-section,4,400,50,aggregation,0
s6-inproc-dralias,base,8,dr_rc,dr|fast-repeated-cross-section|repeated-cross-section,4,400,50,unprofiled,.6560000000000001
s6-inproc-dralias,base,8,dr_rc,dr|fast-repeated-cross-section|repeated-cross-section,4,400,50,total,4.136000000000001
s6-inproc-dralias,dralias,9,reg,reg|fast-balanced-panel|panel,1,400,50,setup,.1250000000000001
s6-inproc-dralias,dralias,9,reg,reg|fast-balanced-panel|panel,1,400,50,cell_extract,0
s6-inproc-dralias,dralias,9,reg,reg|fast-balanced-panel|panel,1,400,50,model_fit,.3710000000000003
s6-inproc-dralias,dralias,9,reg,reg|fast-balanced-panel|panel,1,400,50,if_assembly,.05
s6-inproc-dralias,dralias,9,reg,reg|fast-balanced-panel|panel,1,400,50,cache_post,.006
s6-inproc-dralias,dralias,9,reg,reg|fast-balanced-panel|panel,1,400,50,cluster,0
s6-inproc-dralias,dralias,9,reg,reg|fast-balanced-panel|panel,1,400,50,bootstrap,0
s6-inproc-dralias,dralias,9,reg,reg|fast-balanced-panel|panel,1,400,50,aggregation,0
s6-inproc-dralias,dralias,9,reg,reg|fast-balanced-panel|panel,1,400,50,unprofiled,.5209999999999996
s6-inproc-dralias,dralias,9,reg,reg|fast-balanced-panel|panel,1,400,50,total,1.073
s6-inproc-dralias,dralias,9,ipw,ipw|fast-balanced-panel|panel,2,400,50,setup,.1250000000000001
s6-inproc-dralias,dralias,9,ipw,ipw|fast-balanced-panel|panel,2,400,50,cell_extract,0
s6-inproc-dralias,dralias,9,ipw,ipw|fast-balanced-panel|panel,2,400,50,model_fit,.9870000000000008
s6-inproc-dralias,dralias,9,ipw,ipw|fast-balanced-panel|panel,2,400,50,if_assembly,.072
s6-inproc-dralias,dralias,9,ipw,ipw|fast-balanced-panel|panel,2,400,50,cache_post,.003
s6-inproc-dralias,dralias,9,ipw,ipw|fast-balanced-panel|panel,2,400,50,cluster,0
s6-inproc-dralias,dralias,9,ipw,ipw|fast-balanced-panel|panel,2,400,50,bootstrap,0
s6-inproc-dralias,dralias,9,ipw,ipw|fast-balanced-panel|panel,2,400,50,aggregation,0
s6-inproc-dralias,dralias,9,ipw,ipw|fast-balanced-panel|panel,2,400,50,unprofiled,.510999999999999
s6-inproc-dralias,dralias,9,ipw,ipw|fast-balanced-panel|panel,2,400,50,total,1.698
s6-inproc-dralias,dralias,9,dr,dr|fast-balanced-panel|panel,3,400,50,setup,.1240000000000001
s6-inproc-dralias,dralias,9,dr,dr|fast-balanced-panel|panel,3,400,50,cell_extract,0
s6-inproc-dralias,dralias,9,dr,dr|fast-balanced-panel|panel,3,400,50,model_fit,1.376
s6-inproc-dralias,dralias,9,dr,dr|fast-balanced-panel|panel,3,400,50,if_assembly,.068
s6-inproc-dralias,dralias,9,dr,dr|fast-balanced-panel|panel,3,400,50,cache_post,.003
s6-inproc-dralias,dralias,9,dr,dr|fast-balanced-panel|panel,3,400,50,cluster,0
s6-inproc-dralias,dralias,9,dr,dr|fast-balanced-panel|panel,3,400,50,bootstrap,0
s6-inproc-dralias,dralias,9,dr,dr|fast-balanced-panel|panel,3,400,50,aggregation,0
s6-inproc-dralias,dralias,9,dr,dr|fast-balanced-panel|panel,3,400,50,unprofiled,.5090000000000001
s6-inproc-dralias,dralias,9,dr,dr|fast-balanced-panel|panel,3,400,50,total,2.08
s6-inproc-dralias,dralias,9,dr_rc,dr|fast-repeated-cross-section|repeated-cross-section,4,400,50,setup,.2470000000000001
s6-inproc-dralias,dralias,9,dr_rc,dr|fast-repeated-cross-section|repeated-cross-section,4,400,50,cell_extract,.036
s6-inproc-dralias,dralias,9,dr_rc,dr|fast-repeated-cross-section|repeated-cross-section,4,400,50,model_fit,2.885000000000001
s6-inproc-dralias,dralias,9,dr_rc,dr|fast-repeated-cross-section|repeated-cross-section,4,400,50,if_assembly,.2260000000000001
s6-inproc-dralias,dralias,9,dr_rc,dr|fast-repeated-cross-section|repeated-cross-section,4,400,50,cache_post,.005
s6-inproc-dralias,dralias,9,dr_rc,dr|fast-repeated-cross-section|repeated-cross-section,4,400,50,cluster,0
s6-inproc-dralias,dralias,9,dr_rc,dr|fast-repeated-cross-section|repeated-cross-section,4,400,50,bootstrap,0
s6-inproc-dralias,dralias,9,dr_rc,dr|fast-repeated-cross-section|repeated-cross-section,4,400,50,aggregation,0
s6-inproc-dralias,dralias,9,dr_rc,dr|fast-repeated-cross-section|repeated-cross-section,4,400,50,unprofiled,.6769999999999978
s6-inproc-dralias,dralias,9,dr_rc,dr|fast-repeated-cross-section|repeated-cross-section,4,400,50,total,4.075999999999999
s6-inproc-dralias,drlocal,9,reg,reg|fast-balanced-panel|panel,1,400,50,setup,.1230000000000001
s6-inproc-dralias,drlocal,9,reg,reg|fast-balanced-panel|panel,1,400,50,cell_extract,0
s6-inproc-dralias,drlocal,9,reg,reg|fast-balanced-panel|panel,1,400,50,model_fit,.3700000000000003
s6-inproc-dralias,drlocal,9,reg,reg|fast-balanced-panel|panel,1,400,50,if_assembly,.061
s6-inproc-dralias,drlocal,9,reg,reg|fast-balanced-panel|panel,1,400,50,cache_post,.003
s6-inproc-dralias,drlocal,9,reg,reg|fast-balanced-panel|panel,1,400,50,cluster,0
s6-inproc-dralias,drlocal,9,reg,reg|fast-balanced-panel|panel,1,400,50,bootstrap,0
s6-inproc-dralias,drlocal,9,reg,reg|fast-balanced-panel|panel,1,400,50,aggregation,0
s6-inproc-dralias,drlocal,9,reg,reg|fast-balanced-panel|panel,1,400,50,unprofiled,.5049999999999997
s6-inproc-dralias,drlocal,9,reg,reg|fast-balanced-panel|panel,1,400,50,total,1.062
s6-inproc-dralias,drlocal,9,ipw,ipw|fast-balanced-panel|panel,2,400,50,setup,.1250000000000001
s6-inproc-dralias,drlocal,9,ipw,ipw|fast-balanced-panel|panel,2,400,50,cell_extract,0
s6-inproc-dralias,drlocal,9,ipw,ipw|fast-balanced-panel|panel,2,400,50,model_fit,.9810000000000008
s6-inproc-dralias,drlocal,9,ipw,ipw|fast-balanced-panel|panel,2,400,50,if_assembly,.06
s6-inproc-dralias,drlocal,9,ipw,ipw|fast-balanced-panel|panel,2,400,50,cache_post,.002
s6-inproc-dralias,drlocal,9,ipw,ipw|fast-balanced-panel|panel,2,400,50,cluster,0
s6-inproc-dralias,drlocal,9,ipw,ipw|fast-balanced-panel|panel,2,400,50,bootstrap,0
s6-inproc-dralias,drlocal,9,ipw,ipw|fast-balanced-panel|panel,2,400,50,aggregation,0
s6-inproc-dralias,drlocal,9,ipw,ipw|fast-balanced-panel|panel,2,400,50,unprofiled,.530999999999999
s6-inproc-dralias,drlocal,9,ipw,ipw|fast-balanced-panel|panel,2,400,50,total,1.699
s6-inproc-dralias,drlocal,9,dr,dr|fast-balanced-panel|panel,3,400,50,setup,.1220000000000001
s6-inproc-dralias,drlocal,9,dr,dr|fast-balanced-panel|panel,3,400,50,cell_extract,0
s6-inproc-dralias,drlocal,9,dr,dr|fast-balanced-panel|panel,3,400,50,model_fit,1.378000000000001
s6-inproc-dralias,drlocal,9,dr,dr|fast-balanced-panel|panel,3,400,50,if_assembly,.046
s6-inproc-dralias,drlocal,9,dr,dr|fast-balanced-panel|panel,3,400,50,cache_post,.003
s6-inproc-dralias,drlocal,9,dr,dr|fast-balanced-panel|panel,3,400,50,cluster,0
s6-inproc-dralias,drlocal,9,dr,dr|fast-balanced-panel|panel,3,400,50,bootstrap,0
s6-inproc-dralias,drlocal,9,dr,dr|fast-balanced-panel|panel,3,400,50,aggregation,0
s6-inproc-dralias,drlocal,9,dr,dr|fast-balanced-panel|panel,3,400,50,unprofiled,.5279999999999989
s6-inproc-dralias,drlocal,9,dr,dr|fast-balanced-panel|panel,3,400,50,total,2.077
s6-inproc-dralias,drlocal,9,dr_rc,dr|fast-repeated-cross-section|repeated-cross-section,4,400,50,setup,.2440000000000002
s6-inproc-dralias,drlocal,9,dr_rc,dr|fast-repeated-cross-section|repeated-cross-section,4,400,50,cell_extract,.038
s6-inproc-dralias,drlocal,9,dr_rc,dr|fast-repeated-cross-section|repeated-cross-section,4,400,50,model_fit,2.909
s6-inproc-dralias,drlocal,9,dr_rc,dr|fast-repeated-cross-section|repeated-cross-section,4,400,50,if_assembly,.2130000000000001
s6-inproc-dralias,drlocal,9,dr_rc,dr|fast-repeated-cross-section|repeated-cross-section,4,400,50,cache_post,.009
s6-inproc-dralias,drlocal,9,dr_rc,dr|fast-repeated-cross-section|repeated-cross-section,4,400,50,cluster,0
s6-inproc-dralias,drlocal,9,dr_rc,dr|fast-repeated-cross-section|repeated-cross-section,4,400,50,bootstrap,0
s6-inproc-dralias,drlocal,9,dr_rc,dr|fast-repeated-cross-section|repeated-cross-section,4,400,50,aggregation,0
s6-inproc-dralias,drlocal,9,dr_rc,dr|fast-repeated-cross-section|repeated-cross-section,4,400,50,unprofiled,.6619999999999995
s6-inproc-dralias,drlocal,9,dr_rc,dr|fast-repeated-cross-section|repeated-cross-section,4,400,50,total,4.074999999999999
s6-inproc-dralias,head,9,reg,reg|fast-balanced-panel|panel,1,400,50,setup,.1180000000000001
s6-inproc-dralias,head,9,reg,reg|fast-balanced-panel|panel,1,400,50,cell_extract,0
s6-inproc-dralias,head,9,reg,reg|fast-balanced-panel|panel,1,400,50,model_fit,.4020000000000003
s6-inproc-dralias,head,9,reg,reg|fast-balanced-panel|panel,1,400,50,if_assembly,.052
s6-inproc-dralias,head,9,reg,reg|fast-balanced-panel|panel,1,400,50,cache_post,.001
s6-inproc-dralias,head,9,reg,reg|fast-balanced-panel|panel,1,400,50,cluster,0
s6-inproc-dralias,head,9,reg,reg|fast-balanced-panel|panel,1,400,50,bootstrap,0
s6-inproc-dralias,head,9,reg,reg|fast-balanced-panel|panel,1,400,50,aggregation,0
s6-inproc-dralias,head,9,reg,reg|fast-balanced-panel|panel,1,400,50,unprofiled,.4889999999999995
s6-inproc-dralias,head,9,reg,reg|fast-balanced-panel|panel,1,400,50,total,1.062
s6-inproc-dralias,head,9,ipw,ipw|fast-balanced-panel|panel,2,400,50,setup,.1280000000000001
s6-inproc-dralias,head,9,ipw,ipw|fast-balanced-panel|panel,2,400,50,cell_extract,0
s6-inproc-dralias,head,9,ipw,ipw|fast-balanced-panel|panel,2,400,50,model_fit,.9900000000000008
s6-inproc-dralias,head,9,ipw,ipw|fast-balanced-panel|panel,2,400,50,if_assembly,.069
s6-inproc-dralias,head,9,ipw,ipw|fast-balanced-panel|panel,2,400,50,cache_post,.005
s6-inproc-dralias,head,9,ipw,ipw|fast-balanced-panel|panel,2,400,50,cluster,0
s6-inproc-dralias,head,9,ipw,ipw|fast-balanced-panel|panel,2,400,50,bootstrap,0
s6-inproc-dralias,head,9,ipw,ipw|fast-balanced-panel|panel,2,400,50,aggregation,0
s6-inproc-dralias,head,9,ipw,ipw|fast-balanced-panel|panel,2,400,50,unprofiled,.4939999999999989
s6-inproc-dralias,head,9,ipw,ipw|fast-balanced-panel|panel,2,400,50,total,1.686
s6-inproc-dralias,head,9,dr,dr|fast-balanced-panel|panel,3,400,50,setup,.1240000000000001
s6-inproc-dralias,head,9,dr,dr|fast-balanced-panel|panel,3,400,50,cell_extract,0
s6-inproc-dralias,head,9,dr,dr|fast-balanced-panel|panel,3,400,50,model_fit,1.398
s6-inproc-dralias,head,9,dr,dr|fast-balanced-panel|panel,3,400,50,if_assembly,.047
s6-inproc-dralias,head,9,dr,dr|fast-balanced-panel|panel,3,400,50,cache_post,0
s6-inproc-dralias,head,9,dr,dr|fast-balanced-panel|panel,3,400,50,cluster,0
s6-inproc-dralias,head,9,dr,dr|fast-balanced-panel|panel,3,400,50,bootstrap,0
s6-inproc-dralias,head,9,dr,dr|fast-balanced-panel|panel,3,400,50,aggregation,0
s6-inproc-dralias,head,9,dr,dr|fast-balanced-panel|panel,3,400,50,unprofiled,.504
s6-inproc-dralias,head,9,dr,dr|fast-balanced-panel|panel,3,400,50,total,2.073
s6-inproc-dralias,head,9,dr_rc,dr|fast-repeated-cross-section|repeated-cross-section,4,400,50,setup,.2440000000000001
s6-inproc-dralias,head,9,dr_rc,dr|fast-repeated-cross-section|repeated-cross-section,4,400,50,cell_extract,.037
s6-inproc-dralias,head,9,dr_rc,dr|fast-repeated-cross-section|repeated-cross-section,4,400,50,model_fit,2.906000000000001
s6-inproc-dralias,head,9,dr_rc,dr|fast-repeated-cross-section|repeated-cross-section,4,400,50,if_assembly,.2310000000000001
s6-inproc-dralias,head,9,dr_rc,dr|fast-repeated-cross-section|repeated-cross-section,4,400,50,cache_post,.004
s6-inproc-dralias,head,9,dr_rc,dr|fast-repeated-cross-section|repeated-cross-section,4,400,50,cluster,0
s6-inproc-dralias,head,9,dr_rc,dr|fast-repeated-cross-section|repeated-cross-section,4,400,50,bootstrap,0
s6-inproc-dralias,head,9,dr_rc,dr|fast-repeated-cross-section|repeated-cross-section,4,400,50,aggregation,0
s6-inproc-dralias,head,9,dr_rc,dr|fast-repeated-cross-section|repeated-cross-section,4,400,50,unprofiled,.6729999999999987
s6-inproc-dralias,head,9,dr_rc,dr|fast-repeated-cross-section|repeated-cross-section,4,400,50,total,4.095
s6-inproc-dralias,base,9,reg,reg|fast-balanced-panel|panel,1,400,50,setup,.1270000000000001
s6-inproc-dralias,base,9,reg,reg|fast-balanced-panel|panel,1,400,50,cell_extract,0
s6-inproc-dralias,base,9,reg,reg|fast-balanced-panel|panel,1,400,50,model_fit,.3720000000000003
s6-inproc-dralias,base,9,reg,reg|fast-balanced-panel|panel,1,400,50,if_assembly,.07
s6-inproc-dralias,base,9,reg,reg|fast-balanced-panel|panel,1,400,50,cache_post,.002
s6-inproc-dralias,base,9,reg,reg|fast-balanced-panel|panel,1,400,50,cluster,0
s6-inproc-dralias,base,9,reg,reg|fast-balanced-panel|panel,1,400,50,bootstrap,0
s6-inproc-dralias,base,9,reg,reg|fast-balanced-panel|panel,1,400,50,aggregation,0
s6-inproc-dralias,base,9,reg,reg|fast-balanced-panel|panel,1,400,50,unprofiled,.4939999999999996
s6-inproc-dralias,base,9,reg,reg|fast-balanced-panel|panel,1,400,50,total,1.065
s6-inproc-dralias,base,9,ipw,ipw|fast-balanced-panel|panel,2,400,50,setup,.1280000000000001
s6-inproc-dralias,base,9,ipw,ipw|fast-balanced-panel|panel,2,400,50,cell_extract,0
s6-inproc-dralias,base,9,ipw,ipw|fast-balanced-panel|panel,2,400,50,model_fit,.9990000000000008
s6-inproc-dralias,base,9,ipw,ipw|fast-balanced-panel|panel,2,400,50,if_assembly,.064
s6-inproc-dralias,base,9,ipw,ipw|fast-balanced-panel|panel,2,400,50,cache_post,.003
s6-inproc-dralias,base,9,ipw,ipw|fast-balanced-panel|panel,2,400,50,cluster,0
s6-inproc-dralias,base,9,ipw,ipw|fast-balanced-panel|panel,2,400,50,bootstrap,0
s6-inproc-dralias,base,9,ipw,ipw|fast-balanced-panel|panel,2,400,50,aggregation,0
s6-inproc-dralias,base,9,ipw,ipw|fast-balanced-panel|panel,2,400,50,unprofiled,.512999999999999
s6-inproc-dralias,base,9,ipw,ipw|fast-balanced-panel|panel,2,400,50,total,1.707
s6-inproc-dralias,base,9,dr,dr|fast-balanced-panel|panel,3,400,50,setup,.1250000000000001
s6-inproc-dralias,base,9,dr,dr|fast-balanced-panel|panel,3,400,50,cell_extract,0
s6-inproc-dralias,base,9,dr,dr|fast-balanced-panel|panel,3,400,50,model_fit,1.366
s6-inproc-dralias,base,9,dr,dr|fast-balanced-panel|panel,3,400,50,if_assembly,.059
s6-inproc-dralias,base,9,dr,dr|fast-balanced-panel|panel,3,400,50,cache_post,.002
s6-inproc-dralias,base,9,dr,dr|fast-balanced-panel|panel,3,400,50,cluster,0
s6-inproc-dralias,base,9,dr,dr|fast-balanced-panel|panel,3,400,50,bootstrap,0
s6-inproc-dralias,base,9,dr,dr|fast-balanced-panel|panel,3,400,50,aggregation,0
s6-inproc-dralias,base,9,dr,dr|fast-balanced-panel|panel,3,400,50,unprofiled,.5249999999999999
s6-inproc-dralias,base,9,dr,dr|fast-balanced-panel|panel,3,400,50,total,2.077
s6-inproc-dralias,base,9,dr_rc,dr|fast-repeated-cross-section|repeated-cross-section,4,400,50,setup,.2480000000000002
s6-inproc-dralias,base,9,dr_rc,dr|fast-repeated-cross-section|repeated-cross-section,4,400,50,cell_extract,.0980000000000001
s6-inproc-dralias,base,9,dr_rc,dr|fast-repeated-cross-section|repeated-cross-section,4,400,50,model_fit,2.923000000000001
s6-inproc-dralias,base,9,dr_rc,dr|fast-repeated-cross-section|repeated-cross-section,4,400,50,if_assembly,.2150000000000001
s6-inproc-dralias,base,9,dr_rc,dr|fast-repeated-cross-section|repeated-cross-section,4,400,50,cache_post,.002
s6-inproc-dralias,base,9,dr_rc,dr|fast-repeated-cross-section|repeated-cross-section,4,400,50,cluster,0
s6-inproc-dralias,base,9,dr_rc,dr|fast-repeated-cross-section|repeated-cross-section,4,400,50,bootstrap,0
s6-inproc-dralias,base,9,dr_rc,dr|fast-repeated-cross-section|repeated-cross-section,4,400,50,aggregation,0
s6-inproc-dralias,base,9,dr_rc,dr|fast-repeated-cross-section|repeated-cross-section,4,400,50,unprofiled,.6770000000000009
s6-inproc-dralias,base,9,dr_rc,dr|fast-repeated-cross-section|repeated-cross-section,4,400,50,total,4.163000000000002
s6-inproc-dralias,dralias,10,reg,reg|fast-balanced-panel|panel,1,400,50,setup,.1280000000000001
s6-inproc-dralias,dralias,10,reg,reg|fast-balanced-panel|panel,1,400,50,cell_extract,0
s6-inproc-dralias,dralias,10,reg,reg|fast-balanced-panel|panel,1,400,50,model_fit,.3870000000000003
s6-inproc-dralias,dralias,10,reg,reg|fast-balanced-panel|panel,1,400,50,if_assembly,.044
s6-inproc-dralias,dralias,10,reg,reg|fast-balanced-panel|panel,1,400,50,cache_post,.002
s6-inproc-dralias,dralias,10,reg,reg|fast-balanced-panel|panel,1,400,50,cluster,0
s6-inproc-dralias,dralias,10,reg,reg|fast-balanced-panel|panel,1,400,50,bootstrap,0
s6-inproc-dralias,dralias,10,reg,reg|fast-balanced-panel|panel,1,400,50,aggregation,0
s6-inproc-dralias,dralias,10,reg,reg|fast-balanced-panel|panel,1,400,50,unprofiled,.5019999999999996
s6-inproc-dralias,dralias,10,reg,reg|fast-balanced-panel|panel,1,400,50,total,1.063
s6-inproc-dralias,dralias,10,dr_rc,dr|fast-repeated-cross-section|repeated-cross-section,2,400,50,setup,.2440000000000001
s6-inproc-dralias,dralias,10,dr_rc,dr|fast-repeated-cross-section|repeated-cross-section,2,400,50,cell_extract,.039
s6-inproc-dralias,dralias,10,dr_rc,dr|fast-repeated-cross-section|repeated-cross-section,2,400,50,model_fit,2.908000000000001
s6-inproc-dralias,dralias,10,dr_rc,dr|fast-repeated-cross-section|repeated-cross-section,2,400,50,if_assembly,.2230000000000001
s6-inproc-dralias,dralias,10,dr_rc,dr|fast-repeated-cross-section|repeated-cross-section,2,400,50,cache_post,.004
s6-inproc-dralias,dralias,10,dr_rc,dr|fast-repeated-cross-section|repeated-cross-section,2,400,50,cluster,0
s6-inproc-dralias,dralias,10,dr_rc,dr|fast-repeated-cross-section|repeated-cross-section,2,400,50,bootstrap,0
s6-inproc-dralias,dralias,10,dr_rc,dr|fast-repeated-cross-section|repeated-cross-section,2,400,50,aggregation,0
s6-inproc-dralias,dralias,10,dr_rc,dr|fast-repeated-cross-section|repeated-cross-section,2,400,50,unprofiled,.6729999999999974
s6-inproc-dralias,dralias,10,dr_rc,dr|fast-repeated-cross-section|repeated-cross-section,2,400,50,total,4.090999999999998
s6-inproc-dralias,dralias,10,dr,dr|fast-balanced-panel|panel,3,400,50,setup,.1270000000000001
s6-inproc-dralias,dralias,10,dr,dr|fast-balanced-panel|panel,3,400,50,cell_extract,0
s6-inproc-dralias,dralias,10,dr,dr|fast-balanced-panel|panel,3,400,50,model_fit,1.405
s6-inproc-dralias,dralias,10,dr,dr|fast-balanced-panel|panel,3,400,50,if_assembly,.053
s6-inproc-dralias,dralias,10,dr,dr|fast-balanced-panel|panel,3,400,50,cache_post,.004
s6-inproc-dralias,dralias,10,dr,dr|fast-balanced-panel|panel,3,400,50,cluster,0
s6-inproc-dralias,dralias,10,dr,dr|fast-balanced-panel|panel,3,400,50,bootstrap,0
s6-inproc-dralias,dralias,10,dr,dr|fast-balanced-panel|panel,3,400,50,aggregation,0
s6-inproc-dralias,dralias,10,dr,dr|fast-balanced-panel|panel,3,400,50,unprofiled,.54
s6-inproc-dralias,dralias,10,dr,dr|fast-balanced-panel|panel,3,400,50,total,2.129
s6-inproc-dralias,dralias,10,ipw,ipw|fast-balanced-panel|panel,4,400,50,setup,.1320000000000001
s6-inproc-dralias,dralias,10,ipw,ipw|fast-balanced-panel|panel,4,400,50,cell_extract,0
s6-inproc-dralias,dralias,10,ipw,ipw|fast-balanced-panel|panel,4,400,50,model_fit,1.009000000000001
s6-inproc-dralias,dralias,10,ipw,ipw|fast-balanced-panel|panel,4,400,50,if_assembly,.057
s6-inproc-dralias,dralias,10,ipw,ipw|fast-balanced-panel|panel,4,400,50,cache_post,.002
s6-inproc-dralias,dralias,10,ipw,ipw|fast-balanced-panel|panel,4,400,50,cluster,0
s6-inproc-dralias,dralias,10,ipw,ipw|fast-balanced-panel|panel,4,400,50,bootstrap,0
s6-inproc-dralias,dralias,10,ipw,ipw|fast-balanced-panel|panel,4,400,50,aggregation,0
s6-inproc-dralias,dralias,10,ipw,ipw|fast-balanced-panel|panel,4,400,50,unprofiled,.538999999999999
s6-inproc-dralias,dralias,10,ipw,ipw|fast-balanced-panel|panel,4,400,50,total,1.739
s6-inproc-dralias,base,10,reg,reg|fast-balanced-panel|panel,1,400,50,setup,.1220000000000001
s6-inproc-dralias,base,10,reg,reg|fast-balanced-panel|panel,1,400,50,cell_extract,0
s6-inproc-dralias,base,10,reg,reg|fast-balanced-panel|panel,1,400,50,model_fit,.4060000000000003
s6-inproc-dralias,base,10,reg,reg|fast-balanced-panel|panel,1,400,50,if_assembly,.048
s6-inproc-dralias,base,10,reg,reg|fast-balanced-panel|panel,1,400,50,cache_post,.001
s6-inproc-dralias,base,10,reg,reg|fast-balanced-panel|panel,1,400,50,cluster,0
s6-inproc-dralias,base,10,reg,reg|fast-balanced-panel|panel,1,400,50,bootstrap,0
s6-inproc-dralias,base,10,reg,reg|fast-balanced-panel|panel,1,400,50,aggregation,0
s6-inproc-dralias,base,10,reg,reg|fast-balanced-panel|panel,1,400,50,unprofiled,.4969999999999997
s6-inproc-dralias,base,10,reg,reg|fast-balanced-panel|panel,1,400,50,total,1.074
s6-inproc-dralias,base,10,dr_rc,dr|fast-repeated-cross-section|repeated-cross-section,2,400,50,setup,.2410000000000002
s6-inproc-dralias,base,10,dr_rc,dr|fast-repeated-cross-section|repeated-cross-section,2,400,50,cell_extract,.0990000000000001
s6-inproc-dralias,base,10,dr_rc,dr|fast-repeated-cross-section|repeated-cross-section,2,400,50,model_fit,2.920999999999999
s6-inproc-dralias,base,10,dr_rc,dr|fast-repeated-cross-section|repeated-cross-section,2,400,50,if_assembly,.1950000000000001
s6-inproc-dralias,base,10,dr_rc,dr|fast-repeated-cross-section|repeated-cross-section,2,400,50,cache_post,.001
s6-inproc-dralias,base,10,dr_rc,dr|fast-repeated-cross-section|repeated-cross-section,2,400,50,cluster,0
s6-inproc-dralias,base,10,dr_rc,dr|fast-repeated-cross-section|repeated-cross-section,2,400,50,bootstrap,0
s6-inproc-dralias,base,10,dr_rc,dr|fast-repeated-cross-section|repeated-cross-section,2,400,50,aggregation,0
s6-inproc-dralias,base,10,dr_rc,dr|fast-repeated-cross-section|repeated-cross-section,2,400,50,unprofiled,.6900000000000022
s6-inproc-dralias,base,10,dr_rc,dr|fast-repeated-cross-section|repeated-cross-section,2,400,50,total,4.147000000000001
s6-inproc-dralias,base,10,dr,dr|fast-balanced-panel|panel,3,400,50,setup,.1320000000000001
s6-inproc-dralias,base,10,dr,dr|fast-balanced-panel|panel,3,400,50,cell_extract,0
s6-inproc-dralias,base,10,dr,dr|fast-balanced-panel|panel,3,400,50,model_fit,1.367
s6-inproc-dralias,base,10,dr,dr|fast-balanced-panel|panel,3,400,50,if_assembly,.054
s6-inproc-dralias,base,10,dr,dr|fast-balanced-panel|panel,3,400,50,cache_post,.002
s6-inproc-dralias,base,10,dr,dr|fast-balanced-panel|panel,3,400,50,cluster,0
s6-inproc-dralias,base,10,dr,dr|fast-balanced-panel|panel,3,400,50,bootstrap,0
s6-inproc-dralias,base,10,dr,dr|fast-balanced-panel|panel,3,400,50,aggregation,0
s6-inproc-dralias,base,10,dr,dr|fast-balanced-panel|panel,3,400,50,unprofiled,.5560000000000003
s6-inproc-dralias,base,10,dr,dr|fast-balanced-panel|panel,3,400,50,total,2.111
s6-inproc-dralias,base,10,ipw,ipw|fast-balanced-panel|panel,4,400,50,setup,.1220000000000001
s6-inproc-dralias,base,10,ipw,ipw|fast-balanced-panel|panel,4,400,50,cell_extract,0
s6-inproc-dralias,base,10,ipw,ipw|fast-balanced-panel|panel,4,400,50,model_fit,1.003000000000001
s6-inproc-dralias,base,10,ipw,ipw|fast-balanced-panel|panel,4,400,50,if_assembly,.071
s6-inproc-dralias,base,10,ipw,ipw|fast-balanced-panel|panel,4,400,50,cache_post,.002
s6-inproc-dralias,base,10,ipw,ipw|fast-balanced-panel|panel,4,400,50,cluster,0
s6-inproc-dralias,base,10,ipw,ipw|fast-balanced-panel|panel,4,400,50,bootstrap,0
s6-inproc-dralias,base,10,ipw,ipw|fast-balanced-panel|panel,4,400,50,aggregation,0
s6-inproc-dralias,base,10,ipw,ipw|fast-balanced-panel|panel,4,400,50,unprofiled,.5399999999999989
s6-inproc-dralias,base,10,ipw,ipw|fast-balanced-panel|panel,4,400,50,total,1.738
s6-inproc-dralias,head,10,reg,reg|fast-balanced-panel|panel,1,400,50,setup,.1250000000000001
s6-inproc-dralias,head,10,reg,reg|fast-balanced-panel|panel,1,400,50,cell_extract,0
s6-inproc-dralias,head,10,reg,reg|fast-balanced-panel|panel,1,400,50,model_fit,.3860000000000003
s6-inproc-dralias,head,10,reg,reg|fast-balanced-panel|panel,1,400,50,if_assembly,.057
s6-inproc-dralias,head,10,reg,reg|fast-balanced-panel|panel,1,400,50,cache_post,.003
s6-inproc-dralias,head,10,reg,reg|fast-balanced-panel|panel,1,400,50,cluster,0
s6-inproc-dralias,head,10,reg,reg|fast-balanced-panel|panel,1,400,50,bootstrap,0
s6-inproc-dralias,head,10,reg,reg|fast-balanced-panel|panel,1,400,50,aggregation,0
s6-inproc-dralias,head,10,reg,reg|fast-balanced-panel|panel,1,400,50,unprofiled,.4969999999999997
s6-inproc-dralias,head,10,reg,reg|fast-balanced-panel|panel,1,400,50,total,1.068
s6-inproc-dralias,head,10,dr_rc,dr|fast-repeated-cross-section|repeated-cross-section,2,400,50,setup,.2450000000000002
s6-inproc-dralias,head,10,dr_rc,dr|fast-repeated-cross-section|repeated-cross-section,2,400,50,cell_extract,.037
s6-inproc-dralias,head,10,dr_rc,dr|fast-repeated-cross-section|repeated-cross-section,2,400,50,model_fit,2.906000000000001
s6-inproc-dralias,head,10,dr_rc,dr|fast-repeated-cross-section|repeated-cross-section,2,400,50,if_assembly,.2190000000000001
s6-inproc-dralias,head,10,dr_rc,dr|fast-repeated-cross-section|repeated-cross-section,2,400,50,cache_post,.002
s6-inproc-dralias,head,10,dr_rc,dr|fast-repeated-cross-section|repeated-cross-section,2,400,50,cluster,0
s6-inproc-dralias,head,10,dr_rc,dr|fast-repeated-cross-section|repeated-cross-section,2,400,50,bootstrap,0
s6-inproc-dralias,head,10,dr_rc,dr|fast-repeated-cross-section|repeated-cross-section,2,400,50,aggregation,0
s6-inproc-dralias,head,10,dr_rc,dr|fast-repeated-cross-section|repeated-cross-section,2,400,50,unprofiled,.6629999999999971
s6-inproc-dralias,head,10,dr_rc,dr|fast-repeated-cross-section|repeated-cross-section,2,400,50,total,4.071999999999998
s6-inproc-dralias,head,10,dr,dr|fast-balanced-panel|panel,3,400,50,setup,.1270000000000001
s6-inproc-dralias,head,10,dr,dr|fast-balanced-panel|panel,3,400,50,cell_extract,0
s6-inproc-dralias,head,10,dr,dr|fast-balanced-panel|panel,3,400,50,model_fit,1.393
s6-inproc-dralias,head,10,dr,dr|fast-balanced-panel|panel,3,400,50,if_assembly,.054
s6-inproc-dralias,head,10,dr,dr|fast-balanced-panel|panel,3,400,50,cache_post,.001
s6-inproc-dralias,head,10,dr,dr|fast-balanced-panel|panel,3,400,50,cluster,0
s6-inproc-dralias,head,10,dr,dr|fast-balanced-panel|panel,3,400,50,bootstrap,0
s6-inproc-dralias,head,10,dr,dr|fast-balanced-panel|panel,3,400,50,aggregation,0
s6-inproc-dralias,head,10,dr,dr|fast-balanced-panel|panel,3,400,50,unprofiled,.5519999999999998
s6-inproc-dralias,head,10,dr,dr|fast-balanced-panel|panel,3,400,50,total,2.127
s6-inproc-dralias,head,10,ipw,ipw|fast-balanced-panel|panel,4,400,50,setup,.1270000000000001
s6-inproc-dralias,head,10,ipw,ipw|fast-balanced-panel|panel,4,400,50,cell_extract,0
s6-inproc-dralias,head,10,ipw,ipw|fast-balanced-panel|panel,4,400,50,model_fit,.9840000000000008
s6-inproc-dralias,head,10,ipw,ipw|fast-balanced-panel|panel,4,400,50,if_assembly,.045
s6-inproc-dralias,head,10,ipw,ipw|fast-balanced-panel|panel,4,400,50,cache_post,.003
s6-inproc-dralias,head,10,ipw,ipw|fast-balanced-panel|panel,4,400,50,cluster,0
s6-inproc-dralias,head,10,ipw,ipw|fast-balanced-panel|panel,4,400,50,bootstrap,0
s6-inproc-dralias,head,10,ipw,ipw|fast-balanced-panel|panel,4,400,50,aggregation,0
s6-inproc-dralias,head,10,ipw,ipw|fast-balanced-panel|panel,4,400,50,unprofiled,.5719999999999992
s6-inproc-dralias,head,10,ipw,ipw|fast-balanced-panel|panel,4,400,50,total,1.731
s6-inproc-dralias,drlocal,10,reg,reg|fast-balanced-panel|panel,1,400,50,setup,.1270000000000001
s6-inproc-dralias,drlocal,10,reg,reg|fast-balanced-panel|panel,1,400,50,cell_extract,0
s6-inproc-dralias,drlocal,10,reg,reg|fast-balanced-panel|panel,1,400,50,model_fit,.3750000000000003
s6-inproc-dralias,drlocal,10,reg,reg|fast-balanced-panel|panel,1,400,50,if_assembly,.058
s6-inproc-dralias,drlocal,10,reg,reg|fast-balanced-panel|panel,1,400,50,cache_post,.002
s6-inproc-dralias,drlocal,10,reg,reg|fast-balanced-panel|panel,1,400,50,cluster,0
s6-inproc-dralias,drlocal,10,reg,reg|fast-balanced-panel|panel,1,400,50,bootstrap,0
s6-inproc-dralias,drlocal,10,reg,reg|fast-balanced-panel|panel,1,400,50,aggregation,0
s6-inproc-dralias,drlocal,10,reg,reg|fast-balanced-panel|panel,1,400,50,unprofiled,.5029999999999994
s6-inproc-dralias,drlocal,10,reg,reg|fast-balanced-panel|panel,1,400,50,total,1.065
s6-inproc-dralias,drlocal,10,dr_rc,dr|fast-repeated-cross-section|repeated-cross-section,2,400,50,setup,.2430000000000001
s6-inproc-dralias,drlocal,10,dr_rc,dr|fast-repeated-cross-section|repeated-cross-section,2,400,50,cell_extract,.035
s6-inproc-dralias,drlocal,10,dr_rc,dr|fast-repeated-cross-section|repeated-cross-section,2,400,50,model_fit,2.903000000000001
s6-inproc-dralias,drlocal,10,dr_rc,dr|fast-repeated-cross-section|repeated-cross-section,2,400,50,if_assembly,.2100000000000001
s6-inproc-dralias,drlocal,10,dr_rc,dr|fast-repeated-cross-section|repeated-cross-section,2,400,50,cache_post,.002
s6-inproc-dralias,drlocal,10,dr_rc,dr|fast-repeated-cross-section|repeated-cross-section,2,400,50,cluster,0
s6-inproc-dralias,drlocal,10,dr_rc,dr|fast-repeated-cross-section|repeated-cross-section,2,400,50,bootstrap,0
s6-inproc-dralias,drlocal,10,dr_rc,dr|fast-repeated-cross-section|repeated-cross-section,2,400,50,aggregation,0
s6-inproc-dralias,drlocal,10,dr_rc,dr|fast-repeated-cross-section|repeated-cross-section,2,400,50,unprofiled,.6809999999999969
s6-inproc-dralias,drlocal,10,dr_rc,dr|fast-repeated-cross-section|repeated-cross-section,2,400,50,total,4.073999999999998
s6-inproc-dralias,drlocal,10,dr,dr|fast-balanced-panel|panel,3,400,50,setup,.1330000000000001
s6-inproc-dralias,drlocal,10,dr,dr|fast-balanced-panel|panel,3,400,50,cell_extract,0
s6-inproc-dralias,drlocal,10,dr,dr|fast-balanced-panel|panel,3,400,50,model_fit,1.367
s6-inproc-dralias,drlocal,10,dr,dr|fast-balanced-panel|panel,3,400,50,if_assembly,.067
s6-inproc-dralias,drlocal,10,dr,dr|fast-balanced-panel|panel,3,400,50,cache_post,0
s6-inproc-dralias,drlocal,10,dr,dr|fast-balanced-panel|panel,3,400,50,cluster,0
s6-inproc-dralias,drlocal,10,dr,dr|fast-balanced-panel|panel,3,400,50,bootstrap,0
s6-inproc-dralias,drlocal,10,dr,dr|fast-balanced-panel|panel,3,400,50,aggregation,0
s6-inproc-dralias,drlocal,10,dr,dr|fast-balanced-panel|panel,3,400,50,unprofiled,.5440000000000003
s6-inproc-dralias,drlocal,10,dr,dr|fast-balanced-panel|panel,3,400,50,total,2.111
s6-inproc-dralias,drlocal,10,ipw,ipw|fast-balanced-panel|panel,4,400,50,setup,.1330000000000001
s6-inproc-dralias,drlocal,10,ipw,ipw|fast-balanced-panel|panel,4,400,50,cell_extract,0
s6-inproc-dralias,drlocal,10,ipw,ipw|fast-balanced-panel|panel,4,400,50,model_fit,1.023000000000001
s6-inproc-dralias,drlocal,10,ipw,ipw|fast-balanced-panel|panel,4,400,50,if_assembly,.045
s6-inproc-dralias,drlocal,10,ipw,ipw|fast-balanced-panel|panel,4,400,50,cache_post,.003
s6-inproc-dralias,drlocal,10,ipw,ipw|fast-balanced-panel|panel,4,400,50,cluster,0
s6-inproc-dralias,drlocal,10,ipw,ipw|fast-balanced-panel|panel,4,400,50,bootstrap,0
s6-inproc-dralias,drlocal,10,ipw,ipw|fast-balanced-panel|panel,4,400,50,aggregation,0
s6-inproc-dralias,drlocal,10,ipw,ipw|fast-balanced-panel|panel,4,400,50,unprofiled,.5309999999999999
s6-inproc-dralias,drlocal,10,ipw,ipw|fast-balanced-panel|panel,4,400,50,total,1.735000000000001
s6-inproc-dralias,head,11,dr,dr|fast-balanced-panel|panel,1,400,50,setup,.1220000000000001
s6-inproc-dralias,head,11,dr,dr|fast-balanced-panel|panel,1,400,50,cell_extract,0
s6-inproc-dralias,head,11,dr,dr|fast-balanced-panel|panel,1,400,50,model_fit,1.405
s6-inproc-dralias,head,11,dr,dr|fast-balanced-panel|panel,1,400,50,if_assembly,.045
s6-inproc-dralias,head,11,dr,dr|fast-balanced-panel|panel,1,400,50,cache_post,.001
s6-inproc-dralias,head,11,dr,dr|fast-balanced-panel|panel,1,400,50,cluster,0
s6-inproc-dralias,head,11,dr,dr|fast-balanced-panel|panel,1,400,50,bootstrap,0
s6-inproc-dralias,head,11,dr,dr|fast-balanced-panel|panel,1,400,50,aggregation,0
s6-inproc-dralias,head,11,dr,dr|fast-balanced-panel|panel,1,400,50,unprofiled,.5180000000000002
s6-inproc-dralias,head,11,dr,dr|fast-balanced-panel|panel,1,400,50,total,2.091
s6-inproc-dralias,head,11,dr_rc,dr|fast-repeated-cross-section|repeated-cross-section,2,400,50,setup,.2450000000000001
s6-inproc-dralias,head,11,dr_rc,dr|fast-repeated-cross-section|repeated-cross-section,2,400,50,cell_extract,.041
s6-inproc-dralias,head,11,dr_rc,dr|fast-repeated-cross-section|repeated-cross-section,2,400,50,model_fit,2.891
s6-inproc-dralias,head,11,dr_rc,dr|fast-repeated-cross-section|repeated-cross-section,2,400,50,if_assembly,.2200000000000001
s6-inproc-dralias,head,11,dr_rc,dr|fast-repeated-cross-section|repeated-cross-section,2,400,50,cache_post,.005
s6-inproc-dralias,head,11,dr_rc,dr|fast-repeated-cross-section|repeated-cross-section,2,400,50,cluster,0
s6-inproc-dralias,head,11,dr_rc,dr|fast-repeated-cross-section|repeated-cross-section,2,400,50,bootstrap,0
s6-inproc-dralias,head,11,dr_rc,dr|fast-repeated-cross-section|repeated-cross-section,2,400,50,aggregation,0
s6-inproc-dralias,head,11,dr_rc,dr|fast-repeated-cross-section|repeated-cross-section,2,400,50,unprofiled,.6679999999999993
s6-inproc-dralias,head,11,dr_rc,dr|fast-repeated-cross-section|repeated-cross-section,2,400,50,total,4.069999999999999
s6-inproc-dralias,head,11,reg,reg|fast-balanced-panel|panel,3,400,50,setup,.1240000000000001
s6-inproc-dralias,head,11,reg,reg|fast-balanced-panel|panel,3,400,50,cell_extract,0
s6-inproc-dralias,head,11,reg,reg|fast-balanced-panel|panel,3,400,50,model_fit,.3910000000000003
s6-inproc-dralias,head,11,reg,reg|fast-balanced-panel|panel,3,400,50,if_assembly,.047
s6-inproc-dralias,head,11,reg,reg|fast-balanced-panel|panel,3,400,50,cache_post,.002
s6-inproc-dralias,head,11,reg,reg|fast-balanced-panel|panel,3,400,50,cluster,0
s6-inproc-dralias,head,11,reg,reg|fast-balanced-panel|panel,3,400,50,bootstrap,0
s6-inproc-dralias,head,11,reg,reg|fast-balanced-panel|panel,3,400,50,aggregation,0
s6-inproc-dralias,head,11,reg,reg|fast-balanced-panel|panel,3,400,50,unprofiled,.5449999999999996
s6-inproc-dralias,head,11,reg,reg|fast-balanced-panel|panel,3,400,50,total,1.109
s6-inproc-dralias,head,11,ipw,ipw|fast-balanced-panel|panel,4,400,50,setup,.1270000000000001
s6-inproc-dralias,head,11,ipw,ipw|fast-balanced-panel|panel,4,400,50,cell_extract,0
s6-inproc-dralias,head,11,ipw,ipw|fast-balanced-panel|panel,4,400,50,model_fit,.9820000000000008
s6-inproc-dralias,head,11,ipw,ipw|fast-balanced-panel|panel,4,400,50,if_assembly,.063
s6-inproc-dralias,head,11,ipw,ipw|fast-balanced-panel|panel,4,400,50,cache_post,.003
s6-inproc-dralias,head,11,ipw,ipw|fast-balanced-panel|panel,4,400,50,cluster,0
s6-inproc-dralias,head,11,ipw,ipw|fast-balanced-panel|panel,4,400,50,bootstrap,0
s6-inproc-dralias,head,11,ipw,ipw|fast-balanced-panel|panel,4,400,50,aggregation,0
s6-inproc-dralias,head,11,ipw,ipw|fast-balanced-panel|panel,4,400,50,unprofiled,.550999999999999
s6-inproc-dralias,head,11,ipw,ipw|fast-balanced-panel|panel,4,400,50,total,1.726
s6-inproc-dralias,base,11,dr,dr|fast-balanced-panel|panel,1,400,50,setup,.1240000000000001
s6-inproc-dralias,base,11,dr,dr|fast-balanced-panel|panel,1,400,50,cell_extract,0
s6-inproc-dralias,base,11,dr,dr|fast-balanced-panel|panel,1,400,50,model_fit,1.372000000000001
s6-inproc-dralias,base,11,dr,dr|fast-balanced-panel|panel,1,400,50,if_assembly,.062
s6-inproc-dralias,base,11,dr,dr|fast-balanced-panel|panel,1,400,50,cache_post,.002
s6-inproc-dralias,base,11,dr,dr|fast-balanced-panel|panel,1,400,50,cluster,0
s6-inproc-dralias,base,11,dr,dr|fast-balanced-panel|panel,1,400,50,bootstrap,0
s6-inproc-dralias,base,11,dr,dr|fast-balanced-panel|panel,1,400,50,aggregation,0
s6-inproc-dralias,base,11,dr,dr|fast-balanced-panel|panel,1,400,50,unprofiled,.5169999999999981
s6-inproc-dralias,base,11,dr,dr|fast-balanced-panel|panel,1,400,50,total,2.076999999999999
s6-inproc-dralias,base,11,dr_rc,dr|fast-repeated-cross-section|repeated-cross-section,2,400,50,setup,.2460000000000001
s6-inproc-dralias,base,11,dr_rc,dr|fast-repeated-cross-section|repeated-cross-section,2,400,50,cell_extract,.0980000000000001
s6-inproc-dralias,base,11,dr_rc,dr|fast-repeated-cross-section|repeated-cross-section,2,400,50,model_fit,2.900000000000001
s6-inproc-dralias,base,11,dr_rc,dr|fast-repeated-cross-section|repeated-cross-section,2,400,50,if_assembly,.2290000000000001
s6-inproc-dralias,base,11,dr_rc,dr|fast-repeated-cross-section|repeated-cross-section,2,400,50,cache_post,.004
s6-inproc-dralias,base,11,dr_rc,dr|fast-repeated-cross-section|repeated-cross-section,2,400,50,cluster,0
s6-inproc-dralias,base,11,dr_rc,dr|fast-repeated-cross-section|repeated-cross-section,2,400,50,bootstrap,0
s6-inproc-dralias,base,11,dr_rc,dr|fast-repeated-cross-section|repeated-cross-section,2,400,50,aggregation,0
s6-inproc-dralias,base,11,dr_rc,dr|fast-repeated-cross-section|repeated-cross-section,2,400,50,unprofiled,.6769999999999996
s6-inproc-dralias,base,11,dr_rc,dr|fast-repeated-cross-section|repeated-cross-section,2,400,50,total,4.154000000000001
s6-inproc-dralias,base,11,reg,reg|fast-balanced-panel|panel,3,400,50,setup,.1260000000000001
s6-inproc-dralias,base,11,reg,reg|fast-balanced-panel|panel,3,400,50,cell_extract,0
s6-inproc-dralias,base,11,reg,reg|fast-balanced-panel|panel,3,400,50,model_fit,.4030000000000003
s6-inproc-dralias,base,11,reg,reg|fast-balanced-panel|panel,3,400,50,if_assembly,.065
s6-inproc-dralias,base,11,reg,reg|fast-balanced-panel|panel,3,400,50,cache_post,.004
s6-inproc-dralias,base,11,reg,reg|fast-balanced-panel|panel,3,400,50,cluster,0
s6-inproc-dralias,base,11,reg,reg|fast-balanced-panel|panel,3,400,50,bootstrap,0
s6-inproc-dralias,base,11,reg,reg|fast-balanced-panel|panel,3,400,50,aggregation,0
s6-inproc-dralias,base,11,reg,reg|fast-balanced-panel|panel,3,400,50,unprofiled,.5239999999999998
s6-inproc-dralias,base,11,reg,reg|fast-balanced-panel|panel,3,400,50,total,1.122
s6-inproc-dralias,base,11,ipw,ipw|fast-balanced-panel|panel,4,400,50,setup,.1340000000000001
s6-inproc-dralias,base,11,ipw,ipw|fast-balanced-panel|panel,4,400,50,cell_extract,0
s6-inproc-dralias,base,11,ipw,ipw|fast-balanced-panel|panel,4,400,50,model_fit,1.003000000000001
s6-inproc-dralias,base,11,ipw,ipw|fast-balanced-panel|panel,4,400,50,if_assembly,.071
s6-inproc-dralias,base,11,ipw,ipw|fast-balanced-panel|panel,4,400,50,cache_post,.003
s6-inproc-dralias,base,11,ipw,ipw|fast-balanced-panel|panel,4,400,50,cluster,0
s6-inproc-dralias,base,11,ipw,ipw|fast-balanced-panel|panel,4,400,50,bootstrap,0
s6-inproc-dralias,base,11,ipw,ipw|fast-balanced-panel|panel,4,400,50,aggregation,0
s6-inproc-dralias,base,11,ipw,ipw|fast-balanced-panel|panel,4,400,50,unprofiled,.542999999999999
s6-inproc-dralias,base,11,ipw,ipw|fast-balanced-panel|panel,4,400,50,total,1.754
s6-inproc-dralias,dralias,11,dr,dr|fast-balanced-panel|panel,1,400,50,setup,.1230000000000001
s6-inproc-dralias,dralias,11,dr,dr|fast-balanced-panel|panel,1,400,50,cell_extract,0
s6-inproc-dralias,dralias,11,dr,dr|fast-balanced-panel|panel,1,400,50,model_fit,1.392000000000001
s6-inproc-dralias,dralias,11,dr,dr|fast-balanced-panel|panel,1,400,50,if_assembly,.06
s6-inproc-dralias,dralias,11,dr,dr|fast-balanced-panel|panel,1,400,50,cache_post,.002
s6-inproc-dralias,dralias,11,dr,dr|fast-balanced-panel|panel,1,400,50,cluster,0
s6-inproc-dralias,dralias,11,dr,dr|fast-balanced-panel|panel,1,400,50,bootstrap,0
s6-inproc-dralias,dralias,11,dr,dr|fast-balanced-panel|panel,1,400,50,aggregation,0
s6-inproc-dralias,dralias,11,dr,dr|fast-balanced-panel|panel,1,400,50,unprofiled,.4959999999999989
s6-inproc-dralias,dralias,11,dr,dr|fast-balanced-panel|panel,1,400,50,total,2.073
s6-inproc-dralias,dralias,11,dr_rc,dr|fast-repeated-cross-section|repeated-cross-section,2,400,50,setup,.2460000000000001
s6-inproc-dralias,dralias,11,dr_rc,dr|fast-repeated-cross-section|repeated-cross-section,2,400,50,cell_extract,.037
s6-inproc-dralias,dralias,11,dr_rc,dr|fast-repeated-cross-section|repeated-cross-section,2,400,50,model_fit,2.899000000000001
s6-inproc-dralias,dralias,11,dr_rc,dr|fast-repeated-cross-section|repeated-cross-section,2,400,50,if_assembly,.2150000000000001
s6-inproc-dralias,dralias,11,dr_rc,dr|fast-repeated-cross-section|repeated-cross-section,2,400,50,cache_post,.003
s6-inproc-dralias,dralias,11,dr_rc,dr|fast-repeated-cross-section|repeated-cross-section,2,400,50,cluster,0
s6-inproc-dralias,dralias,11,dr_rc,dr|fast-repeated-cross-section|repeated-cross-section,2,400,50,bootstrap,0
s6-inproc-dralias,dralias,11,dr_rc,dr|fast-repeated-cross-section|repeated-cross-section,2,400,50,aggregation,0
s6-inproc-dralias,dralias,11,dr_rc,dr|fast-repeated-cross-section|repeated-cross-section,2,400,50,unprofiled,.675999999999997
s6-inproc-dralias,dralias,11,dr_rc,dr|fast-repeated-cross-section|repeated-cross-section,2,400,50,total,4.075999999999998
s6-inproc-dralias,dralias,11,reg,reg|fast-balanced-panel|panel,3,400,50,setup,.1240000000000001
s6-inproc-dralias,dralias,11,reg,reg|fast-balanced-panel|panel,3,400,50,cell_extract,0
s6-inproc-dralias,dralias,11,reg,reg|fast-balanced-panel|panel,3,400,50,model_fit,.3950000000000003
s6-inproc-dralias,dralias,11,reg,reg|fast-balanced-panel|panel,3,400,50,if_assembly,.052
s6-inproc-dralias,dralias,11,reg,reg|fast-balanced-panel|panel,3,400,50,cache_post,.006
s6-inproc-dralias,dralias,11,reg,reg|fast-balanced-panel|panel,3,400,50,cluster,0
s6-inproc-dralias,dralias,11,reg,reg|fast-balanced-panel|panel,3,400,50,bootstrap,0
s6-inproc-dralias,dralias,11,reg,reg|fast-balanced-panel|panel,3,400,50,aggregation,0
s6-inproc-dralias,dralias,11,reg,reg|fast-balanced-panel|panel,3,400,50,unprofiled,.5339999999999996
s6-inproc-dralias,dralias,11,reg,reg|fast-balanced-panel|panel,3,400,50,total,1.111
s6-inproc-dralias,dralias,11,ipw,ipw|fast-balanced-panel|panel,4,400,50,setup,.1260000000000001
s6-inproc-dralias,dralias,11,ipw,ipw|fast-balanced-panel|panel,4,400,50,cell_extract,0
s6-inproc-dralias,dralias,11,ipw,ipw|fast-balanced-panel|panel,4,400,50,model_fit,1.014000000000001
s6-inproc-dralias,dralias,11,ipw,ipw|fast-balanced-panel|panel,4,400,50,if_assembly,.042
s6-inproc-dralias,dralias,11,ipw,ipw|fast-balanced-panel|panel,4,400,50,cache_post,.002
s6-inproc-dralias,dralias,11,ipw,ipw|fast-balanced-panel|panel,4,400,50,cluster,0
s6-inproc-dralias,dralias,11,ipw,ipw|fast-balanced-panel|panel,4,400,50,bootstrap,0
s6-inproc-dralias,dralias,11,ipw,ipw|fast-balanced-panel|panel,4,400,50,aggregation,0
s6-inproc-dralias,dralias,11,ipw,ipw|fast-balanced-panel|panel,4,400,50,unprofiled,.544999999999999
s6-inproc-dralias,dralias,11,ipw,ipw|fast-balanced-panel|panel,4,400,50,total,1.729
s6-inproc-dralias,drlocal,11,dr,dr|fast-balanced-panel|panel,1,400,50,setup,.1270000000000001
s6-inproc-dralias,drlocal,11,dr,dr|fast-balanced-panel|panel,1,400,50,cell_extract,0
s6-inproc-dralias,drlocal,11,dr,dr|fast-balanced-panel|panel,1,400,50,model_fit,1.38
s6-inproc-dralias,drlocal,11,dr,dr|fast-balanced-panel|panel,1,400,50,if_assembly,.055
s6-inproc-dralias,drlocal,11,dr,dr|fast-balanced-panel|panel,1,400,50,cache_post,.001
s6-inproc-dralias,drlocal,11,dr,dr|fast-balanced-panel|panel,1,400,50,cluster,0
s6-inproc-dralias,drlocal,11,dr,dr|fast-balanced-panel|panel,1,400,50,bootstrap,0
s6-inproc-dralias,drlocal,11,dr,dr|fast-balanced-panel|panel,1,400,50,aggregation,0
s6-inproc-dralias,drlocal,11,dr,dr|fast-balanced-panel|panel,1,400,50,unprofiled,.5009999999999992
s6-inproc-dralias,drlocal,11,dr,dr|fast-balanced-panel|panel,1,400,50,total,2.063999999999999
s6-inproc-dralias,drlocal,11,dr_rc,dr|fast-repeated-cross-section|repeated-cross-section,2,400,50,setup,.2440000000000001
s6-inproc-dralias,drlocal,11,dr_rc,dr|fast-repeated-cross-section|repeated-cross-section,2,400,50,cell_extract,.035
s6-inproc-dralias,drlocal,11,dr_rc,dr|fast-repeated-cross-section|repeated-cross-section,2,400,50,model_fit,2.901000000000001
s6-inproc-dralias,drlocal,11,dr_rc,dr|fast-repeated-cross-section|repeated-cross-section,2,400,50,if_assembly,.2070000000000001
s6-inproc-dralias,drlocal,11,dr_rc,dr|fast-repeated-cross-section|repeated-cross-section,2,400,50,cache_post,.002
s6-inproc-dralias,drlocal,11,dr_rc,dr|fast-repeated-cross-section|repeated-cross-section,2,400,50,cluster,0
s6-inproc-dralias,drlocal,11,dr_rc,dr|fast-repeated-cross-section|repeated-cross-section,2,400,50,bootstrap,0
s6-inproc-dralias,drlocal,11,dr_rc,dr|fast-repeated-cross-section|repeated-cross-section,2,400,50,aggregation,0
s6-inproc-dralias,drlocal,11,dr_rc,dr|fast-repeated-cross-section|repeated-cross-section,2,400,50,unprofiled,.674999999999998
s6-inproc-dralias,drlocal,11,dr_rc,dr|fast-repeated-cross-section|repeated-cross-section,2,400,50,total,4.063999999999999
s6-inproc-dralias,drlocal,11,reg,reg|fast-balanced-panel|panel,3,400,50,setup,.1290000000000001
s6-inproc-dralias,drlocal,11,reg,reg|fast-balanced-panel|panel,3,400,50,cell_extract,0
s6-inproc-dralias,drlocal,11,reg,reg|fast-balanced-panel|panel,3,400,50,model_fit,.4070000000000003
s6-inproc-dralias,drlocal,11,reg,reg|fast-balanced-panel|panel,3,400,50,if_assembly,.038
s6-inproc-dralias,drlocal,11,reg,reg|fast-balanced-panel|panel,3,400,50,cache_post,.004
s6-inproc-dralias,drlocal,11,reg,reg|fast-balanced-panel|panel,3,400,50,cluster,0
s6-inproc-dralias,drlocal,11,reg,reg|fast-balanced-panel|panel,3,400,50,bootstrap,0
s6-inproc-dralias,drlocal,11,reg,reg|fast-balanced-panel|panel,3,400,50,aggregation,0
s6-inproc-dralias,drlocal,11,reg,reg|fast-balanced-panel|panel,3,400,50,unprofiled,.5369999999999996
s6-inproc-dralias,drlocal,11,reg,reg|fast-balanced-panel|panel,3,400,50,total,1.115
s6-inproc-dralias,drlocal,11,ipw,ipw|fast-balanced-panel|panel,4,400,50,setup,.1340000000000001
s6-inproc-dralias,drlocal,11,ipw,ipw|fast-balanced-panel|panel,4,400,50,cell_extract,0
s6-inproc-dralias,drlocal,11,ipw,ipw|fast-balanced-panel|panel,4,400,50,model_fit,.9980000000000008
s6-inproc-dralias,drlocal,11,ipw,ipw|fast-balanced-panel|panel,4,400,50,if_assembly,.048
s6-inproc-dralias,drlocal,11,ipw,ipw|fast-balanced-panel|panel,4,400,50,cache_post,.002
s6-inproc-dralias,drlocal,11,ipw,ipw|fast-balanced-panel|panel,4,400,50,cluster,0
s6-inproc-dralias,drlocal,11,ipw,ipw|fast-balanced-panel|panel,4,400,50,bootstrap,0
s6-inproc-dralias,drlocal,11,ipw,ipw|fast-balanced-panel|panel,4,400,50,aggregation,0
s6-inproc-dralias,drlocal,11,ipw,ipw|fast-balanced-panel|panel,4,400,50,unprofiled,.548999999999999
s6-inproc-dralias,drlocal,11,ipw,ipw|fast-balanced-panel|panel,4,400,50,total,1.731
s6-inproc-dralias,head,12,dr,dr|fast-balanced-panel|panel,1,400,50,setup,.1300000000000001
s6-inproc-dralias,head,12,dr,dr|fast-balanced-panel|panel,1,400,50,cell_extract,0
s6-inproc-dralias,head,12,dr,dr|fast-balanced-panel|panel,1,400,50,model_fit,1.369000000000001
s6-inproc-dralias,head,12,dr,dr|fast-balanced-panel|panel,1,400,50,if_assembly,.049
s6-inproc-dralias,head,12,dr,dr|fast-balanced-panel|panel,1,400,50,cache_post,.003
s6-inproc-dralias,head,12,dr,dr|fast-balanced-panel|panel,1,400,50,cluster,0
s6-inproc-dralias,head,12,dr,dr|fast-balanced-panel|panel,1,400,50,bootstrap,0
s6-inproc-dralias,head,12,dr,dr|fast-balanced-panel|panel,1,400,50,aggregation,0
s6-inproc-dralias,head,12,dr,dr|fast-balanced-panel|panel,1,400,50,unprofiled,.5209999999999981
s6-inproc-dralias,head,12,dr,dr|fast-balanced-panel|panel,1,400,50,total,2.071999999999999
s6-inproc-dralias,head,12,ipw,ipw|fast-balanced-panel|panel,2,400,50,setup,.1250000000000001
s6-inproc-dralias,head,12,ipw,ipw|fast-balanced-panel|panel,2,400,50,cell_extract,0
s6-inproc-dralias,head,12,ipw,ipw|fast-balanced-panel|panel,2,400,50,model_fit,1.000000000000001
s6-inproc-dralias,head,12,ipw,ipw|fast-balanced-panel|panel,2,400,50,if_assembly,.051
s6-inproc-dralias,head,12,ipw,ipw|fast-balanced-panel|panel,2,400,50,cache_post,0
s6-inproc-dralias,head,12,ipw,ipw|fast-balanced-panel|panel,2,400,50,cluster,0
s6-inproc-dralias,head,12,ipw,ipw|fast-balanced-panel|panel,2,400,50,bootstrap,0
s6-inproc-dralias,head,12,ipw,ipw|fast-balanced-panel|panel,2,400,50,aggregation,0
s6-inproc-dralias,head,12,ipw,ipw|fast-balanced-panel|panel,2,400,50,unprofiled,.504999999999999
s6-inproc-dralias,head,12,ipw,ipw|fast-balanced-panel|panel,2,400,50,total,1.681
s6-inproc-dralias,head,12,reg,reg|fast-balanced-panel|panel,3,400,50,setup,.1280000000000001
s6-inproc-dralias,head,12,reg,reg|fast-balanced-panel|panel,3,400,50,cell_extract,0
s6-inproc-dralias,head,12,reg,reg|fast-balanced-panel|panel,3,400,50,model_fit,.4000000000000003
s6-inproc-dralias,head,12,reg,reg|fast-balanced-panel|panel,3,400,50,if_assembly,.045
s6-inproc-dralias,head,12,reg,reg|fast-balanced-panel|panel,3,400,50,cache_post,.004
s6-inproc-dralias,head,12,reg,reg|fast-balanced-panel|panel,3,400,50,cluster,0
s6-inproc-dralias,head,12,reg,reg|fast-balanced-panel|panel,3,400,50,bootstrap,0
s6-inproc-dralias,head,12,reg,reg|fast-balanced-panel|panel,3,400,50,aggregation,0
s6-inproc-dralias,head,12,reg,reg|fast-balanced-panel|panel,3,400,50,unprofiled,.4959999999999994
s6-inproc-dralias,head,12,reg,reg|fast-balanced-panel|panel,3,400,50,total,1.073
s6-inproc-dralias,head,12,dr_rc,dr|fast-repeated-cross-section|repeated-cross-section,4,400,50,setup,.2460000000000001
s6-inproc-dralias,head,12,dr_rc,dr|fast-repeated-cross-section|repeated-cross-section,4,400,50,cell_extract,.039
s6-inproc-dralias,head,12,dr_rc,dr|fast-repeated-cross-section|repeated-cross-section,4,400,50,model_fit,2.934
s6-inproc-dralias,head,12,dr_rc,dr|fast-repeated-cross-section|repeated-cross-section,4,400,50,if_assembly,.1980000000000001
s6-inproc-dralias,head,12,dr_rc,dr|fast-repeated-cross-section|repeated-cross-section,4,400,50,cache_post,.007
s6-inproc-dralias,head,12,dr_rc,dr|fast-repeated-cross-section|repeated-cross-section,4,400,50,cluster,0
s6-inproc-dralias,head,12,dr_rc,dr|fast-repeated-cross-section|repeated-cross-section,4,400,50,bootstrap,0
s6-inproc-dralias,head,12,dr_rc,dr|fast-repeated-cross-section|repeated-cross-section,4,400,50,aggregation,0
s6-inproc-dralias,head,12,dr_rc,dr|fast-repeated-cross-section|repeated-cross-section,4,400,50,unprofiled,.6569999999999987
s6-inproc-dralias,head,12,dr_rc,dr|fast-repeated-cross-section|repeated-cross-section,4,400,50,total,4.080999999999999
s6-inproc-dralias,drlocal,12,dr,dr|fast-balanced-panel|panel,1,400,50,setup,.1230000000000001
s6-inproc-dralias,drlocal,12,dr,dr|fast-balanced-panel|panel,1,400,50,cell_extract,0
s6-inproc-dralias,drlocal,12,dr,dr|fast-balanced-panel|panel,1,400,50,model_fit,1.361
s6-inproc-dralias,drlocal,12,dr,dr|fast-balanced-panel|panel,1,400,50,if_assembly,.051
s6-inproc-dralias,drlocal,12,dr,dr|fast-balanced-panel|panel,1,400,50,cache_post,.002
s6-inproc-dralias,drlocal,12,dr,dr|fast-balanced-panel|panel,1,400,50,cluster,0
s6-inproc-dralias,drlocal,12,dr,dr|fast-balanced-panel|panel,1,400,50,bootstrap,0
s6-inproc-dralias,drlocal,12,dr,dr|fast-balanced-panel|panel,1,400,50,aggregation,0
s6-inproc-dralias,drlocal,12,dr,dr|fast-balanced-panel|panel,1,400,50,unprofiled,.5220000000000002
s6-inproc-dralias,drlocal,12,dr,dr|fast-balanced-panel|panel,1,400,50,total,2.059
s6-inproc-dralias,drlocal,12,ipw,ipw|fast-balanced-panel|panel,2,400,50,setup,.1200000000000001
s6-inproc-dralias,drlocal,12,ipw,ipw|fast-balanced-panel|panel,2,400,50,cell_extract,0
s6-inproc-dralias,drlocal,12,ipw,ipw|fast-balanced-panel|panel,2,400,50,model_fit,1.004000000000001
s6-inproc-dralias,drlocal,12,ipw,ipw|fast-balanced-panel|panel,2,400,50,if_assembly,.056
s6-inproc-dralias,drlocal,12,ipw,ipw|fast-balanced-panel|panel,2,400,50,cache_post,.005
s6-inproc-dralias,drlocal,12,ipw,ipw|fast-balanced-panel|panel,2,400,50,cluster,0
s6-inproc-dralias,drlocal,12,ipw,ipw|fast-balanced-panel|panel,2,400,50,bootstrap,0
s6-inproc-dralias,drlocal,12,ipw,ipw|fast-balanced-panel|panel,2,400,50,aggregation,0
s6-inproc-dralias,drlocal,12,ipw,ipw|fast-balanced-panel|panel,2,400,50,unprofiled,.504
s6-inproc-dralias,drlocal,12,ipw,ipw|fast-balanced-panel|panel,2,400,50,total,1.689000000000001
s6-inproc-dralias,drlocal,12,reg,reg|fast-balanced-panel|panel,3,400,50,setup,.1180000000000001
s6-inproc-dralias,drlocal,12,reg,reg|fast-balanced-panel|panel,3,400,50,cell_extract,0
s6-inproc-dralias,drlocal,12,reg,reg|fast-balanced-panel|panel,3,400,50,model_fit,.3780000000000003
s6-inproc-dralias,drlocal,12,reg,reg|fast-balanced-panel|panel,3,400,50,if_assembly,.057
s6-inproc-dralias,drlocal,12,reg,reg|fast-balanced-panel|panel,3,400,50,cache_post,.002
s6-inproc-dralias,drlocal,12,reg,reg|fast-balanced-panel|panel,3,400,50,cluster,0
s6-inproc-dralias,drlocal,12,reg,reg|fast-balanced-panel|panel,3,400,50,bootstrap,0
s6-inproc-dralias,drlocal,12,reg,reg|fast-balanced-panel|panel,3,400,50,aggregation,0
s6-inproc-dralias,drlocal,12,reg,reg|fast-balanced-panel|panel,3,400,50,unprofiled,.5149999999999997
s6-inproc-dralias,drlocal,12,reg,reg|fast-balanced-panel|panel,3,400,50,total,1.07
s6-inproc-dralias,drlocal,12,dr_rc,dr|fast-repeated-cross-section|repeated-cross-section,4,400,50,setup,.2460000000000002
s6-inproc-dralias,drlocal,12,dr_rc,dr|fast-repeated-cross-section|repeated-cross-section,4,400,50,cell_extract,.04
s6-inproc-dralias,drlocal,12,dr_rc,dr|fast-repeated-cross-section|repeated-cross-section,4,400,50,model_fit,2.908
s6-inproc-dralias,drlocal,12,dr_rc,dr|fast-repeated-cross-section|repeated-cross-section,4,400,50,if_assembly,.2220000000000001
s6-inproc-dralias,drlocal,12,dr_rc,dr|fast-repeated-cross-section|repeated-cross-section,4,400,50,cache_post,.001
s6-inproc-dralias,drlocal,12,dr_rc,dr|fast-repeated-cross-section|repeated-cross-section,4,400,50,cluster,0
s6-inproc-dralias,drlocal,12,dr_rc,dr|fast-repeated-cross-section|repeated-cross-section,4,400,50,bootstrap,0
s6-inproc-dralias,drlocal,12,dr_rc,dr|fast-repeated-cross-section|repeated-cross-section,4,400,50,aggregation,0
s6-inproc-dralias,drlocal,12,dr_rc,dr|fast-repeated-cross-section|repeated-cross-section,4,400,50,unprofiled,.6549999999999985
s6-inproc-dralias,drlocal,12,dr_rc,dr|fast-repeated-cross-section|repeated-cross-section,4,400,50,total,4.071999999999998
s6-inproc-dralias,dralias,12,dr,dr|fast-balanced-panel|panel,1,400,50,setup,.1250000000000001
s6-inproc-dralias,dralias,12,dr,dr|fast-balanced-panel|panel,1,400,50,cell_extract,0
s6-inproc-dralias,dralias,12,dr,dr|fast-balanced-panel|panel,1,400,50,model_fit,1.381
s6-inproc-dralias,dralias,12,dr,dr|fast-balanced-panel|panel,1,400,50,if_assembly,.049
s6-inproc-dralias,dralias,12,dr,dr|fast-balanced-panel|panel,1,400,50,cache_post,.002
s6-inproc-dralias,dralias,12,dr,dr|fast-balanced-panel|panel,1,400,50,cluster,0
s6-inproc-dralias,dralias,12,dr,dr|fast-balanced-panel|panel,1,400,50,bootstrap,0
s6-inproc-dralias,dralias,12,dr,dr|fast-balanced-panel|panel,1,400,50,aggregation,0
s6-inproc-dralias,dralias,12,dr,dr|fast-balanced-panel|panel,1,400,50,unprofiled,.516
s6-inproc-dralias,dralias,12,dr,dr|fast-balanced-panel|panel,1,400,50,total,2.073
s6-inproc-dralias,dralias,12,ipw,ipw|fast-balanced-panel|panel,2,400,50,setup,.1270000000000001
s6-inproc-dralias,dralias,12,ipw,ipw|fast-balanced-panel|panel,2,400,50,cell_extract,0
s6-inproc-dralias,dralias,12,ipw,ipw|fast-balanced-panel|panel,2,400,50,model_fit,.9790000000000008
s6-inproc-dralias,dralias,12,ipw,ipw|fast-balanced-panel|panel,2,400,50,if_assembly,.069
s6-inproc-dralias,dralias,12,ipw,ipw|fast-balanced-panel|panel,2,400,50,cache_post,.005
s6-inproc-dralias,dralias,12,ipw,ipw|fast-balanced-panel|panel,2,400,50,cluster,0
s6-inproc-dralias,dralias,12,ipw,ipw|fast-balanced-panel|panel,2,400,50,bootstrap,0
s6-inproc-dralias,dralias,12,ipw,ipw|fast-balanced-panel|panel,2,400,50,aggregation,0
s6-inproc-dralias,dralias,12,ipw,ipw|fast-balanced-panel|panel,2,400,50,unprofiled,.5189999999999999
s6-inproc-dralias,dralias,12,ipw,ipw|fast-balanced-panel|panel,2,400,50,total,1.699000000000001
s6-inproc-dralias,dralias,12,reg,reg|fast-balanced-panel|panel,3,400,50,setup,.1260000000000001
s6-inproc-dralias,dralias,12,reg,reg|fast-balanced-panel|panel,3,400,50,cell_extract,0
s6-inproc-dralias,dralias,12,reg,reg|fast-balanced-panel|panel,3,400,50,model_fit,.3800000000000003
s6-inproc-dralias,dralias,12,reg,reg|fast-balanced-panel|panel,3,400,50,if_assembly,.049
s6-inproc-dralias,dralias,12,reg,reg|fast-balanced-panel|panel,3,400,50,cache_post,.006
s6-inproc-dralias,dralias,12,reg,reg|fast-balanced-panel|panel,3,400,50,cluster,0
s6-inproc-dralias,dralias,12,reg,reg|fast-balanced-panel|panel,3,400,50,bootstrap,0
s6-inproc-dralias,dralias,12,reg,reg|fast-balanced-panel|panel,3,400,50,aggregation,0
s6-inproc-dralias,dralias,12,reg,reg|fast-balanced-panel|panel,3,400,50,unprofiled,.5190000000000005
s6-inproc-dralias,dralias,12,reg,reg|fast-balanced-panel|panel,3,400,50,total,1.080000000000001
s6-inproc-dralias,dralias,12,dr_rc,dr|fast-repeated-cross-section|repeated-cross-section,4,400,50,setup,.2400000000000001
s6-inproc-dralias,dralias,12,dr_rc,dr|fast-repeated-cross-section|repeated-cross-section,4,400,50,cell_extract,.043
s6-inproc-dralias,dralias,12,dr_rc,dr|fast-repeated-cross-section|repeated-cross-section,4,400,50,model_fit,2.905
s6-inproc-dralias,dralias,12,dr_rc,dr|fast-repeated-cross-section|repeated-cross-section,4,400,50,if_assembly,.2230000000000001
s6-inproc-dralias,dralias,12,dr_rc,dr|fast-repeated-cross-section|repeated-cross-section,4,400,50,cache_post,.005
s6-inproc-dralias,dralias,12,dr_rc,dr|fast-repeated-cross-section|repeated-cross-section,4,400,50,cluster,0
s6-inproc-dralias,dralias,12,dr_rc,dr|fast-repeated-cross-section|repeated-cross-section,4,400,50,bootstrap,0
s6-inproc-dralias,dralias,12,dr_rc,dr|fast-repeated-cross-section|repeated-cross-section,4,400,50,aggregation,0
s6-inproc-dralias,dralias,12,dr_rc,dr|fast-repeated-cross-section|repeated-cross-section,4,400,50,unprofiled,.6579999999999981
s6-inproc-dralias,dralias,12,dr_rc,dr|fast-repeated-cross-section|repeated-cross-section,4,400,50,total,4.073999999999998
s6-inproc-dralias,base,12,dr,dr|fast-balanced-panel|panel,1,400,50,setup,.1300000000000001
s6-inproc-dralias,base,12,dr,dr|fast-balanced-panel|panel,1,400,50,cell_extract,0
s6-inproc-dralias,base,12,dr,dr|fast-balanced-panel|panel,1,400,50,model_fit,1.369
s6-inproc-dralias,base,12,dr,dr|fast-balanced-panel|panel,1,400,50,if_assembly,.049
s6-inproc-dralias,base,12,dr,dr|fast-balanced-panel|panel,1,400,50,cache_post,.003
s6-inproc-dralias,base,12,dr,dr|fast-balanced-panel|panel,1,400,50,cluster,0
s6-inproc-dralias,base,12,dr,dr|fast-balanced-panel|panel,1,400,50,bootstrap,0
s6-inproc-dralias,base,12,dr,dr|fast-balanced-panel|panel,1,400,50,aggregation,0
s6-inproc-dralias,base,12,dr,dr|fast-balanced-panel|panel,1,400,50,unprofiled,.5039999999999989
s6-inproc-dralias,base,12,dr,dr|fast-balanced-panel|panel,1,400,50,total,2.054999999999999
s6-inproc-dralias,base,12,ipw,ipw|fast-balanced-panel|panel,2,400,50,setup,.1260000000000001
s6-inproc-dralias,base,12,ipw,ipw|fast-balanced-panel|panel,2,400,50,cell_extract,0
s6-inproc-dralias,base,12,ipw,ipw|fast-balanced-panel|panel,2,400,50,model_fit,.9860000000000008
s6-inproc-dralias,base,12,ipw,ipw|fast-balanced-panel|panel,2,400,50,if_assembly,.054
s6-inproc-dralias,base,12,ipw,ipw|fast-balanced-panel|panel,2,400,50,cache_post,.001
s6-inproc-dralias,base,12,ipw,ipw|fast-balanced-panel|panel,2,400,50,cluster,0
s6-inproc-dralias,base,12,ipw,ipw|fast-balanced-panel|panel,2,400,50,bootstrap,0
s6-inproc-dralias,base,12,ipw,ipw|fast-balanced-panel|panel,2,400,50,aggregation,0
s6-inproc-dralias,base,12,ipw,ipw|fast-balanced-panel|panel,2,400,50,unprofiled,.5199999999999991
s6-inproc-dralias,base,12,ipw,ipw|fast-balanced-panel|panel,2,400,50,total,1.687
s6-inproc-dralias,base,12,reg,reg|fast-balanced-panel|panel,3,400,50,setup,.1270000000000001
s6-inproc-dralias,base,12,reg,reg|fast-balanced-panel|panel,3,400,50,cell_extract,0
s6-inproc-dralias,base,12,reg,reg|fast-balanced-panel|panel,3,400,50,model_fit,.3690000000000003
s6-inproc-dralias,base,12,reg,reg|fast-balanced-panel|panel,3,400,50,if_assembly,.057
s6-inproc-dralias,base,12,reg,reg|fast-balanced-panel|panel,3,400,50,cache_post,.004
s6-inproc-dralias,base,12,reg,reg|fast-balanced-panel|panel,3,400,50,cluster,0
s6-inproc-dralias,base,12,reg,reg|fast-balanced-panel|panel,3,400,50,bootstrap,0
s6-inproc-dralias,base,12,reg,reg|fast-balanced-panel|panel,3,400,50,aggregation,0
s6-inproc-dralias,base,12,reg,reg|fast-balanced-panel|panel,3,400,50,unprofiled,.5170000000000006
s6-inproc-dralias,base,12,reg,reg|fast-balanced-panel|panel,3,400,50,total,1.074000000000001
s6-inproc-dralias,base,12,dr_rc,dr|fast-repeated-cross-section|repeated-cross-section,4,400,50,setup,.2450000000000001
s6-inproc-dralias,base,12,dr_rc,dr|fast-repeated-cross-section|repeated-cross-section,4,400,50,cell_extract,.1000000000000001
s6-inproc-dralias,base,12,dr_rc,dr|fast-repeated-cross-section|repeated-cross-section,4,400,50,model_fit,2.901
s6-inproc-dralias,base,12,dr_rc,dr|fast-repeated-cross-section|repeated-cross-section,4,400,50,if_assembly,.2170000000000001
s6-inproc-dralias,base,12,dr_rc,dr|fast-repeated-cross-section|repeated-cross-section,4,400,50,cache_post,.003
s6-inproc-dralias,base,12,dr_rc,dr|fast-repeated-cross-section|repeated-cross-section,4,400,50,cluster,0
s6-inproc-dralias,base,12,dr_rc,dr|fast-repeated-cross-section|repeated-cross-section,4,400,50,bootstrap,0
s6-inproc-dralias,base,12,dr_rc,dr|fast-repeated-cross-section|repeated-cross-section,4,400,50,aggregation,0
s6-inproc-dralias,base,12,dr_rc,dr|fast-repeated-cross-section|repeated-cross-section,4,400,50,unprofiled,.6780000000000008
s6-inproc-dralias,base,12,dr_rc,dr|fast-repeated-cross-section|repeated-cross-section,4,400,50,total,4.144000000000001
