s6-inproc-drlocal,head,0,dr,dr|fast-balanced-panel|panel,1,400,50,setup,.1270000000000001
s6-inproc-drlocal,head,0,dr,dr|fast-balanced-panel|panel,1,400,50,cell_extract,0
s6-inproc-drlocal,head,0,dr,dr|fast-balanced-panel|panel,1,400,50,model_fit,1.43
s6-inproc-drlocal,head,0,dr,dr|fast-balanced-panel|panel,1,400,50,if_assembly,.056
s6-inproc-drlocal,head,0,dr,dr|fast-balanced-panel|panel,1,400,50,cache_post,.001
s6-inproc-drlocal,head,0,dr,dr|fast-balanced-panel|panel,1,400,50,cluster,0
s6-inproc-drlocal,head,0,dr,dr|fast-balanced-panel|panel,1,400,50,bootstrap,0
s6-inproc-drlocal,head,0,dr,dr|fast-balanced-panel|panel,1,400,50,aggregation,0
s6-inproc-drlocal,head,0,dr,dr|fast-balanced-panel|panel,1,400,50,unprofiled,.5399999999999998
s6-inproc-drlocal,head,0,dr,dr|fast-balanced-panel|panel,1,400,50,total,2.154
s6-inproc-drlocal,head,0,ipw,ipw|fast-balanced-panel|panel,2,400,50,setup,.1240000000000001
s6-inproc-drlocal,head,0,ipw,ipw|fast-balanced-panel|panel,2,400,50,cell_extract,0
s6-inproc-drlocal,head,0,ipw,ipw|fast-balanced-panel|panel,2,400,50,model_fit,.9970000000000008
s6-inproc-drlocal,head,0,ipw,ipw|fast-balanced-panel|panel,2,400,50,if_assembly,.058
s6-inproc-drlocal,head,0,ipw,ipw|fast-balanced-panel|panel,2,400,50,cache_post,.004
s6-inproc-drlocal,head,0,ipw,ipw|fast-balanced-panel|panel,2,400,50,cluster,0
s6-inproc-drlocal,head,0,ipw,ipw|fast-balanced-panel|panel,2,400,50,bootstrap,0
s6-inproc-drlocal,head,0,ipw,ipw|fast-balanced-panel|panel,2,400,50,aggregation,0
s6-inproc-drlocal,head,0,ipw,ipw|fast-balanced-panel|panel,2,400,50,unprofiled,.5110000000000001
s6-inproc-drlocal,head,0,ipw,ipw|fast-balanced-panel|panel,2,400,50,total,1.694000000000001
s6-inproc-drlocal,head,0,reg,reg|fast-balanced-panel|panel,3,400,50,setup,.1250000000000001
s6-inproc-drlocal,head,0,reg,reg|fast-balanced-panel|panel,3,400,50,cell_extract,0
s6-inproc-drlocal,head,0,reg,reg|fast-balanced-panel|panel,3,400,50,model_fit,.3800000000000003
s6-inproc-drlocal,head,0,reg,reg|fast-balanced-panel|panel,3,400,50,if_assembly,.051
s6-inproc-drlocal,head,0,reg,reg|fast-balanced-panel|panel,3,400,50,cache_post,.002
s6-inproc-drlocal,head,0,reg,reg|fast-balanced-panel|panel,3,400,50,cluster,0
s6-inproc-drlocal,head,0,reg,reg|fast-balanced-panel|panel,3,400,50,bootstrap,0
s6-inproc-drlocal,head,0,reg,reg|fast-balanced-panel|panel,3,400,50,aggregation,0
s6-inproc-drlocal,head,0,reg,reg|fast-balanced-panel|panel,3,400,50,unprofiled,.5180000000000006
s6-inproc-drlocal,head,0,reg,reg|fast-balanced-panel|panel,3,400,50,total,1.076000000000001
s6-inproc-drlocal,head,0,dr_rc,dr|fast-repeated-cross-section|repeated-cross-section,4,400,50,setup,.2460000000000002
s6-inproc-drlocal,head,0,dr_rc,dr|fast-repeated-cross-section|repeated-cross-section,4,400,50,cell_extract,.036
s6-inproc-drlocal,head,0,dr_rc,dr|fast-repeated-cross-section|repeated-cross-section,4,400,50,model_fit,2.926
s6-inproc-drlocal,head,0,dr_rc,dr|fast-repeated-cross-section|repeated-cross-section,4,400,50,if_assembly,.2120000000000001
s6-inproc-drlocal,head,0,dr_rc,dr|fast-repeated-cross-section|repeated-cross-section,4,400,50,cache_post,.002
s6-inproc-drlocal,head,0,dr_rc,dr|fast-repeated-cross-section|repeated-cross-section,4,400,50,cluster,0
s6-inproc-drlocal,head,0,dr_rc,dr|fast-repeated-cross-section|repeated-cross-section,4,400,50,bootstrap,0
s6-inproc-drlocal,head,0,dr_rc,dr|fast-repeated-cross-section|repeated-cross-section,4,400,50,aggregation,0
s6-inproc-drlocal,head,0,dr_rc,dr|fast-repeated-cross-section|repeated-cross-section,4,400,50,unprofiled,.6889999999999987
s6-inproc-drlocal,head,0,dr_rc,dr|fast-repeated-cross-section|repeated-cross-section,4,400,50,total,4.110999999999999
s6-inproc-drlocal,drlocal,0,dr,dr|fast-balanced-panel|panel,1,400,50,setup,.1240000000000001
s6-inproc-drlocal,drlocal,0,dr,dr|fast-balanced-panel|panel,1,400,50,cell_extract,0
s6-inproc-drlocal,drlocal,0,dr,dr|fast-balanced-panel|panel,1,400,50,model_fit,1.385
s6-inproc-drlocal,drlocal,0,dr,dr|fast-balanced-panel|panel,1,400,50,if_assembly,.044
s6-inproc-drlocal,drlocal,0,dr,dr|fast-balanced-panel|panel,1,400,50,cache_post,.001
s6-inproc-drlocal,drlocal,0,dr,dr|fast-balanced-panel|panel,1,400,50,cluster,0
s6-inproc-drlocal,drlocal,0,dr,dr|fast-balanced-panel|panel,1,400,50,bootstrap,0
s6-inproc-drlocal,drlocal,0,dr,dr|fast-balanced-panel|panel,1,400,50,aggregation,0
s6-inproc-drlocal,drlocal,0,dr,dr|fast-balanced-panel|panel,1,400,50,unprofiled,.522
s6-inproc-drlocal,drlocal,0,dr,dr|fast-balanced-panel|panel,1,400,50,total,2.076
s6-inproc-drlocal,drlocal,0,ipw,ipw|fast-balanced-panel|panel,2,400,50,setup,.1310000000000001
s6-inproc-drlocal,drlocal,0,ipw,ipw|fast-balanced-panel|panel,2,400,50,cell_extract,0
s6-inproc-drlocal,drlocal,0,ipw,ipw|fast-balanced-panel|panel,2,400,50,model_fit,1.000000000000001
s6-inproc-drlocal,drlocal,0,ipw,ipw|fast-balanced-panel|panel,2,400,50,if_assembly,.053
s6-inproc-drlocal,drlocal,0,ipw,ipw|fast-balanced-panel|panel,2,400,50,cache_post,.002
s6-inproc-drlocal,drlocal,0,ipw,ipw|fast-balanced-panel|panel,2,400,50,cluster,0
s6-inproc-drlocal,drlocal,0,ipw,ipw|fast-balanced-panel|panel,2,400,50,bootstrap,0
s6-inproc-drlocal,drlocal,0,ipw,ipw|fast-balanced-panel|panel,2,400,50,aggregation,0
s6-inproc-drlocal,drlocal,0,ipw,ipw|fast-balanced-panel|panel,2,400,50,unprofiled,.504
s6-inproc-drlocal,drlocal,0,ipw,ipw|fast-balanced-panel|panel,2,400,50,total,1.690000000000001
s6-inproc-drlocal,drlocal,0,reg,reg|fast-balanced-panel|panel,3,400,50,setup,.1260000000000001
s6-inproc-drlocal,drlocal,0,reg,reg|fast-balanced-panel|panel,3,400,50,cell_extract,0
s6-inproc-drlocal,drlocal,0,reg,reg|fast-balanced-panel|panel,3,400,50,model_fit,.3850000000000003
s6-inproc-drlocal,drlocal,0,reg,reg|fast-balanced-panel|panel,3,400,50,if_assembly,.057
s6-inproc-drlocal,drlocal,0,reg,reg|fast-balanced-panel|panel,3,400,50,cache_post,.002
s6-inproc-drlocal,drlocal,0,reg,reg|fast-balanced-panel|panel,3,400,50,cluster,0
s6-inproc-drlocal,drlocal,0,reg,reg|fast-balanced-panel|panel,3,400,50,bootstrap,0
s6-inproc-drlocal,drlocal,0,reg,reg|fast-balanced-panel|panel,3,400,50,aggregation,0
s6-inproc-drlocal,drlocal,0,reg,reg|fast-balanced-panel|panel,3,400,50,unprofiled,.5009999999999996
s6-inproc-drlocal,drlocal,0,reg,reg|fast-balanced-panel|panel,3,400,50,total,1.071
s6-inproc-drlocal,drlocal,0,dr_rc,dr|fast-repeated-cross-section|repeated-cross-section,4,400,50,setup,.2430000000000001
s6-inproc-drlocal,drlocal,0,dr_rc,dr|fast-repeated-cross-section|repeated-cross-section,4,400,50,cell_extract,.036
s6-inproc-drlocal,drlocal,0,dr_rc,dr|fast-repeated-cross-section|repeated-cross-section,4,400,50,model_fit,2.904000000000002
s6-inproc-drlocal,drlocal,0,dr_rc,dr|fast-repeated-cross-section|repeated-cross-section,4,400,50,if_assembly,.2210000000000001
s6-inproc-drlocal,drlocal,0,dr_rc,dr|fast-repeated-cross-section|repeated-cross-section,4,400,50,cache_post,.003
s6-inproc-drlocal,drlocal,0,dr_rc,dr|fast-repeated-cross-section|repeated-cross-section,4,400,50,cluster,0
s6-inproc-drlocal,drlocal,0,dr_rc,dr|fast-repeated-cross-section|repeated-cross-section,4,400,50,bootstrap,0
s6-inproc-drlocal,drlocal,0,dr_rc,dr|fast-repeated-cross-section|repeated-cross-section,4,400,50,aggregation,0
s6-inproc-drlocal,drlocal,0,dr_rc,dr|fast-repeated-cross-section|repeated-cross-section,4,400,50,unprofiled,.6739999999999959
s6-inproc-drlocal,drlocal,0,dr_rc,dr|fast-repeated-cross-section|repeated-cross-section,4,400,50,total,4.080999999999998
s6-inproc-drlocal,base,0,dr,dr|fast-balanced-panel|panel,1,400,50,setup,.1280000000000001
s6-inproc-drlocal,base,0,dr,dr|fast-balanced-panel|panel,1,400,50,cell_extract,0
s6-inproc-drlocal,base,0,dr,dr|fast-balanced-panel|panel,1,400,50,model_fit,1.371000000000001
s6-inproc-drlocal,base,0,dr,dr|fast-balanced-panel|panel,1,400,50,if_assembly,.061
s6-inproc-drlocal,base,0,dr,dr|fast-balanced-panel|panel,1,400,50,cache_post,.001
s6-inproc-drlocal,base,0,dr,dr|fast-balanced-panel|panel,1,400,50,cluster,0
s6-inproc-drlocal,base,0,dr,dr|fast-balanced-panel|panel,1,400,50,bootstrap,0
s6-inproc-drlocal,base,0,dr,dr|fast-balanced-panel|panel,1,400,50,aggregation,0
s6-inproc-drlocal,base,0,dr,dr|fast-balanced-panel|panel,1,400,50,unprofiled,.5079999999999989
s6-inproc-drlocal,base,0,dr,dr|fast-balanced-panel|panel,1,400,50,total,2.069
s6-inproc-drlocal,base,0,ipw,ipw|fast-balanced-panel|panel,2,400,50,setup,.1260000000000001
s6-inproc-drlocal,base,0,ipw,ipw|fast-balanced-panel|panel,2,400,50,cell_extract,0
s6-inproc-drlocal,base,0,ipw,ipw|fast-balanced-panel|panel,2,400,50,model_fit,.9940000000000008
s6-inproc-drlocal,base,0,ipw,ipw|fast-balanced-panel|panel,2,400,50,if_assembly,.057
s6-inproc-drlocal,base,0,ipw,ipw|fast-balanced-panel|panel,2,400,50,cache_post,.003
s6-inproc-drlocal,base,0,ipw,ipw|fast-balanced-panel|panel,2,400,50,cluster,0
s6-inproc-drlocal,base,0,ipw,ipw|fast-balanced-panel|panel,2,400,50,bootstrap,0
s6-inproc-drlocal,base,0,ipw,ipw|fast-balanced-panel|panel,2,400,50,aggregation,0
s6-inproc-drlocal,base,0,ipw,ipw|fast-balanced-panel|panel,2,400,50,unprofiled,.512999999999999
s6-inproc-drlocal,base,0,ipw,ipw|fast-balanced-panel|panel,2,400,50,total,1.693
s6-inproc-drlocal,base,0,reg,reg|fast-balanced-panel|panel,3,400,50,setup,.1240000000000001
s6-inproc-drlocal,base,0,reg,reg|fast-balanced-panel|panel,3,400,50,cell_extract,0
s6-inproc-drlocal,base,0,reg,reg|fast-balanced-panel|panel,3,400,50,model_fit,.3800000000000003
s6-inproc-drlocal,base,0,reg,reg|fast-balanced-panel|panel,3,400,50,if_assembly,.062
s6-inproc-drlocal,base,0,reg,reg|fast-balanced-panel|panel,3,400,50,cache_post,.001
s6-inproc-drlocal,base,0,reg,reg|fast-balanced-panel|panel,3,400,50,cluster,0
s6-inproc-drlocal,base,0,reg,reg|fast-balanced-panel|panel,3,400,50,bootstrap,0
s6-inproc-drlocal,base,0,reg,reg|fast-balanced-panel|panel,3,400,50,aggregation,0
s6-inproc-drlocal,base,0,reg,reg|fast-balanced-panel|panel,3,400,50,unprofiled,.5070000000000007
s6-inproc-drlocal,base,0,reg,reg|fast-balanced-panel|panel,3,400,50,total,1.074000000000001
s6-inproc-drlocal,base,0,dr_rc,dr|fast-repeated-cross-section|repeated-cross-section,4,400,50,setup,.2490000000000001
s6-inproc-drlocal,base,0,dr_rc,dr|fast-repeated-cross-section|repeated-cross-section,4,400,50,cell_extract,.0960000000000001
s6-inproc-drlocal,base,0,dr_rc,dr|fast-repeated-cross-section|repeated-cross-section,4,400,50,model_fit,2.917000000000001
s6-inproc-drlocal,base,0,dr_rc,dr|fast-repeated-cross-section|repeated-cross-section,4,400,50,if_assembly,.2210000000000001
s6-inproc-drlocal,base,0,dr_rc,dr|fast-repeated-cross-section|repeated-cross-section,4,400,50,cache_post,.003
s6-inproc-drlocal,base,0,dr_rc,dr|fast-repeated-cross-section|repeated-cross-section,4,400,50,cluster,0
s6-inproc-drlocal,base,0,dr_rc,dr|fast-repeated-cross-section|repeated-cross-section,4,400,50,bootstrap,0
s6-inproc-drlocal,base,0,dr_rc,dr|fast-repeated-cross-section|repeated-cross-section,4,400,50,aggregation,0
s6-inproc-drlocal,base,0,dr_rc,dr|fast-repeated-cross-section|repeated-cross-section,4,400,50,unprofiled,.6850000000000009
s6-inproc-drlocal,base,0,dr_rc,dr|fast-repeated-cross-section|repeated-cross-section,4,400,50,total,4.171000000000002
s6-inproc-drlocal,drlocal,1,reg,reg|fast-balanced-panel|panel,1,400,50,setup,.1180000000000001
s6-inproc-drlocal,drlocal,1,reg,reg|fast-balanced-panel|panel,1,400,50,cell_extract,0
s6-inproc-drlocal,drlocal,1,reg,reg|fast-balanced-panel|panel,1,400,50,model_fit,.3830000000000003
s6-inproc-drlocal,drlocal,1,reg,reg|fast-balanced-panel|panel,1,400,50,if_assembly,.046
s6-inproc-drlocal,drlocal,1,reg,reg|fast-balanced-panel|panel,1,400,50,cache_post,.002
s6-inproc-drlocal,drlocal,1,reg,reg|fast-balanced-panel|panel,1,400,50,cluster,0
s6-inproc-drlocal,drlocal,1,reg,reg|fast-balanced-panel|panel,1,400,50,bootstrap,0
s6-inproc-drlocal,drlocal,1,reg,reg|fast-balanced-panel|panel,1,400,50,aggregation,0
s6-inproc-drlocal,drlocal,1,reg,reg|fast-balanced-panel|panel,1,400,50,unprofiled,.5080000000000007
s6-inproc-drlocal,drlocal,1,reg,reg|fast-balanced-panel|panel,1,400,50,total,1.057000000000001
s6-inproc-drlocal,drlocal,1,ipw,ipw|fast-balanced-panel|panel,2,400,50,setup,.1270000000000001
s6-inproc-drlocal,drlocal,1,ipw,ipw|fast-balanced-panel|panel,2,400,50,cell_extract,0
s6-inproc-drlocal,drlocal,1,ipw,ipw|fast-balanced-panel|panel,2,400,50,model_fit,.9780000000000008
s6-inproc-drlocal,drlocal,1,ipw,ipw|fast-balanced-panel|panel,2,400,50,if_assembly,.061
s6-inproc-drlocal,drlocal,1,ipw,ipw|fast-balanced-panel|panel,2,400,50,cache_post,.005
s6-inproc-drlocal,drlocal,1,ipw,ipw|fast-balanced-panel|panel,2,400,50,cluster,0
s6-inproc-drlocal,drlocal,1,ipw,ipw|fast-balanced-panel|panel,2,400,50,bootstrap,0
s6-inproc-drlocal,drlocal,1,ipw,ipw|fast-balanced-panel|panel,2,400,50,aggregation,0
s6-inproc-drlocal,drlocal,1,ipw,ipw|fast-balanced-panel|panel,2,400,50,unprofiled,.506999999999999
s6-inproc-drlocal,drlocal,1,ipw,ipw|fast-balanced-panel|panel,2,400,50,total,1.678
s6-inproc-drlocal,drlocal,1,dr,dr|fast-balanced-panel|panel,3,400,50,setup,.1310000000000001
s6-inproc-drlocal,drlocal,1,dr,dr|fast-balanced-panel|panel,3,400,50,cell_extract,0
s6-inproc-drlocal,drlocal,1,dr,dr|fast-balanced-panel|panel,3,400,50,model_fit,1.366000000000001
s6-inproc-drlocal,drlocal,1,dr,dr|fast-balanced-panel|panel,3,400,50,if_assembly,.065
s6-inproc-drlocal,drlocal,1,dr,dr|fast-balanced-panel|panel,3,400,50,cache_post,.001
s6-inproc-drlocal,drlocal,1,dr,dr|fast-balanced-panel|panel,3,400,50,cluster,0
s6-inproc-drlocal,drlocal,1,dr,dr|fast-balanced-panel|panel,3,400,50,bootstrap,0
s6-inproc-drlocal,drlocal,1,dr,dr|fast-balanced-panel|panel,3,400,50,aggregation,0
s6-inproc-drlocal,drlocal,1,dr,dr|fast-balanced-panel|panel,3,400,50,unprofiled,.4959999999999991
s6-inproc-drlocal,drlocal,1,dr,dr|fast-balanced-panel|panel,3,400,50,total,2.059
s6-inproc-drlocal,drlocal,1,dr_rc,dr|fast-repeated-cross-section|repeated-cross-section,4,400,50,setup,.2430000000000001
s6-inproc-drlocal,drlocal,1,dr_rc,dr|fast-repeated-cross-section|repeated-cross-section,4,400,50,cell_extract,.044
s6-inproc-drlocal,drlocal,1,dr_rc,dr|fast-repeated-cross-section|repeated-cross-section,4,400,50,model_fit,2.900000000000002
s6-inproc-drlocal,drlocal,1,dr_rc,dr|fast-repeated-cross-section|repeated-cross-section,4,400,50,if_assembly,.2280000000000001
s6-inproc-drlocal,drlocal,1,dr_rc,dr|fast-repeated-cross-section|repeated-cross-section,4,400,50,cache_post,.005
s6-inproc-drlocal,drlocal,1,dr_rc,dr|fast-repeated-cross-section|repeated-cross-section,4,400,50,cluster,0
s6-inproc-drlocal,drlocal,1,dr_rc,dr|fast-repeated-cross-section|repeated-cross-section,4,400,50,bootstrap,0
s6-inproc-drlocal,drlocal,1,dr_rc,dr|fast-repeated-cross-section|repeated-cross-section,4,400,50,aggregation,0
s6-inproc-drlocal,drlocal,1,dr_rc,dr|fast-repeated-cross-section|repeated-cross-section,4,400,50,unprofiled,.6759999999999962
s6-inproc-drlocal,drlocal,1,dr_rc,dr|fast-repeated-cross-section|repeated-cross-section,4,400,50,total,4.095999999999998
s6-inproc-drlocal,head,1,reg,reg|fast-balanced-panel|panel,1,400,50,setup,.1230000000000001
s6-inproc-drlocal,head,1,reg,reg|fast-balanced-panel|panel,1,400,50,cell_extract,0
s6-inproc-drlocal,head,1,reg,reg|fast-balanced-panel|panel,1,400,50,model_fit,.3670000000000003
s6-inproc-drlocal,head,1,reg,reg|fast-balanced-panel|panel,1,400,50,if_assembly,.072
s6-inproc-drlocal,head,1,reg,reg|fast-balanced-panel|panel,1,400,50,cache_post,.004
s6-inproc-drlocal,head,1,reg,reg|fast-balanced-panel|panel,1,400,50,cluster,0
s6-inproc-drlocal,head,1,reg,reg|fast-balanced-panel|panel,1,400,50,bootstrap,0
s6-inproc-drlocal,head,1,reg,reg|fast-balanced-panel|panel,1,400,50,aggregation,0
s6-inproc-drlocal,head,1,reg,reg|fast-balanced-panel|panel,1,400,50,unprofiled,.5029999999999996
s6-inproc-drlocal,head,1,reg,reg|fast-balanced-panel|panel,1,400,50,total,1.069
s6-inproc-drlocal,head,1,ipw,ipw|fast-balanced-panel|panel,2,400,50,setup,.1280000000000001
s6-inproc-drlocal,head,1,ipw,ipw|fast-balanced-panel|panel,2,400,50,cell_extract,0
s6-inproc-drlocal,head,1,ipw,ipw|fast-balanced-panel|panel,2,400,50,model_fit,1.008000000000001
s6-inproc-drlocal,head,1,ipw,ipw|fast-balanced-panel|panel,2,400,50,if_assembly,.043
s6-inproc-drlocal,head,1,ipw,ipw|fast-balanced-panel|panel,2,400,50,cache_post,.001
s6-inproc-drlocal,head,1,ipw,ipw|fast-balanced-panel|panel,2,400,50,cluster,0
s6-inproc-drlocal,head,1,ipw,ipw|fast-balanced-panel|panel,2,400,50,bootstrap,0
s6-inproc-drlocal,head,1,ipw,ipw|fast-balanced-panel|panel,2,400,50,aggregation,0
s6-inproc-drlocal,head,1,ipw,ipw|fast-balanced-panel|panel,2,400,50,unprofiled,.504999999999999
s6-inproc-drlocal,head,1,ipw,ipw|fast-balanced-panel|panel,2,400,50,total,1.685
s6-inproc-drlocal,head,1,dr,dr|fast-balanced-panel|panel,3,400,50,setup,.1320000000000001
s6-inproc-drlocal,head,1,dr,dr|fast-balanced-panel|panel,3,400,50,cell_extract,0
s6-inproc-drlocal,head,1,dr,dr|fast-balanced-panel|panel,3,400,50,model_fit,1.377
s6-inproc-drlocal,head,1,dr,dr|fast-balanced-panel|panel,3,400,50,if_assembly,.064
s6-inproc-drlocal,head,1,dr,dr|fast-balanced-panel|panel,3,400,50,cache_post,.002
s6-inproc-drlocal,head,1,dr,dr|fast-balanced-panel|panel,3,400,50,cluster,0
s6-inproc-drlocal,head,1,dr,dr|fast-balanced-panel|panel,3,400,50,bootstrap,0
s6-inproc-drlocal,head,1,dr,dr|fast-balanced-panel|panel,3,400,50,aggregation,0
s6-inproc-drlocal,head,1,dr,dr|fast-balanced-panel|panel,3,400,50,unprofiled,.5109999999999999
s6-inproc-drlocal,head,1,dr,dr|fast-balanced-panel|panel,3,400,50,total,2.086
s6-inproc-drlocal,head,1,dr_rc,dr|fast-repeated-cross-section|repeated-cross-section,4,400,50,setup,.2450000000000001
s6-inproc-drlocal,head,1,dr_rc,dr|fast-repeated-cross-section|repeated-cross-section,4,400,50,cell_extract,.035
s6-inproc-drlocal,head,1,dr_rc,dr|fast-repeated-cross-section|repeated-cross-section,4,400,50,model_fit,2.897000000000001
s6-inproc-drlocal,head,1,dr_rc,dr|fast-repeated-cross-section|repeated-cross-section,4,400,50,if_assembly,.2270000000000001
s6-inproc-drlocal,head,1,dr_rc,dr|fast-repeated-cross-section|repeated-cross-section,4,400,50,cache_post,.007
s6-inproc-drlocal,head,1,dr_rc,dr|fast-repeated-cross-section|repeated-cross-section,4,400,50,cluster,0
s6-inproc-drlocal,head,1,dr_rc,dr|fast-repeated-cross-section|repeated-cross-section,4,400,50,bootstrap,0
s6-inproc-drlocal,head,1,dr_rc,dr|fast-repeated-cross-section|repeated-cross-section,4,400,50,aggregation,0
s6-inproc-drlocal,head,1,dr_rc,dr|fast-repeated-cross-section|repeated-cross-section,4,400,50,unprofiled,.6669999999999985
s6-inproc-drlocal,head,1,dr_rc,dr|fast-repeated-cross-section|repeated-cross-section,4,400,50,total,4.077999999999999
s6-inproc-drlocal,base,1,reg,reg|fast-balanced-panel|panel,1,400,50,setup,.1280000000000001
s6-inproc-drlocal,base,1,reg,reg|fast-balanced-panel|panel,1,400,50,cell_extract,0
s6-inproc-drlocal,base,1,reg,reg|fast-balanced-panel|panel,1,400,50,model_fit,.3630000000000003
s6-inproc-drlocal,base,1,reg,reg|fast-balanced-panel|panel,1,400,50,if_assembly,.056
s6-inproc-drlocal,base,1,reg,reg|fast-balanced-panel|panel,1,400,50,cache_post,.003
s6-inproc-drlocal,base,1,reg,reg|fast-balanced-panel|panel,1,400,50,cluster,0
s6-inproc-drlocal,base,1,reg,reg|fast-balanced-panel|panel,1,400,50,bootstrap,0
s6-inproc-drlocal,base,1,reg,reg|fast-balanced-panel|panel,1,400,50,aggregation,0
s6-inproc-drlocal,base,1,reg,reg|fast-balanced-panel|panel,1,400,50,unprofiled,.5179999999999997
s6-inproc-drlocal,base,1,reg,reg|fast-balanced-panel|panel,1,400,50,total,1.068
s6-inproc-drlocal,base,1,ipw,ipw|fast-balanced-panel|panel,2,400,50,setup,.1280000000000001
s6-inproc-drlocal,base,1,ipw,ipw|fast-balanced-panel|panel,2,400,50,cell_extract,0
s6-inproc-drlocal,base,1,ipw,ipw|fast-balanced-panel|panel,2,400,50,model_fit,1.006000000000001
s6-inproc-drlocal,base,1,ipw,ipw|fast-balanced-panel|panel,2,400,50,if_assembly,.06
s6-inproc-drlocal,base,1,ipw,ipw|fast-balanced-panel|panel,2,400,50,cache_post,.001
s6-inproc-drlocal,base,1,ipw,ipw|fast-balanced-panel|panel,2,400,50,cluster,0
s6-inproc-drlocal,base,1,ipw,ipw|fast-balanced-panel|panel,2,400,50,bootstrap,0
s6-inproc-drlocal,base,1,ipw,ipw|fast-balanced-panel|panel,2,400,50,aggregation,0
s6-inproc-drlocal,base,1,ipw,ipw|fast-balanced-panel|panel,2,400,50,unprofiled,.5199999999999991
s6-inproc-drlocal,base,1,ipw,ipw|fast-balanced-panel|panel,2,400,50,total,1.715
s6-inproc-drlocal,base,1,dr,dr|fast-balanced-panel|panel,3,400,50,setup,.1260000000000001
s6-inproc-drlocal,base,1,dr,dr|fast-balanced-panel|panel,3,400,50,cell_extract,0
s6-inproc-drlocal,base,1,dr,dr|fast-balanced-panel|panel,3,400,50,model_fit,1.391
s6-inproc-drlocal,base,1,dr,dr|fast-balanced-panel|panel,3,400,50,if_assembly,.047
s6-inproc-drlocal,base,1,dr,dr|fast-balanced-panel|panel,3,400,50,cache_post,.002
s6-inproc-drlocal,base,1,dr,dr|fast-balanced-panel|panel,3,400,50,cluster,0
s6-inproc-drlocal,base,1,dr,dr|fast-balanced-panel|panel,3,400,50,bootstrap,0
s6-inproc-drlocal,base,1,dr,dr|fast-balanced-panel|panel,3,400,50,aggregation,0
s6-inproc-drlocal,base,1,dr,dr|fast-balanced-panel|panel,3,400,50,unprofiled,.5170000000000001
s6-inproc-drlocal,base,1,dr,dr|fast-balanced-panel|panel,3,400,50,total,2.083
s6-inproc-drlocal,base,1,dr_rc,dr|fast-repeated-cross-section|repeated-cross-section,4,400,50,setup,.2370000000000001
s6-inproc-drlocal,base,1,dr_rc,dr|fast-repeated-cross-section|repeated-cross-section,4,400,50,cell_extract,.1000000000000001
s6-inproc-drlocal,base,1,dr_rc,dr|fast-repeated-cross-section|repeated-cross-section,4,400,50,model_fit,2.897
s6-inproc-drlocal,base,1,dr_rc,dr|fast-repeated-cross-section|repeated-cross-section,4,400,50,if_assembly,.2140000000000001
s6-inproc-drlocal,base,1,dr_rc,dr|fast-repeated-cross-section|repeated-cross-section,4,400,50,cache_post,.003
s6-inproc-drlocal,base,1,dr_rc,dr|fast-repeated-cross-section|repeated-cross-section,4,400,50,cluster,0
s6-inproc-drlocal,base,1,dr_rc,dr|fast-repeated-cross-section|repeated-cross-section,4,400,50,bootstrap,0
s6-inproc-drlocal,base,1,dr_rc,dr|fast-repeated-cross-section|repeated-cross-section,4,400,50,aggregation,0
s6-inproc-drlocal,base,1,dr_rc,dr|fast-repeated-cross-section|repeated-cross-section,4,400,50,unprofiled,.7050000000000005
s6-inproc-drlocal,base,1,dr_rc,dr|fast-repeated-cross-section|repeated-cross-section,4,400,50,total,4.156000000000001
s6-inproc-drlocal,drlocal,2,reg,reg|fast-balanced-panel|panel,1,400,50,setup,.1230000000000001
s6-inproc-drlocal,drlocal,2,reg,reg|fast-balanced-panel|panel,1,400,50,cell_extract,0
s6-inproc-drlocal,drlocal,2,reg,reg|fast-balanced-panel|panel,1,400,50,model_fit,.3750000000000003
s6-inproc-drlocal,drlocal,2,reg,reg|fast-balanced-panel|panel,1,400,50,if_assembly,.061
s6-inproc-drlocal,drlocal,2,reg,reg|fast-balanced-panel|panel,1,400,50,cache_post,.002
s6-inproc-drlocal,drlocal,2,reg,reg|fast-balanced-panel|panel,1,400,50,cluster,0
s6-inproc-drlocal,drlocal,2,reg,reg|fast-balanced-panel|panel,1,400,50,bootstrap,0
s6-inproc-drlocal,drlocal,2,reg,reg|fast-balanced-panel|panel,1,400,50,aggregation,0
s6-inproc-drlocal,drlocal,2,reg,reg|fast-balanced-panel|panel,1,400,50,unprofiled,.5129999999999997
s6-inproc-drlocal,drlocal,2,reg,reg|fast-balanced-panel|panel,1,400,50,total,1.074
s6-inproc-drlocal,drlocal,2,dr_rc,dr|fast-repeated-cross-section|repeated-cross-section,2,400,50,setup,.2480000000000001
s6-inproc-drlocal,drlocal,2,dr_rc,dr|fast-repeated-cross-section|repeated-cross-section,2,400,50,cell_extract,.038
s6-inproc-drlocal,drlocal,2,dr_rc,dr|fast-repeated-cross-section|repeated-cross-section,2,400,50,model_fit,2.924
s6-inproc-drlocal,drlocal,2,dr_rc,dr|fast-repeated-cross-section|repeated-cross-section,2,400,50,if_assembly,.2100000000000001
s6-inproc-drlocal,drlocal,2,dr_rc,dr|fast-repeated-cross-section|repeated-cross-section,2,400,50,cache_post,.003
s6-inproc-drlocal,drlocal,2,dr_rc,dr|fast-repeated-cross-section|repeated-cross-section,2,400,50,cluster,0
s6-inproc-drlocal,drlocal,2,dr_rc,dr|fast-repeated-cross-section|repeated-cross-section,2,400,50,bootstrap,0
s6-inproc-drlocal,drlocal,2,dr_rc,dr|fast-repeated-cross-section|repeated-cross-section,2,400,50,aggregation,0
s6-inproc-drlocal,drlocal,2,dr_rc,dr|fast-repeated-cross-section|repeated-cross-section,2,400,50,unprofiled,.6789999999999994
s6-inproc-drlocal,drlocal,2,dr_rc,dr|fast-repeated-cross-section|repeated-cross-section,2,400,50,total,4.101999999999999
s6-inproc-drlocal,drlocal,2,dr,dr|fast-balanced-panel|panel,3,400,50,setup,.1340000000000001
s6-inproc-drlocal,drlocal,2,dr,dr|fast-balanced-panel|panel,3,400,50,cell_extract,0
s6-inproc-drlocal,drlocal,2,dr,dr|fast-balanced-panel|panel,3,400,50,model_fit,1.362
s6-inproc-drlocal,drlocal,2,dr,dr|fast-balanced-panel|panel,3,400,50,if_assembly,.056
s6-inproc-drlocal,drlocal,2,dr,dr|fast-balanced-panel|panel,3,400,50,cache_post,.001
s6-inproc-drlocal,drlocal,2,dr,dr|fast-balanced-panel|panel,3,400,50,cluster,0
s6-inproc-drlocal,drlocal,2,dr,dr|fast-balanced-panel|panel,3,400,50,bootstrap,0
s6-inproc-drlocal,drlocal,2,dr,dr|fast-balanced-panel|panel,3,400,50,aggregation,0
s6-inproc-drlocal,drlocal,2,dr,dr|fast-balanced-panel|panel,3,400,50,unprofiled,.5589999999999993
s6-inproc-drlocal,drlocal,2,dr,dr|fast-balanced-panel|panel,3,400,50,total,2.111999999999999
s6-inproc-drlocal,drlocal,2,ipw,ipw|fast-balanced-panel|panel,4,400,50,setup,.1260000000000001
s6-inproc-drlocal,drlocal,2,ipw,ipw|fast-balanced-panel|panel,4,400,50,cell_extract,0
s6-inproc-drlocal,drlocal,2,ipw,ipw|fast-balanced-panel|panel,4,400,50,model_fit,.9940000000000008
s6-inproc-drlocal,drlocal,2,ipw,ipw|fast-balanced-panel|panel,4,400,50,if_assembly,.059
s6-inproc-drlocal,drlocal,2,ipw,ipw|fast-balanced-panel|panel,4,400,50,cache_post,.002
s6-inproc-drlocal,drlocal,2,ipw,ipw|fast-balanced-panel|panel,4,400,50,cluster,0
s6-inproc-drlocal,drlocal,2,ipw,ipw|fast-balanced-panel|panel,4,400,50,bootstrap,0
s6-inproc-drlocal,drlocal,2,ipw,ipw|fast-balanced-panel|panel,4,400,50,aggregation,0
s6-inproc-drlocal,drlocal,2,ipw,ipw|fast-balanced-panel|panel,4,400,50,unprofiled,.540999999999999
s6-inproc-drlocal,drlocal,2,ipw,ipw|fast-balanced-panel|panel,4,400,50,total,1.722
s6-inproc-drlocal,base,2,reg,reg|fast-balanced-panel|panel,1,400,50,setup,.1210000000000001
s6-inproc-drlocal,base,2,reg,reg|fast-balanced-panel|panel,1,400,50,cell_extract,0
s6-inproc-drlocal,base,2,reg,reg|fast-balanced-panel|panel,1,400,50,model_fit,.3790000000000003
s6-inproc-drlocal,base,2,reg,reg|fast-balanced-panel|panel,1,400,50,if_assembly,.053
s6-inproc-drlocal,base,2,reg,reg|fast-balanced-panel|panel,1,400,50,cache_post,.002
s6-inproc-drlocal,base,2,reg,reg|fast-balanced-panel|panel,1,400,50,cluster,0
s6-inproc-drlocal,base,2,reg,reg|fast-balanced-panel|panel,1,400,50,bootstrap,0
s6-inproc-drlocal,base,2,reg,reg|fast-balanced-panel|panel,1,400,50,aggregation,0
s6-inproc-drlocal,base,2,reg,reg|fast-balanced-panel|panel,1,400,50,unprofiled,.5159999999999996
s6-inproc-drlocal,base,2,reg,reg|fast-balanced-panel|panel,1,400,50,total,1.071
s6-inproc-drlocal,base,2,dr_rc,dr|fast-repeated-cross-section|repeated-cross-section,2,400,50,setup,.2530000000000001
s6-inproc-drlocal,base,2,dr_rc,dr|fast-repeated-cross-section|repeated-cross-section,2,400,50,cell_extract,.1010000000000001
s6-inproc-drlocal,base,2,dr_rc,dr|fast-repeated-cross-section|repeated-cross-section,2,400,50,model_fit,3.024
s6-inproc-drlocal,base,2,dr_rc,dr|fast-repeated-cross-section|repeated-cross-section,2,400,50,if_assembly,.2350000000000002
s6-inproc-drlocal,base,2,dr_rc,dr|fast-repeated-cross-section|repeated-cross-section,2,400,50,cache_post,.001
s6-inproc-drlocal,base,2,dr_rc,dr|fast-repeated-cross-section|repeated-cross-section,2,400,50,cluster,0
s6-inproc-drlocal,base,2,dr_rc,dr|fast-repeated-cross-section|repeated-cross-section,2,400,50,bootstrap,0
s6-inproc-drlocal,base,2,dr_rc,dr|fast-repeated-cross-section|repeated-cross-section,2,400,50,aggregation,0
s6-inproc-drlocal,base,2,dr_rc,dr|fast-repeated-cross-section|repeated-cross-section,2,400,50,unprofiled,.6930000000000023
s6-inproc-drlocal,base,2,dr_rc,dr|fast-repeated-cross-section|repeated-cross-section,2,400,50,total,4.307000000000002
s6-inproc-drlocal,base,2,dr,dr|fast-balanced-panel|panel,3,400,50,setup,.1360000000000001
s6-inproc-drlocal,base,2,dr,dr|fast-balanced-panel|panel,3,400,50,cell_extract,0
s6-inproc-drlocal,base,2,dr,dr|fast-balanced-panel|panel,3,400,50,model_fit,1.362
s6-inproc-drlocal,base,2,dr,dr|fast-balanced-panel|panel,3,400,50,if_assembly,.064
s6-inproc-drlocal,base,2,dr,dr|fast-balanced-panel|panel,3,400,50,cache_post,.001
s6-inproc-drlocal,base,2,dr,dr|fast-balanced-panel|panel,3,400,50,cluster,0
s6-inproc-drlocal,base,2,dr,dr|fast-balanced-panel|panel,3,400,50,bootstrap,0
s6-inproc-drlocal,base,2,dr,dr|fast-balanced-panel|panel,3,400,50,aggregation,0
s6-inproc-drlocal,base,2,dr,dr|fast-balanced-panel|panel,3,400,50,unprofiled,.5520000000000003
s6-inproc-drlocal,base,2,dr,dr|fast-balanced-panel|panel,3,400,50,total,2.115
s6-inproc-drlocal,base,2,ipw,ipw|fast-balanced-panel|panel,4,400,50,setup,.1290000000000001
s6-inproc-drlocal,base,2,ipw,ipw|fast-balanced-panel|panel,4,400,50,cell_extract,0
s6-inproc-drlocal,base,2,ipw,ipw|fast-balanced-panel|panel,4,400,50,model_fit,1.024000000000001
s6-inproc-drlocal,base,2,ipw,ipw|fast-balanced-panel|panel,4,400,50,if_assembly,.047
s6-inproc-drlocal,base,2,ipw,ipw|fast-balanced-panel|panel,4,400,50,cache_post,.002
s6-inproc-drlocal,base,2,ipw,ipw|fast-balanced-panel|panel,4,400,50,cluster,0
s6-inproc-drlocal,base,2,ipw,ipw|fast-balanced-panel|panel,4,400,50,bootstrap,0
s6-inproc-drlocal,base,2,ipw,ipw|fast-balanced-panel|panel,4,400,50,aggregation,0
s6-inproc-drlocal,base,2,ipw,ipw|fast-balanced-panel|panel,4,400,50,unprofiled,.5359999999999989
s6-inproc-drlocal,base,2,ipw,ipw|fast-balanced-panel|panel,4,400,50,total,1.738
s6-inproc-drlocal,head,2,reg,reg|fast-balanced-panel|panel,1,400,50,setup,.1240000000000001
s6-inproc-drlocal,head,2,reg,reg|fast-balanced-panel|panel,1,400,50,cell_extract,0
s6-inproc-drlocal,head,2,reg,reg|fast-balanced-panel|panel,1,400,50,model_fit,.3730000000000003
s6-inproc-drlocal,head,2,reg,reg|fast-balanced-panel|panel,1,400,50,if_assembly,.051
s6-inproc-drlocal,head,2,reg,reg|fast-balanced-panel|panel,1,400,50,cache_post,.002
s6-inproc-drlocal,head,2,reg,reg|fast-balanced-panel|panel,1,400,50,cluster,0
s6-inproc-drlocal,head,2,reg,reg|fast-balanced-panel|panel,1,400,50,bootstrap,0
s6-inproc-drlocal,head,2,reg,reg|fast-balanced-panel|panel,1,400,50,aggregation,0
s6-inproc-drlocal,head,2,reg,reg|fast-balanced-panel|panel,1,400,50,unprofiled,.5109999999999996
s6-inproc-drlocal,head,2,reg,reg|fast-balanced-panel|panel,1,400,50,total,1.061
s6-inproc-drlocal,head,2,dr_rc,dr|fast-repeated-cross-section|repeated-cross-section,2,400,50,setup,.2430000000000001
s6-inproc-drlocal,head,2,dr_rc,dr|fast-repeated-cross-section|repeated-cross-section,2,400,50,cell_extract,.042
s6-inproc-drlocal,head,2,dr_rc,dr|fast-repeated-cross-section|repeated-cross-section,2,400,50,model_fit,2.909000000000002
s6-inproc-drlocal,head,2,dr_rc,dr|fast-repeated-cross-section|repeated-cross-section,2,400,50,if_assembly,.2080000000000001
s6-inproc-drlocal,head,2,dr_rc,dr|fast-repeated-cross-section|repeated-cross-section,2,400,50,cache_post,.001
s6-inproc-drlocal,head,2,dr_rc,dr|fast-repeated-cross-section|repeated-cross-section,2,400,50,cluster,0
s6-inproc-drlocal,head,2,dr_rc,dr|fast-repeated-cross-section|repeated-cross-section,2,400,50,bootstrap,0
s6-inproc-drlocal,head,2,dr_rc,dr|fast-repeated-cross-section|repeated-cross-section,2,400,50,aggregation,0
s6-inproc-drlocal,head,2,dr_rc,dr|fast-repeated-cross-section|repeated-cross-section,2,400,50,unprofiled,.6699999999999968
s6-inproc-drlocal,head,2,dr_rc,dr|fast-repeated-cross-section|repeated-cross-section,2,400,50,total,4.072999999999999
s6-inproc-drlocal,head,2,dr,dr|fast-balanced-panel|panel,3,400,50,setup,.1310000000000001
s6-inproc-drlocal,head,2,dr,dr|fast-balanced-panel|panel,3,400,50,cell_extract,0
s6-inproc-drlocal,head,2,dr,dr|fast-balanced-panel|panel,3,400,50,model_fit,1.396
s6-inproc-drlocal,head,2,dr,dr|fast-balanced-panel|panel,3,400,50,if_assembly,.057
s6-inproc-drlocal,head,2,dr,dr|fast-balanced-panel|panel,3,400,50,cache_post,.001
s6-inproc-drlocal,head,2,dr,dr|fast-balanced-panel|panel,3,400,50,cluster,0
s6-inproc-drlocal,head,2,dr,dr|fast-balanced-panel|panel,3,400,50,bootstrap,0
s6-inproc-drlocal,head,2,dr,dr|fast-balanced-panel|panel,3,400,50,aggregation,0
s6-inproc-drlocal,head,2,dr,dr|fast-balanced-panel|panel,3,400,50,unprofiled,.5489999999999999
s6-inproc-drlocal,head,2,dr,dr|fast-balanced-panel|panel,3,400,50,total,2.134
s6-inproc-drlocal,head,2,ipw,ipw|fast-balanced-panel|panel,4,400,50,setup,.1350000000000001
s6-inproc-drlocal,head,2,ipw,ipw|fast-balanced-panel|panel,4,400,50,cell_extract,0
s6-inproc-drlocal,head,2,ipw,ipw|fast-balanced-panel|panel,4,400,50,model_fit,.9990000000000008
s6-inproc-drlocal,head,2,ipw,ipw|fast-balanced-panel|panel,4,400,50,if_assembly,.053
s6-inproc-drlocal,head,2,ipw,ipw|fast-balanced-panel|panel,4,400,50,cache_post,.006
s6-inproc-drlocal,head,2,ipw,ipw|fast-balanced-panel|panel,4,400,50,cluster,0
s6-inproc-drlocal,head,2,ipw,ipw|fast-balanced-panel|panel,4,400,50,bootstrap,0
s6-inproc-drlocal,head,2,ipw,ipw|fast-balanced-panel|panel,4,400,50,aggregation,0
s6-inproc-drlocal,head,2,ipw,ipw|fast-balanced-panel|panel,4,400,50,unprofiled,.5439999999999992
s6-inproc-drlocal,head,2,ipw,ipw|fast-balanced-panel|panel,4,400,50,total,1.737
s6-inproc-drlocal,base,3,dr,dr|fast-balanced-panel|panel,1,400,50,setup,.1240000000000001
s6-inproc-drlocal,base,3,dr,dr|fast-balanced-panel|panel,1,400,50,cell_extract,0
s6-inproc-drlocal,base,3,dr,dr|fast-balanced-panel|panel,1,400,50,model_fit,1.376
s6-inproc-drlocal,base,3,dr,dr|fast-balanced-panel|panel,1,400,50,if_assembly,.066
s6-inproc-drlocal,base,3,dr,dr|fast-balanced-panel|panel,1,400,50,cache_post,.002
s6-inproc-drlocal,base,3,dr,dr|fast-balanced-panel|panel,1,400,50,cluster,0
s6-inproc-drlocal,base,3,dr,dr|fast-balanced-panel|panel,1,400,50,bootstrap,0
s6-inproc-drlocal,base,3,dr,dr|fast-balanced-panel|panel,1,400,50,aggregation,0
s6-inproc-drlocal,base,3,dr,dr|fast-balanced-panel|panel,1,400,50,unprofiled,.4950000000000001
s6-inproc-drlocal,base,3,dr,dr|fast-balanced-panel|panel,1,400,50,total,2.063
s6-inproc-drlocal,base,3,dr_rc,dr|fast-repeated-cross-section|repeated-cross-section,2,400,50,setup,.2450000000000002
s6-inproc-drlocal,base,3,dr_rc,dr|fast-repeated-cross-section|repeated-cross-section,2,400,50,cell_extract,.0990000000000001
s6-inproc-drlocal,base,3,dr_rc,dr|fast-repeated-cross-section|repeated-cross-section,2,400,50,model_fit,2.894
s6-inproc-drlocal,base,3,dr_rc,dr|fast-repeated-cross-section|repeated-cross-section,2,400,50,if_assembly,.2240000000000001
s6-inproc-drlocal,base,3,dr_rc,dr|fast-repeated-cross-section|repeated-cross-section,2,400,50,cache_post,.002
s6-inproc-drlocal,base,3,dr_rc,dr|fast-repeated-cross-section|repeated-cross-section,2,400,50,cluster,0
s6-inproc-drlocal,base,3,dr_rc,dr|fast-repeated-cross-section|repeated-cross-section,2,400,50,bootstrap,0
s6-inproc-drlocal,base,3,dr_rc,dr|fast-repeated-cross-section|repeated-cross-section,2,400,50,aggregation,0
s6-inproc-drlocal,base,3,dr_rc,dr|fast-repeated-cross-section|repeated-cross-section,2,400,50,unprofiled,.6870000000000007
s6-inproc-drlocal,base,3,dr_rc,dr|fast-repeated-cross-section|repeated-cross-section,2,400,50,total,4.151000000000001
s6-inproc-drlocal,base,3,reg,reg|fast-balanced-panel|panel,3,400,50,setup,.1280000000000001
s6-inproc-drlocal,base,3,reg,reg|fast-balanced-panel|panel,3,400,50,cell_extract,0
s6-inproc-drlocal,base,3,reg,reg|fast-balanced-panel|panel,3,400,50,model_fit,.3880000000000003
s6-inproc-drlocal,base,3,reg,reg|fast-balanced-panel|panel,3,400,50,if_assembly,.057
s6-inproc-drlocal,base,3,reg,reg|fast-balanced-panel|panel,3,400,50,cache_post,.004
s6-inproc-drlocal,base,3,reg,reg|fast-balanced-panel|panel,3,400,50,cluster,0
s6-inproc-drlocal,base,3,reg,reg|fast-balanced-panel|panel,3,400,50,bootstrap,0
s6-inproc-drlocal,base,3,reg,reg|fast-balanced-panel|panel,3,400,50,aggregation,0
s6-inproc-drlocal,base,3,reg,reg|fast-balanced-panel|panel,3,400,50,unprofiled,.5299999999999995
s6-inproc-drlocal,base,3,reg,reg|fast-balanced-panel|panel,3,400,50,total,1.107
s6-inproc-drlocal,base,3,ipw,ipw|fast-balanced-panel|panel,4,400,50,setup,.1320000000000001
s6-inproc-drlocal,base,3,ipw,ipw|fast-balanced-panel|panel,4,400,50,cell_extract,0
s6-inproc-drlocal,base,3,ipw,ipw|fast-balanced-panel|panel,4,400,50,model_fit,.9930000000000008
s6-inproc-drlocal,base,3,ipw,ipw|fast-balanced-panel|panel,4,400,50,if_assembly,.064
s6-inproc-drlocal,base,3,ipw,ipw|fast-balanced-panel|panel,4,400,50,cache_post,.004
s6-inproc-drlocal,base,3,ipw,ipw|fast-balanced-panel|panel,4,400,50,cluster,0
s6-inproc-drlocal,base,3,ipw,ipw|fast-balanced-panel|panel,4,400,50,bootstrap,0
s6-inproc-drlocal,base,3,ipw,ipw|fast-balanced-panel|panel,4,400,50,aggregation,0
s6-inproc-drlocal,base,3,ipw,ipw|fast-balanced-panel|panel,4,400,50,unprofiled,.538999999999999
s6-inproc-drlocal,base,3,ipw,ipw|fast-balanced-panel|panel,4,400,50,total,1.732
s6-inproc-drlocal,drlocal,3,dr,dr|fast-balanced-panel|panel,1,400,50,setup,.1280000000000001
s6-inproc-drlocal,drlocal,3,dr,dr|fast-balanced-panel|panel,1,400,50,cell_extract,0
s6-inproc-drlocal,drlocal,3,dr,dr|fast-balanced-panel|panel,1,400,50,model_fit,1.375
s6-inproc-drlocal,drlocal,3,dr,dr|fast-balanced-panel|panel,1,400,50,if_assembly,.066
s6-inproc-drlocal,drlocal,3,dr,dr|fast-balanced-panel|panel,1,400,50,cache_post,.004
s6-inproc-drlocal,drlocal,3,dr,dr|fast-balanced-panel|panel,1,400,50,cluster,0
s6-inproc-drlocal,drlocal,3,dr,dr|fast-balanced-panel|panel,1,400,50,bootstrap,0
s6-inproc-drlocal,drlocal,3,dr,dr|fast-balanced-panel|panel,1,400,50,aggregation,0
s6-inproc-drlocal,drlocal,3,dr,dr|fast-balanced-panel|panel,1,400,50,unprofiled,.4940000000000002
s6-inproc-drlocal,drlocal,3,dr,dr|fast-balanced-panel|panel,1,400,50,total,2.067
s6-inproc-drlocal,drlocal,3,dr_rc,dr|fast-repeated-cross-section|repeated-cross-section,2,400,50,setup,.2420000000000002
s6-inproc-drlocal,drlocal,3,dr_rc,dr|fast-repeated-cross-section|repeated-cross-section,2,400,50,cell_extract,.037
s6-inproc-drlocal,drlocal,3,dr_rc,dr|fast-repeated-cross-section|repeated-cross-section,2,400,50,model_fit,2.906000000000001
s6-inproc-drlocal,drlocal,3,dr_rc,dr|fast-repeated-cross-section|repeated-cross-section,2,400,50,if_assembly,.2040000000000001
s6-inproc-drlocal,drlocal,3,dr_rc,dr|fast-repeated-cross-section|repeated-cross-section,2,400,50,cache_post,.003
s6-inproc-drlocal,drlocal,3,dr_rc,dr|fast-repeated-cross-section|repeated-cross-section,2,400,50,cluster,0
s6-inproc-drlocal,drlocal,3,dr_rc,dr|fast-repeated-cross-section|repeated-cross-section,2,400,50,bootstrap,0
s6-inproc-drlocal,drlocal,3,dr_rc,dr|fast-repeated-cross-section|repeated-cross-section,2,400,50,aggregation,0
s6-inproc-drlocal,drlocal,3,dr_rc,dr|fast-repeated-cross-section|repeated-cross-section,2,400,50,unprofiled,.6859999999999986
s6-inproc-drlocal,drlocal,3,dr_rc,dr|fast-repeated-cross-section|repeated-cross-section,2,400,50,total,4.077999999999999
s6-inproc-drlocal,drlocal,3,reg,reg|fast-balanced-panel|panel,3,400,50,setup,.1280000000000001
s6-inproc-drlocal,drlocal,3,reg,reg|fast-balanced-panel|panel,3,400,50,cell_extract,0
s6-inproc-drlocal,drlocal,3,reg,reg|fast-balanced-panel|panel,3,400,50,model_fit,.4100000000000003
s6-inproc-drlocal,drlocal,3,reg,reg|fast-balanced-panel|panel,3,400,50,if_assembly,.036
s6-inproc-drlocal,drlocal,3,reg,reg|fast-balanced-panel|panel,3,400,50,cache_post,.001
s6-inproc-drlocal,drlocal,3,reg,reg|fast-balanced-panel|panel,3,400,50,cluster,0
s6-inproc-drlocal,drlocal,3,reg,reg|fast-balanced-panel|panel,3,400,50,bootstrap,0
s6-inproc-drlocal,drlocal,3,reg,reg|fast-balanced-panel|panel,3,400,50,aggregation,0
s6-inproc-drlocal,drlocal,3,reg,reg|fast-balanced-panel|panel,3,400,50,unprofiled,.5459999999999995
s6-inproc-drlocal,drlocal,3,reg,reg|fast-balanced-panel|panel,3,400,50,total,1.121
s6-inproc-drlocal,drlocal,3,ipw,ipw|fast-balanced-panel|panel,4,400,50,setup,.1280000000000001
s6-inproc-drlocal,drlocal,3,ipw,ipw|fast-balanced-panel|panel,4,400,50,cell_extract,0
s6-inproc-drlocal,drlocal,3,ipw,ipw|fast-balanced-panel|panel,4,400,50,model_fit,.9920000000000008
s6-inproc-drlocal,drlocal,3,ipw,ipw|fast-balanced-panel|panel,4,400,50,if_assembly,.0720000000000001
s6-inproc-drlocal,drlocal,3,ipw,ipw|fast-balanced-panel|panel,4,400,50,cache_post,.001
s6-inproc-drlocal,drlocal,3,ipw,ipw|fast-balanced-panel|panel,4,400,50,cluster,0
s6-inproc-drlocal,drlocal,3,ipw,ipw|fast-balanced-panel|panel,4,400,50,bootstrap,0
s6-inproc-drlocal,drlocal,3,ipw,ipw|fast-balanced-panel|panel,4,400,50,aggregation,0
s6-inproc-drlocal,drlocal,3,ipw,ipw|fast-balanced-panel|panel,4,400,50,unprofiled,.540999999999999
s6-inproc-drlocal,drlocal,3,ipw,ipw|fast-balanced-panel|panel,4,400,50,total,1.734
s6-inproc-drlocal,head,3,dr,dr|fast-balanced-panel|panel,1,400,50,setup,.1270000000000001
s6-inproc-drlocal,head,3,dr,dr|fast-balanced-panel|panel,1,400,50,cell_extract,0
s6-inproc-drlocal,head,3,dr,dr|fast-balanced-panel|panel,1,400,50,model_fit,1.383
s6-inproc-drlocal,head,3,dr,dr|fast-balanced-panel|panel,1,400,50,if_assembly,.045
s6-inproc-drlocal,head,3,dr,dr|fast-balanced-panel|panel,1,400,50,cache_post,.001
s6-inproc-drlocal,head,3,dr,dr|fast-balanced-panel|panel,1,400,50,cluster,0
s6-inproc-drlocal,head,3,dr,dr|fast-balanced-panel|panel,1,400,50,bootstrap,0
s6-inproc-drlocal,head,3,dr,dr|fast-balanced-panel|panel,1,400,50,aggregation,0
s6-inproc-drlocal,head,3,dr,dr|fast-balanced-panel|panel,1,400,50,unprofiled,.52
s6-inproc-drlocal,head,3,dr,dr|fast-balanced-panel|panel,1,400,50,total,2.076
s6-inproc-drlocal,head,3,dr_rc,dr|fast-repeated-cross-section|repeated-cross-section,2,400,50,setup,.2430000000000002
s6-inproc-drlocal,head,3,dr_rc,dr|fast-repeated-cross-section|repeated-cross-section,2,400,50,cell_extract,.036
s6-inproc-drlocal,head,3,dr_rc,dr|fast-repeated-cross-section|repeated-cross-section,2,400,50,model_fit,2.907000000000001
s6-inproc-drlocal,head,3,dr_rc,dr|fast-repeated-cross-section|repeated-cross-section,2,400,50,if_assembly,.2340000000000002
s6-inproc-drlocal,head,3,dr_rc,dr|fast-repeated-cross-section|repeated-cross-section,2,400,50,cache_post,.005
s6-inproc-drlocal,head,3,dr_rc,dr|fast-repeated-cross-section|repeated-cross-section,2,400,50,cluster,0
s6-inproc-drlocal,head,3,dr_rc,dr|fast-repeated-cross-section|repeated-cross-section,2,400,50,bootstrap,0
s6-inproc-drlocal,head,3,dr_rc,dr|fast-repeated-cross-section|repeated-cross-section,2,400,50,aggregation,0
s6-inproc-drlocal,head,3,dr_rc,dr|fast-repeated-cross-section|repeated-cross-section,2,400,50,unprofiled,.6699999999999977
s6-inproc-drlocal,head,3,dr_rc,dr|fast-repeated-cross-section|repeated-cross-section,2,400,50,total,4.094999999999999
s6-inproc-drlocal,head,3,reg,reg|fast-balanced-panel|panel,3,400,50,setup,.1280000000000001
s6-inproc-drlocal,head,3,reg,reg|fast-balanced-panel|panel,3,400,50,cell_extract,0
s6-inproc-drlocal,head,3,reg,reg|fast-balanced-panel|panel,3,400,50,model_fit,.3820000000000003
s6-inproc-drlocal,head,3,reg,reg|fast-balanced-panel|panel,3,400,50,if_assembly,.06
s6-inproc-drlocal,head,3,reg,reg|fast-balanced-panel|panel,3,400,50,cache_post,.002
s6-inproc-drlocal,head,3,reg,reg|fast-balanced-panel|panel,3,400,50,cluster,0
s6-inproc-drlocal,head,3,reg,reg|fast-balanced-panel|panel,3,400,50,bootstrap,0
s6-inproc-drlocal,head,3,reg,reg|fast-balanced-panel|panel,3,400,50,aggregation,0
s6-inproc-drlocal,head,3,reg,reg|fast-balanced-panel|panel,3,400,50,unprofiled,.5449999999999995
s6-inproc-drlocal,head,3,reg,reg|fast-balanced-panel|panel,3,400,50,total,1.117
s6-inproc-drlocal,head,3,ipw,ipw|fast-balanced-panel|panel,4,400,50,setup,.1330000000000001
s6-inproc-drlocal,head,3,ipw,ipw|fast-balanced-panel|panel,4,400,50,cell_extract,0
s6-inproc-drlocal,head,3,ipw,ipw|fast-balanced-panel|panel,4,400,50,model_fit,.9960000000000008
s6-inproc-drlocal,head,3,ipw,ipw|fast-balanced-panel|panel,4,400,50,if_assembly,.057
s6-inproc-drlocal,head,3,ipw,ipw|fast-balanced-panel|panel,4,400,50,cache_post,.003
s6-inproc-drlocal,head,3,ipw,ipw|fast-balanced-panel|panel,4,400,50,cluster,0
s6-inproc-drlocal,head,3,ipw,ipw|fast-balanced-panel|panel,4,400,50,bootstrap,0
s6-inproc-drlocal,head,3,ipw,ipw|fast-balanced-panel|panel,4,400,50,aggregation,0
s6-inproc-drlocal,head,3,ipw,ipw|fast-balanced-panel|panel,4,400,50,unprofiled,.5439999999999992
s6-inproc-drlocal,head,3,ipw,ipw|fast-balanced-panel|panel,4,400,50,total,1.733
s6-inproc-drlocal,base,4,dr,dr|fast-balanced-panel|panel,1,400,50,setup,.1190000000000001
s6-inproc-drlocal,base,4,dr,dr|fast-balanced-panel|panel,1,400,50,cell_extract,0
s6-inproc-drlocal,base,4,dr,dr|fast-balanced-panel|panel,1,400,50,model_fit,1.415
s6-inproc-drlocal,base,4,dr,dr|fast-balanced-panel|panel,1,400,50,if_assembly,.04
s6-inproc-drlocal,base,4,dr,dr|fast-balanced-panel|panel,1,400,50,cache_post,.001
s6-inproc-drlocal,base,4,dr,dr|fast-balanced-panel|panel,1,400,50,cluster,0
s6-inproc-drlocal,base,4,dr,dr|fast-balanced-panel|panel,1,400,50,bootstrap,0
s6-inproc-drlocal,base,4,dr,dr|fast-balanced-panel|panel,1,400,50,aggregation,0
s6-inproc-drlocal,base,4,dr,dr|fast-balanced-panel|panel,1,400,50,unprofiled,.514
s6-inproc-drlocal,base,4,dr,dr|fast-balanced-panel|panel,1,400,50,total,2.089
s6-inproc-drlocal,base,4,ipw,ipw|fast-balanced-panel|panel,2,400,50,setup,.1220000000000001
s6-inproc-drlocal,base,4,ipw,ipw|fast-balanced-panel|panel,2,400,50,cell_extract,0
s6-inproc-drlocal,base,4,ipw,ipw|fast-balanced-panel|panel,2,400,50,model_fit,.9930000000000008
s6-inproc-drlocal,base,4,ipw,ipw|fast-balanced-panel|panel,2,400,50,if_assembly,.07
s6-inproc-drlocal,base,4,ipw,ipw|fast-balanced-panel|panel,2,400,50,cache_post,.004
s6-inproc-drlocal,base,4,ipw,ipw|fast-balanced-panel|panel,2,400,50,cluster,0
s6-inproc-drlocal,base,4,ipw,ipw|fast-balanced-panel|panel,2,400,50,bootstrap,0
s6-inproc-drlocal,base,4,ipw,ipw|fast-balanced-panel|panel,2,400,50,aggregation,0
s6-inproc-drlocal,base,4,ipw,ipw|fast-balanced-panel|panel,2,400,50,unprofiled,.5090000000000001
s6-inproc-drlocal,base,4,ipw,ipw|fast-balanced-panel|panel,2,400,50,total,1.698000000000001
s6-inproc-drlocal,base,4,reg,reg|fast-balanced-panel|panel,3,400,50,setup,.1280000000000001
s6-inproc-drlocal,base,4,reg,reg|fast-balanced-panel|panel,3,400,50,cell_extract,0
s6-inproc-drlocal,base,4,reg,reg|fast-balanced-panel|panel,3,400,50,model_fit,.3830000000000003
s6-inproc-drlocal,base,4,reg,reg|fast-balanced-panel|panel,3,400,50,if_assembly,.059
s6-inproc-drlocal,base,4,reg,reg|fast-balanced-panel|panel,3,400,50,cache_post,.001
s6-inproc-drlocal,base,4,reg,reg|fast-balanced-panel|panel,3,400,50,cluster,0
s6-inproc-drlocal,base,4,reg,reg|fast-balanced-panel|panel,3,400,50,bootstrap,0
s6-inproc-drlocal,base,4,reg,reg|fast-balanced-panel|panel,3,400,50,aggregation,0
s6-inproc-drlocal,base,4,reg,reg|fast-balanced-panel|panel,3,400,50,unprofiled,.5179999999999997
s6-inproc-drlocal,base,4,reg,reg|fast-balanced-panel|panel,3,400,50,total,1.089
s6-inproc-drlocal,base,4,dr_rc,dr|fast-repeated-cross-section|repeated-cross-section,4,400,50,setup,.2450000000000001
s6-inproc-drlocal,base,4,dr_rc,dr|fast-repeated-cross-section|repeated-cross-section,4,400,50,cell_extract,.1000000000000001
s6-inproc-drlocal,base,4,dr_rc,dr|fast-repeated-cross-section|repeated-cross-section,4,400,50,model_fit,2.976
s6-inproc-drlocal,base,4,dr_rc,dr|fast-repeated-cross-section|repeated-cross-section,4,400,50,if_assembly,.1960000000000001
s6-inproc-drlocal,base,4,dr_rc,dr|fast-repeated-cross-section|repeated-cross-section,4,400,50,cache_post,.004
s6-inproc-drlocal,base,4,dr_rc,dr|fast-repeated-cross-section|repeated-cross-section,4,400,50,cluster,0
s6-inproc-drlocal,base,4,dr_rc,dr|fast-repeated-cross-section|repeated-cross-section,4,400,50,bootstrap,0
s6-inproc-drlocal,base,4,dr_rc,dr|fast-repeated-cross-section|repeated-cross-section,4,400,50,aggregation,0
s6-inproc-drlocal,base,4,dr_rc,dr|fast-repeated-cross-section|repeated-cross-section,4,400,50,unprofiled,.676000000000001
s6-inproc-drlocal,base,4,dr_rc,dr|fast-repeated-cross-section|repeated-cross-section,4,400,50,total,4.197000000000001
s6-inproc-drlocal,head,4,dr,dr|fast-balanced-panel|panel,1,400,50,setup,.1300000000000001
s6-inproc-drlocal,head,4,dr,dr|fast-balanced-panel|panel,1,400,50,cell_extract,0
s6-inproc-drlocal,head,4,dr,dr|fast-balanced-panel|panel,1,400,50,model_fit,1.375
s6-inproc-drlocal,head,4,dr,dr|fast-balanced-panel|panel,1,400,50,if_assembly,.054
s6-inproc-drlocal,head,4,dr,dr|fast-balanced-panel|panel,1,400,50,cache_post,.002
s6-inproc-drlocal,head,4,dr,dr|fast-balanced-panel|panel,1,400,50,cluster,0
s6-inproc-drlocal,head,4,dr,dr|fast-balanced-panel|panel,1,400,50,bootstrap,0
s6-inproc-drlocal,head,4,dr,dr|fast-balanced-panel|panel,1,400,50,aggregation,0
s6-inproc-drlocal,head,4,dr,dr|fast-balanced-panel|panel,1,400,50,unprofiled,.5070000000000001
s6-inproc-drlocal,head,4,dr,dr|fast-balanced-panel|panel,1,400,50,total,2.068
s6-inproc-drlocal,head,4,ipw,ipw|fast-balanced-panel|panel,2,400,50,setup,.1260000000000001
s6-inproc-drlocal,head,4,ipw,ipw|fast-balanced-panel|panel,2,400,50,cell_extract,0
s6-inproc-drlocal,head,4,ipw,ipw|fast-balanced-panel|panel,2,400,50,model_fit,1.011000000000001
s6-inproc-drlocal,head,4,ipw,ipw|fast-balanced-panel|panel,2,400,50,if_assembly,.046
s6-inproc-drlocal,head,4,ipw,ipw|fast-balanced-panel|panel,2,400,50,cache_post,.002
s6-inproc-drlocal,head,4,ipw,ipw|fast-balanced-panel|panel,2,400,50,cluster,0
s6-inproc-drlocal,head,4,ipw,ipw|fast-balanced-panel|panel,2,400,50,bootstrap,0
s6-inproc-drlocal,head,4,ipw,ipw|fast-balanced-panel|panel,2,400,50,aggregation,0
s6-inproc-drlocal,head,4,ipw,ipw|fast-balanced-panel|panel,2,400,50,unprofiled,.498999999999999
s6-inproc-drlocal,head,4,ipw,ipw|fast-balanced-panel|panel,2,400,50,total,1.684
s6-inproc-drlocal,head,4,reg,reg|fast-balanced-panel|panel,3,400,50,setup,.1230000000000001
s6-inproc-drlocal,head,4,reg,reg|fast-balanced-panel|panel,3,400,50,cell_extract,0
s6-inproc-drlocal,head,4,reg,reg|fast-balanced-panel|panel,3,400,50,model_fit,.3910000000000003
s6-inproc-drlocal,head,4,reg,reg|fast-balanced-panel|panel,3,400,50,if_assembly,.058
s6-inproc-drlocal,head,4,reg,reg|fast-balanced-panel|panel,3,400,50,cache_post,.002
s6-inproc-drlocal,head,4,reg,reg|fast-balanced-panel|panel,3,400,50,cluster,0
s6-inproc-drlocal,head,4,reg,reg|fast-balanced-panel|panel,3,400,50,bootstrap,0
s6-inproc-drlocal,head,4,reg,reg|fast-balanced-panel|panel,3,400,50,aggregation,0
s6-inproc-drlocal,head,4,reg,reg|fast-balanced-panel|panel,3,400,50,unprofiled,.4929999999999995
s6-inproc-drlocal,head,4,reg,reg|fast-balanced-panel|panel,3,400,50,total,1.067
s6-inproc-drlocal,head,4,dr_rc,dr|fast-repeated-cross-section|repeated-cross-section,4,400,50,setup,.2430000000000001
s6-inproc-drlocal,head,4,dr_rc,dr|fast-repeated-cross-section|repeated-cross-section,4,400,50,cell_extract,.042
s6-inproc-drlocal,head,4,dr_rc,dr|fast-repeated-cross-section|repeated-cross-section,4,400,50,model_fit,2.899
s6-inproc-drlocal,head,4,dr_rc,dr|fast-repeated-cross-section|repeated-cross-section,4,400,50,if_assembly,.2210000000000001
s6-inproc-drlocal,head,4,dr_rc,dr|fast-repeated-cross-section|repeated-cross-section,4,400,50,cache_post,.004
s6-inproc-drlocal,head,4,dr_rc,dr|fast-repeated-cross-section|repeated-cross-section,4,400,50,cluster,0
s6-inproc-drlocal,head,4,dr_rc,dr|fast-repeated-cross-section|repeated-cross-section,4,400,50,bootstrap,0
s6-inproc-drlocal,head,4,dr_rc,dr|fast-repeated-cross-section|repeated-cross-section,4,400,50,aggregation,0
s6-inproc-drlocal,head,4,dr_rc,dr|fast-repeated-cross-section|repeated-cross-section,4,400,50,unprofiled,.6749999999999998
s6-inproc-drlocal,head,4,dr_rc,dr|fast-repeated-cross-section|repeated-cross-section,4,400,50,total,4.084
s6-inproc-drlocal,drlocal,4,dr,dr|fast-balanced-panel|panel,1,400,50,setup,.1250000000000001
s6-inproc-drlocal,drlocal,4,dr,dr|fast-balanced-panel|panel,1,400,50,cell_extract,0
s6-inproc-drlocal,drlocal,4,dr,dr|fast-balanced-panel|panel,1,400,50,model_fit,1.359
s6-inproc-drlocal,drlocal,4,dr,dr|fast-balanced-panel|panel,1,400,50,if_assembly,.072
s6-inproc-drlocal,drlocal,4,dr,dr|fast-balanced-panel|panel,1,400,50,cache_post,.001
s6-inproc-drlocal,drlocal,4,dr,dr|fast-balanced-panel|panel,1,400,50,cluster,0
s6-inproc-drlocal,drlocal,4,dr,dr|fast-balanced-panel|panel,1,400,50,bootstrap,0
s6-inproc-drlocal,drlocal,4,dr,dr|fast-balanced-panel|panel,1,400,50,aggregation,0
s6-inproc-drlocal,drlocal,4,dr,dr|fast-balanced-panel|panel,1,400,50,unprofiled,.4999999999999991
s6-inproc-drlocal,drlocal,4,dr,dr|fast-balanced-panel|panel,1,400,50,total,2.056999999999999
s6-inproc-drlocal,drlocal,4,ipw,ipw|fast-balanced-panel|panel,2,400,50,setup,.1360000000000001
s6-inproc-drlocal,drlocal,4,ipw,ipw|fast-balanced-panel|panel,2,400,50,cell_extract,0
s6-inproc-drlocal,drlocal,4,ipw,ipw|fast-balanced-panel|panel,2,400,50,model_fit,.9640000000000007
s6-inproc-drlocal,drlocal,4,ipw,ipw|fast-balanced-panel|panel,2,400,50,if_assembly,.065
s6-inproc-drlocal,drlocal,4,ipw,ipw|fast-balanced-panel|panel,2,400,50,cache_post,.001
s6-inproc-drlocal,drlocal,4,ipw,ipw|fast-balanced-panel|panel,2,400,50,cluster,0
s6-inproc-drlocal,drlocal,4,ipw,ipw|fast-balanced-panel|panel,2,400,50,bootstrap,0
s6-inproc-drlocal,drlocal,4,ipw,ipw|fast-balanced-panel|panel,2,400,50,aggregation,0
s6-inproc-drlocal,drlocal,4,ipw,ipw|fast-balanced-panel|panel,2,400,50,unprofiled,.522999999999999
s6-inproc-drlocal,drlocal,4,ipw,ipw|fast-balanced-panel|panel,2,400,50,total,1.689
s6-inproc-drlocal,drlocal,4,reg,reg|fast-balanced-panel|panel,3,400,50,setup,.1260000000000001
s6-inproc-drlocal,drlocal,4,reg,reg|fast-balanced-panel|panel,3,400,50,cell_extract,0
s6-inproc-drlocal,drlocal,4,reg,reg|fast-balanced-panel|panel,3,400,50,model_fit,.3670000000000003
s6-inproc-drlocal,drlocal,4,reg,reg|fast-balanced-panel|panel,3,400,50,if_assembly,.069
s6-inproc-drlocal,drlocal,4,reg,reg|fast-balanced-panel|panel,3,400,50,cache_post,.004
s6-inproc-drlocal,drlocal,4,reg,reg|fast-balanced-panel|panel,3,400,50,cluster,0
s6-inproc-drlocal,drlocal,4,reg,reg|fast-balanced-panel|panel,3,400,50,bootstrap,0
s6-inproc-drlocal,drlocal,4,reg,reg|fast-balanced-panel|panel,3,400,50,aggregation,0
s6-inproc-drlocal,drlocal,4,reg,reg|fast-balanced-panel|panel,3,400,50,unprofiled,.5049999999999996
s6-inproc-drlocal,drlocal,4,reg,reg|fast-balanced-panel|panel,3,400,50,total,1.071
s6-inproc-drlocal,drlocal,4,dr_rc,dr|fast-repeated-cross-section|repeated-cross-section,4,400,50,setup,.2460000000000001
s6-inproc-drlocal,drlocal,4,dr_rc,dr|fast-repeated-cross-section|repeated-cross-section,4,400,50,cell_extract,.036
s6-inproc-drlocal,drlocal,4,dr_rc,dr|fast-repeated-cross-section|repeated-cross-section,4,400,50,model_fit,2.906000000000001
s6-inproc-drlocal,drlocal,4,dr_rc,dr|fast-repeated-cross-section|repeated-cross-section,4,400,50,if_assembly,.2170000000000001
s6-inproc-drlocal,drlocal,4,dr_rc,dr|fast-repeated-cross-section|repeated-cross-section,4,400,50,cache_post,.005
s6-inproc-drlocal,drlocal,4,dr_rc,dr|fast-repeated-cross-section|repeated-cross-section,4,400,50,cluster,0
s6-inproc-drlocal,drlocal,4,dr_rc,dr|fast-repeated-cross-section|repeated-cross-section,4,400,50,bootstrap,0
s6-inproc-drlocal,drlocal,4,dr_rc,dr|fast-repeated-cross-section|repeated-cross-section,4,400,50,aggregation,0
s6-inproc-drlocal,drlocal,4,dr_rc,dr|fast-repeated-cross-section|repeated-cross-section,4,400,50,unprofiled,.655999999999997
s6-inproc-drlocal,drlocal,4,dr_rc,dr|fast-repeated-cross-section|repeated-cross-section,4,400,50,total,4.065999999999998
s6-inproc-drlocal,head,5,reg,reg|fast-balanced-panel|panel,1,400,50,setup,.1250000000000001
s6-inproc-drlocal,head,5,reg,reg|fast-balanced-panel|panel,1,400,50,cell_extract,0
s6-inproc-drlocal,head,5,reg,reg|fast-balanced-panel|panel,1,400,50,model_fit,.3880000000000003
s6-inproc-drlocal,head,5,reg,reg|fast-balanced-panel|panel,1,400,50,if_assembly,.048
s6-inproc-drlocal,head,5,reg,reg|fast-balanced-panel|panel,1,400,50,cache_post,.001
s6-inproc-drlocal,head,5,reg,reg|fast-balanced-panel|panel,1,400,50,cluster,0
s6-inproc-drlocal,head,5,reg,reg|fast-balanced-panel|panel,1,400,50,bootstrap,0
s6-inproc-drlocal,head,5,reg,reg|fast-balanced-panel|panel,1,400,50,aggregation,0
s6-inproc-drlocal,head,5,reg,reg|fast-balanced-panel|panel,1,400,50,unprofiled,.4999999999999997
s6-inproc-drlocal,head,5,reg,reg|fast-balanced-panel|panel,1,400,50,total,1.062
s6-inproc-drlocal,head,5,ipw,ipw|fast-balanced-panel|panel,2,400,50,setup,.1260000000000001
s6-inproc-drlocal,head,5,ipw,ipw|fast-balanced-panel|panel,2,400,50,cell_extract,0
s6-inproc-drlocal,head,5,ipw,ipw|fast-balanced-panel|panel,2,400,50,model_fit,1.018000000000001
s6-inproc-drlocal,head,5,ipw,ipw|fast-balanced-panel|panel,2,400,50,if_assembly,.044
s6-inproc-drlocal,head,5,ipw,ipw|fast-balanced-panel|panel,2,400,50,cache_post,.002
s6-inproc-drlocal,head,5,ipw,ipw|fast-balanced-panel|panel,2,400,50,cluster,0
s6-inproc-drlocal,head,5,ipw,ipw|fast-balanced-panel|panel,2,400,50,bootstrap,0
s6-inproc-drlocal,head,5,ipw,ipw|fast-balanced-panel|panel,2,400,50,aggregation,0
s6-inproc-drlocal,head,5,ipw,ipw|fast-balanced-panel|panel,2,400,50,unprofiled,.492999999999999
s6-inproc-drlocal,head,5,ipw,ipw|fast-balanced-panel|panel,2,400,50,total,1.683
s6-inproc-drlocal,head,5,dr,dr|fast-balanced-panel|panel,3,400,50,setup,.1190000000000001
s6-inproc-drlocal,head,5,dr,dr|fast-balanced-panel|panel,3,400,50,cell_extract,0
s6-inproc-drlocal,head,5,dr,dr|fast-balanced-panel|panel,3,400,50,model_fit,1.389000000000001
s6-inproc-drlocal,head,5,dr,dr|fast-balanced-panel|panel,3,400,50,if_assembly,.046
s6-inproc-drlocal,head,5,dr,dr|fast-balanced-panel|panel,3,400,50,cache_post,.004
s6-inproc-drlocal,head,5,dr,dr|fast-balanced-panel|panel,3,400,50,cluster,0
s6-inproc-drlocal,head,5,dr,dr|fast-balanced-panel|panel,3,400,50,bootstrap,0
s6-inproc-drlocal,head,5,dr,dr|fast-balanced-panel|panel,3,400,50,aggregation,0
s6-inproc-drlocal,head,5,dr,dr|fast-balanced-panel|panel,3,400,50,unprofiled,.5179999999999982
s6-inproc-drlocal,head,5,dr,dr|fast-balanced-panel|panel,3,400,50,total,2.075999999999999
s6-inproc-drlocal,head,5,dr_rc,dr|fast-repeated-cross-section|repeated-cross-section,4,400,50,setup,.2470000000000001
s6-inproc-drlocal,head,5,dr_rc,dr|fast-repeated-cross-section|repeated-cross-section,4,400,50,cell_extract,.032
s6-inproc-drlocal,head,5,dr_rc,dr|fast-repeated-cross-section|repeated-cross-section,4,400,50,model_fit,2.906000000000001
s6-inproc-drlocal,head,5,dr_rc,dr|fast-repeated-cross-section|repeated-cross-section,4,400,50,if_assembly,.2220000000000001
s6-inproc-drlocal,head,5,dr_rc,dr|fast-repeated-cross-section|repeated-cross-section,4,400,50,cache_post,.003
s6-inproc-drlocal,head,5,dr_rc,dr|fast-repeated-cross-section|repeated-cross-section,4,400,50,cluster,0
s6-inproc-drlocal,head,5,dr_rc,dr|fast-repeated-cross-section|repeated-cross-section,4,400,50,bootstrap,0
s6-inproc-drlocal,head,5,dr_rc,dr|fast-repeated-cross-section|repeated-cross-section,4,400,50,aggregation,0
s6-inproc-drlocal,head,5,dr_rc,dr|fast-repeated-cross-section|repeated-cross-section,4,400,50,unprofiled,.692999999999997
s6-inproc-drlocal,head,5,dr_rc,dr|fast-repeated-cross-section|repeated-cross-section,4,400,50,total,4.102999999999998
s6-inproc-drlocal,base,5,reg,reg|fast-balanced-panel|panel,1,400,50,setup,.1280000000000001
s6-inproc-drlocal,base,5,reg,reg|fast-balanced-panel|panel,1,400,50,cell_extract,0
s6-inproc-drlocal,base,5,reg,reg|fast-balanced-panel|panel,1,400,50,model_fit,.3820000000000003
s6-inproc-drlocal,base,5,reg,reg|fast-balanced-panel|panel,1,400,50,if_assembly,.054
s6-inproc-drlocal,base,5,reg,reg|fast-balanced-panel|panel,1,400,50,cache_post,.002
s6-inproc-drlocal,base,5,reg,reg|fast-balanced-panel|panel,1,400,50,cluster,0
s6-inproc-drlocal,base,5,reg,reg|fast-balanced-panel|panel,1,400,50,bootstrap,0
s6-inproc-drlocal,base,5,reg,reg|fast-balanced-panel|panel,1,400,50,aggregation,0
s6-inproc-drlocal,base,5,reg,reg|fast-balanced-panel|panel,1,400,50,unprofiled,.4989999999999994
s6-inproc-drlocal,base,5,reg,reg|fast-balanced-panel|panel,1,400,50,total,1.065
s6-inproc-drlocal,base,5,ipw,ipw|fast-balanced-panel|panel,2,400,50,setup,.1280000000000001
s6-inproc-drlocal,base,5,ipw,ipw|fast-balanced-panel|panel,2,400,50,cell_extract,0
s6-inproc-drlocal,base,5,ipw,ipw|fast-balanced-panel|panel,2,400,50,model_fit,.9950000000000008
s6-inproc-drlocal,base,5,ipw,ipw|fast-balanced-panel|panel,2,400,50,if_assembly,.046
s6-inproc-drlocal,base,5,ipw,ipw|fast-balanced-panel|panel,2,400,50,cache_post,.001
s6-inproc-drlocal,base,5,ipw,ipw|fast-balanced-panel|panel,2,400,50,cluster,0
s6-inproc-drlocal,base,5,ipw,ipw|fast-balanced-panel|panel,2,400,50,bootstrap,0
s6-inproc-drlocal,base,5,ipw,ipw|fast-balanced-panel|panel,2,400,50,aggregation,0
s6-inproc-drlocal,base,5,ipw,ipw|fast-balanced-panel|panel,2,400,50,unprofiled,.5189999999999999
s6-inproc-drlocal,base,5,ipw,ipw|fast-balanced-panel|panel,2,400,50,total,1.689000000000001
s6-inproc-drlocal,base,5,dr,dr|fast-balanced-panel|panel,3,400,50,setup,.1250000000000001
s6-inproc-drlocal,base,5,dr,dr|fast-balanced-panel|panel,3,400,50,cell_extract,0
s6-inproc-drlocal,base,5,dr,dr|fast-balanced-panel|panel,3,400,50,model_fit,1.381
s6-inproc-drlocal,base,5,dr,dr|fast-balanced-panel|panel,3,400,50,if_assembly,.052
s6-inproc-drlocal,base,5,dr,dr|fast-balanced-panel|panel,3,400,50,cache_post,.006
s6-inproc-drlocal,base,5,dr,dr|fast-balanced-panel|panel,3,400,50,cluster,0
s6-inproc-drlocal,base,5,dr,dr|fast-balanced-panel|panel,3,400,50,bootstrap,0
s6-inproc-drlocal,base,5,dr,dr|fast-balanced-panel|panel,3,400,50,aggregation,0
s6-inproc-drlocal,base,5,dr,dr|fast-balanced-panel|panel,3,400,50,unprofiled,.5099999999999989
s6-inproc-drlocal,base,5,dr,dr|fast-balanced-panel|panel,3,400,50,total,2.073999999999999
s6-inproc-drlocal,base,5,dr_rc,dr|fast-repeated-cross-section|repeated-cross-section,4,400,50,setup,.2450000000000001
s6-inproc-drlocal,base,5,dr_rc,dr|fast-repeated-cross-section|repeated-cross-section,4,400,50,cell_extract,.0990000000000001
s6-inproc-drlocal,base,5,dr_rc,dr|fast-repeated-cross-section|repeated-cross-section,4,400,50,model_fit,2.907000000000001
s6-inproc-drlocal,base,5,dr_rc,dr|fast-repeated-cross-section|repeated-cross-section,4,400,50,if_assembly,.2060000000000001
s6-inproc-drlocal,base,5,dr_rc,dr|fast-repeated-cross-section|repeated-cross-section,4,400,50,cache_post,.005
s6-inproc-drlocal,base,5,dr_rc,dr|fast-repeated-cross-section|repeated-cross-section,4,400,50,cluster,0
s6-inproc-drlocal,base,5,dr_rc,dr|fast-repeated-cross-section|repeated-cross-section,4,400,50,bootstrap,0
s6-inproc-drlocal,base,5,dr_rc,dr|fast-repeated-cross-section|repeated-cross-section,4,400,50,aggregation,0
s6-inproc-drlocal,base,5,dr_rc,dr|fast-repeated-cross-section|repeated-cross-section,4,400,50,unprofiled,.7019999999999995
s6-inproc-drlocal,base,5,dr_rc,dr|fast-repeated-cross-section|repeated-cross-section,4,400,50,total,4.164000000000001
s6-inproc-drlocal,drlocal,5,reg,reg|fast-balanced-panel|panel,1,400,50,setup,.1240000000000001
s6-inproc-drlocal,drlocal,5,reg,reg|fast-balanced-panel|panel,1,400,50,cell_extract,0
s6-inproc-drlocal,drlocal,5,reg,reg|fast-balanced-panel|panel,1,400,50,model_fit,.4010000000000003
s6-inproc-drlocal,drlocal,5,reg,reg|fast-balanced-panel|panel,1,400,50,if_assembly,.051
s6-inproc-drlocal,drlocal,5,reg,reg|fast-balanced-panel|panel,1,400,50,cache_post,.001
s6-inproc-drlocal,drlocal,5,reg,reg|fast-balanced-panel|panel,1,400,50,cluster,0
s6-inproc-drlocal,drlocal,5,reg,reg|fast-balanced-panel|panel,1,400,50,bootstrap,0
s6-inproc-drlocal,drlocal,5,reg,reg|fast-balanced-panel|panel,1,400,50,aggregation,0
s6-inproc-drlocal,drlocal,5,reg,reg|fast-balanced-panel|panel,1,400,50,unprofiled,.4919999999999995
s6-inproc-drlocal,drlocal,5,reg,reg|fast-balanced-panel|panel,1,400,50,total,1.069
s6-inproc-drlocal,drlocal,5,ipw,ipw|fast-balanced-panel|panel,2,400,50,setup,.1290000000000001
s6-inproc-drlocal,drlocal,5,ipw,ipw|fast-balanced-panel|panel,2,400,50,cell_extract,0
s6-inproc-drlocal,drlocal,5,ipw,ipw|fast-balanced-panel|panel,2,400,50,model_fit,.9890000000000008
s6-inproc-drlocal,drlocal,5,ipw,ipw|fast-balanced-panel|panel,2,400,50,if_assembly,.06
s6-inproc-drlocal,drlocal,5,ipw,ipw|fast-balanced-panel|panel,2,400,50,cache_post,.001
s6-inproc-drlocal,drlocal,5,ipw,ipw|fast-balanced-panel|panel,2,400,50,cluster,0
s6-inproc-drlocal,drlocal,5,ipw,ipw|fast-balanced-panel|panel,2,400,50,bootstrap,0
s6-inproc-drlocal,drlocal,5,ipw,ipw|fast-balanced-panel|panel,2,400,50,aggregation,0
s6-inproc-drlocal,drlocal,5,ipw,ipw|fast-balanced-panel|panel,2,400,50,unprofiled,.5139999999999991
s6-inproc-drlocal,drlocal,5,ipw,ipw|fast-balanced-panel|panel,2,400,50,total,1.693
s6-inproc-drlocal,drlocal,5,dr,dr|fast-balanced-panel|panel,3,400,50,setup,.1310000000000001
s6-inproc-drlocal,drlocal,5,dr,dr|fast-balanced-panel|panel,3,400,50,cell_extract,0
s6-inproc-drlocal,drlocal,5,dr,dr|fast-balanced-panel|panel,3,400,50,model_fit,1.374
s6-inproc-drlocal,drlocal,5,dr,dr|fast-balanced-panel|panel,3,400,50,if_assembly,.051
s6-inproc-drlocal,drlocal,5,dr,dr|fast-balanced-panel|panel,3,400,50,cache_post,.003
s6-inproc-drlocal,drlocal,5,dr,dr|fast-balanced-panel|panel,3,400,50,cluster,0
s6-inproc-drlocal,drlocal,5,dr,dr|fast-balanced-panel|panel,3,400,50,bootstrap,0
s6-inproc-drlocal,drlocal,5,dr,dr|fast-balanced-panel|panel,3,400,50,aggregation,0
s6-inproc-drlocal,drlocal,5,dr,dr|fast-balanced-panel|panel,3,400,50,unprofiled,.5130000000000001
s6-inproc-drlocal,drlocal,5,dr,dr|fast-balanced-panel|panel,3,400,50,total,2.072
s6-inproc-drlocal,drlocal,5,dr_rc,dr|fast-repeated-cross-section|repeated-cross-section,4,400,50,setup,.2440000000000001
s6-inproc-drlocal,drlocal,5,dr_rc,dr|fast-repeated-cross-section|repeated-cross-section,4,400,50,cell_extract,.038
s6-inproc-drlocal,drlocal,5,dr_rc,dr|fast-repeated-cross-section|repeated-cross-section,4,400,50,model_fit,2.898000000000001
s6-inproc-drlocal,drlocal,5,dr_rc,dr|fast-repeated-cross-section|repeated-cross-section,4,400,50,if_assembly,.2110000000000001
s6-inproc-drlocal,drlocal,5,dr_rc,dr|fast-repeated-cross-section|repeated-cross-section,4,400,50,cache_post,.006
s6-inproc-drlocal,drlocal,5,dr_rc,dr|fast-repeated-cross-section|repeated-cross-section,4,400,50,cluster,0
s6-inproc-drlocal,drlocal,5,dr_rc,dr|fast-repeated-cross-section|repeated-cross-section,4,400,50,bootstrap,0
s6-inproc-drlocal,drlocal,5,dr_rc,dr|fast-repeated-cross-section|repeated-cross-section,4,400,50,aggregation,0
s6-inproc-drlocal,drlocal,5,dr_rc,dr|fast-repeated-cross-section|repeated-cross-section,4,400,50,unprofiled,.6929999999999987
s6-inproc-drlocal,drlocal,5,dr_rc,dr|fast-repeated-cross-section|repeated-cross-section,4,400,50,total,4.09
s6-inproc-drlocal,head,6,reg,reg|fast-balanced-panel|panel,1,400,50,setup,.1270000000000001
s6-inproc-drlocal,head,6,reg,reg|fast-balanced-panel|panel,1,400,50,cell_extract,0
s6-inproc-drlocal,head,6,reg,reg|fast-balanced-panel|panel,1,400,50,model_fit,.3840000000000003
s6-inproc-drlocal,head,6,reg,reg|fast-balanced-panel|panel,1,400,50,if_assembly,.053
s6-inproc-drlocal,head,6,reg,reg|fast-balanced-panel|panel,1,400,50,cache_post,.003
s6-inproc-drlocal,head,6,reg,reg|fast-balanced-panel|panel,1,400,50,cluster,0
s6-inproc-drlocal,head,6,reg,reg|fast-balanced-panel|panel,1,400,50,bootstrap,0
s6-inproc-drlocal,head,6,reg,reg|fast-balanced-panel|panel,1,400,50,aggregation,0
s6-inproc-drlocal,head,6,reg,reg|fast-balanced-panel|panel,1,400,50,unprofiled,.4929999999999997
s6-inproc-drlocal,head,6,reg,reg|fast-balanced-panel|panel,1,400,50,total,1.06
s6-inproc-drlocal,head,6,dr_rc,dr|fast-repeated-cross-section|repeated-cross-section,2,400,50,setup,.2460000000000001
s6-inproc-drlocal,head,6,dr_rc,dr|fast-repeated-cross-section|repeated-cross-section,2,400,50,cell_extract,.035
s6-inproc-drlocal,head,6,dr_rc,dr|fast-repeated-cross-section|repeated-cross-section,2,400,50,model_fit,2.901000000000001
s6-inproc-drlocal,head,6,dr_rc,dr|fast-repeated-cross-section|repeated-cross-section,2,400,50,if_assembly,.2100000000000001
s6-inproc-drlocal,head,6,dr_rc,dr|fast-repeated-cross-section|repeated-cross-section,2,400,50,cache_post,.005
s6-inproc-drlocal,head,6,dr_rc,dr|fast-repeated-cross-section|repeated-cross-section,2,400,50,cluster,0
s6-inproc-drlocal,head,6,dr_rc,dr|fast-repeated-cross-section|repeated-cross-section,2,400,50,bootstrap,0
s6-inproc-drlocal,head,6,dr_rc,dr|fast-repeated-cross-section|repeated-cross-section,2,400,50,aggregation,0
s6-inproc-drlocal,head,6,dr_rc,dr|fast-repeated-cross-section|repeated-cross-section,2,400,50,unprofiled,.6979999999999977
s6-inproc-drlocal,head,6,dr_rc,dr|fast-repeated-cross-section|repeated-cross-section,2,400,50,total,4.094999999999999
s6-inproc-drlocal,head,6,dr,dr|fast-balanced-panel|panel,3,400,50,setup,.1300000000000001
s6-inproc-drlocal,head,6,dr,dr|fast-balanced-panel|panel,3,400,50,cell_extract,0
s6-inproc-drlocal,head,6,dr,dr|fast-balanced-panel|panel,3,400,50,model_fit,1.38
s6-inproc-drlocal,head,6,dr,dr|fast-balanced-panel|panel,3,400,50,if_assembly,.065
s6-inproc-drlocal,head,6,dr,dr|fast-balanced-panel|panel,3,400,50,cache_post,.005
s6-inproc-drlocal,head,6,dr,dr|fast-balanced-panel|panel,3,400,50,cluster,0
s6-inproc-drlocal,head,6,dr,dr|fast-balanced-panel|panel,3,400,50,bootstrap,0
s6-inproc-drlocal,head,6,dr,dr|fast-balanced-panel|panel,3,400,50,aggregation,0
s6-inproc-drlocal,head,6,dr,dr|fast-balanced-panel|panel,3,400,50,unprofiled,.5409999999999999
s6-inproc-drlocal,head,6,dr,dr|fast-balanced-panel|panel,3,400,50,total,2.121
s6-inproc-drlocal,head,6,ipw,ipw|fast-balanced-panel|panel,4,400,50,setup,.1330000000000001
s6-inproc-drlocal,head,6,ipw,ipw|fast-balanced-panel|panel,4,400,50,cell_extract,0
s6-inproc-drlocal,head,6,ipw,ipw|fast-balanced-panel|panel,4,400,50,model_fit,1.018000000000001
s6-inproc-drlocal,head,6,ipw,ipw|fast-balanced-panel|panel,4,400,50,if_assembly,.055
s6-inproc-drlocal,head,6,ipw,ipw|fast-balanced-panel|panel,4,400,50,cache_post,.002
s6-inproc-drlocal,head,6,ipw,ipw|fast-balanced-panel|panel,4,400,50,cluster,0
s6-inproc-drlocal,head,6,ipw,ipw|fast-balanced-panel|panel,4,400,50,bootstrap,0
s6-inproc-drlocal,head,6,ipw,ipw|fast-balanced-panel|panel,4,400,50,aggregation,0
s6-inproc-drlocal,head,6,ipw,ipw|fast-balanced-panel|panel,4,400,50,unprofiled,.5329999999999999
s6-inproc-drlocal,head,6,ipw,ipw|fast-balanced-panel|panel,4,400,50,total,1.741000000000001
s6-inproc-drlocal,drlocal,6,reg,reg|fast-balanced-panel|panel,1,400,50,setup,.1230000000000001
s6-inproc-drlocal,drlocal,6,reg,reg|fast-balanced-panel|panel,1,400,50,cell_extract,0
s6-inproc-drlocal,drlocal,6,reg,reg|fast-balanced-panel|panel,1,400,50,model_fit,.3670000000000003
s6-inproc-drlocal,drlocal,6,reg,reg|fast-balanced-panel|panel,1,400,50,if_assembly,.058
s6-inproc-drlocal,drlocal,6,reg,reg|fast-balanced-panel|panel,1,400,50,cache_post,.004
s6-inproc-drlocal,drlocal,6,reg,reg|fast-balanced-panel|panel,1,400,50,cluster,0
s6-inproc-drlocal,drlocal,6,reg,reg|fast-balanced-panel|panel,1,400,50,bootstrap,0
s6-inproc-drlocal,drlocal,6,reg,reg|fast-balanced-panel|panel,1,400,50,aggregation,0
s6-inproc-drlocal,drlocal,6,reg,reg|fast-balanced-panel|panel,1,400,50,unprofiled,.5159999999999997
s6-inproc-drlocal,drlocal,6,reg,reg|fast-balanced-panel|panel,1,400,50,total,1.068
s6-inproc-drlocal,drlocal,6,dr_rc,dr|fast-repeated-cross-section|repeated-cross-section,2,400,50,setup,.2460000000000001
s6-inproc-drlocal,drlocal,6,dr_rc,dr|fast-repeated-cross-section|repeated-cross-section,2,400,50,cell_extract,.037
s6-inproc-drlocal,drlocal,6,dr_rc,dr|fast-repeated-cross-section|repeated-cross-section,2,400,50,model_fit,2.903
s6-inproc-drlocal,drlocal,6,dr_rc,dr|fast-repeated-cross-section|repeated-cross-section,2,400,50,if_assembly,.2210000000000001
s6-inproc-drlocal,drlocal,6,dr_rc,dr|fast-repeated-cross-section|repeated-cross-section,2,400,50,cache_post,.007
s6-inproc-drlocal,drlocal,6,dr_rc,dr|fast-repeated-cross-section|repeated-cross-section,2,400,50,cluster,0
s6-inproc-drlocal,drlocal,6,dr_rc,dr|fast-repeated-cross-section|repeated-cross-section,2,400,50,bootstrap,0
s6-inproc-drlocal,drlocal,6,dr_rc,dr|fast-repeated-cross-section|repeated-cross-section,2,400,50,aggregation,0
s6-inproc-drlocal,drlocal,6,dr_rc,dr|fast-repeated-cross-section|repeated-cross-section,2,400,50,unprofiled,.6710000000000007
s6-inproc-drlocal,drlocal,6,dr_rc,dr|fast-repeated-cross-section|repeated-cross-section,2,400,50,total,4.085000000000001
s6-inproc-drlocal,drlocal,6,dr,dr|fast-balanced-panel|panel,3,400,50,setup,.1340000000000001
s6-inproc-drlocal,drlocal,6,dr,dr|fast-balanced-panel|panel,3,400,50,cell_extract,0
s6-inproc-drlocal,drlocal,6,dr,dr|fast-balanced-panel|panel,3,400,50,model_fit,1.37
s6-inproc-drlocal,drlocal,6,dr,dr|fast-balanced-panel|panel,3,400,50,if_assembly,.054
s6-inproc-drlocal,drlocal,6,dr,dr|fast-balanced-panel|panel,3,400,50,cache_post,.002
s6-inproc-drlocal,drlocal,6,dr,dr|fast-balanced-panel|panel,3,400,50,cluster,0
s6-inproc-drlocal,drlocal,6,dr,dr|fast-balanced-panel|panel,3,400,50,bootstrap,0
s6-inproc-drlocal,drlocal,6,dr,dr|fast-balanced-panel|panel,3,400,50,aggregation,0
s6-inproc-drlocal,drlocal,6,dr,dr|fast-balanced-panel|panel,3,400,50,unprofiled,.5550000000000002
s6-inproc-drlocal,drlocal,6,dr,dr|fast-balanced-panel|panel,3,400,50,total,2.115
s6-inproc-drlocal,drlocal,6,ipw,ipw|fast-balanced-panel|panel,4,400,50,setup,.1340000000000001
s6-inproc-drlocal,drlocal,6,ipw,ipw|fast-balanced-panel|panel,4,400,50,cell_extract,0
s6-inproc-drlocal,drlocal,6,ipw,ipw|fast-balanced-panel|panel,4,400,50,model_fit,1.001000000000001
s6-inproc-drlocal,drlocal,6,ipw,ipw|fast-balanced-panel|panel,4,400,50,if_assembly,.058
s6-inproc-drlocal,drlocal,6,ipw,ipw|fast-balanced-panel|panel,4,400,50,cache_post,.002
s6-inproc-drlocal,drlocal,6,ipw,ipw|fast-balanced-panel|panel,4,400,50,cluster,0
s6-inproc-drlocal,drlocal,6,ipw,ipw|fast-balanced-panel|panel,4,400,50,bootstrap,0
s6-inproc-drlocal,drlocal,6,ipw,ipw|fast-balanced-panel|panel,4,400,50,aggregation,0
s6-inproc-drlocal,drlocal,6,ipw,ipw|fast-balanced-panel|panel,4,400,50,unprofiled,.542999999999999
s6-inproc-drlocal,drlocal,6,ipw,ipw|fast-balanced-panel|panel,4,400,50,total,1.738
s6-inproc-drlocal,base,6,reg,reg|fast-balanced-panel|panel,1,400,50,setup,.1290000000000001
s6-inproc-drlocal,base,6,reg,reg|fast-balanced-panel|panel,1,400,50,cell_extract,0
s6-inproc-drlocal,base,6,reg,reg|fast-balanced-panel|panel,1,400,50,model_fit,.3810000000000003
s6-inproc-drlocal,base,6,reg,reg|fast-balanced-panel|panel,1,400,50,if_assembly,.067
s6-inproc-drlocal,base,6,reg,reg|fast-balanced-panel|panel,1,400,50,cache_post,.001
s6-inproc-drlocal,base,6,reg,reg|fast-balanced-panel|panel,1,400,50,cluster,0
s6-inproc-drlocal,base,6,reg,reg|fast-balanced-panel|panel,1,400,50,bootstrap,0
s6-inproc-drlocal,base,6,reg,reg|fast-balanced-panel|panel,1,400,50,aggregation,0
s6-inproc-drlocal,base,6,reg,reg|fast-balanced-panel|panel,1,400,50,unprofiled,.4969999999999996
s6-inproc-drlocal,base,6,reg,reg|fast-balanced-panel|panel,1,400,50,total,1.075
s6-inproc-drlocal,base,6,dr_rc,dr|fast-repeated-cross-section|repeated-cross-section,2,400,50,setup,.2430000000000001
s6-inproc-drlocal,base,6,dr_rc,dr|fast-repeated-cross-section|repeated-cross-section,2,400,50,cell_extract,.1000000000000001
s6-inproc-drlocal,base,6,dr_rc,dr|fast-repeated-cross-section|repeated-cross-section,2,400,50,model_fit,2.907
s6-inproc-drlocal,base,6,dr_rc,dr|fast-repeated-cross-section|repeated-cross-section,2,400,50,if_assembly,.2240000000000001
s6-inproc-drlocal,base,6,dr_rc,dr|fast-repeated-cross-section|repeated-cross-section,2,400,50,cache_post,0
s6-inproc-drlocal,base,6,dr_rc,dr|fast-repeated-cross-section|repeated-cross-section,2,400,50,cluster,0
s6-inproc-drlocal,base,6,dr_rc,dr|fast-repeated-cross-section|repeated-cross-section,2,400,50,bootstrap,0
s6-inproc-drlocal,base,6,dr_rc,dr|fast-repeated-cross-section|repeated-cross-section,2,400,50,aggregation,0
s6-inproc-drlocal,base,6,dr_rc,dr|fast-repeated-cross-section|repeated-cross-section,2,400,50,unprofiled,.6800000000000006
s6-inproc-drlocal,base,6,dr_rc,dr|fast-repeated-cross-section|repeated-cross-section,2,400,50,total,4.154000000000001
s6-inproc-drlocal,base,6,dr,dr|fast-balanced-panel|panel,3,400,50,setup,.1340000000000001
s6-inproc-drlocal,base,6,dr,dr|fast-balanced-panel|panel,3,400,50,cell_extract,0
s6-inproc-drlocal,base,6,dr,dr|fast-balanced-panel|panel,3,400,50,model_fit,1.385
s6-inproc-drlocal,base,6,dr,dr|fast-balanced-panel|panel,3,400,50,if_assembly,.055
s6-inproc-drlocal,base,6,dr,dr|fast-balanced-panel|panel,3,400,50,cache_post,0
s6-inproc-drlocal,base,6,dr,dr|fast-balanced-panel|panel,3,400,50,cluster,0
s6-inproc-drlocal,base,6,dr,dr|fast-balanced-panel|panel,3,400,50,bootstrap,0
s6-inproc-drlocal,base,6,dr,dr|fast-balanced-panel|panel,3,400,50,aggregation,0
s6-inproc-drlocal,base,6,dr,dr|fast-balanced-panel|panel,3,400,50,unprofiled,.5429999999999999
s6-inproc-drlocal,base,6,dr,dr|fast-balanced-panel|panel,3,400,50,total,2.117
s6-inproc-drlocal,base,6,ipw,ipw|fast-balanced-panel|panel,4,400,50,setup,.1290000000000001
s6-inproc-drlocal,base,6,ipw,ipw|fast-balanced-panel|panel,4,400,50,cell_extract,0
s6-inproc-drlocal,base,6,ipw,ipw|fast-balanced-panel|panel,4,400,50,model_fit,1.014000000000001
s6-inproc-drlocal,base,6,ipw,ipw|fast-balanced-panel|panel,4,400,50,if_assembly,.052
s6-inproc-drlocal,base,6,ipw,ipw|fast-balanced-panel|panel,4,400,50,cache_post,.003
s6-inproc-drlocal,base,6,ipw,ipw|fast-balanced-panel|panel,4,400,50,cluster,0
s6-inproc-drlocal,base,6,ipw,ipw|fast-balanced-panel|panel,4,400,50,bootstrap,0
s6-inproc-drlocal,base,6,ipw,ipw|fast-balanced-panel|panel,4,400,50,aggregation,0
s6-inproc-drlocal,base,6,ipw,ipw|fast-balanced-panel|panel,4,400,50,unprofiled,.540999999999999
s6-inproc-drlocal,base,6,ipw,ipw|fast-balanced-panel|panel,4,400,50,total,1.739
s6-inproc-drlocal,drlocal,7,dr,dr|fast-balanced-panel|panel,1,400,50,setup,.1250000000000001
s6-inproc-drlocal,drlocal,7,dr,dr|fast-balanced-panel|panel,1,400,50,cell_extract,0
s6-inproc-drlocal,drlocal,7,dr,dr|fast-balanced-panel|panel,1,400,50,model_fit,1.364
s6-inproc-drlocal,drlocal,7,dr,dr|fast-balanced-panel|panel,1,400,50,if_assembly,.054
s6-inproc-drlocal,drlocal,7,dr,dr|fast-balanced-panel|panel,1,400,50,cache_post,.001
s6-inproc-drlocal,drlocal,7,dr,dr|fast-balanced-panel|panel,1,400,50,cluster,0
s6-inproc-drlocal,drlocal,7,dr,dr|fast-balanced-panel|panel,1,400,50,bootstrap,0
s6-inproc-drlocal,drlocal,7,dr,dr|fast-balanced-panel|panel,1,400,50,aggregation,0
s6-inproc-drlocal,drlocal,7,dr,dr|fast-balanced-panel|panel,1,400,50,unprofiled,.5219999999999989
s6-inproc-drlocal,drlocal,7,dr,dr|fast-balanced-panel|panel,1,400,50,total,2.065999999999999
s6-inproc-drlocal,drlocal,7,dr_rc,dr|fast-repeated-cross-section|repeated-cross-section,2,400,50,setup,.2450000000000001
s6-inproc-drlocal,drlocal,7,dr_rc,dr|fast-repeated-cross-section|repeated-cross-section,2,400,50,cell_extract,.041
s6-inproc-drlocal,drlocal,7,dr_rc,dr|fast-repeated-cross-section|repeated-cross-section,2,400,50,model_fit,2.937
s6-inproc-drlocal,drlocal,7,dr_rc,dr|fast-repeated-cross-section|repeated-cross-section,2,400,50,if_assembly,.1830000000000001
s6-inproc-drlocal,drlocal,7,dr_rc,dr|fast-repeated-cross-section|repeated-cross-section,2,400,50,cache_post,.005
s6-inproc-drlocal,drlocal,7,dr_rc,dr|fast-repeated-cross-section|repeated-cross-section,2,400,50,cluster,0
s6-inproc-drlocal,drlocal,7,dr_rc,dr|fast-repeated-cross-section|repeated-cross-section,2,400,50,bootstrap,0
s6-inproc-drlocal,drlocal,7,dr_rc,dr|fast-repeated-cross-section|repeated-cross-section,2,400,50,aggregation,0
s6-inproc-drlocal,drlocal,7,dr_rc,dr|fast-repeated-cross-section|repeated-cross-section,2,400,50,unprofiled,.6760000000000006
s6-inproc-drlocal,drlocal,7,dr_rc,dr|fast-repeated-cross-section|repeated-cross-section,2,400,50,total,4.087000000000001
s6-inproc-drlocal,drlocal,7,reg,reg|fast-balanced-panel|panel,3,400,50,setup,.1290000000000001
s6-inproc-drlocal,drlocal,7,reg,reg|fast-balanced-panel|panel,3,400,50,cell_extract,0
s6-inproc-drlocal,drlocal,7,reg,reg|fast-balanced-panel|panel,3,400,50,model_fit,.4010000000000003
s6-inproc-drlocal,drlocal,7,reg,reg|fast-balanced-panel|panel,3,400,50,if_assembly,.045
s6-inproc-drlocal,drlocal,7,reg,reg|fast-balanced-panel|panel,3,400,50,cache_post,.003
s6-inproc-drlocal,drlocal,7,reg,reg|fast-balanced-panel|panel,3,400,50,cluster,0
s6-inproc-drlocal,drlocal,7,reg,reg|fast-balanced-panel|panel,3,400,50,bootstrap,0
s6-inproc-drlocal,drlocal,7,reg,reg|fast-balanced-panel|panel,3,400,50,aggregation,0
s6-inproc-drlocal,drlocal,7,reg,reg|fast-balanced-panel|panel,3,400,50,unprofiled,.5490000000000005
s6-inproc-drlocal,drlocal,7,reg,reg|fast-balanced-panel|panel,3,400,50,total,1.127000000000001
s6-inproc-drlocal,drlocal,7,ipw,ipw|fast-balanced-panel|panel,4,400,50,setup,.1310000000000001
s6-inproc-drlocal,drlocal,7,ipw,ipw|fast-balanced-panel|panel,4,400,50,cell_extract,0
s6-inproc-drlocal,drlocal,7,ipw,ipw|fast-balanced-panel|panel,4,400,50,model_fit,1.014000000000001
s6-inproc-drlocal,drlocal,7,ipw,ipw|fast-balanced-panel|panel,4,400,50,if_assembly,.0790000000000001
s6-inproc-drlocal,drlocal,7,ipw,ipw|fast-balanced-panel|panel,4,400,50,cache_post,0
s6-inproc-drlocal,drlocal,7,ipw,ipw|fast-balanced-panel|panel,4,400,50,cluster,0
s6-inproc-drlocal,drlocal,7,ipw,ipw|fast-balanced-panel|panel,4,400,50,bootstrap,0
s6-inproc-drlocal,drlocal,7,ipw,ipw|fast-balanced-panel|panel,4,400,50,aggregation,0
s6-inproc-drlocal,drlocal,7,ipw,ipw|fast-balanced-panel|panel,4,400,50,unprofiled,.5619999999999989
s6-inproc-drlocal,drlocal,7,ipw,ipw|fast-balanced-panel|panel,4,400,50,total,1.786
s6-inproc-drlocal,head,7,dr,dr|fast-balanced-panel|panel,1,400,50,setup,.1290000000000001
s6-inproc-drlocal,head,7,dr,dr|fast-balanced-panel|panel,1,400,50,cell_extract,0
s6-inproc-drlocal,head,7,dr,dr|fast-balanced-panel|panel,1,400,50,model_fit,1.377
s6-inproc-drlocal,head,7,dr,dr|fast-balanced-panel|panel,1,400,50,if_assembly,.053
s6-inproc-drlocal,head,7,dr,dr|fast-balanced-panel|panel,1,400,50,cache_post,.004
s6-inproc-drlocal,head,7,dr,dr|fast-balanced-panel|panel,1,400,50,cluster,0
s6-inproc-drlocal,head,7,dr,dr|fast-balanced-panel|panel,1,400,50,bootstrap,0
s6-inproc-drlocal,head,7,dr,dr|fast-balanced-panel|panel,1,400,50,aggregation,0
s6-inproc-drlocal,head,7,dr,dr|fast-balanced-panel|panel,1,400,50,unprofiled,.522
s6-inproc-drlocal,head,7,dr,dr|fast-balanced-panel|panel,1,400,50,total,2.085
s6-inproc-drlocal,head,7,dr_rc,dr|fast-repeated-cross-section|repeated-cross-section,2,400,50,setup,.2430000000000001
s6-inproc-drlocal,head,7,dr_rc,dr|fast-repeated-cross-section|repeated-cross-section,2,400,50,cell_extract,.036
s6-inproc-drlocal,head,7,dr_rc,dr|fast-repeated-cross-section|repeated-cross-section,2,400,50,model_fit,2.907
s6-inproc-drlocal,head,7,dr_rc,dr|fast-repeated-cross-section|repeated-cross-section,2,400,50,if_assembly,.2130000000000001
s6-inproc-drlocal,head,7,dr_rc,dr|fast-repeated-cross-section|repeated-cross-section,2,400,50,cache_post,.004
s6-inproc-drlocal,head,7,dr_rc,dr|fast-repeated-cross-section|repeated-cross-section,2,400,50,cluster,0
s6-inproc-drlocal,head,7,dr_rc,dr|fast-repeated-cross-section|repeated-cross-section,2,400,50,bootstrap,0
s6-inproc-drlocal,head,7,dr_rc,dr|fast-repeated-cross-section|repeated-cross-section,2,400,50,aggregation,0
s6-inproc-drlocal,head,7,dr_rc,dr|fast-repeated-cross-section|repeated-cross-section,2,400,50,unprofiled,.6839999999999988
s6-inproc-drlocal,head,7,dr_rc,dr|fast-repeated-cross-section|repeated-cross-section,2,400,50,total,4.086999999999999
s6-inproc-drlocal,head,7,reg,reg|fast-balanced-panel|panel,3,400,50,setup,.1250000000000001
s6-inproc-drlocal,head,7,reg,reg|fast-balanced-panel|panel,3,400,50,cell_extract,0
s6-inproc-drlocal,head,7,reg,reg|fast-balanced-panel|panel,3,400,50,model_fit,.3990000000000003
s6-inproc-drlocal,head,7,reg,reg|fast-balanced-panel|panel,3,400,50,if_assembly,.056
s6-inproc-drlocal,head,7,reg,reg|fast-balanced-panel|panel,3,400,50,cache_post,.002
s6-inproc-drlocal,head,7,reg,reg|fast-balanced-panel|panel,3,400,50,cluster,0
s6-inproc-drlocal,head,7,reg,reg|fast-balanced-panel|panel,3,400,50,bootstrap,0
s6-inproc-drlocal,head,7,reg,reg|fast-balanced-panel|panel,3,400,50,aggregation,0
s6-inproc-drlocal,head,7,reg,reg|fast-balanced-panel|panel,3,400,50,unprofiled,.5339999999999996
s6-inproc-drlocal,head,7,reg,reg|fast-balanced-panel|panel,3,400,50,total,1.116
s6-inproc-drlocal,head,7,ipw,ipw|fast-balanced-panel|panel,4,400,50,setup,.1300000000000001
s6-inproc-drlocal,head,7,ipw,ipw|fast-balanced-panel|panel,4,400,50,cell_extract,0
s6-inproc-drlocal,head,7,ipw,ipw|fast-balanced-panel|panel,4,400,50,model_fit,.9900000000000008
s6-inproc-drlocal,head,7,ipw,ipw|fast-balanced-panel|panel,4,400,50,if_assembly,.057
s6-inproc-drlocal,head,7,ipw,ipw|fast-balanced-panel|panel,4,400,50,cache_post,.003
s6-inproc-drlocal,head,7,ipw,ipw|fast-balanced-panel|panel,4,400,50,cluster,0
s6-inproc-drlocal,head,7,ipw,ipw|fast-balanced-panel|panel,4,400,50,bootstrap,0
s6-inproc-drlocal,head,7,ipw,ipw|fast-balanced-panel|panel,4,400,50,aggregation,0
s6-inproc-drlocal,head,7,ipw,ipw|fast-balanced-panel|panel,4,400,50,unprofiled,.5539999999999989
s6-inproc-drlocal,head,7,ipw,ipw|fast-balanced-panel|panel,4,400,50,total,1.734
s6-inproc-drlocal,base,7,dr,dr|fast-balanced-panel|panel,1,400,50,setup,.1200000000000001
s6-inproc-drlocal,base,7,dr,dr|fast-balanced-panel|panel,1,400,50,cell_extract,0
s6-inproc-drlocal,base,7,dr,dr|fast-balanced-panel|panel,1,400,50,model_fit,1.384
s6-inproc-drlocal,base,7,dr,dr|fast-balanced-panel|panel,1,400,50,if_assembly,.056
s6-inproc-drlocal,base,7,dr,dr|fast-balanced-panel|panel,1,400,50,cache_post,.001
s6-inproc-drlocal,base,7,dr,dr|fast-balanced-panel|panel,1,400,50,cluster,0
s6-inproc-drlocal,base,7,dr,dr|fast-balanced-panel|panel,1,400,50,bootstrap,0
s6-inproc-drlocal,base,7,dr,dr|fast-balanced-panel|panel,1,400,50,aggregation,0
s6-inproc-drlocal,base,7,dr,dr|fast-balanced-panel|panel,1,400,50,unprofiled,.4980000000000002
s6-inproc-drlocal,base,7,dr,dr|fast-balanced-panel|panel,1,400,50,total,2.059
s6-inproc-drlocal,base,7,dr_rc,dr|fast-repeated-cross-section|repeated-cross-section,2,400,50,setup,.2400000000000001
s6-inproc-drlocal,base,7,dr_rc,dr|fast-repeated-cross-section|repeated-cross-section,2,400,50,cell_extract,.0970000000000001
s6-inproc-drlocal,base,7,dr_rc,dr|fast-repeated-cross-section|repeated-cross-section,2,400,50,model_fit,2.922000000000001
s6-inproc-drlocal,base,7,dr_rc,dr|fast-repeated-cross-section|repeated-cross-section,2,400,50,if_assembly,.2040000000000001
s6-inproc-drlocal,base,7,dr_rc,dr|fast-repeated-cross-section|repeated-cross-section,2,400,50,cache_post,.003
s6-inproc-drlocal,base,7,dr_rc,dr|fast-repeated-cross-section|repeated-cross-section,2,400,50,cluster,0
s6-inproc-drlocal,base,7,dr_rc,dr|fast-repeated-cross-section|repeated-cross-section,2,400,50,bootstrap,0
s6-inproc-drlocal,base,7,dr_rc,dr|fast-repeated-cross-section|repeated-cross-section,2,400,50,aggregation,0
s6-inproc-drlocal,base,7,dr_rc,dr|fast-repeated-cross-section|repeated-cross-section,2,400,50,unprofiled,.6899999999999995
s6-inproc-drlocal,base,7,dr_rc,dr|fast-repeated-cross-section|repeated-cross-section,2,400,50,total,4.156000000000001
s6-inproc-drlocal,base,7,reg,reg|fast-balanced-panel|panel,3,400,50,setup,.1340000000000001
s6-inproc-drlocal,base,7,reg,reg|fast-balanced-panel|panel,3,400,50,cell_extract,0
s6-inproc-drlocal,base,7,reg,reg|fast-balanced-panel|panel,3,400,50,model_fit,.3670000000000003
s6-inproc-drlocal,base,7,reg,reg|fast-balanced-panel|panel,3,400,50,if_assembly,.068
s6-inproc-drlocal,base,7,reg,reg|fast-balanced-panel|panel,3,400,50,cache_post,.001
s6-inproc-drlocal,base,7,reg,reg|fast-balanced-panel|panel,3,400,50,cluster,0
s6-inproc-drlocal,base,7,reg,reg|fast-balanced-panel|panel,3,400,50,bootstrap,0
s6-inproc-drlocal,base,7,reg,reg|fast-balanced-panel|panel,3,400,50,aggregation,0
s6-inproc-drlocal,base,7,reg,reg|fast-balanced-panel|panel,3,400,50,unprofiled,.5369999999999996
s6-inproc-drlocal,base,7,reg,reg|fast-balanced-panel|panel,3,400,50,total,1.107
s6-inproc-drlocal,base,7,ipw,ipw|fast-balanced-panel|panel,4,400,50,setup,.1260000000000001
s6-inproc-drlocal,base,7,ipw,ipw|fast-balanced-panel|panel,4,400,50,cell_extract,0
s6-inproc-drlocal,base,7,ipw,ipw|fast-balanced-panel|panel,4,400,50,model_fit,1.013000000000001
s6-inproc-drlocal,base,7,ipw,ipw|fast-balanced-panel|panel,4,400,50,if_assembly,.044
s6-inproc-drlocal,base,7,ipw,ipw|fast-balanced-panel|panel,4,400,50,cache_post,.002
s6-inproc-drlocal,base,7,ipw,ipw|fast-balanced-panel|panel,4,400,50,cluster,0
s6-inproc-drlocal,base,7,ipw,ipw|fast-balanced-panel|panel,4,400,50,bootstrap,0
s6-inproc-drlocal,base,7,ipw,ipw|fast-balanced-panel|panel,4,400,50,aggregation,0
s6-inproc-drlocal,base,7,ipw,ipw|fast-balanced-panel|panel,4,400,50,unprofiled,.5439999999999992
s6-inproc-drlocal,base,7,ipw,ipw|fast-balanced-panel|panel,4,400,50,total,1.729
s6-inproc-drlocal,drlocal,8,dr,dr|fast-balanced-panel|panel,1,400,50,setup,.1300000000000001
s6-inproc-drlocal,drlocal,8,dr,dr|fast-balanced-panel|panel,1,400,50,cell_extract,0
s6-inproc-drlocal,drlocal,8,dr,dr|fast-balanced-panel|panel,1,400,50,model_fit,1.364
s6-inproc-drlocal,drlocal,8,dr,dr|fast-balanced-panel|panel,1,400,50,if_assembly,.055
s6-inproc-drlocal,drlocal,8,dr,dr|fast-balanced-panel|panel,1,400,50,cache_post,.001
s6-inproc-drlocal,drlocal,8,dr,dr|fast-balanced-panel|panel,1,400,50,cluster,0
s6-inproc-drlocal,drlocal,8,dr,dr|fast-balanced-panel|panel,1,400,50,bootstrap,0
s6-inproc-drlocal,drlocal,8,dr,dr|fast-balanced-panel|panel,1,400,50,aggregation,0
s6-inproc-drlocal,drlocal,8,dr,dr|fast-balanced-panel|panel,1,400,50,unprofiled,.5159999999999989
s6-inproc-drlocal,drlocal,8,dr,dr|fast-balanced-panel|panel,1,400,50,total,2.065999999999999
s6-inproc-drlocal,drlocal,8,ipw,ipw|fast-balanced-panel|panel,2,400,50,setup,.1240000000000001
s6-inproc-drlocal,drlocal,8,ipw,ipw|fast-balanced-panel|panel,2,400,50,cell_extract,0
s6-inproc-drlocal,drlocal,8,ipw,ipw|fast-balanced-panel|panel,2,400,50,model_fit,.9750000000000008
s6-inproc-drlocal,drlocal,8,ipw,ipw|fast-balanced-panel|panel,2,400,50,if_assembly,.06
s6-inproc-drlocal,drlocal,8,ipw,ipw|fast-balanced-panel|panel,2,400,50,cache_post,0
s6-inproc-drlocal,drlocal,8,ipw,ipw|fast-balanced-panel|panel,2,400,50,cluster,0
s6-inproc-drlocal,drlocal,8,ipw,ipw|fast-balanced-panel|panel,2,400,50,bootstrap,0
s6-inproc-drlocal,drlocal,8,ipw,ipw|fast-balanced-panel|panel,2,400,50,aggregation,0
s6-inproc-drlocal,drlocal,8,ipw,ipw|fast-balanced-panel|panel,2,400,50,unprofiled,.5219999999999991
s6-inproc-drlocal,drlocal,8,ipw,ipw|fast-balanced-panel|panel,2,400,50,total,1.681
s6-inproc-drlocal,drlocal,8,reg,reg|fast-balanced-panel|panel,3,400,50,setup,.1220000000000001
s6-inproc-drlocal,drlocal,8,reg,reg|fast-balanced-panel|panel,3,400,50,cell_extract,0
s6-inproc-drlocal,drlocal,8,reg,reg|fast-balanced-panel|panel,3,400,50,model_fit,.3710000000000003
s6-inproc-drlocal,drlocal,8,reg,reg|fast-balanced-panel|panel,3,400,50,if_assembly,.063
s6-inproc-drlocal,drlocal,8,reg,reg|fast-balanced-panel|panel,3,400,50,cache_post,0
s6-inproc-drlocal,drlocal,8,reg,reg|fast-balanced-panel|panel,3,400,50,cluster,0
s6-inproc-drlocal,drlocal,8,reg,reg|fast-balanced-panel|panel,3,400,50,bootstrap,0
s6-inproc-drlocal,drlocal,8,reg,reg|fast-balanced-panel|panel,3,400,50,aggregation,0
s6-inproc-drlocal,drlocal,8,reg,reg|fast-balanced-panel|panel,3,400,50,unprofiled,.5129999999999996
s6-inproc-drlocal,drlocal,8,reg,reg|fast-balanced-panel|panel,3,400,50,total,1.069
s6-inproc-drlocal,drlocal,8,dr_rc,dr|fast-repeated-cross-section|repeated-cross-section,4,400,50,setup,.2420000000000001
s6-inproc-drlocal,drlocal,8,dr_rc,dr|fast-repeated-cross-section|repeated-cross-section,4,400,50,cell_extract,.035
s6-inproc-drlocal,drlocal,8,dr_rc,dr|fast-repeated-cross-section|repeated-cross-section,4,400,50,model_fit,2.928000000000002
s6-inproc-drlocal,drlocal,8,dr_rc,dr|fast-repeated-cross-section|repeated-cross-section,4,400,50,if_assembly,.2000000000000001
s6-inproc-drlocal,drlocal,8,dr_rc,dr|fast-repeated-cross-section|repeated-cross-section,4,400,50,cache_post,.008
s6-inproc-drlocal,drlocal,8,dr_rc,dr|fast-repeated-cross-section|repeated-cross-section,4,400,50,cluster,0
s6-inproc-drlocal,drlocal,8,dr_rc,dr|fast-repeated-cross-section|repeated-cross-section,4,400,50,bootstrap,0
s6-inproc-drlocal,drlocal,8,dr_rc,dr|fast-repeated-cross-section|repeated-cross-section,4,400,50,aggregation,0
s6-inproc-drlocal,drlocal,8,dr_rc,dr|fast-repeated-cross-section|repeated-cross-section,4,400,50,unprofiled,.668999999999996
s6-inproc-drlocal,drlocal,8,dr_rc,dr|fast-repeated-cross-section|repeated-cross-section,4,400,50,total,4.081999999999998
s6-inproc-drlocal,base,8,dr,dr|fast-balanced-panel|panel,1,400,50,setup,.1220000000000001
s6-inproc-drlocal,base,8,dr,dr|fast-balanced-panel|panel,1,400,50,cell_extract,0
s6-inproc-drlocal,base,8,dr,dr|fast-balanced-panel|panel,1,400,50,model_fit,1.382000000000001
s6-inproc-drlocal,base,8,dr,dr|fast-balanced-panel|panel,1,400,50,if_assembly,.054
s6-inproc-drlocal,base,8,dr,dr|fast-balanced-panel|panel,1,400,50,cache_post,.002
s6-inproc-drlocal,base,8,dr,dr|fast-balanced-panel|panel,1,400,50,cluster,0
s6-inproc-drlocal,base,8,dr,dr|fast-balanced-panel|panel,1,400,50,bootstrap,0
s6-inproc-drlocal,base,8,dr,dr|fast-balanced-panel|panel,1,400,50,aggregation,0
s6-inproc-drlocal,base,8,dr,dr|fast-balanced-panel|panel,1,400,50,unprofiled,.5029999999999979
s6-inproc-drlocal,base,8,dr,dr|fast-balanced-panel|panel,1,400,50,total,2.062999999999999
s6-inproc-drlocal,base,8,ipw,ipw|fast-balanced-panel|panel,2,400,50,setup,.1190000000000001
s6-inproc-drlocal,base,8,ipw,ipw|fast-balanced-panel|panel,2,400,50,cell_extract,0
s6-inproc-drlocal,base,8,ipw,ipw|fast-balanced-panel|panel,2,400,50,model_fit,.9950000000000008
s6-inproc-drlocal,base,8,ipw,ipw|fast-balanced-panel|panel,2,400,50,if_assembly,.059
s6-inproc-drlocal,base,8,ipw,ipw|fast-balanced-panel|panel,2,400,50,cache_post,.001
s6-inproc-drlocal,base,8,ipw,ipw|fast-balanced-panel|panel,2,400,50,cluster,0
s6-inproc-drlocal,base,8,ipw,ipw|fast-balanced-panel|panel,2,400,50,bootstrap,0
s6-inproc-drlocal,base,8,ipw,ipw|fast-balanced-panel|panel,2,400,50,aggregation,0
s6-inproc-drlocal,base,8,ipw,ipw|fast-balanced-panel|panel,2,400,50,unprofiled,.508999999999999
s6-inproc-drlocal,base,8,ipw,ipw|fast-balanced-panel|panel,2,400,50,total,1.683
s6-inproc-drlocal,base,8,reg,reg|fast-balanced-panel|panel,3,400,50,setup,.1240000000000001
s6-inproc-drlocal,base,8,reg,reg|fast-balanced-panel|panel,3,400,50,cell_extract,0
s6-inproc-drlocal,base,8,reg,reg|fast-balanced-panel|panel,3,400,50,model_fit,.3970000000000003
s6-inproc-drlocal,base,8,reg,reg|fast-balanced-panel|panel,3,400,50,if_assembly,.042
s6-inproc-drlocal,base,8,reg,reg|fast-balanced-panel|panel,3,400,50,cache_post,0
s6-inproc-drlocal,base,8,reg,reg|fast-balanced-panel|panel,3,400,50,cluster,0
s6-inproc-drlocal,base,8,reg,reg|fast-balanced-panel|panel,3,400,50,bootstrap,0
s6-inproc-drlocal,base,8,reg,reg|fast-balanced-panel|panel,3,400,50,aggregation,0
s6-inproc-drlocal,base,8,reg,reg|fast-balanced-panel|panel,3,400,50,unprofiled,.5049999999999997
s6-inproc-drlocal,base,8,reg,reg|fast-balanced-panel|panel,3,400,50,total,1.068
s6-inproc-drlocal,base,8,dr_rc,dr|fast-repeated-cross-section|repeated-cross-section,4,400,50,setup,.2420000000000002
s6-inproc-drlocal,base,8,dr_rc,dr|fast-repeated-cross-section|repeated-cross-section,4,400,50,cell_extract,.1010000000000001
s6-inproc-drlocal,base,8,dr_rc,dr|fast-repeated-cross-section|repeated-cross-section,4,400,50,model_fit,2.904
s6-inproc-drlocal,base,8,dr_rc,dr|fast-repeated-cross-section|repeated-cross-section,4,400,50,if_assembly,.2130000000000001
s6-inproc-drlocal,base,8,dr_rc,dr|fast-repeated-cross-section|repeated-cross-section,4,400,50,cache_post,.001
s6-inproc-drlocal,base,8,dr_rc,dr|fast-repeated-cross-section|repeated-cross-section,4,400,50,cluster,0
s6-inproc-drlocal,base,8,dr_rc,dr|fast-repeated-cross-section|repeated-cross-section,4,400,50,bootstrap,0
s6-inproc-drlocal,base,8,dr_rc,dr|fast-repeated-cross-section|repeated-cross-section,4,400,50,aggregation,0
s6-inproc-drlocal,base,8,dr_rc,dr|fast-repeated-cross-section|repeated-cross-section,4,400,50,unprofiled,.6900000000000017
s6-inproc-drlocal,base,8,dr_rc,dr|fast-repeated-cross-section|repeated-cross-section,4,400,50,total,4.151000000000002
s6-inproc-drlocal,head,8,dr,dr|fast-balanced-panel|panel,1,400,50,setup,.1320000000000001
s6-inproc-drlocal,head,8,dr,dr|fast-balanced-panel|panel,1,400,50,cell_extract,0
s6-inproc-drlocal,head,8,dr,dr|fast-balanced-panel|panel,1,400,50,model_fit,1.391
s6-inproc-drlocal,head,8,dr,dr|fast-balanced-panel|panel,1,400,50,if_assembly,.046
s6-inproc-drlocal,head,8,dr,dr|fast-balanced-panel|panel,1,400,50,cache_post,.001
s6-inproc-drlocal,head,8,dr,dr|fast-balanced-panel|panel,1,400,50,cluster,0
s6-inproc-drlocal,head,8,dr,dr|fast-balanced-panel|panel,1,400,50,bootstrap,0
s6-inproc-drlocal,head,8,dr,dr|fast-balanced-panel|panel,1,400,50,aggregation,0
s6-inproc-drlocal,head,8,dr,dr|fast-balanced-panel|panel,1,400,50,unprofiled,.5199999999999998
s6-inproc-drlocal,head,8,dr,dr|fast-balanced-panel|panel,1,400,50,total,2.09
s6-inproc-drlocal,head,8,ipw,ipw|fast-balanced-panel|panel,2,400,50,setup,.1280000000000001
s6-inproc-drlocal,head,8,ipw,ipw|fast-balanced-panel|panel,2,400,50,cell_extract,0
s6-inproc-drlocal,head,8,ipw,ipw|fast-balanced-panel|panel,2,400,50,model_fit,.9900000000000008
s6-inproc-drlocal,head,8,ipw,ipw|fast-balanced-panel|panel,2,400,50,if_assembly,.056
s6-inproc-drlocal,head,8,ipw,ipw|fast-balanced-panel|panel,2,400,50,cache_post,.001
s6-inproc-drlocal,head,8,ipw,ipw|fast-balanced-panel|panel,2,400,50,cluster,0
s6-inproc-drlocal,head,8,ipw,ipw|fast-balanced-panel|panel,2,400,50,bootstrap,0
s6-inproc-drlocal,head,8,ipw,ipw|fast-balanced-panel|panel,2,400,50,aggregation,0
s6-inproc-drlocal,head,8,ipw,ipw|fast-balanced-panel|panel,2,400,50,unprofiled,.5250000000000001
s6-inproc-drlocal,head,8,ipw,ipw|fast-balanced-panel|panel,2,400,50,total,1.700000000000001
s6-inproc-drlocal,head,8,reg,reg|fast-balanced-panel|panel,3,400,50,setup,.1270000000000001
s6-inproc-drlocal,head,8,reg,reg|fast-balanced-panel|panel,3,400,50,cell_extract,0
s6-inproc-drlocal,head,8,reg,reg|fast-balanced-panel|panel,3,400,50,model_fit,.3890000000000003
s6-inproc-drlocal,head,8,reg,reg|fast-balanced-panel|panel,3,400,50,if_assembly,.051
s6-inproc-drlocal,head,8,reg,reg|fast-balanced-panel|panel,3,400,50,cache_post,.003
s6-inproc-drlocal,head,8,reg,reg|fast-balanced-panel|panel,3,400,50,cluster,0
s6-inproc-drlocal,head,8,reg,reg|fast-balanced-panel|panel,3,400,50,bootstrap,0
s6-inproc-drlocal,head,8,reg,reg|fast-balanced-panel|panel,3,400,50,aggregation,0
s6-inproc-drlocal,head,8,reg,reg|fast-balanced-panel|panel,3,400,50,unprofiled,.5109999999999995
s6-inproc-drlocal,head,8,reg,reg|fast-balanced-panel|panel,3,400,50,total,1.081
s6-inproc-drlocal,head,8,dr_rc,dr|fast-repeated-cross-section|repeated-cross-section,4,400,50,setup,.2420000000000001
s6-inproc-drlocal,head,8,dr_rc,dr|fast-repeated-cross-section|repeated-cross-section,4,400,50,cell_extract,.04
s6-inproc-drlocal,head,8,dr_rc,dr|fast-repeated-cross-section|repeated-cross-section,4,400,50,model_fit,2.909000000000001
s6-inproc-drlocal,head,8,dr_rc,dr|fast-repeated-cross-section|repeated-cross-section,4,400,50,if_assembly,.2240000000000001
s6-inproc-drlocal,head,8,dr_rc,dr|fast-repeated-cross-section|repeated-cross-section,4,400,50,cache_post,.004
s6-inproc-drlocal,head,8,dr_rc,dr|fast-repeated-cross-section|repeated-cross-section,4,400,50,cluster,0
s6-inproc-drlocal,head,8,dr_rc,dr|fast-repeated-cross-section|repeated-cross-section,4,400,50,bootstrap,0
s6-inproc-drlocal,head,8,dr_rc,dr|fast-repeated-cross-section|repeated-cross-section,4,400,50,aggregation,0
s6-inproc-drlocal,head,8,dr_rc,dr|fast-repeated-cross-section|repeated-cross-section,4,400,50,unprofiled,.6689999999999974
s6-inproc-drlocal,head,8,dr_rc,dr|fast-repeated-cross-section|repeated-cross-section,4,400,50,total,4.087999999999998
s6-inproc-drlocal,base,9,reg,reg|fast-balanced-panel|panel,1,400,50,setup,.1260000000000001
s6-inproc-drlocal,base,9,reg,reg|fast-balanced-panel|panel,1,400,50,cell_extract,0
s6-inproc-drlocal,base,9,reg,reg|fast-balanced-panel|panel,1,400,50,model_fit,.4110000000000003
s6-inproc-drlocal,base,9,reg,reg|fast-balanced-panel|panel,1,400,50,if_assembly,.035
s6-inproc-drlocal,base,9,reg,reg|fast-balanced-panel|panel,1,400,50,cache_post,.004
s6-inproc-drlocal,base,9,reg,reg|fast-balanced-panel|panel,1,400,50,cluster,0
s6-inproc-drlocal,base,9,reg,reg|fast-balanced-panel|panel,1,400,50,bootstrap,0
s6-inproc-drlocal,base,9,reg,reg|fast-balanced-panel|panel,1,400,50,aggregation,0
s6-inproc-drlocal,base,9,reg,reg|fast-balanced-panel|panel,1,400,50,unprofiled,.4889999999999995
s6-inproc-drlocal,base,9,reg,reg|fast-balanced-panel|panel,1,400,50,total,1.065
s6-inproc-drlocal,base,9,ipw,ipw|fast-balanced-panel|panel,2,400,50,setup,.1310000000000001
s6-inproc-drlocal,base,9,ipw,ipw|fast-balanced-panel|panel,2,400,50,cell_extract,0
s6-inproc-drlocal,base,9,ipw,ipw|fast-balanced-panel|panel,2,400,50,model_fit,.9960000000000008
s6-inproc-drlocal,base,9,ipw,ipw|fast-balanced-panel|panel,2,400,50,if_assembly,.049
s6-inproc-drlocal,base,9,ipw,ipw|fast-balanced-panel|panel,2,400,50,cache_post,.002
s6-inproc-drlocal,base,9,ipw,ipw|fast-balanced-panel|panel,2,400,50,cluster,0
s6-inproc-drlocal,base,9,ipw,ipw|fast-balanced-panel|panel,2,400,50,bootstrap,0
s6-inproc-drlocal,base,9,ipw,ipw|fast-balanced-panel|panel,2,400,50,aggregation,0
s6-inproc-drlocal,base,9,ipw,ipw|fast-balanced-panel|panel,2,400,50,unprofiled,.5129999999999999
s6-inproc-drlocal,base,9,ipw,ipw|fast-balanced-panel|panel,2,400,50,total,1.691000000000001
s6-inproc-drlocal,base,9,dr,dr|fast-balanced-panel|panel,3,400,50,setup,.1210000000000001
s6-inproc-drlocal,base,9,dr,dr|fast-balanced-panel|panel,3,400,50,cell_extract,0
s6-inproc-drlocal,base,9,dr,dr|fast-balanced-panel|panel,3,400,50,model_fit,1.38
s6-inproc-drlocal,base,9,dr,dr|fast-balanced-panel|panel,3,400,50,if_assembly,.06
s6-inproc-drlocal,base,9,dr,dr|fast-balanced-panel|panel,3,400,50,cache_post,.003
s6-inproc-drlocal,base,9,dr,dr|fast-balanced-panel|panel,3,400,50,cluster,0
s6-inproc-drlocal,base,9,dr,dr|fast-balanced-panel|panel,3,400,50,bootstrap,0
s6-inproc-drlocal,base,9,dr,dr|fast-balanced-panel|panel,3,400,50,aggregation,0
s6-inproc-drlocal,base,9,dr,dr|fast-balanced-panel|panel,3,400,50,unprofiled,.5110000000000001
s6-inproc-drlocal,base,9,dr,dr|fast-balanced-panel|panel,3,400,50,total,2.075
s6-inproc-drlocal,base,9,dr_rc,dr|fast-repeated-cross-section|repeated-cross-section,4,400,50,setup,.2450000000000001
s6-inproc-drlocal,base,9,dr_rc,dr|fast-repeated-cross-section|repeated-cross-section,4,400,50,cell_extract,.1000000000000001
s6-inproc-drlocal,base,9,dr_rc,dr|fast-repeated-cross-section|repeated-cross-section,4,400,50,model_fit,2.885
s6-inproc-drlocal,base,9,dr_rc,dr|fast-repeated-cross-section|repeated-cross-section,4,400,50,if_assembly,.2130000000000001
s6-inproc-drlocal,base,9,dr_rc,dr|fast-repeated-cross-section|repeated-cross-section,4,400,50,cache_post,.003
s6-inproc-drlocal,base,9,dr_rc,dr|fast-repeated-cross-section|repeated-cross-section,4,400,50,cluster,0
s6-inproc-drlocal,base,9,dr_rc,dr|fast-repeated-cross-section|repeated-cross-section,4,400,50,bootstrap,0
s6-inproc-drlocal,base,9,dr_rc,dr|fast-repeated-cross-section|repeated-cross-section,4,400,50,aggregation,0
s6-inproc-drlocal,base,9,dr_rc,dr|fast-repeated-cross-section|repeated-cross-section,4,400,50,unprofiled,.6890000000000005
s6-inproc-drlocal,base,9,dr_rc,dr|fast-repeated-cross-section|repeated-cross-section,4,400,50,total,4.135000000000001
s6-inproc-drlocal,drlocal,9,reg,reg|fast-balanced-panel|panel,1,400,50,setup,.1230000000000001
s6-inproc-drlocal,drlocal,9,reg,reg|fast-balanced-panel|panel,1,400,50,cell_extract,0
s6-inproc-drlocal,drlocal,9,reg,reg|fast-balanced-panel|panel,1,400,50,model_fit,.4060000000000003
s6-inproc-drlocal,drlocal,9,reg,reg|fast-balanced-panel|panel,1,400,50,if_assembly,.047
s6-inproc-drlocal,drlocal,9,reg,reg|fast-balanced-panel|panel,1,400,50,cache_post,.002
s6-inproc-drlocal,drlocal,9,reg,reg|fast-balanced-panel|panel,1,400,50,cluster,0
s6-inproc-drlocal,drlocal,9,reg,reg|fast-balanced-panel|panel,1,400,50,bootstrap,0
s6-inproc-drlocal,drlocal,9,reg,reg|fast-balanced-panel|panel,1,400,50,aggregation,0
s6-inproc-drlocal,drlocal,9,reg,reg|fast-balanced-panel|panel,1,400,50,unprofiled,.4859999999999997
s6-inproc-drlocal,drlocal,9,reg,reg|fast-balanced-panel|panel,1,400,50,total,1.064
s6-inproc-drlocal,drlocal,9,ipw,ipw|fast-balanced-panel|panel,2,400,50,setup,.1240000000000001
s6-inproc-drlocal,drlocal,9,ipw,ipw|fast-balanced-panel|panel,2,400,50,cell_extract,0
s6-inproc-drlocal,drlocal,9,ipw,ipw|fast-balanced-panel|panel,2,400,50,model_fit,1.006000000000001
s6-inproc-drlocal,drlocal,9,ipw,ipw|fast-balanced-panel|panel,2,400,50,if_assembly,.05
s6-inproc-drlocal,drlocal,9,ipw,ipw|fast-balanced-panel|panel,2,400,50,cache_post,.002
s6-inproc-drlocal,drlocal,9,ipw,ipw|fast-balanced-panel|panel,2,400,50,cluster,0
s6-inproc-drlocal,drlocal,9,ipw,ipw|fast-balanced-panel|panel,2,400,50,bootstrap,0
s6-inproc-drlocal,drlocal,9,ipw,ipw|fast-balanced-panel|panel,2,400,50,aggregation,0
s6-inproc-drlocal,drlocal,9,ipw,ipw|fast-balanced-panel|panel,2,400,50,unprofiled,.5099999999999989
s6-inproc-drlocal,drlocal,9,ipw,ipw|fast-balanced-panel|panel,2,400,50,total,1.692
s6-inproc-drlocal,drlocal,9,dr,dr|fast-balanced-panel|panel,3,400,50,setup,.1340000000000001
s6-inproc-drlocal,drlocal,9,dr,dr|fast-balanced-panel|panel,3,400,50,cell_extract,0
s6-inproc-drlocal,drlocal,9,dr,dr|fast-balanced-panel|panel,3,400,50,model_fit,1.371000000000001
s6-inproc-drlocal,drlocal,9,dr,dr|fast-balanced-panel|panel,3,400,50,if_assembly,.065
s6-inproc-drlocal,drlocal,9,dr,dr|fast-balanced-panel|panel,3,400,50,cache_post,.002
s6-inproc-drlocal,drlocal,9,dr,dr|fast-balanced-panel|panel,3,400,50,cluster,0
s6-inproc-drlocal,drlocal,9,dr,dr|fast-balanced-panel|panel,3,400,50,bootstrap,0
s6-inproc-drlocal,drlocal,9,dr,dr|fast-balanced-panel|panel,3,400,50,aggregation,0
s6-inproc-drlocal,drlocal,9,dr,dr|fast-balanced-panel|panel,3,400,50,unprofiled,.524999999999999
s6-inproc-drlocal,drlocal,9,dr,dr|fast-balanced-panel|panel,3,400,50,total,2.097
s6-inproc-drlocal,drlocal,9,dr_rc,dr|fast-repeated-cross-section|repeated-cross-section,4,400,50,setup,.2470000000000001
s6-inproc-drlocal,drlocal,9,dr_rc,dr|fast-repeated-cross-section|repeated-cross-section,4,400,50,cell_extract,.04
s6-inproc-drlocal,drlocal,9,dr_rc,dr|fast-repeated-cross-section|repeated-cross-section,4,400,50,model_fit,2.916
s6-inproc-drlocal,drlocal,9,dr_rc,dr|fast-repeated-cross-section|repeated-cross-section,4,400,50,if_assembly,.2320000000000002
s6-inproc-drlocal,drlocal,9,dr_rc,dr|fast-repeated-cross-section|repeated-cross-section,4,400,50,cache_post,.005
s6-inproc-drlocal,drlocal,9,dr_rc,dr|fast-repeated-cross-section|repeated-cross-section,4,400,50,cluster,0
s6-inproc-drlocal,drlocal,9,dr_rc,dr|fast-repeated-cross-section|repeated-cross-section,4,400,50,bootstrap,0
s6-inproc-drlocal,drlocal,9,dr_rc,dr|fast-repeated-cross-section|repeated-cross-section,4,400,50,aggregation,0
s6-inproc-drlocal,drlocal,9,dr_rc,dr|fast-repeated-cross-section|repeated-cross-section,4,400,50,unprofiled,.654999999999998
s6-inproc-drlocal,drlocal,9,dr_rc,dr|fast-repeated-cross-section|repeated-cross-section,4,400,50,total,4.094999999999998
s6-inproc-drlocal,head,9,reg,reg|fast-balanced-panel|panel,1,400,50,setup,.1270000000000001
s6-inproc-drlocal,head,9,reg,reg|fast-balanced-panel|panel,1,400,50,cell_extract,0
s6-inproc-drlocal,head,9,reg,reg|fast-balanced-panel|panel,1,400,50,model_fit,.3740000000000003
s6-inproc-drlocal,head,9,reg,reg|fast-balanced-panel|panel,1,400,50,if_assembly,.057
s6-inproc-drlocal,head,9,reg,reg|fast-balanced-panel|panel,1,400,50,cache_post,.001
s6-inproc-drlocal,head,9,reg,reg|fast-balanced-panel|panel,1,400,50,cluster,0
s6-inproc-drlocal,head,9,reg,reg|fast-balanced-panel|panel,1,400,50,bootstrap,0
s6-inproc-drlocal,head,9,reg,reg|fast-balanced-panel|panel,1,400,50,aggregation,0
s6-inproc-drlocal,head,9,reg,reg|fast-balanced-panel|panel,1,400,50,unprofiled,.5040000000000007
s6-inproc-drlocal,head,9,reg,reg|fast-balanced-panel|panel,1,400,50,total,1.063000000000001
s6-inproc-drlocal,head,9,ipw,ipw|fast-balanced-panel|panel,2,400,50,setup,.1270000000000001
s6-inproc-drlocal,head,9,ipw,ipw|fast-balanced-panel|panel,2,400,50,cell_extract,0
s6-inproc-drlocal,head,9,ipw,ipw|fast-balanced-panel|panel,2,400,50,model_fit,.9790000000000008
s6-inproc-drlocal,head,9,ipw,ipw|fast-balanced-panel|panel,2,400,50,if_assembly,.058
s6-inproc-drlocal,head,9,ipw,ipw|fast-balanced-panel|panel,2,400,50,cache_post,.005
s6-inproc-drlocal,head,9,ipw,ipw|fast-balanced-panel|panel,2,400,50,cluster,0
s6-inproc-drlocal,head,9,ipw,ipw|fast-balanced-panel|panel,2,400,50,bootstrap,0
s6-inproc-drlocal,head,9,ipw,ipw|fast-balanced-panel|panel,2,400,50,aggregation,0
s6-inproc-drlocal,head,9,ipw,ipw|fast-balanced-panel|panel,2,400,50,unprofiled,.518999999999999
s6-inproc-drlocal,head,9,ipw,ipw|fast-balanced-panel|panel,2,400,50,total,1.688
s6-inproc-drlocal,head,9,dr,dr|fast-balanced-panel|panel,3,400,50,setup,.1260000000000001
s6-inproc-drlocal,head,9,dr,dr|fast-balanced-panel|panel,3,400,50,cell_extract,0
s6-inproc-drlocal,head,9,dr,dr|fast-balanced-panel|panel,3,400,50,model_fit,1.388
s6-inproc-drlocal,head,9,dr,dr|fast-balanced-panel|panel,3,400,50,if_assembly,.051
s6-inproc-drlocal,head,9,dr,dr|fast-balanced-panel|panel,3,400,50,cache_post,.004
s6-inproc-drlocal,head,9,dr,dr|fast-balanced-panel|panel,3,400,50,cluster,0
s6-inproc-drlocal,head,9,dr,dr|fast-balanced-panel|panel,3,400,50,bootstrap,0
s6-inproc-drlocal,head,9,dr,dr|fast-balanced-panel|panel,3,400,50,aggregation,0
s6-inproc-drlocal,head,9,dr,dr|fast-balanced-panel|panel,3,400,50,unprofiled,.5140000000000002
s6-inproc-drlocal,head,9,dr,dr|fast-balanced-panel|panel,3,400,50,total,2.083
s6-inproc-drlocal,head,9,dr_rc,dr|fast-repeated-cross-section|repeated-cross-section,4,400,50,setup,.2470000000000001
s6-inproc-drlocal,head,9,dr_rc,dr|fast-repeated-cross-section|repeated-cross-section,4,400,50,cell_extract,.038
s6-inproc-drlocal,head,9,dr_rc,dr|fast-repeated-cross-section|repeated-cross-section,4,400,50,model_fit,2.854000000000002
s6-inproc-drlocal,head,9,dr_rc,dr|fast-repeated-cross-section|repeated-cross-section,4,400,50,if_assembly,.2240000000000001
s6-inproc-drlocal,head,9,dr_rc,dr|fast-repeated-cross-section|repeated-cross-section,4,400,50,cache_post,.003
s6-inproc-drlocal,head,9,dr_rc,dr|fast-repeated-cross-section|repeated-cross-section,4,400,50,cluster,0
s6-inproc-drlocal,head,9,dr_rc,dr|fast-repeated-cross-section|repeated-cross-section,4,400,50,bootstrap,0
s6-inproc-drlocal,head,9,dr_rc,dr|fast-repeated-cross-section|repeated-cross-section,4,400,50,aggregation,0
s6-inproc-drlocal,head,9,dr_rc,dr|fast-repeated-cross-section|repeated-cross-section,4,400,50,unprofiled,.7009999999999965
s6-inproc-drlocal,head,9,dr_rc,dr|fast-repeated-cross-section|repeated-cross-section,4,400,50,total,4.066999999999998
s6-inproc-drlocal,base,10,reg,reg|fast-balanced-panel|panel,1,400,50,setup,.1230000000000001
s6-inproc-drlocal,base,10,reg,reg|fast-balanced-panel|panel,1,400,50,cell_extract,0
s6-inproc-drlocal,base,10,reg,reg|fast-balanced-panel|panel,1,400,50,model_fit,.3750000000000003
s6-inproc-drlocal,base,10,reg,reg|fast-balanced-panel|panel,1,400,50,if_assembly,.055
s6-inproc-drlocal,base,10,reg,reg|fast-balanced-panel|panel,1,400,50,cache_post,.001
s6-inproc-drlocal,base,10,reg,reg|fast-balanced-panel|panel,1,400,50,cluster,0
s6-inproc-drlocal,base,10,reg,reg|fast-balanced-panel|panel,1,400,50,bootstrap,0
s6-inproc-drlocal,base,10,reg,reg|fast-balanced-panel|panel,1,400,50,aggregation,0
s6-inproc-drlocal,base,10,reg,reg|fast-balanced-panel|panel,1,400,50,unprofiled,.5019999999999997
s6-inproc-drlocal,base,10,reg,reg|fast-balanced-panel|panel,1,400,50,total,1.056
s6-inproc-drlocal,base,10,dr_rc,dr|fast-repeated-cross-section|repeated-cross-section,2,400,50,setup,.2450000000000001
s6-inproc-drlocal,base,10,dr_rc,dr|fast-repeated-cross-section|repeated-cross-section,2,400,50,cell_extract,.1000000000000001
s6-inproc-drlocal,base,10,dr_rc,dr|fast-repeated-cross-section|repeated-cross-section,2,400,50,model_fit,2.903
s6-inproc-drlocal,base,10,dr_rc,dr|fast-repeated-cross-section|repeated-cross-section,2,400,50,if_assembly,.2210000000000001
s6-inproc-drlocal,base,10,dr_rc,dr|fast-repeated-cross-section|repeated-cross-section,2,400,50,cache_post,.004
s6-inproc-drlocal,base,10,dr_rc,dr|fast-repeated-cross-section|repeated-cross-section,2,400,50,cluster,0
s6-inproc-drlocal,base,10,dr_rc,dr|fast-repeated-cross-section|repeated-cross-section,2,400,50,bootstrap,0
s6-inproc-drlocal,base,10,dr_rc,dr|fast-repeated-cross-section|repeated-cross-section,2,400,50,aggregation,0
s6-inproc-drlocal,base,10,dr_rc,dr|fast-repeated-cross-section|repeated-cross-section,2,400,50,unprofiled,.671000000000002
s6-inproc-drlocal,base,10,dr_rc,dr|fast-repeated-cross-section|repeated-cross-section,2,400,50,total,4.144000000000002
s6-inproc-drlocal,base,10,dr,dr|fast-balanced-panel|panel,3,400,50,setup,.1300000000000001
s6-inproc-drlocal,base,10,dr,dr|fast-balanced-panel|panel,3,400,50,cell_extract,0
s6-inproc-drlocal,base,10,dr,dr|fast-balanced-panel|panel,3,400,50,model_fit,1.387
s6-inproc-drlocal,base,10,dr,dr|fast-balanced-panel|panel,3,400,50,if_assembly,.054
s6-inproc-drlocal,base,10,dr,dr|fast-balanced-panel|panel,3,400,50,cache_post,.002
s6-inproc-drlocal,base,10,dr,dr|fast-balanced-panel|panel,3,400,50,cluster,0
s6-inproc-drlocal,base,10,dr,dr|fast-balanced-panel|panel,3,400,50,bootstrap,0
s6-inproc-drlocal,base,10,dr,dr|fast-balanced-panel|panel,3,400,50,aggregation,0
s6-inproc-drlocal,base,10,dr,dr|fast-balanced-panel|panel,3,400,50,unprofiled,.5489999999999999
s6-inproc-drlocal,base,10,dr,dr|fast-balanced-panel|panel,3,400,50,total,2.122
s6-inproc-drlocal,base,10,ipw,ipw|fast-balanced-panel|panel,4,400,50,setup,.1300000000000001
s6-inproc-drlocal,base,10,ipw,ipw|fast-balanced-panel|panel,4,400,50,cell_extract,0
s6-inproc-drlocal,base,10,ipw,ipw|fast-balanced-panel|panel,4,400,50,model_fit,1.006000000000001
s6-inproc-drlocal,base,10,ipw,ipw|fast-balanced-panel|panel,4,400,50,if_assembly,.066
s6-inproc-drlocal,base,10,ipw,ipw|fast-balanced-panel|panel,4,400,50,cache_post,.001
s6-inproc-drlocal,base,10,ipw,ipw|fast-balanced-panel|panel,4,400,50,cluster,0
s6-inproc-drlocal,base,10,ipw,ipw|fast-balanced-panel|panel,4,400,50,bootstrap,0
s6-inproc-drlocal,base,10,ipw,ipw|fast-balanced-panel|panel,4,400,50,aggregation,0
s6-inproc-drlocal,base,10,ipw,ipw|fast-balanced-panel|panel,4,400,50,unprofiled,.532999999999999
s6-inproc-drlocal,base,10,ipw,ipw|fast-balanced-panel|panel,4,400,50,total,1.736
s6-inproc-drlocal,head,10,reg,reg|fast-balanced-panel|panel,1,400,50,setup,.1250000000000001
s6-inproc-drlocal,head,10,reg,reg|fast-balanced-panel|panel,1,400,50,cell_extract,0
s6-inproc-drlocal,head,10,reg,reg|fast-balanced-panel|panel,1,400,50,model_fit,.3960000000000003
s6-inproc-drlocal,head,10,reg,reg|fast-balanced-panel|panel,1,400,50,if_assembly,.053
s6-inproc-drlocal,head,10,reg,reg|fast-balanced-panel|panel,1,400,50,cache_post,0
s6-inproc-drlocal,head,10,reg,reg|fast-balanced-panel|panel,1,400,50,cluster,0
s6-inproc-drlocal,head,10,reg,reg|fast-balanced-panel|panel,1,400,50,bootstrap,0
s6-inproc-drlocal,head,10,reg,reg|fast-balanced-panel|panel,1,400,50,aggregation,0
s6-inproc-drlocal,head,10,reg,reg|fast-balanced-panel|panel,1,400,50,unprofiled,.4889999999999995
s6-inproc-drlocal,head,10,reg,reg|fast-balanced-panel|panel,1,400,50,total,1.063
s6-inproc-drlocal,head,10,dr_rc,dr|fast-repeated-cross-section|repeated-cross-section,2,400,50,setup,.2440000000000001
s6-inproc-drlocal,head,10,dr_rc,dr|fast-repeated-cross-section|repeated-cross-section,2,400,50,cell_extract,.036
s6-inproc-drlocal,head,10,dr_rc,dr|fast-repeated-cross-section|repeated-cross-section,2,400,50,model_fit,2.907
s6-inproc-drlocal,head,10,dr_rc,dr|fast-repeated-cross-section|repeated-cross-section,2,400,50,if_assembly,.2310000000000001
s6-inproc-drlocal,head,10,dr_rc,dr|fast-repeated-cross-section|repeated-cross-section,2,400,50,cache_post,.005
s6-inproc-drlocal,head,10,dr_rc,dr|fast-repeated-cross-section|repeated-cross-section,2,400,50,cluster,0
s6-inproc-drlocal,head,10,dr_rc,dr|fast-repeated-cross-section|repeated-cross-section,2,400,50,bootstrap,0
s6-inproc-drlocal,head,10,dr_rc,dr|fast-repeated-cross-section|repeated-cross-section,2,400,50,aggregation,0
s6-inproc-drlocal,head,10,dr_rc,dr|fast-repeated-cross-section|repeated-cross-section,2,400,50,unprofiled,.669999999999999
s6-inproc-drlocal,head,10,dr_rc,dr|fast-repeated-cross-section|repeated-cross-section,2,400,50,total,4.092999999999999
s6-inproc-drlocal,head,10,dr,dr|fast-balanced-panel|panel,3,400,50,setup,.1360000000000001
s6-inproc-drlocal,head,10,dr,dr|fast-balanced-panel|panel,3,400,50,cell_extract,0
s6-inproc-drlocal,head,10,dr,dr|fast-balanced-panel|panel,3,400,50,model_fit,1.374
s6-inproc-drlocal,head,10,dr,dr|fast-balanced-panel|panel,3,400,50,if_assembly,.06
s6-inproc-drlocal,head,10,dr,dr|fast-balanced-panel|panel,3,400,50,cache_post,.004
s6-inproc-drlocal,head,10,dr,dr|fast-balanced-panel|panel,3,400,50,cluster,0
s6-inproc-drlocal,head,10,dr,dr|fast-balanced-panel|panel,3,400,50,bootstrap,0
s6-inproc-drlocal,head,10,dr,dr|fast-balanced-panel|panel,3,400,50,aggregation,0
s6-inproc-drlocal,head,10,dr,dr|fast-balanced-panel|panel,3,400,50,unprofiled,.5479999999999998
s6-inproc-drlocal,head,10,dr,dr|fast-balanced-panel|panel,3,400,50,total,2.122
s6-inproc-drlocal,head,10,ipw,ipw|fast-balanced-panel|panel,4,400,50,setup,.1350000000000001
s6-inproc-drlocal,head,10,ipw,ipw|fast-balanced-panel|panel,4,400,50,cell_extract,0
s6-inproc-drlocal,head,10,ipw,ipw|fast-balanced-panel|panel,4,400,50,model_fit,1.003000000000001
s6-inproc-drlocal,head,10,ipw,ipw|fast-balanced-panel|panel,4,400,50,if_assembly,.063
s6-inproc-drlocal,head,10,ipw,ipw|fast-balanced-panel|panel,4,400,50,cache_post,.002
s6-inproc-drlocal,head,10,ipw,ipw|fast-balanced-panel|panel,4,400,50,cluster,0
s6-inproc-drlocal,head,10,ipw,ipw|fast-balanced-panel|panel,4,400,50,bootstrap,0
s6-inproc-drlocal,head,10,ipw,ipw|fast-balanced-panel|panel,4,400,50,aggregation,0
s6-inproc-drlocal,head,10,ipw,ipw|fast-balanced-panel|panel,4,400,50,unprofiled,.520999999999999
s6-inproc-drlocal,head,10,ipw,ipw|fast-balanced-panel|panel,4,400,50,total,1.724
s6-inproc-drlocal,drlocal,10,reg,reg|fast-balanced-panel|panel,1,400,50,setup,.1260000000000001
s6-inproc-drlocal,drlocal,10,reg,reg|fast-balanced-panel|panel,1,400,50,cell_extract,0
s6-inproc-drlocal,drlocal,10,reg,reg|fast-balanced-panel|panel,1,400,50,model_fit,.3880000000000003
s6-inproc-drlocal,drlocal,10,reg,reg|fast-balanced-panel|panel,1,400,50,if_assembly,.047
s6-inproc-drlocal,drlocal,10,reg,reg|fast-balanced-panel|panel,1,400,50,cache_post,.001
s6-inproc-drlocal,drlocal,10,reg,reg|fast-balanced-panel|panel,1,400,50,cluster,0
s6-inproc-drlocal,drlocal,10,reg,reg|fast-balanced-panel|panel,1,400,50,bootstrap,0
s6-inproc-drlocal,drlocal,10,reg,reg|fast-balanced-panel|panel,1,400,50,aggregation,0
s6-inproc-drlocal,drlocal,10,reg,reg|fast-balanced-panel|panel,1,400,50,unprofiled,.5080000000000005
s6-inproc-drlocal,drlocal,10,reg,reg|fast-balanced-panel|panel,1,400,50,total,1.070000000000001
s6-inproc-drlocal,drlocal,10,dr_rc,dr|fast-repeated-cross-section|repeated-cross-section,2,400,50,setup,.2410000000000002
s6-inproc-drlocal,drlocal,10,dr_rc,dr|fast-repeated-cross-section|repeated-cross-section,2,400,50,cell_extract,.039
s6-inproc-drlocal,drlocal,10,dr_rc,dr|fast-repeated-cross-section|repeated-cross-section,2,400,50,model_fit,2.916
s6-inproc-drlocal,drlocal,10,dr_rc,dr|fast-repeated-cross-section|repeated-cross-section,2,400,50,if_assembly,.2180000000000001
s6-inproc-drlocal,drlocal,10,dr_rc,dr|fast-repeated-cross-section|repeated-cross-section,2,400,50,cache_post,.004
s6-inproc-drlocal,drlocal,10,dr_rc,dr|fast-repeated-cross-section|repeated-cross-section,2,400,50,cluster,0
s6-inproc-drlocal,drlocal,10,dr_rc,dr|fast-repeated-cross-section|repeated-cross-section,2,400,50,bootstrap,0
s6-inproc-drlocal,drlocal,10,dr_rc,dr|fast-repeated-cross-section|repeated-cross-section,2,400,50,aggregation,0
s6-inproc-drlocal,drlocal,10,dr_rc,dr|fast-repeated-cross-section|repeated-cross-section,2,400,50,unprofiled,.6729999999999983
s6-inproc-drlocal,drlocal,10,dr_rc,dr|fast-repeated-cross-section|repeated-cross-section,2,400,50,total,4.090999999999998
s6-inproc-drlocal,drlocal,10,dr,dr|fast-balanced-panel|panel,3,400,50,setup,.1310000000000001
s6-inproc-drlocal,drlocal,10,dr,dr|fast-balanced-panel|panel,3,400,50,cell_extract,0
s6-inproc-drlocal,drlocal,10,dr,dr|fast-balanced-panel|panel,3,400,50,model_fit,1.391
s6-inproc-drlocal,drlocal,10,dr,dr|fast-balanced-panel|panel,3,400,50,if_assembly,.058
s6-inproc-drlocal,drlocal,10,dr,dr|fast-balanced-panel|panel,3,400,50,cache_post,.003
s6-inproc-drlocal,drlocal,10,dr,dr|fast-balanced-panel|panel,3,400,50,cluster,0
s6-inproc-drlocal,drlocal,10,dr,dr|fast-balanced-panel|panel,3,400,50,bootstrap,0
s6-inproc-drlocal,drlocal,10,dr,dr|fast-balanced-panel|panel,3,400,50,aggregation,0
s6-inproc-drlocal,drlocal,10,dr,dr|fast-balanced-panel|panel,3,400,50,unprofiled,.5320000000000003
s6-inproc-drlocal,drlocal,10,dr,dr|fast-balanced-panel|panel,3,400,50,total,2.115
s6-inproc-drlocal,drlocal,10,ipw,ipw|fast-balanced-panel|panel,4,400,50,setup,.1330000000000001
s6-inproc-drlocal,drlocal,10,ipw,ipw|fast-balanced-panel|panel,4,400,50,cell_extract,0
s6-inproc-drlocal,drlocal,10,ipw,ipw|fast-balanced-panel|panel,4,400,50,model_fit,1.007000000000001
s6-inproc-drlocal,drlocal,10,ipw,ipw|fast-balanced-panel|panel,4,400,50,if_assembly,.058
s6-inproc-drlocal,drlocal,10,ipw,ipw|fast-balanced-panel|panel,4,400,50,cache_post,.003
s6-inproc-drlocal,drlocal,10,ipw,ipw|fast-balanced-panel|panel,4,400,50,cluster,0
s6-inproc-drlocal,drlocal,10,ipw,ipw|fast-balanced-panel|panel,4,400,50,bootstrap,0
s6-inproc-drlocal,drlocal,10,ipw,ipw|fast-balanced-panel|panel,4,400,50,aggregation,0
s6-inproc-drlocal,drlocal,10,ipw,ipw|fast-balanced-panel|panel,4,400,50,unprofiled,.534999999999999
s6-inproc-drlocal,drlocal,10,ipw,ipw|fast-balanced-panel|panel,4,400,50,total,1.736
s6-inproc-drlocal,head,11,dr,dr|fast-balanced-panel|panel,1,400,50,setup,.1250000000000001
s6-inproc-drlocal,head,11,dr,dr|fast-balanced-panel|panel,1,400,50,cell_extract,0
s6-inproc-drlocal,head,11,dr,dr|fast-balanced-panel|panel,1,400,50,model_fit,1.389
s6-inproc-drlocal,head,11,dr,dr|fast-balanced-panel|panel,1,400,50,if_assembly,.048
s6-inproc-drlocal,head,11,dr,dr|fast-balanced-panel|panel,1,400,50,cache_post,.001
s6-inproc-drlocal,head,11,dr,dr|fast-balanced-panel|panel,1,400,50,cluster,0
s6-inproc-drlocal,head,11,dr,dr|fast-balanced-panel|panel,1,400,50,bootstrap,0
s6-inproc-drlocal,head,11,dr,dr|fast-balanced-panel|panel,1,400,50,aggregation,0
s6-inproc-drlocal,head,11,dr,dr|fast-balanced-panel|panel,1,400,50,unprofiled,.5120000000000002
s6-inproc-drlocal,head,11,dr,dr|fast-balanced-panel|panel,1,400,50,total,2.075
s6-inproc-drlocal,head,11,dr_rc,dr|fast-repeated-cross-section|repeated-cross-section,2,400,50,setup,.2440000000000001
s6-inproc-drlocal,head,11,dr_rc,dr|fast-repeated-cross-section|repeated-cross-section,2,400,50,cell_extract,.036
s6-inproc-drlocal,head,11,dr_rc,dr|fast-repeated-cross-section|repeated-cross-section,2,400,50,model_fit,2.899000000000001
s6-inproc-drlocal,head,11,dr_rc,dr|fast-repeated-cross-section|repeated-cross-section,2,400,50,if_assembly,.2120000000000001
s6-inproc-drlocal,head,11,dr_rc,dr|fast-repeated-cross-section|repeated-cross-section,2,400,50,cache_post,.001
s6-inproc-drlocal,head,11,dr_rc,dr|fast-repeated-cross-section|repeated-cross-section,2,400,50,cluster,0
s6-inproc-drlocal,head,11,dr_rc,dr|fast-repeated-cross-section|repeated-cross-section,2,400,50,bootstrap,0
s6-inproc-drlocal,head,11,dr_rc,dr|fast-repeated-cross-section|repeated-cross-section,2,400,50,aggregation,0
s6-inproc-drlocal,head,11,dr_rc,dr|fast-repeated-cross-section|repeated-cross-section,2,400,50,unprofiled,.6839999999999971
s6-inproc-drlocal,head,11,dr_rc,dr|fast-repeated-cross-section|repeated-cross-section,2,400,50,total,4.075999999999998
s6-inproc-drlocal,head,11,reg,reg|fast-balanced-panel|panel,3,400,50,setup,.1320000000000001
s6-inproc-drlocal,head,11,reg,reg|fast-balanced-panel|panel,3,400,50,cell_extract,0
s6-inproc-drlocal,head,11,reg,reg|fast-balanced-panel|panel,3,400,50,model_fit,.3870000000000003
s6-inproc-drlocal,head,11,reg,reg|fast-balanced-panel|panel,3,400,50,if_assembly,.056
s6-inproc-drlocal,head,11,reg,reg|fast-balanced-panel|panel,3,400,50,cache_post,.001
s6-inproc-drlocal,head,11,reg,reg|fast-balanced-panel|panel,3,400,50,cluster,0
s6-inproc-drlocal,head,11,reg,reg|fast-balanced-panel|panel,3,400,50,bootstrap,0
s6-inproc-drlocal,head,11,reg,reg|fast-balanced-panel|panel,3,400,50,aggregation,0
s6-inproc-drlocal,head,11,reg,reg|fast-balanced-panel|panel,3,400,50,unprofiled,.5419999999999997
s6-inproc-drlocal,head,11,reg,reg|fast-balanced-panel|panel,3,400,50,total,1.118
s6-inproc-drlocal,head,11,ipw,ipw|fast-balanced-panel|panel,4,400,50,setup,.1290000000000001
s6-inproc-drlocal,head,11,ipw,ipw|fast-balanced-panel|panel,4,400,50,cell_extract,0
s6-inproc-drlocal,head,11,ipw,ipw|fast-balanced-panel|panel,4,400,50,model_fit,.9970000000000008
s6-inproc-drlocal,head,11,ipw,ipw|fast-balanced-panel|panel,4,400,50,if_assembly,.055
s6-inproc-drlocal,head,11,ipw,ipw|fast-balanced-panel|panel,4,400,50,cache_post,.002
s6-inproc-drlocal,head,11,ipw,ipw|fast-balanced-panel|panel,4,400,50,cluster,0
s6-inproc-drlocal,head,11,ipw,ipw|fast-balanced-panel|panel,4,400,50,bootstrap,0
s6-inproc-drlocal,head,11,ipw,ipw|fast-balanced-panel|panel,4,400,50,aggregation,0
s6-inproc-drlocal,head,11,ipw,ipw|fast-balanced-panel|panel,4,400,50,unprofiled,.552999999999999
s6-inproc-drlocal,head,11,ipw,ipw|fast-balanced-panel|panel,4,400,50,total,1.736
s6-inproc-drlocal,base,11,dr,dr|fast-balanced-panel|panel,1,400,50,setup,.1270000000000001
s6-inproc-drlocal,base,11,dr,dr|fast-balanced-panel|panel,1,400,50,cell_extract,0
s6-inproc-drlocal,base,11,dr,dr|fast-balanced-panel|panel,1,400,50,model_fit,1.381
s6-inproc-drlocal,base,11,dr,dr|fast-balanced-panel|panel,1,400,50,if_assembly,.044
s6-inproc-drlocal,base,11,dr,dr|fast-balanced-panel|panel,1,400,50,cache_post,.003
s6-inproc-drlocal,base,11,dr,dr|fast-balanced-panel|panel,1,400,50,cluster,0
s6-inproc-drlocal,base,11,dr,dr|fast-balanced-panel|panel,1,400,50,bootstrap,0
s6-inproc-drlocal,base,11,dr,dr|fast-balanced-panel|panel,1,400,50,aggregation,0
s6-inproc-drlocal,base,11,dr,dr|fast-balanced-panel|panel,1,400,50,unprofiled,.5170000000000001
s6-inproc-drlocal,base,11,dr,dr|fast-balanced-panel|panel,1,400,50,total,2.072
s6-inproc-drlocal,base,11,dr_rc,dr|fast-repeated-cross-section|repeated-cross-section,2,400,50,setup,.2420000000000001
s6-inproc-drlocal,base,11,dr_rc,dr|fast-repeated-cross-section|repeated-cross-section,2,400,50,cell_extract,.1010000000000001
s6-inproc-drlocal,base,11,dr_rc,dr|fast-repeated-cross-section|repeated-cross-section,2,400,50,model_fit,2.938000000000001
s6-inproc-drlocal,base,11,dr_rc,dr|fast-repeated-cross-section|repeated-cross-section,2,400,50,if_assembly,.2200000000000001
s6-inproc-drlocal,base,11,dr_rc,dr|fast-repeated-cross-section|repeated-cross-section,2,400,50,cache_post,.005
s6-inproc-drlocal,base,11,dr_rc,dr|fast-repeated-cross-section|repeated-cross-section,2,400,50,cluster,0
s6-inproc-drlocal,base,11,dr_rc,dr|fast-repeated-cross-section|repeated-cross-section,2,400,50,bootstrap,0
s6-inproc-drlocal,base,11,dr_rc,dr|fast-repeated-cross-section|repeated-cross-section,2,400,50,aggregation,0
s6-inproc-drlocal,base,11,dr_rc,dr|fast-repeated-cross-section|repeated-cross-section,2,400,50,unprofiled,.6670000000000007
s6-inproc-drlocal,base,11,dr_rc,dr|fast-repeated-cross-section|repeated-cross-section,2,400,50,total,4.173000000000002
s6-inproc-drlocal,base,11,reg,reg|fast-balanced-panel|panel,3,400,50,setup,.1270000000000001
s6-inproc-drlocal,base,11,reg,reg|fast-balanced-panel|panel,3,400,50,cell_extract,0
s6-inproc-drlocal,base,11,reg,reg|fast-balanced-panel|panel,3,400,50,model_fit,.4000000000000003
s6-inproc-drlocal,base,11,reg,reg|fast-balanced-panel|panel,3,400,50,if_assembly,.055
s6-inproc-drlocal,base,11,reg,reg|fast-balanced-panel|panel,3,400,50,cache_post,.005
s6-inproc-drlocal,base,11,reg,reg|fast-balanced-panel|panel,3,400,50,cluster,0
s6-inproc-drlocal,base,11,reg,reg|fast-balanced-panel|panel,3,400,50,bootstrap,0
s6-inproc-drlocal,base,11,reg,reg|fast-balanced-panel|panel,3,400,50,aggregation,0
s6-inproc-drlocal,base,11,reg,reg|fast-balanced-panel|panel,3,400,50,unprofiled,.5319999999999996
s6-inproc-drlocal,base,11,reg,reg|fast-balanced-panel|panel,3,400,50,total,1.119
s6-inproc-drlocal,base,11,ipw,ipw|fast-balanced-panel|panel,4,400,50,setup,.1300000000000001
s6-inproc-drlocal,base,11,ipw,ipw|fast-balanced-panel|panel,4,400,50,cell_extract,0
s6-inproc-drlocal,base,11,ipw,ipw|fast-balanced-panel|panel,4,400,50,model_fit,1.018000000000001
s6-inproc-drlocal,base,11,ipw,ipw|fast-balanced-panel|panel,4,400,50,if_assembly,.061
s6-inproc-drlocal,base,11,ipw,ipw|fast-balanced-panel|panel,4,400,50,cache_post,.002
s6-inproc-drlocal,base,11,ipw,ipw|fast-balanced-panel|panel,4,400,50,cluster,0
s6-inproc-drlocal,base,11,ipw,ipw|fast-balanced-panel|panel,4,400,50,bootstrap,0
s6-inproc-drlocal,base,11,ipw,ipw|fast-balanced-panel|panel,4,400,50,aggregation,0
s6-inproc-drlocal,base,11,ipw,ipw|fast-balanced-panel|panel,4,400,50,unprofiled,.5389999999999979
s6-inproc-drlocal,base,11,ipw,ipw|fast-balanced-panel|panel,4,400,50,total,1.749999999999999
s6-inproc-drlocal,drlocal,11,dr,dr|fast-balanced-panel|panel,1,400,50,setup,.1210000000000001
s6-inproc-drlocal,drlocal,11,dr,dr|fast-balanced-panel|panel,1,400,50,cell_extract,0
s6-inproc-drlocal,drlocal,11,dr,dr|fast-balanced-panel|panel,1,400,50,model_fit,1.374
s6-inproc-drlocal,drlocal,11,dr,dr|fast-balanced-panel|panel,1,400,50,if_assembly,.047
s6-inproc-drlocal,drlocal,11,dr,dr|fast-balanced-panel|panel,1,400,50,cache_post,.001
s6-inproc-drlocal,drlocal,11,dr,dr|fast-balanced-panel|panel,1,400,50,cluster,0
s6-inproc-drlocal,drlocal,11,dr,dr|fast-balanced-panel|panel,1,400,50,bootstrap,0
s6-inproc-drlocal,drlocal,11,dr,dr|fast-balanced-panel|panel,1,400,50,aggregation,0
s6-inproc-drlocal,drlocal,11,dr,dr|fast-balanced-panel|panel,1,400,50,unprofiled,.514999999999999
s6-inproc-drlocal,drlocal,11,dr,dr|fast-balanced-panel|panel,1,400,50,total,2.057999999999999
s6-inproc-drlocal,drlocal,11,dr_rc,dr|fast-repeated-cross-section|repeated-cross-section,2,400,50,setup,.2420000000000002
s6-inproc-drlocal,drlocal,11,dr_rc,dr|fast-repeated-cross-section|repeated-cross-section,2,400,50,cell_extract,.031
s6-inproc-drlocal,drlocal,11,dr_rc,dr|fast-repeated-cross-section|repeated-cross-section,2,400,50,model_fit,2.907000000000001
s6-inproc-drlocal,drlocal,11,dr_rc,dr|fast-repeated-cross-section|repeated-cross-section,2,400,50,if_assembly,.2180000000000001
s6-inproc-drlocal,drlocal,11,dr_rc,dr|fast-repeated-cross-section|repeated-cross-section,2,400,50,cache_post,.007
s6-inproc-drlocal,drlocal,11,dr_rc,dr|fast-repeated-cross-section|repeated-cross-section,2,400,50,cluster,0
s6-inproc-drlocal,drlocal,11,dr_rc,dr|fast-repeated-cross-section|repeated-cross-section,2,400,50,bootstrap,0
s6-inproc-drlocal,drlocal,11,dr_rc,dr|fast-repeated-cross-section|repeated-cross-section,2,400,50,aggregation,0
s6-inproc-drlocal,drlocal,11,dr_rc,dr|fast-repeated-cross-section|repeated-cross-section,2,400,50,unprofiled,.6759999999999975
s6-inproc-drlocal,drlocal,11,dr_rc,dr|fast-repeated-cross-section|repeated-cross-section,2,400,50,total,4.080999999999999
s6-inproc-drlocal,drlocal,11,reg,reg|fast-balanced-panel|panel,3,400,50,setup,.1290000000000001
s6-inproc-drlocal,drlocal,11,reg,reg|fast-balanced-panel|panel,3,400,50,cell_extract,0
s6-inproc-drlocal,drlocal,11,reg,reg|fast-balanced-panel|panel,3,400,50,model_fit,.4040000000000003
s6-inproc-drlocal,drlocal,11,reg,reg|fast-balanced-panel|panel,3,400,50,if_assembly,.049
s6-inproc-drlocal,drlocal,11,reg,reg|fast-balanced-panel|panel,3,400,50,cache_post,.003
s6-inproc-drlocal,drlocal,11,reg,reg|fast-balanced-panel|panel,3,400,50,cluster,0
s6-inproc-drlocal,drlocal,11,reg,reg|fast-balanced-panel|panel,3,400,50,bootstrap,0
s6-inproc-drlocal,drlocal,11,reg,reg|fast-balanced-panel|panel,3,400,50,aggregation,0
s6-inproc-drlocal,drlocal,11,reg,reg|fast-balanced-panel|panel,3,400,50,unprofiled,.5220000000000007
s6-inproc-drlocal,drlocal,11,reg,reg|fast-balanced-panel|panel,3,400,50,total,1.107000000000001
s6-inproc-drlocal,drlocal,11,ipw,ipw|fast-balanced-panel|panel,4,400,50,setup,.1270000000000001
s6-inproc-drlocal,drlocal,11,ipw,ipw|fast-balanced-panel|panel,4,400,50,cell_extract,0
s6-inproc-drlocal,drlocal,11,ipw,ipw|fast-balanced-panel|panel,4,400,50,model_fit,.9930000000000008
s6-inproc-drlocal,drlocal,11,ipw,ipw|fast-balanced-panel|panel,4,400,50,if_assembly,.058
s6-inproc-drlocal,drlocal,11,ipw,ipw|fast-balanced-panel|panel,4,400,50,cache_post,.004
s6-inproc-drlocal,drlocal,11,ipw,ipw|fast-balanced-panel|panel,4,400,50,cluster,0
s6-inproc-drlocal,drlocal,11,ipw,ipw|fast-balanced-panel|panel,4,400,50,bootstrap,0
s6-inproc-drlocal,drlocal,11,ipw,ipw|fast-balanced-panel|panel,4,400,50,aggregation,0
s6-inproc-drlocal,drlocal,11,ipw,ipw|fast-balanced-panel|panel,4,400,50,unprofiled,.5409999999999999
s6-inproc-drlocal,drlocal,11,ipw,ipw|fast-balanced-panel|panel,4,400,50,total,1.723000000000001
s6-inproc-drlocal,head,12,dr,dr|fast-balanced-panel|panel,1,400,50,setup,.1280000000000001
s6-inproc-drlocal,head,12,dr,dr|fast-balanced-panel|panel,1,400,50,cell_extract,0
s6-inproc-drlocal,head,12,dr,dr|fast-balanced-panel|panel,1,400,50,model_fit,1.357
s6-inproc-drlocal,head,12,dr,dr|fast-balanced-panel|panel,1,400,50,if_assembly,.051
s6-inproc-drlocal,head,12,dr,dr|fast-balanced-panel|panel,1,400,50,cache_post,.001
s6-inproc-drlocal,head,12,dr,dr|fast-balanced-panel|panel,1,400,50,cluster,0
s6-inproc-drlocal,head,12,dr,dr|fast-balanced-panel|panel,1,400,50,bootstrap,0
s6-inproc-drlocal,head,12,dr,dr|fast-balanced-panel|panel,1,400,50,aggregation,0
s6-inproc-drlocal,head,12,dr,dr|fast-balanced-panel|panel,1,400,50,unprofiled,.5329999999999999
s6-inproc-drlocal,head,12,dr,dr|fast-balanced-panel|panel,1,400,50,total,2.07
s6-inproc-drlocal,head,12,ipw,ipw|fast-balanced-panel|panel,2,400,50,setup,.1300000000000001
s6-inproc-drlocal,head,12,ipw,ipw|fast-balanced-panel|panel,2,400,50,cell_extract,0
s6-inproc-drlocal,head,12,ipw,ipw|fast-balanced-panel|panel,2,400,50,model_fit,1.001000000000001
s6-inproc-drlocal,head,12,ipw,ipw|fast-balanced-panel|panel,2,400,50,if_assembly,.047
s6-inproc-drlocal,head,12,ipw,ipw|fast-balanced-panel|panel,2,400,50,cache_post,.001
s6-inproc-drlocal,head,12,ipw,ipw|fast-balanced-panel|panel,2,400,50,cluster,0
s6-inproc-drlocal,head,12,ipw,ipw|fast-balanced-panel|panel,2,400,50,bootstrap,0
s6-inproc-drlocal,head,12,ipw,ipw|fast-balanced-panel|panel,2,400,50,aggregation,0
s6-inproc-drlocal,head,12,ipw,ipw|fast-balanced-panel|panel,2,400,50,unprofiled,.510999999999999
s6-inproc-drlocal,head,12,ipw,ipw|fast-balanced-panel|panel,2,400,50,total,1.69
s6-inproc-drlocal,head,12,reg,reg|fast-balanced-panel|panel,3,400,50,setup,.1240000000000001
s6-inproc-drlocal,head,12,reg,reg|fast-balanced-panel|panel,3,400,50,cell_extract,0
s6-inproc-drlocal,head,12,reg,reg|fast-balanced-panel|panel,3,400,50,model_fit,.3680000000000003
s6-inproc-drlocal,head,12,reg,reg|fast-balanced-panel|panel,3,400,50,if_assembly,.067
s6-inproc-drlocal,head,12,reg,reg|fast-balanced-panel|panel,3,400,50,cache_post,.002
s6-inproc-drlocal,head,12,reg,reg|fast-balanced-panel|panel,3,400,50,cluster,0
s6-inproc-drlocal,head,12,reg,reg|fast-balanced-panel|panel,3,400,50,bootstrap,0
s6-inproc-drlocal,head,12,reg,reg|fast-balanced-panel|panel,3,400,50,aggregation,0
s6-inproc-drlocal,head,12,reg,reg|fast-balanced-panel|panel,3,400,50,unprofiled,.5150000000000006
s6-inproc-drlocal,head,12,reg,reg|fast-balanced-panel|panel,3,400,50,total,1.076000000000001
s6-inproc-drlocal,head,12,dr_rc,dr|fast-repeated-cross-section|repeated-cross-section,4,400,50,setup,.2430000000000001
s6-inproc-drlocal,head,12,dr_rc,dr|fast-repeated-cross-section|repeated-cross-section,4,400,50,cell_extract,.039
s6-inproc-drlocal,head,12,dr_rc,dr|fast-repeated-cross-section|repeated-cross-section,4,400,50,model_fit,2.891
s6-inproc-drlocal,head,12,dr_rc,dr|fast-repeated-cross-section|repeated-cross-section,4,400,50,if_assembly,.2120000000000001
s6-inproc-drlocal,head,12,dr_rc,dr|fast-repeated-cross-section|repeated-cross-section,4,400,50,cache_post,.005
s6-inproc-drlocal,head,12,dr_rc,dr|fast-repeated-cross-section|repeated-cross-section,4,400,50,cluster,0
s6-inproc-drlocal,head,12,dr_rc,dr|fast-repeated-cross-section|repeated-cross-section,4,400,50,bootstrap,0
s6-inproc-drlocal,head,12,dr_rc,dr|fast-repeated-cross-section|repeated-cross-section,4,400,50,aggregation,0
s6-inproc-drlocal,head,12,dr_rc,dr|fast-repeated-cross-section|repeated-cross-section,4,400,50,unprofiled,.6799999999999993
s6-inproc-drlocal,head,12,dr_rc,dr|fast-repeated-cross-section|repeated-cross-section,4,400,50,total,4.069999999999999
s6-inproc-drlocal,drlocal,12,dr,dr|fast-balanced-panel|panel,1,400,50,setup,.1290000000000001
s6-inproc-drlocal,drlocal,12,dr,dr|fast-balanced-panel|panel,1,400,50,cell_extract,0
s6-inproc-drlocal,drlocal,12,dr,dr|fast-balanced-panel|panel,1,400,50,model_fit,1.37
s6-inproc-drlocal,drlocal,12,dr,dr|fast-balanced-panel|panel,1,400,50,if_assembly,.055
s6-inproc-drlocal,drlocal,12,dr,dr|fast-balanced-panel|panel,1,400,50,cache_post,.002
s6-inproc-drlocal,drlocal,12,dr,dr|fast-balanced-panel|panel,1,400,50,cluster,0
s6-inproc-drlocal,drlocal,12,dr,dr|fast-balanced-panel|panel,1,400,50,bootstrap,0
s6-inproc-drlocal,drlocal,12,dr,dr|fast-balanced-panel|panel,1,400,50,aggregation,0
s6-inproc-drlocal,drlocal,12,dr,dr|fast-balanced-panel|panel,1,400,50,unprofiled,.512
s6-inproc-drlocal,drlocal,12,dr,dr|fast-balanced-panel|panel,1,400,50,total,2.068
s6-inproc-drlocal,drlocal,12,ipw,ipw|fast-balanced-panel|panel,2,400,50,setup,.1240000000000001
s6-inproc-drlocal,drlocal,12,ipw,ipw|fast-balanced-panel|panel,2,400,50,cell_extract,0
s6-inproc-drlocal,drlocal,12,ipw,ipw|fast-balanced-panel|panel,2,400,50,model_fit,.9900000000000008
s6-inproc-drlocal,drlocal,12,ipw,ipw|fast-balanced-panel|panel,2,400,50,if_assembly,.058
s6-inproc-drlocal,drlocal,12,ipw,ipw|fast-balanced-panel|panel,2,400,50,cache_post,.002
s6-inproc-drlocal,drlocal,12,ipw,ipw|fast-balanced-panel|panel,2,400,50,cluster,0
s6-inproc-drlocal,drlocal,12,ipw,ipw|fast-balanced-panel|panel,2,400,50,bootstrap,0
s6-inproc-drlocal,drlocal,12,ipw,ipw|fast-balanced-panel|panel,2,400,50,aggregation,0
s6-inproc-drlocal,drlocal,12,ipw,ipw|fast-balanced-panel|panel,2,400,50,unprofiled,.5259999999999989
s6-inproc-drlocal,drlocal,12,ipw,ipw|fast-balanced-panel|panel,2,400,50,total,1.7
s6-inproc-drlocal,drlocal,12,reg,reg|fast-balanced-panel|panel,3,400,50,setup,.1290000000000001
s6-inproc-drlocal,drlocal,12,reg,reg|fast-balanced-panel|panel,3,400,50,cell_extract,0
s6-inproc-drlocal,drlocal,12,reg,reg|fast-balanced-panel|panel,3,400,50,model_fit,.3940000000000003
s6-inproc-drlocal,drlocal,12,reg,reg|fast-balanced-panel|panel,3,400,50,if_assembly,.046
s6-inproc-drlocal,drlocal,12,reg,reg|fast-balanced-panel|panel,3,400,50,cache_post,.002
s6-inproc-drlocal,drlocal,12,reg,reg|fast-balanced-panel|panel,3,400,50,cluster,0
s6-inproc-drlocal,drlocal,12,reg,reg|fast-balanced-panel|panel,3,400,50,bootstrap,0
s6-inproc-drlocal,drlocal,12,reg,reg|fast-balanced-panel|panel,3,400,50,aggregation,0
s6-inproc-drlocal,drlocal,12,reg,reg|fast-balanced-panel|panel,3,400,50,unprofiled,.5110000000000006
s6-inproc-drlocal,drlocal,12,reg,reg|fast-balanced-panel|panel,3,400,50,total,1.082000000000001
s6-inproc-drlocal,drlocal,12,dr_rc,dr|fast-repeated-cross-section|repeated-cross-section,4,400,50,setup,.2450000000000001
s6-inproc-drlocal,drlocal,12,dr_rc,dr|fast-repeated-cross-section|repeated-cross-section,4,400,50,cell_extract,.037
s6-inproc-drlocal,drlocal,12,dr_rc,dr|fast-repeated-cross-section|repeated-cross-section,4,400,50,model_fit,2.921000000000001
s6-inproc-drlocal,drlocal,12,dr_rc,dr|fast-repeated-cross-section|repeated-cross-section,4,400,50,if_assembly,.2070000000000001
s6-inproc-drlocal,drlocal,12,dr_rc,dr|fast-repeated-cross-section|repeated-cross-section,4,400,50,cache_post,.002
s6-inproc-drlocal,drlocal,12,dr_rc,dr|fast-repeated-cross-section|repeated-cross-section,4,400,50,cluster,0
s6-inproc-drlocal,drlocal,12,dr_rc,dr|fast-repeated-cross-section|repeated-cross-section,4,400,50,bootstrap,0
s6-inproc-drlocal,drlocal,12,dr_rc,dr|fast-repeated-cross-section|repeated-cross-section,4,400,50,aggregation,0
s6-inproc-drlocal,drlocal,12,dr_rc,dr|fast-repeated-cross-section|repeated-cross-section,4,400,50,unprofiled,.6679999999999984
s6-inproc-drlocal,drlocal,12,dr_rc,dr|fast-repeated-cross-section|repeated-cross-section,4,400,50,total,4.079999999999999
s6-inproc-drlocal,base,12,dr,dr|fast-balanced-panel|panel,1,400,50,setup,.1330000000000001
s6-inproc-drlocal,base,12,dr,dr|fast-balanced-panel|panel,1,400,50,cell_extract,0
s6-inproc-drlocal,base,12,dr,dr|fast-balanced-panel|panel,1,400,50,model_fit,1.356
s6-inproc-drlocal,base,12,dr,dr|fast-balanced-panel|panel,1,400,50,if_assembly,.056
s6-inproc-drlocal,base,12,dr,dr|fast-balanced-panel|panel,1,400,50,cache_post,.007
s6-inproc-drlocal,base,12,dr,dr|fast-balanced-panel|panel,1,400,50,cluster,0
s6-inproc-drlocal,base,12,dr,dr|fast-balanced-panel|panel,1,400,50,bootstrap,0
s6-inproc-drlocal,base,12,dr,dr|fast-balanced-panel|panel,1,400,50,aggregation,0
s6-inproc-drlocal,base,12,dr,dr|fast-balanced-panel|panel,1,400,50,unprofiled,.52
s6-inproc-drlocal,base,12,dr,dr|fast-balanced-panel|panel,1,400,50,total,2.072
s6-inproc-drlocal,base,12,ipw,ipw|fast-balanced-panel|panel,2,400,50,setup,.1250000000000001
s6-inproc-drlocal,base,12,ipw,ipw|fast-balanced-panel|panel,2,400,50,cell_extract,0
s6-inproc-drlocal,base,12,ipw,ipw|fast-balanced-panel|panel,2,400,50,model_fit,.9940000000000008
s6-inproc-drlocal,base,12,ipw,ipw|fast-balanced-panel|panel,2,400,50,if_assembly,.059
s6-inproc-drlocal,base,12,ipw,ipw|fast-balanced-panel|panel,2,400,50,cache_post,.003
s6-inproc-drlocal,base,12,ipw,ipw|fast-balanced-panel|panel,2,400,50,cluster,0
s6-inproc-drlocal,base,12,ipw,ipw|fast-balanced-panel|panel,2,400,50,bootstrap,0
s6-inproc-drlocal,base,12,ipw,ipw|fast-balanced-panel|panel,2,400,50,aggregation,0
s6-inproc-drlocal,base,12,ipw,ipw|fast-balanced-panel|panel,2,400,50,unprofiled,.51
s6-inproc-drlocal,base,12,ipw,ipw|fast-balanced-panel|panel,2,400,50,total,1.691000000000001
s6-inproc-drlocal,base,12,reg,reg|fast-balanced-panel|panel,3,400,50,setup,.1280000000000001
s6-inproc-drlocal,base,12,reg,reg|fast-balanced-panel|panel,3,400,50,cell_extract,0
s6-inproc-drlocal,base,12,reg,reg|fast-balanced-panel|panel,3,400,50,model_fit,.3700000000000003
s6-inproc-drlocal,base,12,reg,reg|fast-balanced-panel|panel,3,400,50,if_assembly,.061
s6-inproc-drlocal,base,12,reg,reg|fast-balanced-panel|panel,3,400,50,cache_post,.004
s6-inproc-drlocal,base,12,reg,reg|fast-balanced-panel|panel,3,400,50,cluster,0
s6-inproc-drlocal,base,12,reg,reg|fast-balanced-panel|panel,3,400,50,bootstrap,0
s6-inproc-drlocal,base,12,reg,reg|fast-balanced-panel|panel,3,400,50,aggregation,0
s6-inproc-drlocal,base,12,reg,reg|fast-balanced-panel|panel,3,400,50,unprofiled,.5119999999999996
s6-inproc-drlocal,base,12,reg,reg|fast-balanced-panel|panel,3,400,50,total,1.075
s6-inproc-drlocal,base,12,dr_rc,dr|fast-repeated-cross-section|repeated-cross-section,4,400,50,setup,.2460000000000001
s6-inproc-drlocal,base,12,dr_rc,dr|fast-repeated-cross-section|repeated-cross-section,4,400,50,cell_extract,.1010000000000001
s6-inproc-drlocal,base,12,dr_rc,dr|fast-repeated-cross-section|repeated-cross-section,4,400,50,model_fit,2.914000000000001
s6-inproc-drlocal,base,12,dr_rc,dr|fast-repeated-cross-section|repeated-cross-section,4,400,50,if_assembly,.2150000000000001
s6-inproc-drlocal,base,12,dr_rc,dr|fast-repeated-cross-section|repeated-cross-section,4,400,50,cache_post,.004
s6-inproc-drlocal,base,12,dr_rc,dr|fast-repeated-cross-section|repeated-cross-section,4,400,50,cluster,0
s6-inproc-drlocal,base,12,dr_rc,dr|fast-repeated-cross-section|repeated-cross-section,4,400,50,bootstrap,0
s6-inproc-drlocal,base,12,dr_rc,dr|fast-repeated-cross-section|repeated-cross-section,4,400,50,aggregation,0
s6-inproc-drlocal,base,12,dr_rc,dr|fast-repeated-cross-section|repeated-cross-section,4,400,50,unprofiled,.6659999999999999
s6-inproc-drlocal,base,12,dr_rc,dr|fast-repeated-cross-section|repeated-cross-section,4,400,50,total,4.146000000000001
