s7-inproc-final,s6,0,dr,dr|fast-balanced-panel|panel,1,400,50,setup,.1200000000000001
s7-inproc-final,s6,0,dr,dr|fast-balanced-panel|panel,1,400,50,cell_extract,0
s7-inproc-final,s6,0,dr,dr|fast-balanced-panel|panel,1,400,50,model_fit,1.426
s7-inproc-final,s6,0,dr,dr|fast-balanced-panel|panel,1,400,50,if_assembly,.055
s7-inproc-final,s6,0,dr,dr|fast-balanced-panel|panel,1,400,50,cache_post,0
s7-inproc-final,s6,0,dr,dr|fast-balanced-panel|panel,1,400,50,cluster,0
s7-inproc-final,s6,0,dr,dr|fast-balanced-panel|panel,1,400,50,bootstrap,0
s7-inproc-final,s6,0,dr,dr|fast-balanced-panel|panel,1,400,50,aggregation,0
s7-inproc-final,s6,0,dr,dr|fast-balanced-panel|panel,1,400,50,unprofiled,.5350000000000001
s7-inproc-final,s6,0,dr,dr|fast-balanced-panel|panel,1,400,50,total,2.136
s7-inproc-final,s6,0,ipw,ipw|fast-balanced-panel|panel,2,400,50,setup,.1310000000000001
s7-inproc-final,s6,0,ipw,ipw|fast-balanced-panel|panel,2,400,50,cell_extract,0
s7-inproc-final,s6,0,ipw,ipw|fast-balanced-panel|panel,2,400,50,model_fit,1.014000000000001
s7-inproc-final,s6,0,ipw,ipw|fast-balanced-panel|panel,2,400,50,if_assembly,.041
s7-inproc-final,s6,0,ipw,ipw|fast-balanced-panel|panel,2,400,50,cache_post,0
s7-inproc-final,s6,0,ipw,ipw|fast-balanced-panel|panel,2,400,50,cluster,0
s7-inproc-final,s6,0,ipw,ipw|fast-balanced-panel|panel,2,400,50,bootstrap,0
s7-inproc-final,s6,0,ipw,ipw|fast-balanced-panel|panel,2,400,50,aggregation,0
s7-inproc-final,s6,0,ipw,ipw|fast-balanced-panel|panel,2,400,50,unprofiled,.5019999999999989
s7-inproc-final,s6,0,ipw,ipw|fast-balanced-panel|panel,2,400,50,total,1.688
s7-inproc-final,s6,0,reg,reg|fast-balanced-panel|panel,3,400,50,setup,.1230000000000001
s7-inproc-final,s6,0,reg,reg|fast-balanced-panel|panel,3,400,50,cell_extract,0
s7-inproc-final,s6,0,reg,reg|fast-balanced-panel|panel,3,400,50,model_fit,.3930000000000003
s7-inproc-final,s6,0,reg,reg|fast-balanced-panel|panel,3,400,50,if_assembly,.055
s7-inproc-final,s6,0,reg,reg|fast-balanced-panel|panel,3,400,50,cache_post,.003
s7-inproc-final,s6,0,reg,reg|fast-balanced-panel|panel,3,400,50,cluster,0
s7-inproc-final,s6,0,reg,reg|fast-balanced-panel|panel,3,400,50,bootstrap,0
s7-inproc-final,s6,0,reg,reg|fast-balanced-panel|panel,3,400,50,aggregation,0
s7-inproc-final,s6,0,reg,reg|fast-balanced-panel|panel,3,400,50,unprofiled,.5029999999999996
s7-inproc-final,s6,0,reg,reg|fast-balanced-panel|panel,3,400,50,total,1.077
s7-inproc-final,s6,0,dr_rc,dr|fast-repeated-cross-section|repeated-cross-section,4,400,50,setup,.2450000000000001
s7-inproc-final,s6,0,dr_rc,dr|fast-repeated-cross-section|repeated-cross-section,4,400,50,cell_extract,.036
s7-inproc-final,s6,0,dr_rc,dr|fast-repeated-cross-section|repeated-cross-section,4,400,50,model_fit,2.925
s7-inproc-final,s6,0,dr_rc,dr|fast-repeated-cross-section|repeated-cross-section,4,400,50,if_assembly,.2260000000000001
s7-inproc-final,s6,0,dr_rc,dr|fast-repeated-cross-section|repeated-cross-section,4,400,50,cache_post,.002
s7-inproc-final,s6,0,dr_rc,dr|fast-repeated-cross-section|repeated-cross-section,4,400,50,cluster,0
s7-inproc-final,s6,0,dr_rc,dr|fast-repeated-cross-section|repeated-cross-section,4,400,50,bootstrap,0
s7-inproc-final,s6,0,dr_rc,dr|fast-repeated-cross-section|repeated-cross-section,4,400,50,aggregation,0
s7-inproc-final,s6,0,dr_rc,dr|fast-repeated-cross-section|repeated-cross-section,4,400,50,unprofiled,.674999999999998
s7-inproc-final,s6,0,dr_rc,dr|fast-repeated-cross-section|repeated-cross-section,4,400,50,total,4.108999999999998
s7-inproc-final,head,0,dr,dr|fast-balanced-panel|panel,1,400,50,setup,.1230000000000001
s7-inproc-final,head,0,dr,dr|fast-balanced-panel|panel,1,400,50,cell_extract,0
s7-inproc-final,head,0,dr,dr|fast-balanced-panel|panel,1,400,50,model_fit,1.397
s7-inproc-final,head,0,dr,dr|fast-balanced-panel|panel,1,400,50,if_assembly,.047
s7-inproc-final,head,0,dr,dr|fast-balanced-panel|panel,1,400,50,cache_post,.001
s7-inproc-final,head,0,dr,dr|fast-balanced-panel|panel,1,400,50,cluster,0
s7-inproc-final,head,0,dr,dr|fast-balanced-panel|panel,1,400,50,bootstrap,0
s7-inproc-final,head,0,dr,dr|fast-balanced-panel|panel,1,400,50,aggregation,0
s7-inproc-final,head,0,dr,dr|fast-balanced-panel|panel,1,400,50,unprofiled,.4950000000000001
s7-inproc-final,head,0,dr,dr|fast-balanced-panel|panel,1,400,50,total,2.063
s7-inproc-final,head,0,ipw,ipw|fast-balanced-panel|panel,2,400,50,setup,.1220000000000001
s7-inproc-final,head,0,ipw,ipw|fast-balanced-panel|panel,2,400,50,cell_extract,0
s7-inproc-final,head,0,ipw,ipw|fast-balanced-panel|panel,2,400,50,model_fit,1.011000000000001
s7-inproc-final,head,0,ipw,ipw|fast-balanced-panel|panel,2,400,50,if_assembly,.059
s7-inproc-final,head,0,ipw,ipw|fast-balanced-panel|panel,2,400,50,cache_post,.001
s7-inproc-final,head,0,ipw,ipw|fast-balanced-panel|panel,2,400,50,cluster,0
s7-inproc-final,head,0,ipw,ipw|fast-balanced-panel|panel,2,400,50,bootstrap,0
s7-inproc-final,head,0,ipw,ipw|fast-balanced-panel|panel,2,400,50,aggregation,0
s7-inproc-final,head,0,ipw,ipw|fast-balanced-panel|panel,2,400,50,unprofiled,.4990000000000001
s7-inproc-final,head,0,ipw,ipw|fast-balanced-panel|panel,2,400,50,total,1.692000000000001
s7-inproc-final,head,0,reg,reg|fast-balanced-panel|panel,3,400,50,setup,.1260000000000001
s7-inproc-final,head,0,reg,reg|fast-balanced-panel|panel,3,400,50,cell_extract,0
s7-inproc-final,head,0,reg,reg|fast-balanced-panel|panel,3,400,50,model_fit,.4060000000000003
s7-inproc-final,head,0,reg,reg|fast-balanced-panel|panel,3,400,50,if_assembly,.043
s7-inproc-final,head,0,reg,reg|fast-balanced-panel|panel,3,400,50,cache_post,.001
s7-inproc-final,head,0,reg,reg|fast-balanced-panel|panel,3,400,50,cluster,0
s7-inproc-final,head,0,reg,reg|fast-balanced-panel|panel,3,400,50,bootstrap,0
s7-inproc-final,head,0,reg,reg|fast-balanced-panel|panel,3,400,50,aggregation,0
s7-inproc-final,head,0,reg,reg|fast-balanced-panel|panel,3,400,50,unprofiled,.4909999999999994
s7-inproc-final,head,0,reg,reg|fast-balanced-panel|panel,3,400,50,total,1.067
s7-inproc-final,head,0,dr_rc,dr|fast-repeated-cross-section|repeated-cross-section,4,400,50,setup,.2450000000000002
s7-inproc-final,head,0,dr_rc,dr|fast-repeated-cross-section|repeated-cross-section,4,400,50,cell_extract,.037
s7-inproc-final,head,0,dr_rc,dr|fast-repeated-cross-section|repeated-cross-section,4,400,50,model_fit,2.929000000000001
s7-inproc-final,head,0,dr_rc,dr|fast-repeated-cross-section|repeated-cross-section,4,400,50,if_assembly,.2320000000000002
s7-inproc-final,head,0,dr_rc,dr|fast-repeated-cross-section|repeated-cross-section,4,400,50,cache_post,.002
s7-inproc-final,head,0,dr_rc,dr|fast-repeated-cross-section|repeated-cross-section,4,400,50,cluster,0
s7-inproc-final,head,0,dr_rc,dr|fast-repeated-cross-section|repeated-cross-section,4,400,50,bootstrap,0
s7-inproc-final,head,0,dr_rc,dr|fast-repeated-cross-section|repeated-cross-section,4,400,50,aggregation,0
s7-inproc-final,head,0,dr_rc,dr|fast-repeated-cross-section|repeated-cross-section,4,400,50,unprofiled,.6759999999999975
s7-inproc-final,head,0,dr_rc,dr|fast-repeated-cross-section|repeated-cross-section,4,400,50,total,4.120999999999999
s7-inproc-final,base,0,dr,dr|fast-balanced-panel|panel,1,400,50,setup,.1260000000000001
s7-inproc-final,base,0,dr,dr|fast-balanced-panel|panel,1,400,50,cell_extract,0
s7-inproc-final,base,0,dr,dr|fast-balanced-panel|panel,1,400,50,model_fit,1.382000000000001
s7-inproc-final,base,0,dr,dr|fast-balanced-panel|panel,1,400,50,if_assembly,.057
s7-inproc-final,base,0,dr,dr|fast-balanced-panel|panel,1,400,50,cache_post,.002
s7-inproc-final,base,0,dr,dr|fast-balanced-panel|panel,1,400,50,cluster,0
s7-inproc-final,base,0,dr,dr|fast-balanced-panel|panel,1,400,50,bootstrap,0
s7-inproc-final,base,0,dr,dr|fast-balanced-panel|panel,1,400,50,aggregation,0
s7-inproc-final,base,0,dr,dr|fast-balanced-panel|panel,1,400,50,unprofiled,.496999999999999
s7-inproc-final,base,0,dr,dr|fast-balanced-panel|panel,1,400,50,total,2.064
s7-inproc-final,base,0,ipw,ipw|fast-balanced-panel|panel,2,400,50,setup,.1240000000000001
s7-inproc-final,base,0,ipw,ipw|fast-balanced-panel|panel,2,400,50,cell_extract,0
s7-inproc-final,base,0,ipw,ipw|fast-balanced-panel|panel,2,400,50,model_fit,.9920000000000008
s7-inproc-final,base,0,ipw,ipw|fast-balanced-panel|panel,2,400,50,if_assembly,.056
s7-inproc-final,base,0,ipw,ipw|fast-balanced-panel|panel,2,400,50,cache_post,.001
s7-inproc-final,base,0,ipw,ipw|fast-balanced-panel|panel,2,400,50,cluster,0
s7-inproc-final,base,0,ipw,ipw|fast-balanced-panel|panel,2,400,50,bootstrap,0
s7-inproc-final,base,0,ipw,ipw|fast-balanced-panel|panel,2,400,50,aggregation,0
s7-inproc-final,base,0,ipw,ipw|fast-balanced-panel|panel,2,400,50,unprofiled,.5250000000000001
s7-inproc-final,base,0,ipw,ipw|fast-balanced-panel|panel,2,400,50,total,1.698000000000001
s7-inproc-final,base,0,reg,reg|fast-balanced-panel|panel,3,400,50,setup,.1220000000000001
s7-inproc-final,base,0,reg,reg|fast-balanced-panel|panel,3,400,50,cell_extract,0
s7-inproc-final,base,0,reg,reg|fast-balanced-panel|panel,3,400,50,model_fit,.3850000000000003
s7-inproc-final,base,0,reg,reg|fast-balanced-panel|panel,3,400,50,if_assembly,.055
s7-inproc-final,base,0,reg,reg|fast-balanced-panel|panel,3,400,50,cache_post,.003
s7-inproc-final,base,0,reg,reg|fast-balanced-panel|panel,3,400,50,cluster,0
s7-inproc-final,base,0,reg,reg|fast-balanced-panel|panel,3,400,50,bootstrap,0
s7-inproc-final,base,0,reg,reg|fast-balanced-panel|panel,3,400,50,aggregation,0
s7-inproc-final,base,0,reg,reg|fast-balanced-panel|panel,3,400,50,unprofiled,.5129999999999997
s7-inproc-final,base,0,reg,reg|fast-balanced-panel|panel,3,400,50,total,1.078
s7-inproc-final,base,0,dr_rc,dr|fast-repeated-cross-section|repeated-cross-section,4,400,50,setup,.2430000000000001
s7-inproc-final,base,0,dr_rc,dr|fast-repeated-cross-section|repeated-cross-section,4,400,50,cell_extract,.1000000000000001
s7-inproc-final,base,0,dr_rc,dr|fast-repeated-cross-section|repeated-cross-section,4,400,50,model_fit,2.904
s7-inproc-final,base,0,dr_rc,dr|fast-repeated-cross-section|repeated-cross-section,4,400,50,if_assembly,.2290000000000001
s7-inproc-final,base,0,dr_rc,dr|fast-repeated-cross-section|repeated-cross-section,4,400,50,cache_post,.006
s7-inproc-final,base,0,dr_rc,dr|fast-repeated-cross-section|repeated-cross-section,4,400,50,cluster,0
s7-inproc-final,base,0,dr_rc,dr|fast-repeated-cross-section|repeated-cross-section,4,400,50,bootstrap,0
s7-inproc-final,base,0,dr_rc,dr|fast-repeated-cross-section|repeated-cross-section,4,400,50,aggregation,0
s7-inproc-final,base,0,dr_rc,dr|fast-repeated-cross-section|repeated-cross-section,4,400,50,unprofiled,.6620000000000008
s7-inproc-final,base,0,dr_rc,dr|fast-repeated-cross-section|repeated-cross-section,4,400,50,total,4.144000000000001
s7-inproc-final,head,1,reg,reg|fast-balanced-panel|panel,1,400,50,setup,.1260000000000001
s7-inproc-final,head,1,reg,reg|fast-balanced-panel|panel,1,400,50,cell_extract,0
s7-inproc-final,head,1,reg,reg|fast-balanced-panel|panel,1,400,50,model_fit,.3870000000000003
s7-inproc-final,head,1,reg,reg|fast-balanced-panel|panel,1,400,50,if_assembly,.051
s7-inproc-final,head,1,reg,reg|fast-balanced-panel|panel,1,400,50,cache_post,.003
s7-inproc-final,head,1,reg,reg|fast-balanced-panel|panel,1,400,50,cluster,0
s7-inproc-final,head,1,reg,reg|fast-balanced-panel|panel,1,400,50,bootstrap,0
s7-inproc-final,head,1,reg,reg|fast-balanced-panel|panel,1,400,50,aggregation,0
s7-inproc-final,head,1,reg,reg|fast-balanced-panel|panel,1,400,50,unprofiled,.5050000000000006
s7-inproc-final,head,1,reg,reg|fast-balanced-panel|panel,1,400,50,total,1.072000000000001
s7-inproc-final,head,1,ipw,ipw|fast-balanced-panel|panel,2,400,50,setup,.1260000000000001
s7-inproc-final,head,1,ipw,ipw|fast-balanced-panel|panel,2,400,50,cell_extract,0
s7-inproc-final,head,1,ipw,ipw|fast-balanced-panel|panel,2,400,50,model_fit,1.022000000000001
s7-inproc-final,head,1,ipw,ipw|fast-balanced-panel|panel,2,400,50,if_assembly,.048
s7-inproc-final,head,1,ipw,ipw|fast-balanced-panel|panel,2,400,50,cache_post,.001
s7-inproc-final,head,1,ipw,ipw|fast-balanced-panel|panel,2,400,50,cluster,0
s7-inproc-final,head,1,ipw,ipw|fast-balanced-panel|panel,2,400,50,bootstrap,0
s7-inproc-final,head,1,ipw,ipw|fast-balanced-panel|panel,2,400,50,aggregation,0
s7-inproc-final,head,1,ipw,ipw|fast-balanced-panel|panel,2,400,50,unprofiled,.5039999999999991
s7-inproc-final,head,1,ipw,ipw|fast-balanced-panel|panel,2,400,50,total,1.701
s7-inproc-final,head,1,dr,dr|fast-balanced-panel|panel,3,400,50,setup,.1300000000000001
s7-inproc-final,head,1,dr,dr|fast-balanced-panel|panel,3,400,50,cell_extract,0
s7-inproc-final,head,1,dr,dr|fast-balanced-panel|panel,3,400,50,model_fit,1.39
s7-inproc-final,head,1,dr,dr|fast-balanced-panel|panel,3,400,50,if_assembly,.052
s7-inproc-final,head,1,dr,dr|fast-balanced-panel|panel,3,400,50,cache_post,.004
s7-inproc-final,head,1,dr,dr|fast-balanced-panel|panel,3,400,50,cluster,0
s7-inproc-final,head,1,dr,dr|fast-balanced-panel|panel,3,400,50,bootstrap,0
s7-inproc-final,head,1,dr,dr|fast-balanced-panel|panel,3,400,50,aggregation,0
s7-inproc-final,head,1,dr,dr|fast-balanced-panel|panel,3,400,50,unprofiled,.504
s7-inproc-final,head,1,dr,dr|fast-balanced-panel|panel,3,400,50,total,2.08
s7-inproc-final,head,1,dr_rc,dr|fast-repeated-cross-section|repeated-cross-section,4,400,50,setup,.2450000000000001
s7-inproc-final,head,1,dr_rc,dr|fast-repeated-cross-section|repeated-cross-section,4,400,50,cell_extract,.033
s7-inproc-final,head,1,dr_rc,dr|fast-repeated-cross-section|repeated-cross-section,4,400,50,model_fit,2.918000000000001
s7-inproc-final,head,1,dr_rc,dr|fast-repeated-cross-section|repeated-cross-section,4,400,50,if_assembly,.2170000000000001
s7-inproc-final,head,1,dr_rc,dr|fast-repeated-cross-section|repeated-cross-section,4,400,50,cache_post,.003
s7-inproc-final,head,1,dr_rc,dr|fast-repeated-cross-section|repeated-cross-section,4,400,50,cluster,0
s7-inproc-final,head,1,dr_rc,dr|fast-repeated-cross-section|repeated-cross-section,4,400,50,bootstrap,0
s7-inproc-final,head,1,dr_rc,dr|fast-repeated-cross-section|repeated-cross-section,4,400,50,aggregation,0
s7-inproc-final,head,1,dr_rc,dr|fast-repeated-cross-section|repeated-cross-section,4,400,50,unprofiled,.6669999999999985
s7-inproc-final,head,1,dr_rc,dr|fast-repeated-cross-section|repeated-cross-section,4,400,50,total,4.082999999999999
s7-inproc-final,s6,1,reg,reg|fast-balanced-panel|panel,1,400,50,setup,.1230000000000001
s7-inproc-final,s6,1,reg,reg|fast-balanced-panel|panel,1,400,50,cell_extract,0
s7-inproc-final,s6,1,reg,reg|fast-balanced-panel|panel,1,400,50,model_fit,.3780000000000003
s7-inproc-final,s6,1,reg,reg|fast-balanced-panel|panel,1,400,50,if_assembly,.055
s7-inproc-final,s6,1,reg,reg|fast-balanced-panel|panel,1,400,50,cache_post,.003
s7-inproc-final,s6,1,reg,reg|fast-balanced-panel|panel,1,400,50,cluster,0
s7-inproc-final,s6,1,reg,reg|fast-balanced-panel|panel,1,400,50,bootstrap,0
s7-inproc-final,s6,1,reg,reg|fast-balanced-panel|panel,1,400,50,aggregation,0
s7-inproc-final,s6,1,reg,reg|fast-balanced-panel|panel,1,400,50,unprofiled,.5039999999999996
s7-inproc-final,s6,1,reg,reg|fast-balanced-panel|panel,1,400,50,total,1.063
s7-inproc-final,s6,1,ipw,ipw|fast-balanced-panel|panel,2,400,50,setup,.1230000000000001
s7-inproc-final,s6,1,ipw,ipw|fast-balanced-panel|panel,2,400,50,cell_extract,0
s7-inproc-final,s6,1,ipw,ipw|fast-balanced-panel|panel,2,400,50,model_fit,.9970000000000008
s7-inproc-final,s6,1,ipw,ipw|fast-balanced-panel|panel,2,400,50,if_assembly,.055
s7-inproc-final,s6,1,ipw,ipw|fast-balanced-panel|panel,2,400,50,cache_post,.004
s7-inproc-final,s6,1,ipw,ipw|fast-balanced-panel|panel,2,400,50,cluster,0
s7-inproc-final,s6,1,ipw,ipw|fast-balanced-panel|panel,2,400,50,bootstrap,0
s7-inproc-final,s6,1,ipw,ipw|fast-balanced-panel|panel,2,400,50,aggregation,0
s7-inproc-final,s6,1,ipw,ipw|fast-balanced-panel|panel,2,400,50,unprofiled,.51
s7-inproc-final,s6,1,ipw,ipw|fast-balanced-panel|panel,2,400,50,total,1.689000000000001
s7-inproc-final,s6,1,dr,dr|fast-balanced-panel|panel,3,400,50,setup,.1330000000000001
s7-inproc-final,s6,1,dr,dr|fast-balanced-panel|panel,3,400,50,cell_extract,0
s7-inproc-final,s6,1,dr,dr|fast-balanced-panel|panel,3,400,50,model_fit,1.393
s7-inproc-final,s6,1,dr,dr|fast-balanced-panel|panel,3,400,50,if_assembly,.062
s7-inproc-final,s6,1,dr,dr|fast-balanced-panel|panel,3,400,50,cache_post,.004
s7-inproc-final,s6,1,dr,dr|fast-balanced-panel|panel,3,400,50,cluster,0
s7-inproc-final,s6,1,dr,dr|fast-balanced-panel|panel,3,400,50,bootstrap,0
s7-inproc-final,s6,1,dr,dr|fast-balanced-panel|panel,3,400,50,aggregation,0
s7-inproc-final,s6,1,dr,dr|fast-balanced-panel|panel,3,400,50,unprofiled,.4929999999999999
s7-inproc-final,s6,1,dr,dr|fast-balanced-panel|panel,3,400,50,total,2.085
s7-inproc-final,s6,1,dr_rc,dr|fast-repeated-cross-section|repeated-cross-section,4,400,50,setup,.2490000000000002
s7-inproc-final,s6,1,dr_rc,dr|fast-repeated-cross-section|repeated-cross-section,4,400,50,cell_extract,.035
s7-inproc-final,s6,1,dr_rc,dr|fast-repeated-cross-section|repeated-cross-section,4,400,50,model_fit,2.903000000000002
s7-inproc-final,s6,1,dr_rc,dr|fast-repeated-cross-section|repeated-cross-section,4,400,50,if_assembly,.2130000000000001
s7-inproc-final,s6,1,dr_rc,dr|fast-repeated-cross-section|repeated-cross-section,4,400,50,cache_post,.005
s7-inproc-final,s6,1,dr_rc,dr|fast-repeated-cross-section|repeated-cross-section,4,400,50,cluster,0
s7-inproc-final,s6,1,dr_rc,dr|fast-repeated-cross-section|repeated-cross-section,4,400,50,bootstrap,0
s7-inproc-final,s6,1,dr_rc,dr|fast-repeated-cross-section|repeated-cross-section,4,400,50,aggregation,0
s7-inproc-final,s6,1,dr_rc,dr|fast-repeated-cross-section|repeated-cross-section,4,400,50,unprofiled,.6739999999999959
s7-inproc-final,s6,1,dr_rc,dr|fast-repeated-cross-section|repeated-cross-section,4,400,50,total,4.078999999999998
s7-inproc-final,base,1,reg,reg|fast-balanced-panel|panel,1,400,50,setup,.1200000000000001
s7-inproc-final,base,1,reg,reg|fast-balanced-panel|panel,1,400,50,cell_extract,0
s7-inproc-final,base,1,reg,reg|fast-balanced-panel|panel,1,400,50,model_fit,.3770000000000003
s7-inproc-final,base,1,reg,reg|fast-balanced-panel|panel,1,400,50,if_assembly,.059
s7-inproc-final,base,1,reg,reg|fast-balanced-panel|panel,1,400,50,cache_post,.002
s7-inproc-final,base,1,reg,reg|fast-balanced-panel|panel,1,400,50,cluster,0
s7-inproc-final,base,1,reg,reg|fast-balanced-panel|panel,1,400,50,bootstrap,0
s7-inproc-final,base,1,reg,reg|fast-balanced-panel|panel,1,400,50,aggregation,0
s7-inproc-final,base,1,reg,reg|fast-balanced-panel|panel,1,400,50,unprofiled,.5059999999999997
s7-inproc-final,base,1,reg,reg|fast-balanced-panel|panel,1,400,50,total,1.064
s7-inproc-final,base,1,ipw,ipw|fast-balanced-panel|panel,2,400,50,setup,.1260000000000001
s7-inproc-final,base,1,ipw,ipw|fast-balanced-panel|panel,2,400,50,cell_extract,0
s7-inproc-final,base,1,ipw,ipw|fast-balanced-panel|panel,2,400,50,model_fit,.9920000000000008
s7-inproc-final,base,1,ipw,ipw|fast-balanced-panel|panel,2,400,50,if_assembly,.068
s7-inproc-final,base,1,ipw,ipw|fast-balanced-panel|panel,2,400,50,cache_post,.001
s7-inproc-final,base,1,ipw,ipw|fast-balanced-panel|panel,2,400,50,cluster,0
s7-inproc-final,base,1,ipw,ipw|fast-balanced-panel|panel,2,400,50,bootstrap,0
s7-inproc-final,base,1,ipw,ipw|fast-balanced-panel|panel,2,400,50,aggregation,0
s7-inproc-final,base,1,ipw,ipw|fast-balanced-panel|panel,2,400,50,unprofiled,.4939999999999991
s7-inproc-final,base,1,ipw,ipw|fast-balanced-panel|panel,2,400,50,total,1.681
s7-inproc-final,base,1,dr,dr|fast-balanced-panel|panel,3,400,50,setup,.1310000000000001
s7-inproc-final,base,1,dr,dr|fast-balanced-panel|panel,3,400,50,cell_extract,0
s7-inproc-final,base,1,dr,dr|fast-balanced-panel|panel,3,400,50,model_fit,1.368
s7-inproc-final,base,1,dr,dr|fast-balanced-panel|panel,3,400,50,if_assembly,.06
s7-inproc-final,base,1,dr,dr|fast-balanced-panel|panel,3,400,50,cache_post,.004
s7-inproc-final,base,1,dr,dr|fast-balanced-panel|panel,3,400,50,cluster,0
s7-inproc-final,base,1,dr,dr|fast-balanced-panel|panel,3,400,50,bootstrap,0
s7-inproc-final,base,1,dr,dr|fast-balanced-panel|panel,3,400,50,aggregation,0
s7-inproc-final,base,1,dr,dr|fast-balanced-panel|panel,3,400,50,unprofiled,.514
s7-inproc-final,base,1,dr,dr|fast-balanced-panel|panel,3,400,50,total,2.077
s7-inproc-final,base,1,dr_rc,dr|fast-repeated-cross-section|repeated-cross-section,4,400,50,setup,.2430000000000002
s7-inproc-final,base,1,dr_rc,dr|fast-repeated-cross-section|repeated-cross-section,4,400,50,cell_extract,.1010000000000001
s7-inproc-final,base,1,dr_rc,dr|fast-repeated-cross-section|repeated-cross-section,4,400,50,model_fit,2.891
s7-inproc-final,base,1,dr_rc,dr|fast-repeated-cross-section|repeated-cross-section,4,400,50,if_assembly,.2270000000000001
s7-inproc-final,base,1,dr_rc,dr|fast-repeated-cross-section|repeated-cross-section,4,400,50,cache_post,.004
s7-inproc-final,base,1,dr_rc,dr|fast-repeated-cross-section|repeated-cross-section,4,400,50,cluster,0
s7-inproc-final,base,1,dr_rc,dr|fast-repeated-cross-section|repeated-cross-section,4,400,50,bootstrap,0
s7-inproc-final,base,1,dr_rc,dr|fast-repeated-cross-section|repeated-cross-section,4,400,50,aggregation,0
s7-inproc-final,base,1,dr_rc,dr|fast-repeated-cross-section|repeated-cross-section,4,400,50,unprofiled,.6789999999999994
s7-inproc-final,base,1,dr_rc,dr|fast-repeated-cross-section|repeated-cross-section,4,400,50,total,4.145
s7-inproc-final,s6,2,reg,reg|fast-balanced-panel|panel,1,400,50,setup,.1290000000000001
s7-inproc-final,s6,2,reg,reg|fast-balanced-panel|panel,1,400,50,cell_extract,0
s7-inproc-final,s6,2,reg,reg|fast-balanced-panel|panel,1,400,50,model_fit,.3840000000000003
s7-inproc-final,s6,2,reg,reg|fast-balanced-panel|panel,1,400,50,if_assembly,.052
s7-inproc-final,s6,2,reg,reg|fast-balanced-panel|panel,1,400,50,cache_post,.003
s7-inproc-final,s6,2,reg,reg|fast-balanced-panel|panel,1,400,50,cluster,0
s7-inproc-final,s6,2,reg,reg|fast-balanced-panel|panel,1,400,50,bootstrap,0
s7-inproc-final,s6,2,reg,reg|fast-balanced-panel|panel,1,400,50,aggregation,0
s7-inproc-final,s6,2,reg,reg|fast-balanced-panel|panel,1,400,50,unprofiled,.4989999999999996
s7-inproc-final,s6,2,reg,reg|fast-balanced-panel|panel,1,400,50,total,1.067
s7-inproc-final,s6,2,dr_rc,dr|fast-repeated-cross-section|repeated-cross-section,2,400,50,setup,.2460000000000001
s7-inproc-final,s6,2,dr_rc,dr|fast-repeated-cross-section|repeated-cross-section,2,400,50,cell_extract,.034
s7-inproc-final,s6,2,dr_rc,dr|fast-repeated-cross-section|repeated-cross-section,2,400,50,model_fit,2.886000000000001
s7-inproc-final,s6,2,dr_rc,dr|fast-repeated-cross-section|repeated-cross-section,2,400,50,if_assembly,.2200000000000001
s7-inproc-final,s6,2,dr_rc,dr|fast-repeated-cross-section|repeated-cross-section,2,400,50,cache_post,.004
s7-inproc-final,s6,2,dr_rc,dr|fast-repeated-cross-section|repeated-cross-section,2,400,50,cluster,0
s7-inproc-final,s6,2,dr_rc,dr|fast-repeated-cross-section|repeated-cross-section,2,400,50,bootstrap,0
s7-inproc-final,s6,2,dr_rc,dr|fast-repeated-cross-section|repeated-cross-section,2,400,50,aggregation,0
s7-inproc-final,s6,2,dr_rc,dr|fast-repeated-cross-section|repeated-cross-section,2,400,50,unprofiled,.678999999999998
s7-inproc-final,s6,2,dr_rc,dr|fast-repeated-cross-section|repeated-cross-section,2,400,50,total,4.068999999999999
s7-inproc-final,s6,2,dr,dr|fast-balanced-panel|panel,3,400,50,setup,.1300000000000001
s7-inproc-final,s6,2,dr,dr|fast-balanced-panel|panel,3,400,50,cell_extract,0
s7-inproc-final,s6,2,dr,dr|fast-balanced-panel|panel,3,400,50,model_fit,1.367
s7-inproc-final,s6,2,dr,dr|fast-balanced-panel|panel,3,400,50,if_assembly,.069
s7-inproc-final,s6,2,dr,dr|fast-balanced-panel|panel,3,400,50,cache_post,.001
s7-inproc-final,s6,2,dr,dr|fast-balanced-panel|panel,3,400,50,cluster,0
s7-inproc-final,s6,2,dr,dr|fast-balanced-panel|panel,3,400,50,bootstrap,0
s7-inproc-final,s6,2,dr,dr|fast-balanced-panel|panel,3,400,50,aggregation,0
s7-inproc-final,s6,2,dr,dr|fast-balanced-panel|panel,3,400,50,unprofiled,.5520000000000003
s7-inproc-final,s6,2,dr,dr|fast-balanced-panel|panel,3,400,50,total,2.119
s7-inproc-final,s6,2,ipw,ipw|fast-balanced-panel|panel,4,400,50,setup,.1320000000000001
s7-inproc-final,s6,2,ipw,ipw|fast-balanced-panel|panel,4,400,50,cell_extract,0
s7-inproc-final,s6,2,ipw,ipw|fast-balanced-panel|panel,4,400,50,model_fit,.9820000000000008
s7-inproc-final,s6,2,ipw,ipw|fast-balanced-panel|panel,4,400,50,if_assembly,.075
s7-inproc-final,s6,2,ipw,ipw|fast-balanced-panel|panel,4,400,50,cache_post,.003
s7-inproc-final,s6,2,ipw,ipw|fast-balanced-panel|panel,4,400,50,cluster,0
s7-inproc-final,s6,2,ipw,ipw|fast-balanced-panel|panel,4,400,50,bootstrap,0
s7-inproc-final,s6,2,ipw,ipw|fast-balanced-panel|panel,4,400,50,aggregation,0
s7-inproc-final,s6,2,ipw,ipw|fast-balanced-panel|panel,4,400,50,unprofiled,.5499999999999989
s7-inproc-final,s6,2,ipw,ipw|fast-balanced-panel|panel,4,400,50,total,1.742
s7-inproc-final,base,2,reg,reg|fast-balanced-panel|panel,1,400,50,setup,.1190000000000001
s7-inproc-final,base,2,reg,reg|fast-balanced-panel|panel,1,400,50,cell_extract,0
s7-inproc-final,base,2,reg,reg|fast-balanced-panel|panel,1,400,50,model_fit,.3940000000000003
s7-inproc-final,base,2,reg,reg|fast-balanced-panel|panel,1,400,50,if_assembly,.053
s7-inproc-final,base,2,reg,reg|fast-balanced-panel|panel,1,400,50,cache_post,.002
s7-inproc-final,base,2,reg,reg|fast-balanced-panel|panel,1,400,50,cluster,0
s7-inproc-final,base,2,reg,reg|fast-balanced-panel|panel,1,400,50,bootstrap,0
s7-inproc-final,base,2,reg,reg|fast-balanced-panel|panel,1,400,50,aggregation,0
s7-inproc-final,base,2,reg,reg|fast-balanced-panel|panel,1,400,50,unprofiled,.4909999999999995
s7-inproc-final,base,2,reg,reg|fast-balanced-panel|panel,1,400,50,total,1.059
s7-inproc-final,base,2,dr_rc,dr|fast-repeated-cross-section|repeated-cross-section,2,400,50,setup,.2400000000000001
s7-inproc-final,base,2,dr_rc,dr|fast-repeated-cross-section|repeated-cross-section,2,400,50,cell_extract,.1000000000000001
s7-inproc-final,base,2,dr_rc,dr|fast-repeated-cross-section|repeated-cross-section,2,400,50,model_fit,2.906000000000002
s7-inproc-final,base,2,dr_rc,dr|fast-repeated-cross-section|repeated-cross-section,2,400,50,if_assembly,.2110000000000001
s7-inproc-final,base,2,dr_rc,dr|fast-repeated-cross-section|repeated-cross-section,2,400,50,cache_post,.007
s7-inproc-final,base,2,dr_rc,dr|fast-repeated-cross-section|repeated-cross-section,2,400,50,cluster,0
s7-inproc-final,base,2,dr_rc,dr|fast-repeated-cross-section|repeated-cross-section,2,400,50,bootstrap,0
s7-inproc-final,base,2,dr_rc,dr|fast-repeated-cross-section|repeated-cross-section,2,400,50,aggregation,0
s7-inproc-final,base,2,dr_rc,dr|fast-repeated-cross-section|repeated-cross-section,2,400,50,unprofiled,.6689999999999969
s7-inproc-final,base,2,dr_rc,dr|fast-repeated-cross-section|repeated-cross-section,2,400,50,total,4.133
s7-inproc-final,base,2,dr,dr|fast-balanced-panel|panel,3,400,50,setup,.1290000000000001
s7-inproc-final,base,2,dr,dr|fast-balanced-panel|panel,3,400,50,cell_extract,0
s7-inproc-final,base,2,dr,dr|fast-balanced-panel|panel,3,400,50,model_fit,1.367
s7-inproc-final,base,2,dr,dr|fast-balanced-panel|panel,3,400,50,if_assembly,.052
s7-inproc-final,base,2,dr,dr|fast-balanced-panel|panel,3,400,50,cache_post,.002
s7-inproc-final,base,2,dr,dr|fast-balanced-panel|panel,3,400,50,cluster,0
s7-inproc-final,base,2,dr,dr|fast-balanced-panel|panel,3,400,50,bootstrap,0
s7-inproc-final,base,2,dr,dr|fast-balanced-panel|panel,3,400,50,aggregation,0
s7-inproc-final,base,2,dr,dr|fast-balanced-panel|panel,3,400,50,unprofiled,.5490000000000002
s7-inproc-final,base,2,dr,dr|fast-balanced-panel|panel,3,400,50,total,2.099
s7-inproc-final,base,2,ipw,ipw|fast-balanced-panel|panel,4,400,50,setup,.1260000000000001
s7-inproc-final,base,2,ipw,ipw|fast-balanced-panel|panel,4,400,50,cell_extract,0
s7-inproc-final,base,2,ipw,ipw|fast-balanced-panel|panel,4,400,50,model_fit,1.003000000000001
s7-inproc-final,base,2,ipw,ipw|fast-balanced-panel|panel,4,400,50,if_assembly,.057
s7-inproc-final,base,2,ipw,ipw|fast-balanced-panel|panel,4,400,50,cache_post,.001
s7-inproc-final,base,2,ipw,ipw|fast-balanced-panel|panel,4,400,50,cluster,0
s7-inproc-final,base,2,ipw,ipw|fast-balanced-panel|panel,4,400,50,bootstrap,0
s7-inproc-final,base,2,ipw,ipw|fast-balanced-panel|panel,4,400,50,aggregation,0
s7-inproc-final,base,2,ipw,ipw|fast-balanced-panel|panel,4,400,50,unprofiled,.536999999999999
s7-inproc-final,base,2,ipw,ipw|fast-balanced-panel|panel,4,400,50,total,1.724
s7-inproc-final,head,2,reg,reg|fast-balanced-panel|panel,1,400,50,setup,.1320000000000001
s7-inproc-final,head,2,reg,reg|fast-balanced-panel|panel,1,400,50,cell_extract,0
s7-inproc-final,head,2,reg,reg|fast-balanced-panel|panel,1,400,50,model_fit,.3710000000000003
s7-inproc-final,head,2,reg,reg|fast-balanced-panel|panel,1,400,50,if_assembly,.056
s7-inproc-final,head,2,reg,reg|fast-balanced-panel|panel,1,400,50,cache_post,.003
s7-inproc-final,head,2,reg,reg|fast-balanced-panel|panel,1,400,50,cluster,0
s7-inproc-final,head,2,reg,reg|fast-balanced-panel|panel,1,400,50,bootstrap,0
s7-inproc-final,head,2,reg,reg|fast-balanced-panel|panel,1,400,50,aggregation,0
s7-inproc-final,head,2,reg,reg|fast-balanced-panel|panel,1,400,50,unprofiled,.4999999999999997
s7-inproc-final,head,2,reg,reg|fast-balanced-panel|panel,1,400,50,total,1.062
s7-inproc-final,head,2,dr_rc,dr|fast-repeated-cross-section|repeated-cross-section,2,400,50,setup,.2480000000000001
s7-inproc-final,head,2,dr_rc,dr|fast-repeated-cross-section|repeated-cross-section,2,400,50,cell_extract,.038
s7-inproc-final,head,2,dr_rc,dr|fast-repeated-cross-section|repeated-cross-section,2,400,50,model_fit,2.914000000000001
s7-inproc-final,head,2,dr_rc,dr|fast-repeated-cross-section|repeated-cross-section,2,400,50,if_assembly,.1950000000000001
s7-inproc-final,head,2,dr_rc,dr|fast-repeated-cross-section|repeated-cross-section,2,400,50,cache_post,.004
s7-inproc-final,head,2,dr_rc,dr|fast-repeated-cross-section|repeated-cross-section,2,400,50,cluster,0
s7-inproc-final,head,2,dr_rc,dr|fast-repeated-cross-section|repeated-cross-section,2,400,50,bootstrap,0
s7-inproc-final,head,2,dr_rc,dr|fast-repeated-cross-section|repeated-cross-section,2,400,50,aggregation,0
s7-inproc-final,head,2,dr_rc,dr|fast-repeated-cross-section|repeated-cross-section,2,400,50,unprofiled,.6709999999999985
s7-inproc-final,head,2,dr_rc,dr|fast-repeated-cross-section|repeated-cross-section,2,400,50,total,4.069999999999999
s7-inproc-final,head,2,dr,dr|fast-balanced-panel|panel,3,400,50,setup,.1270000000000001
s7-inproc-final,head,2,dr,dr|fast-balanced-panel|panel,3,400,50,cell_extract,0
s7-inproc-final,head,2,dr,dr|fast-balanced-panel|panel,3,400,50,model_fit,1.376
s7-inproc-final,head,2,dr,dr|fast-balanced-panel|panel,3,400,50,if_assembly,.068
s7-inproc-final,head,2,dr,dr|fast-balanced-panel|panel,3,400,50,cache_post,.001
s7-inproc-final,head,2,dr,dr|fast-balanced-panel|panel,3,400,50,cluster,0
s7-inproc-final,head,2,dr,dr|fast-balanced-panel|panel,3,400,50,bootstrap,0
s7-inproc-final,head,2,dr,dr|fast-balanced-panel|panel,3,400,50,aggregation,0
s7-inproc-final,head,2,dr,dr|fast-balanced-panel|panel,3,400,50,unprofiled,.5379999999999998
s7-inproc-final,head,2,dr,dr|fast-balanced-panel|panel,3,400,50,total,2.11
s7-inproc-final,head,2,ipw,ipw|fast-balanced-panel|panel,4,400,50,setup,.1270000000000001
s7-inproc-final,head,2,ipw,ipw|fast-balanced-panel|panel,4,400,50,cell_extract,0
s7-inproc-final,head,2,ipw,ipw|fast-balanced-panel|panel,4,400,50,model_fit,.9900000000000008
s7-inproc-final,head,2,ipw,ipw|fast-balanced-panel|panel,4,400,50,if_assembly,.067
s7-inproc-final,head,2,ipw,ipw|fast-balanced-panel|panel,4,400,50,cache_post,.002
s7-inproc-final,head,2,ipw,ipw|fast-balanced-panel|panel,4,400,50,cluster,0
s7-inproc-final,head,2,ipw,ipw|fast-balanced-panel|panel,4,400,50,bootstrap,0
s7-inproc-final,head,2,ipw,ipw|fast-balanced-panel|panel,4,400,50,aggregation,0
s7-inproc-final,head,2,ipw,ipw|fast-balanced-panel|panel,4,400,50,unprofiled,.5389999999999999
s7-inproc-final,head,2,ipw,ipw|fast-balanced-panel|panel,4,400,50,total,1.725000000000001
s7-inproc-final,base,3,dr,dr|fast-balanced-panel|panel,1,400,50,setup,.1250000000000001
s7-inproc-final,base,3,dr,dr|fast-balanced-panel|panel,1,400,50,cell_extract,0
s7-inproc-final,base,3,dr,dr|fast-balanced-panel|panel,1,400,50,model_fit,1.378
s7-inproc-final,base,3,dr,dr|fast-balanced-panel|panel,1,400,50,if_assembly,.049
s7-inproc-final,base,3,dr,dr|fast-balanced-panel|panel,1,400,50,cache_post,.003
s7-inproc-final,base,3,dr,dr|fast-balanced-panel|panel,1,400,50,cluster,0
s7-inproc-final,base,3,dr,dr|fast-balanced-panel|panel,1,400,50,bootstrap,0
s7-inproc-final,base,3,dr,dr|fast-balanced-panel|panel,1,400,50,aggregation,0
s7-inproc-final,base,3,dr,dr|fast-balanced-panel|panel,1,400,50,unprofiled,.5089999999999992
s7-inproc-final,base,3,dr,dr|fast-balanced-panel|panel,1,400,50,total,2.063999999999999
s7-inproc-final,base,3,dr_rc,dr|fast-repeated-cross-section|repeated-cross-section,2,400,50,setup,.2430000000000001
s7-inproc-final,base,3,dr_rc,dr|fast-repeated-cross-section|repeated-cross-section,2,400,50,cell_extract,.0970000000000001
s7-inproc-final,base,3,dr_rc,dr|fast-repeated-cross-section|repeated-cross-section,2,400,50,model_fit,2.909
s7-inproc-final,base,3,dr_rc,dr|fast-repeated-cross-section|repeated-cross-section,2,400,50,if_assembly,.2290000000000001
s7-inproc-final,base,3,dr_rc,dr|fast-repeated-cross-section|repeated-cross-section,2,400,50,cache_post,.003
s7-inproc-final,base,3,dr_rc,dr|fast-repeated-cross-section|repeated-cross-section,2,400,50,cluster,0
s7-inproc-final,base,3,dr_rc,dr|fast-repeated-cross-section|repeated-cross-section,2,400,50,bootstrap,0
s7-inproc-final,base,3,dr_rc,dr|fast-repeated-cross-section|repeated-cross-section,2,400,50,aggregation,0
s7-inproc-final,base,3,dr_rc,dr|fast-repeated-cross-section|repeated-cross-section,2,400,50,unprofiled,.6850000000000005
s7-inproc-final,base,3,dr_rc,dr|fast-repeated-cross-section|repeated-cross-section,2,400,50,total,4.166
s7-inproc-final,base,3,reg,reg|fast-balanced-panel|panel,3,400,50,setup,.1320000000000001
s7-inproc-final,base,3,reg,reg|fast-balanced-panel|panel,3,400,50,cell_extract,0
s7-inproc-final,base,3,reg,reg|fast-balanced-panel|panel,3,400,50,model_fit,.4040000000000003
s7-inproc-final,base,3,reg,reg|fast-balanced-panel|panel,3,400,50,if_assembly,.049
s7-inproc-final,base,3,reg,reg|fast-balanced-panel|panel,3,400,50,cache_post,.001
s7-inproc-final,base,3,reg,reg|fast-balanced-panel|panel,3,400,50,cluster,0
s7-inproc-final,base,3,reg,reg|fast-balanced-panel|panel,3,400,50,bootstrap,0
s7-inproc-final,base,3,reg,reg|fast-balanced-panel|panel,3,400,50,aggregation,0
s7-inproc-final,base,3,reg,reg|fast-balanced-panel|panel,3,400,50,unprofiled,.5349999999999996
s7-inproc-final,base,3,reg,reg|fast-balanced-panel|panel,3,400,50,total,1.121
s7-inproc-final,base,3,ipw,ipw|fast-balanced-panel|panel,4,400,50,setup,.1250000000000001
s7-inproc-final,base,3,ipw,ipw|fast-balanced-panel|panel,4,400,50,cell_extract,0
s7-inproc-final,base,3,ipw,ipw|fast-balanced-panel|panel,4,400,50,model_fit,1.022000000000001
s7-inproc-final,base,3,ipw,ipw|fast-balanced-panel|panel,4,400,50,if_assembly,.05
s7-inproc-final,base,3,ipw,ipw|fast-balanced-panel|panel,4,400,50,cache_post,.001
s7-inproc-final,base,3,ipw,ipw|fast-balanced-panel|panel,4,400,50,cluster,0
s7-inproc-final,base,3,ipw,ipw|fast-balanced-panel|panel,4,400,50,bootstrap,0
s7-inproc-final,base,3,ipw,ipw|fast-balanced-panel|panel,4,400,50,aggregation,0
s7-inproc-final,base,3,ipw,ipw|fast-balanced-panel|panel,4,400,50,unprofiled,.5379999999999989
s7-inproc-final,base,3,ipw,ipw|fast-balanced-panel|panel,4,400,50,total,1.736
s7-inproc-final,head,3,dr,dr|fast-balanced-panel|panel,1,400,50,setup,.1210000000000001
s7-inproc-final,head,3,dr,dr|fast-balanced-panel|panel,1,400,50,cell_extract,0
s7-inproc-final,head,3,dr,dr|fast-balanced-panel|panel,1,400,50,model_fit,1.391
s7-inproc-final,head,3,dr,dr|fast-balanced-panel|panel,1,400,50,if_assembly,.052
s7-inproc-final,head,3,dr,dr|fast-balanced-panel|panel,1,400,50,cache_post,.001
s7-inproc-final,head,3,dr,dr|fast-balanced-panel|panel,1,400,50,cluster,0
s7-inproc-final,head,3,dr,dr|fast-balanced-panel|panel,1,400,50,bootstrap,0
s7-inproc-final,head,3,dr,dr|fast-balanced-panel|panel,1,400,50,aggregation,0
s7-inproc-final,head,3,dr,dr|fast-balanced-panel|panel,1,400,50,unprofiled,.5150000000000001
s7-inproc-final,head,3,dr,dr|fast-balanced-panel|panel,1,400,50,total,2.08
s7-inproc-final,head,3,dr_rc,dr|fast-repeated-cross-section|repeated-cross-section,2,400,50,setup,.2450000000000001
s7-inproc-final,head,3,dr_rc,dr|fast-repeated-cross-section|repeated-cross-section,2,400,50,cell_extract,.033
s7-inproc-final,head,3,dr_rc,dr|fast-repeated-cross-section|repeated-cross-section,2,400,50,model_fit,2.903000000000001
s7-inproc-final,head,3,dr_rc,dr|fast-repeated-cross-section|repeated-cross-section,2,400,50,if_assembly,.2150000000000001
s7-inproc-final,head,3,dr_rc,dr|fast-repeated-cross-section|repeated-cross-section,2,400,50,cache_post,.002
s7-inproc-final,head,3,dr_rc,dr|fast-repeated-cross-section|repeated-cross-section,2,400,50,cluster,0
s7-inproc-final,head,3,dr_rc,dr|fast-repeated-cross-section|repeated-cross-section,2,400,50,bootstrap,0
s7-inproc-final,head,3,dr_rc,dr|fast-repeated-cross-section|repeated-cross-section,2,400,50,aggregation,0
s7-inproc-final,head,3,dr_rc,dr|fast-repeated-cross-section|repeated-cross-section,2,400,50,unprofiled,.6859999999999977
s7-inproc-final,head,3,dr_rc,dr|fast-repeated-cross-section|repeated-cross-section,2,400,50,total,4.083999999999999
s7-inproc-final,head,3,reg,reg|fast-balanced-panel|panel,3,400,50,setup,.1300000000000001
s7-inproc-final,head,3,reg,reg|fast-balanced-panel|panel,3,400,50,cell_extract,0
s7-inproc-final,head,3,reg,reg|fast-balanced-panel|panel,3,400,50,model_fit,.3880000000000003
s7-inproc-final,head,3,reg,reg|fast-balanced-panel|panel,3,400,50,if_assembly,.053
s7-inproc-final,head,3,reg,reg|fast-balanced-panel|panel,3,400,50,cache_post,.004
s7-inproc-final,head,3,reg,reg|fast-balanced-panel|panel,3,400,50,cluster,0
s7-inproc-final,head,3,reg,reg|fast-balanced-panel|panel,3,400,50,bootstrap,0
s7-inproc-final,head,3,reg,reg|fast-balanced-panel|panel,3,400,50,aggregation,0
s7-inproc-final,head,3,reg,reg|fast-balanced-panel|panel,3,400,50,unprofiled,.5369999999999997
s7-inproc-final,head,3,reg,reg|fast-balanced-panel|panel,3,400,50,total,1.112
s7-inproc-final,head,3,ipw,ipw|fast-balanced-panel|panel,4,400,50,setup,.1240000000000001
s7-inproc-final,head,3,ipw,ipw|fast-balanced-panel|panel,4,400,50,cell_extract,0
s7-inproc-final,head,3,ipw,ipw|fast-balanced-panel|panel,4,400,50,model_fit,.9900000000000008
s7-inproc-final,head,3,ipw,ipw|fast-balanced-panel|panel,4,400,50,if_assembly,.056
s7-inproc-final,head,3,ipw,ipw|fast-balanced-panel|panel,4,400,50,cache_post,.002
s7-inproc-final,head,3,ipw,ipw|fast-balanced-panel|panel,4,400,50,cluster,0
s7-inproc-final,head,3,ipw,ipw|fast-balanced-panel|panel,4,400,50,bootstrap,0
s7-inproc-final,head,3,ipw,ipw|fast-balanced-panel|panel,4,400,50,aggregation,0
s7-inproc-final,head,3,ipw,ipw|fast-balanced-panel|panel,4,400,50,unprofiled,.552999999999999
s7-inproc-final,head,3,ipw,ipw|fast-balanced-panel|panel,4,400,50,total,1.725
s7-inproc-final,s6,3,dr,dr|fast-balanced-panel|panel,1,400,50,setup,.1300000000000001
s7-inproc-final,s6,3,dr,dr|fast-balanced-panel|panel,1,400,50,cell_extract,0
s7-inproc-final,s6,3,dr,dr|fast-balanced-panel|panel,1,400,50,model_fit,1.374
s7-inproc-final,s6,3,dr,dr|fast-balanced-panel|panel,1,400,50,if_assembly,.059
s7-inproc-final,s6,3,dr,dr|fast-balanced-panel|panel,1,400,50,cache_post,.002
s7-inproc-final,s6,3,dr,dr|fast-balanced-panel|panel,1,400,50,cluster,0
s7-inproc-final,s6,3,dr,dr|fast-balanced-panel|panel,1,400,50,bootstrap,0
s7-inproc-final,s6,3,dr,dr|fast-balanced-panel|panel,1,400,50,aggregation,0
s7-inproc-final,s6,3,dr,dr|fast-balanced-panel|panel,1,400,50,unprofiled,.5070000000000001
s7-inproc-final,s6,3,dr,dr|fast-balanced-panel|panel,1,400,50,total,2.072
s7-inproc-final,s6,3,dr_rc,dr|fast-repeated-cross-section|repeated-cross-section,2,400,50,setup,.2450000000000002
s7-inproc-final,s6,3,dr_rc,dr|fast-repeated-cross-section|repeated-cross-section,2,400,50,cell_extract,.036
s7-inproc-final,s6,3,dr_rc,dr|fast-repeated-cross-section|repeated-cross-section,2,400,50,model_fit,2.908000000000001
s7-inproc-final,s6,3,dr_rc,dr|fast-repeated-cross-section|repeated-cross-section,2,400,50,if_assembly,.2060000000000001
s7-inproc-final,s6,3,dr_rc,dr|fast-repeated-cross-section|repeated-cross-section,2,400,50,cache_post,.008
s7-inproc-final,s6,3,dr_rc,dr|fast-repeated-cross-section|repeated-cross-section,2,400,50,cluster,0
s7-inproc-final,s6,3,dr_rc,dr|fast-repeated-cross-section|repeated-cross-section,2,400,50,bootstrap,0
s7-inproc-final,s6,3,dr_rc,dr|fast-repeated-cross-section|repeated-cross-section,2,400,50,aggregation,0
s7-inproc-final,s6,3,dr_rc,dr|fast-repeated-cross-section|repeated-cross-section,2,400,50,unprofiled,.6609999999999974
s7-inproc-final,s6,3,dr_rc,dr|fast-repeated-cross-section|repeated-cross-section,2,400,50,total,4.063999999999998
s7-inproc-final,s6,3,reg,reg|fast-balanced-panel|panel,3,400,50,setup,.1300000000000001
s7-inproc-final,s6,3,reg,reg|fast-balanced-panel|panel,3,400,50,cell_extract,0
s7-inproc-final,s6,3,reg,reg|fast-balanced-panel|panel,3,400,50,model_fit,.3960000000000003
s7-inproc-final,s6,3,reg,reg|fast-balanced-panel|panel,3,400,50,if_assembly,.051
s7-inproc-final,s6,3,reg,reg|fast-balanced-panel|panel,3,400,50,cache_post,.003
s7-inproc-final,s6,3,reg,reg|fast-balanced-panel|panel,3,400,50,cluster,0
s7-inproc-final,s6,3,reg,reg|fast-balanced-panel|panel,3,400,50,bootstrap,0
s7-inproc-final,s6,3,reg,reg|fast-balanced-panel|panel,3,400,50,aggregation,0
s7-inproc-final,s6,3,reg,reg|fast-balanced-panel|panel,3,400,50,unprofiled,.5289999999999996
s7-inproc-final,s6,3,reg,reg|fast-balanced-panel|panel,3,400,50,total,1.109
s7-inproc-final,s6,3,ipw,ipw|fast-balanced-panel|panel,4,400,50,setup,.1270000000000001
s7-inproc-final,s6,3,ipw,ipw|fast-balanced-panel|panel,4,400,50,cell_extract,0
s7-inproc-final,s6,3,ipw,ipw|fast-balanced-panel|panel,4,400,50,model_fit,1.008000000000001
s7-inproc-final,s6,3,ipw,ipw|fast-balanced-panel|panel,4,400,50,if_assembly,.054
s7-inproc-final,s6,3,ipw,ipw|fast-balanced-panel|panel,4,400,50,cache_post,.001
s7-inproc-final,s6,3,ipw,ipw|fast-balanced-panel|panel,4,400,50,cluster,0
s7-inproc-final,s6,3,ipw,ipw|fast-balanced-panel|panel,4,400,50,bootstrap,0
s7-inproc-final,s6,3,ipw,ipw|fast-balanced-panel|panel,4,400,50,aggregation,0
s7-inproc-final,s6,3,ipw,ipw|fast-balanced-panel|panel,4,400,50,unprofiled,.5399999999999989
s7-inproc-final,s6,3,ipw,ipw|fast-balanced-panel|panel,4,400,50,total,1.73
s7-inproc-final,base,4,dr,dr|fast-balanced-panel|panel,1,400,50,setup,.1230000000000001
s7-inproc-final,base,4,dr,dr|fast-balanced-panel|panel,1,400,50,cell_extract,0
s7-inproc-final,base,4,dr,dr|fast-balanced-panel|panel,1,400,50,model_fit,1.383
s7-inproc-final,base,4,dr,dr|fast-balanced-panel|panel,1,400,50,if_assembly,.054
s7-inproc-final,base,4,dr,dr|fast-balanced-panel|panel,1,400,50,cache_post,.002
s7-inproc-final,base,4,dr,dr|fast-balanced-panel|panel,1,400,50,cluster,0
s7-inproc-final,base,4,dr,dr|fast-balanced-panel|panel,1,400,50,bootstrap,0
s7-inproc-final,base,4,dr,dr|fast-balanced-panel|panel,1,400,50,aggregation,0
s7-inproc-final,base,4,dr,dr|fast-balanced-panel|panel,1,400,50,unprofiled,.5050000000000001
s7-inproc-final,base,4,dr,dr|fast-balanced-panel|panel,1,400,50,total,2.067
s7-inproc-final,base,4,ipw,ipw|fast-balanced-panel|panel,2,400,50,setup,.1210000000000001
s7-inproc-final,base,4,ipw,ipw|fast-balanced-panel|panel,2,400,50,cell_extract,0
s7-inproc-final,base,4,ipw,ipw|fast-balanced-panel|panel,2,400,50,model_fit,1.002000000000001
s7-inproc-final,base,4,ipw,ipw|fast-balanced-panel|panel,2,400,50,if_assembly,.048
s7-inproc-final,base,4,ipw,ipw|fast-balanced-panel|panel,2,400,50,cache_post,.004
s7-inproc-final,base,4,ipw,ipw|fast-balanced-panel|panel,2,400,50,cluster,0
s7-inproc-final,base,4,ipw,ipw|fast-balanced-panel|panel,2,400,50,bootstrap,0
s7-inproc-final,base,4,ipw,ipw|fast-balanced-panel|panel,2,400,50,aggregation,0
s7-inproc-final,base,4,ipw,ipw|fast-balanced-panel|panel,2,400,50,unprofiled,.5190000000000001
s7-inproc-final,base,4,ipw,ipw|fast-balanced-panel|panel,2,400,50,total,1.694000000000001
s7-inproc-final,base,4,reg,reg|fast-balanced-panel|panel,3,400,50,setup,.1250000000000001
s7-inproc-final,base,4,reg,reg|fast-balanced-panel|panel,3,400,50,cell_extract,0
s7-inproc-final,base,4,reg,reg|fast-balanced-panel|panel,3,400,50,model_fit,.3710000000000003
s7-inproc-final,base,4,reg,reg|fast-balanced-panel|panel,3,400,50,if_assembly,.054
s7-inproc-final,base,4,reg,reg|fast-balanced-panel|panel,3,400,50,cache_post,.002
s7-inproc-final,base,4,reg,reg|fast-balanced-panel|panel,3,400,50,cluster,0
s7-inproc-final,base,4,reg,reg|fast-balanced-panel|panel,3,400,50,bootstrap,0
s7-inproc-final,base,4,reg,reg|fast-balanced-panel|panel,3,400,50,aggregation,0
s7-inproc-final,base,4,reg,reg|fast-balanced-panel|panel,3,400,50,unprofiled,.5220000000000006
s7-inproc-final,base,4,reg,reg|fast-balanced-panel|panel,3,400,50,total,1.074000000000001
s7-inproc-final,base,4,dr_rc,dr|fast-repeated-cross-section|repeated-cross-section,4,400,50,setup,.2460000000000002
s7-inproc-final,base,4,dr_rc,dr|fast-repeated-cross-section|repeated-cross-section,4,400,50,cell_extract,.0990000000000001
s7-inproc-final,base,4,dr_rc,dr|fast-repeated-cross-section|repeated-cross-section,4,400,50,model_fit,2.890999999999999
s7-inproc-final,base,4,dr_rc,dr|fast-repeated-cross-section|repeated-cross-section,4,400,50,if_assembly,.2150000000000001
s7-inproc-final,base,4,dr_rc,dr|fast-repeated-cross-section|repeated-cross-section,4,400,50,cache_post,.001
s7-inproc-final,base,4,dr_rc,dr|fast-repeated-cross-section|repeated-cross-section,4,400,50,cluster,0
s7-inproc-final,base,4,dr_rc,dr|fast-repeated-cross-section|repeated-cross-section,4,400,50,bootstrap,0
s7-inproc-final,base,4,dr_rc,dr|fast-repeated-cross-section|repeated-cross-section,4,400,50,aggregation,0
s7-inproc-final,base,4,dr_rc,dr|fast-repeated-cross-section|repeated-cross-section,4,400,50,unprofiled,.6900000000000022
s7-inproc-final,base,4,dr_rc,dr|fast-repeated-cross-section|repeated-cross-section,4,400,50,total,4.142000000000001
s7-inproc-final,s6,4,dr,dr|fast-balanced-panel|panel,1,400,50,setup,.1290000000000001
s7-inproc-final,s6,4,dr,dr|fast-balanced-panel|panel,1,400,50,cell_extract,0
s7-inproc-final,s6,4,dr,dr|fast-balanced-panel|panel,1,400,50,model_fit,1.369
s7-inproc-final,s6,4,dr,dr|fast-balanced-panel|panel,1,400,50,if_assembly,.063
s7-inproc-final,s6,4,dr,dr|fast-balanced-panel|panel,1,400,50,cache_post,.003
s7-inproc-final,s6,4,dr,dr|fast-balanced-panel|panel,1,400,50,cluster,0
s7-inproc-final,s6,4,dr,dr|fast-balanced-panel|panel,1,400,50,bootstrap,0
s7-inproc-final,s6,4,dr,dr|fast-balanced-panel|panel,1,400,50,aggregation,0
s7-inproc-final,s6,4,dr,dr|fast-balanced-panel|panel,1,400,50,unprofiled,.4990000000000001
s7-inproc-final,s6,4,dr,dr|fast-balanced-panel|panel,1,400,50,total,2.063
s7-inproc-final,s6,4,ipw,ipw|fast-balanced-panel|panel,2,400,50,setup,.1290000000000001
s7-inproc-final,s6,4,ipw,ipw|fast-balanced-panel|panel,2,400,50,cell_extract,0
s7-inproc-final,s6,4,ipw,ipw|fast-balanced-panel|panel,2,400,50,model_fit,.9850000000000008
s7-inproc-final,s6,4,ipw,ipw|fast-balanced-panel|panel,2,400,50,if_assembly,.059
s7-inproc-final,s6,4,ipw,ipw|fast-balanced-panel|panel,2,400,50,cache_post,.002
s7-inproc-final,s6,4,ipw,ipw|fast-balanced-panel|panel,2,400,50,cluster,0
s7-inproc-final,s6,4,ipw,ipw|fast-balanced-panel|panel,2,400,50,bootstrap,0
s7-inproc-final,s6,4,ipw,ipw|fast-balanced-panel|panel,2,400,50,aggregation,0
s7-inproc-final,s6,4,ipw,ipw|fast-balanced-panel|panel,2,400,50,unprofiled,.506999999999999
s7-inproc-final,s6,4,ipw,ipw|fast-balanced-panel|panel,2,400,50,total,1.682
s7-inproc-final,s6,4,reg,reg|fast-balanced-panel|panel,3,400,50,setup,.1220000000000001
s7-inproc-final,s6,4,reg,reg|fast-balanced-panel|panel,3,400,50,cell_extract,0
s7-inproc-final,s6,4,reg,reg|fast-balanced-panel|panel,3,400,50,model_fit,.4010000000000003
s7-inproc-final,s6,4,reg,reg|fast-balanced-panel|panel,3,400,50,if_assembly,.039
s7-inproc-final,s6,4,reg,reg|fast-balanced-panel|panel,3,400,50,cache_post,.005
s7-inproc-final,s6,4,reg,reg|fast-balanced-panel|panel,3,400,50,cluster,0
s7-inproc-final,s6,4,reg,reg|fast-balanced-panel|panel,3,400,50,bootstrap,0
s7-inproc-final,s6,4,reg,reg|fast-balanced-panel|panel,3,400,50,aggregation,0
s7-inproc-final,s6,4,reg,reg|fast-balanced-panel|panel,3,400,50,unprofiled,.4999999999999996
s7-inproc-final,s6,4,reg,reg|fast-balanced-panel|panel,3,400,50,total,1.067
s7-inproc-final,s6,4,dr_rc,dr|fast-repeated-cross-section|repeated-cross-section,4,400,50,setup,.2460000000000001
s7-inproc-final,s6,4,dr_rc,dr|fast-repeated-cross-section|repeated-cross-section,4,400,50,cell_extract,.044
s7-inproc-final,s6,4,dr_rc,dr|fast-repeated-cross-section|repeated-cross-section,4,400,50,model_fit,2.868
s7-inproc-final,s6,4,dr_rc,dr|fast-repeated-cross-section|repeated-cross-section,4,400,50,if_assembly,.2390000000000002
s7-inproc-final,s6,4,dr_rc,dr|fast-repeated-cross-section|repeated-cross-section,4,400,50,cache_post,.006
s7-inproc-final,s6,4,dr_rc,dr|fast-repeated-cross-section|repeated-cross-section,4,400,50,cluster,0
s7-inproc-final,s6,4,dr_rc,dr|fast-repeated-cross-section|repeated-cross-section,4,400,50,bootstrap,0
s7-inproc-final,s6,4,dr_rc,dr|fast-repeated-cross-section|repeated-cross-section,4,400,50,aggregation,0
s7-inproc-final,s6,4,dr_rc,dr|fast-repeated-cross-section|repeated-cross-section,4,400,50,unprofiled,.654999999999998
s7-inproc-final,s6,4,dr_rc,dr|fast-repeated-cross-section|repeated-cross-section,4,400,50,total,4.057999999999998
s7-inproc-final,head,4,dr,dr|fast-balanced-panel|panel,1,400,50,setup,.1220000000000001
s7-inproc-final,head,4,dr,dr|fast-balanced-panel|panel,1,400,50,cell_extract,0
s7-inproc-final,head,4,dr,dr|fast-balanced-panel|panel,1,400,50,model_fit,1.375
s7-inproc-final,head,4,dr,dr|fast-balanced-panel|panel,1,400,50,if_assembly,.062
s7-inproc-final,head,4,dr,dr|fast-balanced-panel|panel,1,400,50,cache_post,.002
s7-inproc-final,head,4,dr,dr|fast-balanced-panel|panel,1,400,50,cluster,0
s7-inproc-final,head,4,dr,dr|fast-balanced-panel|panel,1,400,50,bootstrap,0
s7-inproc-final,head,4,dr,dr|fast-balanced-panel|panel,1,400,50,aggregation,0
s7-inproc-final,head,4,dr,dr|fast-balanced-panel|panel,1,400,50,unprofiled,.512
s7-inproc-final,head,4,dr,dr|fast-balanced-panel|panel,1,400,50,total,2.073
s7-inproc-final,head,4,ipw,ipw|fast-balanced-panel|panel,2,400,50,setup,.1280000000000001
s7-inproc-final,head,4,ipw,ipw|fast-balanced-panel|panel,2,400,50,cell_extract,0
s7-inproc-final,head,4,ipw,ipw|fast-balanced-panel|panel,2,400,50,model_fit,1.014000000000001
s7-inproc-final,head,4,ipw,ipw|fast-balanced-panel|panel,2,400,50,if_assembly,.039
s7-inproc-final,head,4,ipw,ipw|fast-balanced-panel|panel,2,400,50,cache_post,0
s7-inproc-final,head,4,ipw,ipw|fast-balanced-panel|panel,2,400,50,cluster,0
s7-inproc-final,head,4,ipw,ipw|fast-balanced-panel|panel,2,400,50,bootstrap,0
s7-inproc-final,head,4,ipw,ipw|fast-balanced-panel|panel,2,400,50,aggregation,0
s7-inproc-final,head,4,ipw,ipw|fast-balanced-panel|panel,2,400,50,unprofiled,.5099999999999991
s7-inproc-final,head,4,ipw,ipw|fast-balanced-panel|panel,2,400,50,total,1.691
s7-inproc-final,head,4,reg,reg|fast-balanced-panel|panel,3,400,50,setup,.1250000000000001
s7-inproc-final,head,4,reg,reg|fast-balanced-panel|panel,3,400,50,cell_extract,0
s7-inproc-final,head,4,reg,reg|fast-balanced-panel|panel,3,400,50,model_fit,.3650000000000003
s7-inproc-final,head,4,reg,reg|fast-balanced-panel|panel,3,400,50,if_assembly,.061
s7-inproc-final,head,4,reg,reg|fast-balanced-panel|panel,3,400,50,cache_post,.002
s7-inproc-final,head,4,reg,reg|fast-balanced-panel|panel,3,400,50,cluster,0
s7-inproc-final,head,4,reg,reg|fast-balanced-panel|panel,3,400,50,bootstrap,0
s7-inproc-final,head,4,reg,reg|fast-balanced-panel|panel,3,400,50,aggregation,0
s7-inproc-final,head,4,reg,reg|fast-balanced-panel|panel,3,400,50,unprofiled,.5189999999999997
s7-inproc-final,head,4,reg,reg|fast-balanced-panel|panel,3,400,50,total,1.072
s7-inproc-final,head,4,dr_rc,dr|fast-repeated-cross-section|repeated-cross-section,4,400,50,setup,.2480000000000002
s7-inproc-final,head,4,dr_rc,dr|fast-repeated-cross-section|repeated-cross-section,4,400,50,cell_extract,.03
s7-inproc-final,head,4,dr_rc,dr|fast-repeated-cross-section|repeated-cross-section,4,400,50,model_fit,2.916
s7-inproc-final,head,4,dr_rc,dr|fast-repeated-cross-section|repeated-cross-section,4,400,50,if_assembly,.2250000000000001
s7-inproc-final,head,4,dr_rc,dr|fast-repeated-cross-section|repeated-cross-section,4,400,50,cache_post,.008
s7-inproc-final,head,4,dr_rc,dr|fast-repeated-cross-section|repeated-cross-section,4,400,50,cluster,0
s7-inproc-final,head,4,dr_rc,dr|fast-repeated-cross-section|repeated-cross-section,4,400,50,bootstrap,0
s7-inproc-final,head,4,dr_rc,dr|fast-repeated-cross-section|repeated-cross-section,4,400,50,aggregation,0
s7-inproc-final,head,4,dr_rc,dr|fast-repeated-cross-section|repeated-cross-section,4,400,50,unprofiled,.6949999999999981
s7-inproc-final,head,4,dr_rc,dr|fast-repeated-cross-section|repeated-cross-section,4,400,50,total,4.121999999999998
s7-inproc-final,head,5,reg,reg|fast-balanced-panel|panel,1,400,50,setup,.1280000000000001
s7-inproc-final,head,5,reg,reg|fast-balanced-panel|panel,1,400,50,cell_extract,0
s7-inproc-final,head,5,reg,reg|fast-balanced-panel|panel,1,400,50,model_fit,.3940000000000003
s7-inproc-final,head,5,reg,reg|fast-balanced-panel|panel,1,400,50,if_assembly,.049
s7-inproc-final,head,5,reg,reg|fast-balanced-panel|panel,1,400,50,cache_post,0
s7-inproc-final,head,5,reg,reg|fast-balanced-panel|panel,1,400,50,cluster,0
s7-inproc-final,head,5,reg,reg|fast-balanced-panel|panel,1,400,50,bootstrap,0
s7-inproc-final,head,5,reg,reg|fast-balanced-panel|panel,1,400,50,aggregation,0
s7-inproc-final,head,5,reg,reg|fast-balanced-panel|panel,1,400,50,unprofiled,.4939999999999994
s7-inproc-final,head,5,reg,reg|fast-balanced-panel|panel,1,400,50,total,1.065
s7-inproc-final,head,5,ipw,ipw|fast-balanced-panel|panel,2,400,50,setup,.1230000000000001
s7-inproc-final,head,5,ipw,ipw|fast-balanced-panel|panel,2,400,50,cell_extract,0
s7-inproc-final,head,5,ipw,ipw|fast-balanced-panel|panel,2,400,50,model_fit,.9940000000000008
s7-inproc-final,head,5,ipw,ipw|fast-balanced-panel|panel,2,400,50,if_assembly,.065
s7-inproc-final,head,5,ipw,ipw|fast-balanced-panel|panel,2,400,50,cache_post,.004
s7-inproc-final,head,5,ipw,ipw|fast-balanced-panel|panel,2,400,50,cluster,0
s7-inproc-final,head,5,ipw,ipw|fast-balanced-panel|panel,2,400,50,bootstrap,0
s7-inproc-final,head,5,ipw,ipw|fast-balanced-panel|panel,2,400,50,aggregation,0
s7-inproc-final,head,5,ipw,ipw|fast-balanced-panel|panel,2,400,50,unprofiled,.498999999999999
s7-inproc-final,head,5,ipw,ipw|fast-balanced-panel|panel,2,400,50,total,1.685
s7-inproc-final,head,5,dr,dr|fast-balanced-panel|panel,3,400,50,setup,.1270000000000001
s7-inproc-final,head,5,dr,dr|fast-balanced-panel|panel,3,400,50,cell_extract,0
s7-inproc-final,head,5,dr,dr|fast-balanced-panel|panel,3,400,50,model_fit,1.378
s7-inproc-final,head,5,dr,dr|fast-balanced-panel|panel,3,400,50,if_assembly,.045
s7-inproc-final,head,5,dr,dr|fast-balanced-panel|panel,3,400,50,cache_post,.004
s7-inproc-final,head,5,dr,dr|fast-balanced-panel|panel,3,400,50,cluster,0
s7-inproc-final,head,5,dr,dr|fast-balanced-panel|panel,3,400,50,bootstrap,0
s7-inproc-final,head,5,dr,dr|fast-balanced-panel|panel,3,400,50,aggregation,0
s7-inproc-final,head,5,dr,dr|fast-balanced-panel|panel,3,400,50,unprofiled,.5250000000000001
s7-inproc-final,head,5,dr,dr|fast-balanced-panel|panel,3,400,50,total,2.079
s7-inproc-final,head,5,dr_rc,dr|fast-repeated-cross-section|repeated-cross-section,4,400,50,setup,.2480000000000002
s7-inproc-final,head,5,dr_rc,dr|fast-repeated-cross-section|repeated-cross-section,4,400,50,cell_extract,.039
s7-inproc-final,head,5,dr_rc,dr|fast-repeated-cross-section|repeated-cross-section,4,400,50,model_fit,2.901
s7-inproc-final,head,5,dr_rc,dr|fast-repeated-cross-section|repeated-cross-section,4,400,50,if_assembly,.2280000000000001
s7-inproc-final,head,5,dr_rc,dr|fast-repeated-cross-section|repeated-cross-section,4,400,50,cache_post,.004
s7-inproc-final,head,5,dr_rc,dr|fast-repeated-cross-section|repeated-cross-section,4,400,50,cluster,0
s7-inproc-final,head,5,dr_rc,dr|fast-repeated-cross-section|repeated-cross-section,4,400,50,bootstrap,0
s7-inproc-final,head,5,dr_rc,dr|fast-repeated-cross-section|repeated-cross-section,4,400,50,aggregation,0
s7-inproc-final,head,5,dr_rc,dr|fast-repeated-cross-section|repeated-cross-section,4,400,50,unprofiled,.6649999999999991
s7-inproc-final,head,5,dr_rc,dr|fast-repeated-cross-section|repeated-cross-section,4,400,50,total,4.084999999999999
s7-inproc-final,base,5,reg,reg|fast-balanced-panel|panel,1,400,50,setup,.1210000000000001
s7-inproc-final,base,5,reg,reg|fast-balanced-panel|panel,1,400,50,cell_extract,0
s7-inproc-final,base,5,reg,reg|fast-balanced-panel|panel,1,400,50,model_fit,.3880000000000003
s7-inproc-final,base,5,reg,reg|fast-balanced-panel|panel,1,400,50,if_assembly,.054
s7-inproc-final,base,5,reg,reg|fast-balanced-panel|panel,1,400,50,cache_post,.002
s7-inproc-final,base,5,reg,reg|fast-balanced-panel|panel,1,400,50,cluster,0
s7-inproc-final,base,5,reg,reg|fast-balanced-panel|panel,1,400,50,bootstrap,0
s7-inproc-final,base,5,reg,reg|fast-balanced-panel|panel,1,400,50,aggregation,0
s7-inproc-final,base,5,reg,reg|fast-balanced-panel|panel,1,400,50,unprofiled,.5039999999999996
s7-inproc-final,base,5,reg,reg|fast-balanced-panel|panel,1,400,50,total,1.069
s7-inproc-final,base,5,ipw,ipw|fast-balanced-panel|panel,2,400,50,setup,.1250000000000001
s7-inproc-final,base,5,ipw,ipw|fast-balanced-panel|panel,2,400,50,cell_extract,0
s7-inproc-final,base,5,ipw,ipw|fast-balanced-panel|panel,2,400,50,model_fit,1.016000000000001
s7-inproc-final,base,5,ipw,ipw|fast-balanced-panel|panel,2,400,50,if_assembly,.044
s7-inproc-final,base,5,ipw,ipw|fast-balanced-panel|panel,2,400,50,cache_post,.004
s7-inproc-final,base,5,ipw,ipw|fast-balanced-panel|panel,2,400,50,cluster,0
s7-inproc-final,base,5,ipw,ipw|fast-balanced-panel|panel,2,400,50,bootstrap,0
s7-inproc-final,base,5,ipw,ipw|fast-balanced-panel|panel,2,400,50,aggregation,0
s7-inproc-final,base,5,ipw,ipw|fast-balanced-panel|panel,2,400,50,unprofiled,.498
s7-inproc-final,base,5,ipw,ipw|fast-balanced-panel|panel,2,400,50,total,1.687000000000001
s7-inproc-final,base,5,dr,dr|fast-balanced-panel|panel,3,400,50,setup,.1260000000000001
s7-inproc-final,base,5,dr,dr|fast-balanced-panel|panel,3,400,50,cell_extract,0
s7-inproc-final,base,5,dr,dr|fast-balanced-panel|panel,3,400,50,model_fit,1.379
s7-inproc-final,base,5,dr,dr|fast-balanced-panel|panel,3,400,50,if_assembly,.06
s7-inproc-final,base,5,dr,dr|fast-balanced-panel|panel,3,400,50,cache_post,.002
s7-inproc-final,base,5,dr,dr|fast-balanced-panel|panel,3,400,50,cluster,0
s7-inproc-final,base,5,dr,dr|fast-balanced-panel|panel,3,400,50,bootstrap,0
s7-inproc-final,base,5,dr,dr|fast-balanced-panel|panel,3,400,50,aggregation,0
s7-inproc-final,base,5,dr,dr|fast-balanced-panel|panel,3,400,50,unprofiled,.502999999999999
s7-inproc-final,base,5,dr,dr|fast-balanced-panel|panel,3,400,50,total,2.069999999999999
s7-inproc-final,base,5,dr_rc,dr|fast-repeated-cross-section|repeated-cross-section,4,400,50,setup,.2420000000000001
s7-inproc-final,base,5,dr_rc,dr|fast-repeated-cross-section|repeated-cross-section,4,400,50,cell_extract,.0990000000000001
s7-inproc-final,base,5,dr_rc,dr|fast-repeated-cross-section|repeated-cross-section,4,400,50,model_fit,2.923
s7-inproc-final,base,5,dr_rc,dr|fast-repeated-cross-section|repeated-cross-section,4,400,50,if_assembly,.2010000000000001
s7-inproc-final,base,5,dr_rc,dr|fast-repeated-cross-section|repeated-cross-section,4,400,50,cache_post,.002
s7-inproc-final,base,5,dr_rc,dr|fast-repeated-cross-section|repeated-cross-section,4,400,50,cluster,0
s7-inproc-final,base,5,dr_rc,dr|fast-repeated-cross-section|repeated-cross-section,4,400,50,bootstrap,0
s7-inproc-final,base,5,dr_rc,dr|fast-repeated-cross-section|repeated-cross-section,4,400,50,aggregation,0
s7-inproc-final,base,5,dr_rc,dr|fast-repeated-cross-section|repeated-cross-section,4,400,50,unprofiled,.6760000000000006
s7-inproc-final,base,5,dr_rc,dr|fast-repeated-cross-section|repeated-cross-section,4,400,50,total,4.143000000000001
s7-inproc-final,s6,5,reg,reg|fast-balanced-panel|panel,1,400,50,setup,.1250000000000001
s7-inproc-final,s6,5,reg,reg|fast-balanced-panel|panel,1,400,50,cell_extract,0
s7-inproc-final,s6,5,reg,reg|fast-balanced-panel|panel,1,400,50,model_fit,.3980000000000003
s7-inproc-final,s6,5,reg,reg|fast-balanced-panel|panel,1,400,50,if_assembly,.05
s7-inproc-final,s6,5,reg,reg|fast-balanced-panel|panel,1,400,50,cache_post,.004
s7-inproc-final,s6,5,reg,reg|fast-balanced-panel|panel,1,400,50,cluster,0
s7-inproc-final,s6,5,reg,reg|fast-balanced-panel|panel,1,400,50,bootstrap,0
s7-inproc-final,s6,5,reg,reg|fast-balanced-panel|panel,1,400,50,aggregation,0
s7-inproc-final,s6,5,reg,reg|fast-balanced-panel|panel,1,400,50,unprofiled,.4799999999999995
s7-inproc-final,s6,5,reg,reg|fast-balanced-panel|panel,1,400,50,total,1.057
s7-inproc-final,s6,5,ipw,ipw|fast-balanced-panel|panel,2,400,50,setup,.1260000000000001
s7-inproc-final,s6,5,ipw,ipw|fast-balanced-panel|panel,2,400,50,cell_extract,0
s7-inproc-final,s6,5,ipw,ipw|fast-balanced-panel|panel,2,400,50,model_fit,1.002000000000001
s7-inproc-final,s6,5,ipw,ipw|fast-balanced-panel|panel,2,400,50,if_assembly,.046
s7-inproc-final,s6,5,ipw,ipw|fast-balanced-panel|panel,2,400,50,cache_post,.006
s7-inproc-final,s6,5,ipw,ipw|fast-balanced-panel|panel,2,400,50,cluster,0
s7-inproc-final,s6,5,ipw,ipw|fast-balanced-panel|panel,2,400,50,bootstrap,0
s7-inproc-final,s6,5,ipw,ipw|fast-balanced-panel|panel,2,400,50,aggregation,0
s7-inproc-final,s6,5,ipw,ipw|fast-balanced-panel|panel,2,400,50,unprofiled,.4979999999999989
s7-inproc-final,s6,5,ipw,ipw|fast-balanced-panel|panel,2,400,50,total,1.678
s7-inproc-final,s6,5,dr,dr|fast-balanced-panel|panel,3,400,50,setup,.1270000000000001
s7-inproc-final,s6,5,dr,dr|fast-balanced-panel|panel,3,400,50,cell_extract,0
s7-inproc-final,s6,5,dr,dr|fast-balanced-panel|panel,3,400,50,model_fit,1.368
s7-inproc-final,s6,5,dr,dr|fast-balanced-panel|panel,3,400,50,if_assembly,.054
s7-inproc-final,s6,5,dr,dr|fast-balanced-panel|panel,3,400,50,cache_post,.002
s7-inproc-final,s6,5,dr,dr|fast-balanced-panel|panel,3,400,50,cluster,0
s7-inproc-final,s6,5,dr,dr|fast-balanced-panel|panel,3,400,50,bootstrap,0
s7-inproc-final,s6,5,dr,dr|fast-balanced-panel|panel,3,400,50,aggregation,0
s7-inproc-final,s6,5,dr,dr|fast-balanced-panel|panel,3,400,50,unprofiled,.5210000000000001
s7-inproc-final,s6,5,dr,dr|fast-balanced-panel|panel,3,400,50,total,2.072
s7-inproc-final,s6,5,dr_rc,dr|fast-repeated-cross-section|repeated-cross-section,4,400,50,setup,.2420000000000001
s7-inproc-final,s6,5,dr_rc,dr|fast-repeated-cross-section|repeated-cross-section,4,400,50,cell_extract,.037
s7-inproc-final,s6,5,dr_rc,dr|fast-repeated-cross-section|repeated-cross-section,4,400,50,model_fit,2.903
s7-inproc-final,s6,5,dr_rc,dr|fast-repeated-cross-section|repeated-cross-section,4,400,50,if_assembly,.2020000000000001
s7-inproc-final,s6,5,dr_rc,dr|fast-repeated-cross-section|repeated-cross-section,4,400,50,cache_post,.004
s7-inproc-final,s6,5,dr_rc,dr|fast-repeated-cross-section|repeated-cross-section,4,400,50,cluster,0
s7-inproc-final,s6,5,dr_rc,dr|fast-repeated-cross-section|repeated-cross-section,4,400,50,bootstrap,0
s7-inproc-final,s6,5,dr_rc,dr|fast-repeated-cross-section|repeated-cross-section,4,400,50,aggregation,0
s7-inproc-final,s6,5,dr_rc,dr|fast-repeated-cross-section|repeated-cross-section,4,400,50,unprofiled,.6859999999999991
s7-inproc-final,s6,5,dr_rc,dr|fast-repeated-cross-section|repeated-cross-section,4,400,50,total,4.073999999999999
s7-inproc-final,s6,6,reg,reg|fast-balanced-panel|panel,1,400,50,setup,.1230000000000001
s7-inproc-final,s6,6,reg,reg|fast-balanced-panel|panel,1,400,50,cell_extract,0
s7-inproc-final,s6,6,reg,reg|fast-balanced-panel|panel,1,400,50,model_fit,.3960000000000003
s7-inproc-final,s6,6,reg,reg|fast-balanced-panel|panel,1,400,50,if_assembly,.046
s7-inproc-final,s6,6,reg,reg|fast-balanced-panel|panel,1,400,50,cache_post,0
s7-inproc-final,s6,6,reg,reg|fast-balanced-panel|panel,1,400,50,cluster,0
s7-inproc-final,s6,6,reg,reg|fast-balanced-panel|panel,1,400,50,bootstrap,0
s7-inproc-final,s6,6,reg,reg|fast-balanced-panel|panel,1,400,50,aggregation,0
s7-inproc-final,s6,6,reg,reg|fast-balanced-panel|panel,1,400,50,unprofiled,.5029999999999997
s7-inproc-final,s6,6,reg,reg|fast-balanced-panel|panel,1,400,50,total,1.068
s7-inproc-final,s6,6,dr_rc,dr|fast-repeated-cross-section|repeated-cross-section,2,400,50,setup,.2470000000000001
s7-inproc-final,s6,6,dr_rc,dr|fast-repeated-cross-section|repeated-cross-section,2,400,50,cell_extract,.04
s7-inproc-final,s6,6,dr_rc,dr|fast-repeated-cross-section|repeated-cross-section,2,400,50,model_fit,2.883
s7-inproc-final,s6,6,dr_rc,dr|fast-repeated-cross-section|repeated-cross-section,2,400,50,if_assembly,.2380000000000002
s7-inproc-final,s6,6,dr_rc,dr|fast-repeated-cross-section|repeated-cross-section,2,400,50,cache_post,.004
s7-inproc-final,s6,6,dr_rc,dr|fast-repeated-cross-section|repeated-cross-section,2,400,50,cluster,0
s7-inproc-final,s6,6,dr_rc,dr|fast-repeated-cross-section|repeated-cross-section,2,400,50,bootstrap,0
s7-inproc-final,s6,6,dr_rc,dr|fast-repeated-cross-section|repeated-cross-section,2,400,50,aggregation,0
s7-inproc-final,s6,6,dr_rc,dr|fast-repeated-cross-section|repeated-cross-section,2,400,50,unprofiled,.6759999999999984
s7-inproc-final,s6,6,dr_rc,dr|fast-repeated-cross-section|repeated-cross-section,2,400,50,total,4.087999999999998
s7-inproc-final,s6,6,dr,dr|fast-balanced-panel|panel,3,400,50,setup,.1300000000000001
s7-inproc-final,s6,6,dr,dr|fast-balanced-panel|panel,3,400,50,cell_extract,0
s7-inproc-final,s6,6,dr,dr|fast-balanced-panel|panel,3,400,50,model_fit,1.409
s7-inproc-final,s6,6,dr,dr|fast-balanced-panel|panel,3,400,50,if_assembly,.053
s7-inproc-final,s6,6,dr,dr|fast-balanced-panel|panel,3,400,50,cache_post,.005
s7-inproc-final,s6,6,dr,dr|fast-balanced-panel|panel,3,400,50,cluster,0
s7-inproc-final,s6,6,dr,dr|fast-balanced-panel|panel,3,400,50,bootstrap,0
s7-inproc-final,s6,6,dr,dr|fast-balanced-panel|panel,3,400,50,aggregation,0
s7-inproc-final,s6,6,dr,dr|fast-balanced-panel|panel,3,400,50,unprofiled,.552
s7-inproc-final,s6,6,dr,dr|fast-balanced-panel|panel,3,400,50,total,2.149
s7-inproc-final,s6,6,ipw,ipw|fast-balanced-panel|panel,4,400,50,setup,.1320000000000001
s7-inproc-final,s6,6,ipw,ipw|fast-balanced-panel|panel,4,400,50,cell_extract,0
s7-inproc-final,s6,6,ipw,ipw|fast-balanced-panel|panel,4,400,50,model_fit,1.006000000000001
s7-inproc-final,s6,6,ipw,ipw|fast-balanced-panel|panel,4,400,50,if_assembly,.06
s7-inproc-final,s6,6,ipw,ipw|fast-balanced-panel|panel,4,400,50,cache_post,.003
s7-inproc-final,s6,6,ipw,ipw|fast-balanced-panel|panel,4,400,50,cluster,0
s7-inproc-final,s6,6,ipw,ipw|fast-balanced-panel|panel,4,400,50,bootstrap,0
s7-inproc-final,s6,6,ipw,ipw|fast-balanced-panel|panel,4,400,50,aggregation,0
s7-inproc-final,s6,6,ipw,ipw|fast-balanced-panel|panel,4,400,50,unprofiled,.536999999999999
s7-inproc-final,s6,6,ipw,ipw|fast-balanced-panel|panel,4,400,50,total,1.738
s7-inproc-final,head,6,reg,reg|fast-balanced-panel|panel,1,400,50,setup,.1240000000000001
s7-inproc-final,head,6,reg,reg|fast-balanced-panel|panel,1,400,50,cell_extract,0
s7-inproc-final,head,6,reg,reg|fast-balanced-panel|panel,1,400,50,model_fit,.3860000000000003
s7-inproc-final,head,6,reg,reg|fast-balanced-panel|panel,1,400,50,if_assembly,.049
s7-inproc-final,head,6,reg,reg|fast-balanced-panel|panel,1,400,50,cache_post,.001
s7-inproc-final,head,6,reg,reg|fast-balanced-panel|panel,1,400,50,cluster,0
s7-inproc-final,head,6,reg,reg|fast-balanced-panel|panel,1,400,50,bootstrap,0
s7-inproc-final,head,6,reg,reg|fast-balanced-panel|panel,1,400,50,aggregation,0
s7-inproc-final,head,6,reg,reg|fast-balanced-panel|panel,1,400,50,unprofiled,.5080000000000006
s7-inproc-final,head,6,reg,reg|fast-balanced-panel|panel,1,400,50,total,1.068000000000001
s7-inproc-final,head,6,dr_rc,dr|fast-repeated-cross-section|repeated-cross-section,2,400,50,setup,.2450000000000001
s7-inproc-final,head,6,dr_rc,dr|fast-repeated-cross-section|repeated-cross-section,2,400,50,cell_extract,.04
s7-inproc-final,head,6,dr_rc,dr|fast-repeated-cross-section|repeated-cross-section,2,400,50,model_fit,2.913
s7-inproc-final,head,6,dr_rc,dr|fast-repeated-cross-section|repeated-cross-section,2,400,50,if_assembly,.2080000000000001
s7-inproc-final,head,6,dr_rc,dr|fast-repeated-cross-section|repeated-cross-section,2,400,50,cache_post,.005
s7-inproc-final,head,6,dr_rc,dr|fast-repeated-cross-section|repeated-cross-section,2,400,50,cluster,0
s7-inproc-final,head,6,dr_rc,dr|fast-repeated-cross-section|repeated-cross-section,2,400,50,bootstrap,0
s7-inproc-final,head,6,dr_rc,dr|fast-repeated-cross-section|repeated-cross-section,2,400,50,aggregation,0
s7-inproc-final,head,6,dr_rc,dr|fast-repeated-cross-section|repeated-cross-section,2,400,50,unprofiled,.6829999999999994
s7-inproc-final,head,6,dr_rc,dr|fast-repeated-cross-section|repeated-cross-section,2,400,50,total,4.093999999999999
s7-inproc-final,head,6,dr,dr|fast-balanced-panel|panel,3,400,50,setup,.1250000000000001
s7-inproc-final,head,6,dr,dr|fast-balanced-panel|panel,3,400,50,cell_extract,0
s7-inproc-final,head,6,dr,dr|fast-balanced-panel|panel,3,400,50,model_fit,1.385
s7-inproc-final,head,6,dr,dr|fast-balanced-panel|panel,3,400,50,if_assembly,.054
s7-inproc-final,head,6,dr,dr|fast-balanced-panel|panel,3,400,50,cache_post,.002
s7-inproc-final,head,6,dr,dr|fast-balanced-panel|panel,3,400,50,cluster,0
s7-inproc-final,head,6,dr,dr|fast-balanced-panel|panel,3,400,50,bootstrap,0
s7-inproc-final,head,6,dr,dr|fast-balanced-panel|panel,3,400,50,aggregation,0
s7-inproc-final,head,6,dr,dr|fast-balanced-panel|panel,3,400,50,unprofiled,.5439999999999998
s7-inproc-final,head,6,dr,dr|fast-balanced-panel|panel,3,400,50,total,2.11
s7-inproc-final,head,6,ipw,ipw|fast-balanced-panel|panel,4,400,50,setup,.1290000000000001
s7-inproc-final,head,6,ipw,ipw|fast-balanced-panel|panel,4,400,50,cell_extract,0
s7-inproc-final,head,6,ipw,ipw|fast-balanced-panel|panel,4,400,50,model_fit,1.004000000000001
s7-inproc-final,head,6,ipw,ipw|fast-balanced-panel|panel,4,400,50,if_assembly,.061
s7-inproc-final,head,6,ipw,ipw|fast-balanced-panel|panel,4,400,50,cache_post,.003
s7-inproc-final,head,6,ipw,ipw|fast-balanced-panel|panel,4,400,50,cluster,0
s7-inproc-final,head,6,ipw,ipw|fast-balanced-panel|panel,4,400,50,bootstrap,0
s7-inproc-final,head,6,ipw,ipw|fast-balanced-panel|panel,4,400,50,aggregation,0
s7-inproc-final,head,6,ipw,ipw|fast-balanced-panel|panel,4,400,50,unprofiled,.550999999999999
s7-inproc-final,head,6,ipw,ipw|fast-balanced-panel|panel,4,400,50,total,1.748
s7-inproc-final,base,6,reg,reg|fast-balanced-panel|panel,1,400,50,setup,.1350000000000001
s7-inproc-final,base,6,reg,reg|fast-balanced-panel|panel,1,400,50,cell_extract,0
s7-inproc-final,base,6,reg,reg|fast-balanced-panel|panel,1,400,50,model_fit,.4040000000000003
s7-inproc-final,base,6,reg,reg|fast-balanced-panel|panel,1,400,50,if_assembly,.059
s7-inproc-final,base,6,reg,reg|fast-balanced-panel|panel,1,400,50,cache_post,.001
s7-inproc-final,base,6,reg,reg|fast-balanced-panel|panel,1,400,50,cluster,0
s7-inproc-final,base,6,reg,reg|fast-balanced-panel|panel,1,400,50,bootstrap,0
s7-inproc-final,base,6,reg,reg|fast-balanced-panel|panel,1,400,50,aggregation,0
s7-inproc-final,base,6,reg,reg|fast-balanced-panel|panel,1,400,50,unprofiled,.5409999999999996
s7-inproc-final,base,6,reg,reg|fast-balanced-panel|panel,1,400,50,total,1.14
s7-inproc-final,base,6,dr_rc,dr|fast-repeated-cross-section|repeated-cross-section,2,400,50,setup,.2550000000000001
s7-inproc-final,base,6,dr_rc,dr|fast-repeated-cross-section|repeated-cross-section,2,400,50,cell_extract,.1020000000000001
s7-inproc-final,base,6,dr_rc,dr|fast-repeated-cross-section|repeated-cross-section,2,400,50,model_fit,2.946
s7-inproc-final,base,6,dr_rc,dr|fast-repeated-cross-section|repeated-cross-section,2,400,50,if_assembly,.2100000000000001
s7-inproc-final,base,6,dr_rc,dr|fast-repeated-cross-section|repeated-cross-section,2,400,50,cache_post,.005
s7-inproc-final,base,6,dr_rc,dr|fast-repeated-cross-section|repeated-cross-section,2,400,50,cluster,0
s7-inproc-final,base,6,dr_rc,dr|fast-repeated-cross-section|repeated-cross-section,2,400,50,bootstrap,0
s7-inproc-final,base,6,dr_rc,dr|fast-repeated-cross-section|repeated-cross-section,2,400,50,aggregation,0
s7-inproc-final,base,6,dr_rc,dr|fast-repeated-cross-section|repeated-cross-section,2,400,50,unprofiled,.6850000000000014
s7-inproc-final,base,6,dr_rc,dr|fast-repeated-cross-section|repeated-cross-section,2,400,50,total,4.203000000000001
s7-inproc-final,base,6,dr,dr|fast-balanced-panel|panel,3,400,50,setup,.1320000000000001
s7-inproc-final,base,6,dr,dr|fast-balanced-panel|panel,3,400,50,cell_extract,0
s7-inproc-final,base,6,dr,dr|fast-balanced-panel|panel,3,400,50,model_fit,1.362
s7-inproc-final,base,6,dr,dr|fast-balanced-panel|panel,3,400,50,if_assembly,.06
s7-inproc-final,base,6,dr,dr|fast-balanced-panel|panel,3,400,50,cache_post,.003
s7-inproc-final,base,6,dr,dr|fast-balanced-panel|panel,3,400,50,cluster,0
s7-inproc-final,base,6,dr,dr|fast-balanced-panel|panel,3,400,50,bootstrap,0
s7-inproc-final,base,6,dr,dr|fast-balanced-panel|panel,3,400,50,aggregation,0
s7-inproc-final,base,6,dr,dr|fast-balanced-panel|panel,3,400,50,unprofiled,.552
s7-inproc-final,base,6,dr,dr|fast-balanced-panel|panel,3,400,50,total,2.109
s7-inproc-final,base,6,ipw,ipw|fast-balanced-panel|panel,4,400,50,setup,.1270000000000001
s7-inproc-final,base,6,ipw,ipw|fast-balanced-panel|panel,4,400,50,cell_extract,0
s7-inproc-final,base,6,ipw,ipw|fast-balanced-panel|panel,4,400,50,model_fit,.9930000000000008
s7-inproc-final,base,6,ipw,ipw|fast-balanced-panel|panel,4,400,50,if_assembly,.062
s7-inproc-final,base,6,ipw,ipw|fast-balanced-panel|panel,4,400,50,cache_post,.002
s7-inproc-final,base,6,ipw,ipw|fast-balanced-panel|panel,4,400,50,cluster,0
s7-inproc-final,base,6,ipw,ipw|fast-balanced-panel|panel,4,400,50,bootstrap,0
s7-inproc-final,base,6,ipw,ipw|fast-balanced-panel|panel,4,400,50,aggregation,0
s7-inproc-final,base,6,ipw,ipw|fast-balanced-panel|panel,4,400,50,unprofiled,.5399999999999989
s7-inproc-final,base,6,ipw,ipw|fast-balanced-panel|panel,4,400,50,total,1.724
s7-inproc-final,head,7,dr,dr|fast-balanced-panel|panel,1,400,50,setup,.1260000000000001
s7-inproc-final,head,7,dr,dr|fast-balanced-panel|panel,1,400,50,cell_extract,0
s7-inproc-final,head,7,dr,dr|fast-balanced-panel|panel,1,400,50,model_fit,1.404
s7-inproc-final,head,7,dr,dr|fast-balanced-panel|panel,1,400,50,if_assembly,.051
s7-inproc-final,head,7,dr,dr|fast-balanced-panel|panel,1,400,50,cache_post,.001
s7-inproc-final,head,7,dr,dr|fast-balanced-panel|panel,1,400,50,cluster,0
s7-inproc-final,head,7,dr,dr|fast-balanced-panel|panel,1,400,50,bootstrap,0
s7-inproc-final,head,7,dr,dr|fast-balanced-panel|panel,1,400,50,aggregation,0
s7-inproc-final,head,7,dr,dr|fast-balanced-panel|panel,1,400,50,unprofiled,.5069999999999999
s7-inproc-final,head,7,dr,dr|fast-balanced-panel|panel,1,400,50,total,2.089
s7-inproc-final,head,7,dr_rc,dr|fast-repeated-cross-section|repeated-cross-section,2,400,50,setup,.2440000000000001
s7-inproc-final,head,7,dr_rc,dr|fast-repeated-cross-section|repeated-cross-section,2,400,50,cell_extract,.037
s7-inproc-final,head,7,dr_rc,dr|fast-repeated-cross-section|repeated-cross-section,2,400,50,model_fit,2.900000000000001
s7-inproc-final,head,7,dr_rc,dr|fast-repeated-cross-section|repeated-cross-section,2,400,50,if_assembly,.2320000000000002
s7-inproc-final,head,7,dr_rc,dr|fast-repeated-cross-section|repeated-cross-section,2,400,50,cache_post,.003
s7-inproc-final,head,7,dr_rc,dr|fast-repeated-cross-section|repeated-cross-section,2,400,50,cluster,0
s7-inproc-final,head,7,dr_rc,dr|fast-repeated-cross-section|repeated-cross-section,2,400,50,bootstrap,0
s7-inproc-final,head,7,dr_rc,dr|fast-repeated-cross-section|repeated-cross-section,2,400,50,aggregation,0
s7-inproc-final,head,7,dr_rc,dr|fast-repeated-cross-section|repeated-cross-section,2,400,50,unprofiled,.6729999999999996
s7-inproc-final,head,7,dr_rc,dr|fast-repeated-cross-section|repeated-cross-section,2,400,50,total,4.089
s7-inproc-final,head,7,reg,reg|fast-balanced-panel|panel,3,400,50,setup,.1290000000000001
s7-inproc-final,head,7,reg,reg|fast-balanced-panel|panel,3,400,50,cell_extract,0
s7-inproc-final,head,7,reg,reg|fast-balanced-panel|panel,3,400,50,model_fit,.3720000000000003
s7-inproc-final,head,7,reg,reg|fast-balanced-panel|panel,3,400,50,if_assembly,.063
s7-inproc-final,head,7,reg,reg|fast-balanced-panel|panel,3,400,50,cache_post,.002
s7-inproc-final,head,7,reg,reg|fast-balanced-panel|panel,3,400,50,cluster,0
s7-inproc-final,head,7,reg,reg|fast-balanced-panel|panel,3,400,50,bootstrap,0
s7-inproc-final,head,7,reg,reg|fast-balanced-panel|panel,3,400,50,aggregation,0
s7-inproc-final,head,7,reg,reg|fast-balanced-panel|panel,3,400,50,unprofiled,.5479999999999998
s7-inproc-final,head,7,reg,reg|fast-balanced-panel|panel,3,400,50,total,1.114
s7-inproc-final,head,7,ipw,ipw|fast-balanced-panel|panel,4,400,50,setup,.1300000000000001
s7-inproc-final,head,7,ipw,ipw|fast-balanced-panel|panel,4,400,50,cell_extract,0
s7-inproc-final,head,7,ipw,ipw|fast-balanced-panel|panel,4,400,50,model_fit,.9900000000000008
s7-inproc-final,head,7,ipw,ipw|fast-balanced-panel|panel,4,400,50,if_assembly,.054
s7-inproc-final,head,7,ipw,ipw|fast-balanced-panel|panel,4,400,50,cache_post,.006
s7-inproc-final,head,7,ipw,ipw|fast-balanced-panel|panel,4,400,50,cluster,0
s7-inproc-final,head,7,ipw,ipw|fast-balanced-panel|panel,4,400,50,bootstrap,0
s7-inproc-final,head,7,ipw,ipw|fast-balanced-panel|panel,4,400,50,aggregation,0
s7-inproc-final,head,7,ipw,ipw|fast-balanced-panel|panel,4,400,50,unprofiled,.5519999999999989
s7-inproc-final,head,7,ipw,ipw|fast-balanced-panel|panel,4,400,50,total,1.732
s7-inproc-final,s6,7,dr,dr|fast-balanced-panel|panel,1,400,50,setup,.1230000000000001
s7-inproc-final,s6,7,dr,dr|fast-balanced-panel|panel,1,400,50,cell_extract,0
s7-inproc-final,s6,7,dr,dr|fast-balanced-panel|panel,1,400,50,model_fit,1.388
s7-inproc-final,s6,7,dr,dr|fast-balanced-panel|panel,1,400,50,if_assembly,.056
s7-inproc-final,s6,7,dr,dr|fast-balanced-panel|panel,1,400,50,cache_post,.003
s7-inproc-final,s6,7,dr,dr|fast-balanced-panel|panel,1,400,50,cluster,0
s7-inproc-final,s6,7,dr,dr|fast-balanced-panel|panel,1,400,50,bootstrap,0
s7-inproc-final,s6,7,dr,dr|fast-balanced-panel|panel,1,400,50,aggregation,0
s7-inproc-final,s6,7,dr,dr|fast-balanced-panel|panel,1,400,50,unprofiled,.51
s7-inproc-final,s6,7,dr,dr|fast-balanced-panel|panel,1,400,50,total,2.08
s7-inproc-final,s6,7,dr_rc,dr|fast-repeated-cross-section|repeated-cross-section,2,400,50,setup,.2420000000000001
s7-inproc-final,s6,7,dr_rc,dr|fast-repeated-cross-section|repeated-cross-section,2,400,50,cell_extract,.041
s7-inproc-final,s6,7,dr_rc,dr|fast-repeated-cross-section|repeated-cross-section,2,400,50,model_fit,2.933
s7-inproc-final,s6,7,dr_rc,dr|fast-repeated-cross-section|repeated-cross-section,2,400,50,if_assembly,.2080000000000001
s7-inproc-final,s6,7,dr_rc,dr|fast-repeated-cross-section|repeated-cross-section,2,400,50,cache_post,.004
s7-inproc-final,s6,7,dr_rc,dr|fast-repeated-cross-section|repeated-cross-section,2,400,50,cluster,0
s7-inproc-final,s6,7,dr_rc,dr|fast-repeated-cross-section|repeated-cross-section,2,400,50,bootstrap,0
s7-inproc-final,s6,7,dr_rc,dr|fast-repeated-cross-section|repeated-cross-section,2,400,50,aggregation,0
s7-inproc-final,s6,7,dr_rc,dr|fast-repeated-cross-section|repeated-cross-section,2,400,50,unprofiled,.6629999999999994
s7-inproc-final,s6,7,dr_rc,dr|fast-repeated-cross-section|repeated-cross-section,2,400,50,total,4.090999999999999
s7-inproc-final,s6,7,reg,reg|fast-balanced-panel|panel,3,400,50,setup,.1350000000000001
s7-inproc-final,s6,7,reg,reg|fast-balanced-panel|panel,3,400,50,cell_extract,0
s7-inproc-final,s6,7,reg,reg|fast-balanced-panel|panel,3,400,50,model_fit,.3890000000000003
s7-inproc-final,s6,7,reg,reg|fast-balanced-panel|panel,3,400,50,if_assembly,.055
s7-inproc-final,s6,7,reg,reg|fast-balanced-panel|panel,3,400,50,cache_post,.003
s7-inproc-final,s6,7,reg,reg|fast-balanced-panel|panel,3,400,50,cluster,0
s7-inproc-final,s6,7,reg,reg|fast-balanced-panel|panel,3,400,50,bootstrap,0
s7-inproc-final,s6,7,reg,reg|fast-balanced-panel|panel,3,400,50,aggregation,0
s7-inproc-final,s6,7,reg,reg|fast-balanced-panel|panel,3,400,50,unprofiled,.5329999999999996
s7-inproc-final,s6,7,reg,reg|fast-balanced-panel|panel,3,400,50,total,1.115
s7-inproc-final,s6,7,ipw,ipw|fast-balanced-panel|panel,4,400,50,setup,.1230000000000001
s7-inproc-final,s6,7,ipw,ipw|fast-balanced-panel|panel,4,400,50,cell_extract,0
s7-inproc-final,s6,7,ipw,ipw|fast-balanced-panel|panel,4,400,50,model_fit,1.005000000000001
s7-inproc-final,s6,7,ipw,ipw|fast-balanced-panel|panel,4,400,50,if_assembly,.055
s7-inproc-final,s6,7,ipw,ipw|fast-balanced-panel|panel,4,400,50,cache_post,.001
s7-inproc-final,s6,7,ipw,ipw|fast-balanced-panel|panel,4,400,50,cluster,0
s7-inproc-final,s6,7,ipw,ipw|fast-balanced-panel|panel,4,400,50,bootstrap,0
s7-inproc-final,s6,7,ipw,ipw|fast-balanced-panel|panel,4,400,50,aggregation,0
s7-inproc-final,s6,7,ipw,ipw|fast-balanced-panel|panel,4,400,50,unprofiled,.5479999999999989
s7-inproc-final,s6,7,ipw,ipw|fast-balanced-panel|panel,4,400,50,total,1.732
s7-inproc-final,base,7,dr,dr|fast-balanced-panel|panel,1,400,50,setup,.1260000000000001
s7-inproc-final,base,7,dr,dr|fast-balanced-panel|panel,1,400,50,cell_extract,0
s7-inproc-final,base,7,dr,dr|fast-balanced-panel|panel,1,400,50,model_fit,1.376000000000001
s7-inproc-final,base,7,dr,dr|fast-balanced-panel|panel,1,400,50,if_assembly,.059
s7-inproc-final,base,7,dr,dr|fast-balanced-panel|panel,1,400,50,cache_post,.001
s7-inproc-final,base,7,dr,dr|fast-balanced-panel|panel,1,400,50,cluster,0
s7-inproc-final,base,7,dr,dr|fast-balanced-panel|panel,1,400,50,bootstrap,0
s7-inproc-final,base,7,dr,dr|fast-balanced-panel|panel,1,400,50,aggregation,0
s7-inproc-final,base,7,dr,dr|fast-balanced-panel|panel,1,400,50,unprofiled,.5089999999999979
s7-inproc-final,base,7,dr,dr|fast-balanced-panel|panel,1,400,50,total,2.070999999999999
s7-inproc-final,base,7,dr_rc,dr|fast-repeated-cross-section|repeated-cross-section,2,400,50,setup,.2460000000000001
s7-inproc-final,base,7,dr_rc,dr|fast-repeated-cross-section|repeated-cross-section,2,400,50,cell_extract,.1010000000000001
s7-inproc-final,base,7,dr_rc,dr|fast-repeated-cross-section|repeated-cross-section,2,400,50,model_fit,2.897
s7-inproc-final,base,7,dr_rc,dr|fast-repeated-cross-section|repeated-cross-section,2,400,50,if_assembly,.2320000000000002
s7-inproc-final,base,7,dr_rc,dr|fast-repeated-cross-section|repeated-cross-section,2,400,50,cache_post,.003
s7-inproc-final,base,7,dr_rc,dr|fast-repeated-cross-section|repeated-cross-section,2,400,50,cluster,0
s7-inproc-final,base,7,dr_rc,dr|fast-repeated-cross-section|repeated-cross-section,2,400,50,bootstrap,0
s7-inproc-final,base,7,dr_rc,dr|fast-repeated-cross-section|repeated-cross-section,2,400,50,aggregation,0
s7-inproc-final,base,7,dr_rc,dr|fast-repeated-cross-section|repeated-cross-section,2,400,50,unprofiled,.6690000000000005
s7-inproc-final,base,7,dr_rc,dr|fast-repeated-cross-section|repeated-cross-section,2,400,50,total,4.148000000000001
s7-inproc-final,base,7,reg,reg|fast-balanced-panel|panel,3,400,50,setup,.1290000000000001
s7-inproc-final,base,7,reg,reg|fast-balanced-panel|panel,3,400,50,cell_extract,0
s7-inproc-final,base,7,reg,reg|fast-balanced-panel|panel,3,400,50,model_fit,.3890000000000003
s7-inproc-final,base,7,reg,reg|fast-balanced-panel|panel,3,400,50,if_assembly,.054
s7-inproc-final,base,7,reg,reg|fast-balanced-panel|panel,3,400,50,cache_post,.003
s7-inproc-final,base,7,reg,reg|fast-balanced-panel|panel,3,400,50,cluster,0
s7-inproc-final,base,7,reg,reg|fast-balanced-panel|panel,3,400,50,bootstrap,0
s7-inproc-final,base,7,reg,reg|fast-balanced-panel|panel,3,400,50,aggregation,0
s7-inproc-final,base,7,reg,reg|fast-balanced-panel|panel,3,400,50,unprofiled,.5339999999999996
s7-inproc-final,base,7,reg,reg|fast-balanced-panel|panel,3,400,50,total,1.109
s7-inproc-final,base,7,ipw,ipw|fast-balanced-panel|panel,4,400,50,setup,.1360000000000001
s7-inproc-final,base,7,ipw,ipw|fast-balanced-panel|panel,4,400,50,cell_extract,0
s7-inproc-final,base,7,ipw,ipw|fast-balanced-panel|panel,4,400,50,model_fit,.9960000000000008
s7-inproc-final,base,7,ipw,ipw|fast-balanced-panel|panel,4,400,50,if_assembly,.056
s7-inproc-final,base,7,ipw,ipw|fast-balanced-panel|panel,4,400,50,cache_post,.004
s7-inproc-final,base,7,ipw,ipw|fast-balanced-panel|panel,4,400,50,cluster,0
s7-inproc-final,base,7,ipw,ipw|fast-balanced-panel|panel,4,400,50,bootstrap,0
s7-inproc-final,base,7,ipw,ipw|fast-balanced-panel|panel,4,400,50,aggregation,0
s7-inproc-final,base,7,ipw,ipw|fast-balanced-panel|panel,4,400,50,unprofiled,.5339999999999989
s7-inproc-final,base,7,ipw,ipw|fast-balanced-panel|panel,4,400,50,total,1.726
s7-inproc-final,s6,8,dr,dr|fast-balanced-panel|panel,1,400,50,setup,.1280000000000001
s7-inproc-final,s6,8,dr,dr|fast-balanced-panel|panel,1,400,50,cell_extract,0
s7-inproc-final,s6,8,dr,dr|fast-balanced-panel|panel,1,400,50,model_fit,1.369
s7-inproc-final,s6,8,dr,dr|fast-balanced-panel|panel,1,400,50,if_assembly,.058
s7-inproc-final,s6,8,dr,dr|fast-balanced-panel|panel,1,400,50,cache_post,.001
s7-inproc-final,s6,8,dr,dr|fast-balanced-panel|panel,1,400,50,cluster,0
s7-inproc-final,s6,8,dr,dr|fast-balanced-panel|panel,1,400,50,bootstrap,0
s7-inproc-final,s6,8,dr,dr|fast-balanced-panel|panel,1,400,50,aggregation,0
s7-inproc-final,s6,8,dr,dr|fast-balanced-panel|panel,1,400,50,unprofiled,.524
s7-inproc-final,s6,8,dr,dr|fast-balanced-panel|panel,1,400,50,total,2.08
s7-inproc-final,s6,8,ipw,ipw|fast-balanced-panel|panel,2,400,50,setup,.1280000000000001
s7-inproc-final,s6,8,ipw,ipw|fast-balanced-panel|panel,2,400,50,cell_extract,0
s7-inproc-final,s6,8,ipw,ipw|fast-balanced-panel|panel,2,400,50,model_fit,.9830000000000008
s7-inproc-final,s6,8,ipw,ipw|fast-balanced-panel|panel,2,400,50,if_assembly,.061
s7-inproc-final,s6,8,ipw,ipw|fast-balanced-panel|panel,2,400,50,cache_post,.002
s7-inproc-final,s6,8,ipw,ipw|fast-balanced-panel|panel,2,400,50,cluster,0
s7-inproc-final,s6,8,ipw,ipw|fast-balanced-panel|panel,2,400,50,bootstrap,0
s7-inproc-final,s6,8,ipw,ipw|fast-balanced-panel|panel,2,400,50,aggregation,0
s7-inproc-final,s6,8,ipw,ipw|fast-balanced-panel|panel,2,400,50,unprofiled,.52
s7-inproc-final,s6,8,ipw,ipw|fast-balanced-panel|panel,2,400,50,total,1.694000000000001
s7-inproc-final,s6,8,reg,reg|fast-balanced-panel|panel,3,400,50,setup,.1280000000000001
s7-inproc-final,s6,8,reg,reg|fast-balanced-panel|panel,3,400,50,cell_extract,0
s7-inproc-final,s6,8,reg,reg|fast-balanced-panel|panel,3,400,50,model_fit,.3800000000000003
s7-inproc-final,s6,8,reg,reg|fast-balanced-panel|panel,3,400,50,if_assembly,.05
s7-inproc-final,s6,8,reg,reg|fast-balanced-panel|panel,3,400,50,cache_post,.004
s7-inproc-final,s6,8,reg,reg|fast-balanced-panel|panel,3,400,50,cluster,0
s7-inproc-final,s6,8,reg,reg|fast-balanced-panel|panel,3,400,50,bootstrap,0
s7-inproc-final,s6,8,reg,reg|fast-balanced-panel|panel,3,400,50,aggregation,0
s7-inproc-final,s6,8,reg,reg|fast-balanced-panel|panel,3,400,50,unprofiled,.5120000000000005
s7-inproc-final,s6,8,reg,reg|fast-balanced-panel|panel,3,400,50,total,1.074000000000001
s7-inproc-final,s6,8,dr_rc,dr|fast-repeated-cross-section|repeated-cross-section,4,400,50,setup,.2450000000000002
s7-inproc-final,s6,8,dr_rc,dr|fast-repeated-cross-section|repeated-cross-section,4,400,50,cell_extract,.038
s7-inproc-final,s6,8,dr_rc,dr|fast-repeated-cross-section|repeated-cross-section,4,400,50,model_fit,2.910000000000001
s7-inproc-final,s6,8,dr_rc,dr|fast-repeated-cross-section|repeated-cross-section,4,400,50,if_assembly,.2310000000000001
s7-inproc-final,s6,8,dr_rc,dr|fast-repeated-cross-section|repeated-cross-section,4,400,50,cache_post,.003
s7-inproc-final,s6,8,dr_rc,dr|fast-repeated-cross-section|repeated-cross-section,4,400,50,cluster,0
s7-inproc-final,s6,8,dr_rc,dr|fast-repeated-cross-section|repeated-cross-section,4,400,50,bootstrap,0
s7-inproc-final,s6,8,dr_rc,dr|fast-repeated-cross-section|repeated-cross-section,4,400,50,aggregation,0
s7-inproc-final,s6,8,dr_rc,dr|fast-repeated-cross-section|repeated-cross-section,4,400,50,unprofiled,.6559999999999975
s7-inproc-final,s6,8,dr_rc,dr|fast-repeated-cross-section|repeated-cross-section,4,400,50,total,4.082999999999998
s7-inproc-final,base,8,dr,dr|fast-balanced-panel|panel,1,400,50,setup,.1240000000000001
s7-inproc-final,base,8,dr,dr|fast-balanced-panel|panel,1,400,50,cell_extract,0
s7-inproc-final,base,8,dr,dr|fast-balanced-panel|panel,1,400,50,model_fit,1.361000000000001
s7-inproc-final,base,8,dr,dr|fast-balanced-panel|panel,1,400,50,if_assembly,.065
s7-inproc-final,base,8,dr,dr|fast-balanced-panel|panel,1,400,50,cache_post,.005
s7-inproc-final,base,8,dr,dr|fast-balanced-panel|panel,1,400,50,cluster,0
s7-inproc-final,base,8,dr,dr|fast-balanced-panel|panel,1,400,50,bootstrap,0
s7-inproc-final,base,8,dr,dr|fast-balanced-panel|panel,1,400,50,aggregation,0
s7-inproc-final,base,8,dr,dr|fast-balanced-panel|panel,1,400,50,unprofiled,.5069999999999979
s7-inproc-final,base,8,dr,dr|fast-balanced-panel|panel,1,400,50,total,2.061999999999999
s7-inproc-final,base,8,ipw,ipw|fast-balanced-panel|panel,2,400,50,setup,.1310000000000001
s7-inproc-final,base,8,ipw,ipw|fast-balanced-panel|panel,2,400,50,cell_extract,0
s7-inproc-final,base,8,ipw,ipw|fast-balanced-panel|panel,2,400,50,model_fit,1.007000000000001
s7-inproc-final,base,8,ipw,ipw|fast-balanced-panel|panel,2,400,50,if_assembly,.049
s7-inproc-final,base,8,ipw,ipw|fast-balanced-panel|panel,2,400,50,cache_post,.001
s7-inproc-final,base,8,ipw,ipw|fast-balanced-panel|panel,2,400,50,cluster,0
s7-inproc-final,base,8,ipw,ipw|fast-balanced-panel|panel,2,400,50,bootstrap,0
s7-inproc-final,base,8,ipw,ipw|fast-balanced-panel|panel,2,400,50,aggregation,0
s7-inproc-final,base,8,ipw,ipw|fast-balanced-panel|panel,2,400,50,unprofiled,.5039999999999989
s7-inproc-final,base,8,ipw,ipw|fast-balanced-panel|panel,2,400,50,total,1.692
s7-inproc-final,base,8,reg,reg|fast-balanced-panel|panel,3,400,50,setup,.1250000000000001
s7-inproc-final,base,8,reg,reg|fast-balanced-panel|panel,3,400,50,cell_extract,0
s7-inproc-final,base,8,reg,reg|fast-balanced-panel|panel,3,400,50,model_fit,.3870000000000003
s7-inproc-final,base,8,reg,reg|fast-balanced-panel|panel,3,400,50,if_assembly,.056
s7-inproc-final,base,8,reg,reg|fast-balanced-panel|panel,3,400,50,cache_post,.006
s7-inproc-final,base,8,reg,reg|fast-balanced-panel|panel,3,400,50,cluster,0
s7-inproc-final,base,8,reg,reg|fast-balanced-panel|panel,3,400,50,bootstrap,0
s7-inproc-final,base,8,reg,reg|fast-balanced-panel|panel,3,400,50,aggregation,0
s7-inproc-final,base,8,reg,reg|fast-balanced-panel|panel,3,400,50,unprofiled,.4980000000000004
s7-inproc-final,base,8,reg,reg|fast-balanced-panel|panel,3,400,50,total,1.072000000000001
s7-inproc-final,base,8,dr_rc,dr|fast-repeated-cross-section|repeated-cross-section,4,400,50,setup,.2440000000000001
s7-inproc-final,base,8,dr_rc,dr|fast-repeated-cross-section|repeated-cross-section,4,400,50,cell_extract,.0980000000000001
s7-inproc-final,base,8,dr_rc,dr|fast-repeated-cross-section|repeated-cross-section,4,400,50,model_fit,2.893
s7-inproc-final,base,8,dr_rc,dr|fast-repeated-cross-section|repeated-cross-section,4,400,50,if_assembly,.2170000000000001
s7-inproc-final,base,8,dr_rc,dr|fast-repeated-cross-section|repeated-cross-section,4,400,50,cache_post,.004
s7-inproc-final,base,8,dr_rc,dr|fast-repeated-cross-section|repeated-cross-section,4,400,50,cluster,0
s7-inproc-final,base,8,dr_rc,dr|fast-repeated-cross-section|repeated-cross-section,4,400,50,bootstrap,0
s7-inproc-final,base,8,dr_rc,dr|fast-repeated-cross-section|repeated-cross-section,4,400,50,aggregation,0
s7-inproc-final,base,8,dr_rc,dr|fast-repeated-cross-section|repeated-cross-section,4,400,50,unprofiled,.6860000000000013
s7-inproc-final,base,8,dr_rc,dr|fast-repeated-cross-section|repeated-cross-section,4,400,50,total,4.142000000000001
s7-inproc-final,head,8,dr,dr|fast-balanced-panel|panel,1,400,50,setup,.1280000000000001
s7-inproc-final,head,8,dr,dr|fast-balanced-panel|panel,1,400,50,cell_extract,0
s7-inproc-final,head,8,dr,dr|fast-balanced-panel|panel,1,400,50,model_fit,1.364
s7-inproc-final,head,8,dr,dr|fast-balanced-panel|panel,1,400,50,if_assembly,.059
s7-inproc-final,head,8,dr,dr|fast-balanced-panel|panel,1,400,50,cache_post,0
s7-inproc-final,head,8,dr,dr|fast-balanced-panel|panel,1,400,50,cluster,0
s7-inproc-final,head,8,dr,dr|fast-balanced-panel|panel,1,400,50,bootstrap,0
s7-inproc-final,head,8,dr,dr|fast-balanced-panel|panel,1,400,50,aggregation,0
s7-inproc-final,head,8,dr,dr|fast-balanced-panel|panel,1,400,50,unprofiled,.522
s7-inproc-final,head,8,dr,dr|fast-balanced-panel|panel,1,400,50,total,2.073
s7-inproc-final,head,8,ipw,ipw|fast-balanced-panel|panel,2,400,50,setup,.1320000000000001
s7-inproc-final,head,8,ipw,ipw|fast-balanced-panel|panel,2,400,50,cell_extract,0
s7-inproc-final,head,8,ipw,ipw|fast-balanced-panel|panel,2,400,50,model_fit,.9790000000000008
s7-inproc-final,head,8,ipw,ipw|fast-balanced-panel|panel,2,400,50,if_assembly,.049
s7-inproc-final,head,8,ipw,ipw|fast-balanced-panel|panel,2,400,50,cache_post,.002
s7-inproc-final,head,8,ipw,ipw|fast-balanced-panel|panel,2,400,50,cluster,0
s7-inproc-final,head,8,ipw,ipw|fast-balanced-panel|panel,2,400,50,bootstrap,0
s7-inproc-final,head,8,ipw,ipw|fast-balanced-panel|panel,2,400,50,aggregation,0
s7-inproc-final,head,8,ipw,ipw|fast-balanced-panel|panel,2,400,50,unprofiled,.5199999999999989
s7-inproc-final,head,8,ipw,ipw|fast-balanced-panel|panel,2,400,50,total,1.682
s7-inproc-final,head,8,reg,reg|fast-balanced-panel|panel,3,400,50,setup,.1250000000000001
s7-inproc-final,head,8,reg,reg|fast-balanced-panel|panel,3,400,50,cell_extract,0
s7-inproc-final,head,8,reg,reg|fast-balanced-panel|panel,3,400,50,model_fit,.3730000000000003
s7-inproc-final,head,8,reg,reg|fast-balanced-panel|panel,3,400,50,if_assembly,.054
s7-inproc-final,head,8,reg,reg|fast-balanced-panel|panel,3,400,50,cache_post,.003
s7-inproc-final,head,8,reg,reg|fast-balanced-panel|panel,3,400,50,cluster,0
s7-inproc-final,head,8,reg,reg|fast-balanced-panel|panel,3,400,50,bootstrap,0
s7-inproc-final,head,8,reg,reg|fast-balanced-panel|panel,3,400,50,aggregation,0
s7-inproc-final,head,8,reg,reg|fast-balanced-panel|panel,3,400,50,unprofiled,.5119999999999996
s7-inproc-final,head,8,reg,reg|fast-balanced-panel|panel,3,400,50,total,1.067
s7-inproc-final,head,8,dr_rc,dr|fast-repeated-cross-section|repeated-cross-section,4,400,50,setup,.2440000000000001
s7-inproc-final,head,8,dr_rc,dr|fast-repeated-cross-section|repeated-cross-section,4,400,50,cell_extract,.036
s7-inproc-final,head,8,dr_rc,dr|fast-repeated-cross-section|repeated-cross-section,4,400,50,model_fit,2.899000000000001
s7-inproc-final,head,8,dr_rc,dr|fast-repeated-cross-section|repeated-cross-section,4,400,50,if_assembly,.1960000000000001
s7-inproc-final,head,8,dr_rc,dr|fast-repeated-cross-section|repeated-cross-section,4,400,50,cache_post,.002
s7-inproc-final,head,8,dr_rc,dr|fast-repeated-cross-section|repeated-cross-section,4,400,50,cluster,0
s7-inproc-final,head,8,dr_rc,dr|fast-repeated-cross-section|repeated-cross-section,4,400,50,bootstrap,0
s7-inproc-final,head,8,dr_rc,dr|fast-repeated-cross-section|repeated-cross-section,4,400,50,aggregation,0
s7-inproc-final,head,8,dr_rc,dr|fast-repeated-cross-section|repeated-cross-section,4,400,50,unprofiled,.7039999999999966
s7-inproc-final,head,8,dr_rc,dr|fast-repeated-cross-section|repeated-cross-section,4,400,50,total,4.080999999999998
s7-inproc-final,base,9,reg,reg|fast-balanced-panel|panel,1,400,50,setup,.1240000000000001
s7-inproc-final,base,9,reg,reg|fast-balanced-panel|panel,1,400,50,cell_extract,0
s7-inproc-final,base,9,reg,reg|fast-balanced-panel|panel,1,400,50,model_fit,.3650000000000003
s7-inproc-final,base,9,reg,reg|fast-balanced-panel|panel,1,400,50,if_assembly,.065
s7-inproc-final,base,9,reg,reg|fast-balanced-panel|panel,1,400,50,cache_post,.002
s7-inproc-final,base,9,reg,reg|fast-balanced-panel|panel,1,400,50,cluster,0
s7-inproc-final,base,9,reg,reg|fast-balanced-panel|panel,1,400,50,bootstrap,0
s7-inproc-final,base,9,reg,reg|fast-balanced-panel|panel,1,400,50,aggregation,0
s7-inproc-final,base,9,reg,reg|fast-balanced-panel|panel,1,400,50,unprofiled,.5109999999999996
s7-inproc-final,base,9,reg,reg|fast-balanced-panel|panel,1,400,50,total,1.067
s7-inproc-final,base,9,ipw,ipw|fast-balanced-panel|panel,2,400,50,setup,.1220000000000001
s7-inproc-final,base,9,ipw,ipw|fast-balanced-panel|panel,2,400,50,cell_extract,0
s7-inproc-final,base,9,ipw,ipw|fast-balanced-panel|panel,2,400,50,model_fit,.9830000000000008
s7-inproc-final,base,9,ipw,ipw|fast-balanced-panel|panel,2,400,50,if_assembly,.056
s7-inproc-final,base,9,ipw,ipw|fast-balanced-panel|panel,2,400,50,cache_post,.004
s7-inproc-final,base,9,ipw,ipw|fast-balanced-panel|panel,2,400,50,cluster,0
s7-inproc-final,base,9,ipw,ipw|fast-balanced-panel|panel,2,400,50,bootstrap,0
s7-inproc-final,base,9,ipw,ipw|fast-balanced-panel|panel,2,400,50,aggregation,0
s7-inproc-final,base,9,ipw,ipw|fast-balanced-panel|panel,2,400,50,unprofiled,.5219999999999991
s7-inproc-final,base,9,ipw,ipw|fast-balanced-panel|panel,2,400,50,total,1.687
s7-inproc-final,base,9,dr,dr|fast-balanced-panel|panel,3,400,50,setup,.1220000000000001
s7-inproc-final,base,9,dr,dr|fast-balanced-panel|panel,3,400,50,cell_extract,0
s7-inproc-final,base,9,dr,dr|fast-balanced-panel|panel,3,400,50,model_fit,1.38
s7-inproc-final,base,9,dr,dr|fast-balanced-panel|panel,3,400,50,if_assembly,.055
s7-inproc-final,base,9,dr,dr|fast-balanced-panel|panel,3,400,50,cache_post,.002
s7-inproc-final,base,9,dr,dr|fast-balanced-panel|panel,3,400,50,cluster,0
s7-inproc-final,base,9,dr,dr|fast-balanced-panel|panel,3,400,50,bootstrap,0
s7-inproc-final,base,9,dr,dr|fast-balanced-panel|panel,3,400,50,aggregation,0
s7-inproc-final,base,9,dr,dr|fast-balanced-panel|panel,3,400,50,unprofiled,.5290000000000001
s7-inproc-final,base,9,dr,dr|fast-balanced-panel|panel,3,400,50,total,2.088
s7-inproc-final,base,9,dr_rc,dr|fast-repeated-cross-section|repeated-cross-section,4,400,50,setup,.2480000000000001
s7-inproc-final,base,9,dr_rc,dr|fast-repeated-cross-section|repeated-cross-section,4,400,50,cell_extract,.0990000000000001
s7-inproc-final,base,9,dr_rc,dr|fast-repeated-cross-section|repeated-cross-section,4,400,50,model_fit,2.928999999999999
s7-inproc-final,base,9,dr_rc,dr|fast-repeated-cross-section|repeated-cross-section,4,400,50,if_assembly,.2000000000000001
s7-inproc-final,base,9,dr_rc,dr|fast-repeated-cross-section|repeated-cross-section,4,400,50,cache_post,.007
s7-inproc-final,base,9,dr_rc,dr|fast-repeated-cross-section|repeated-cross-section,4,400,50,cluster,0
s7-inproc-final,base,9,dr_rc,dr|fast-repeated-cross-section|repeated-cross-section,4,400,50,bootstrap,0
s7-inproc-final,base,9,dr_rc,dr|fast-repeated-cross-section|repeated-cross-section,4,400,50,aggregation,0
s7-inproc-final,base,9,dr_rc,dr|fast-repeated-cross-section|repeated-cross-section,4,400,50,unprofiled,.6630000000000007
s7-inproc-final,base,9,dr_rc,dr|fast-repeated-cross-section|repeated-cross-section,4,400,50,total,4.146
s7-inproc-final,head,9,reg,reg|fast-balanced-panel|panel,1,400,50,setup,.1230000000000001
s7-inproc-final,head,9,reg,reg|fast-balanced-panel|panel,1,400,50,cell_extract,0
s7-inproc-final,head,9,reg,reg|fast-balanced-panel|panel,1,400,50,model_fit,.3950000000000003
s7-inproc-final,head,9,reg,reg|fast-balanced-panel|panel,1,400,50,if_assembly,.049
s7-inproc-final,head,9,reg,reg|fast-balanced-panel|panel,1,400,50,cache_post,.002
s7-inproc-final,head,9,reg,reg|fast-balanced-panel|panel,1,400,50,cluster,0
s7-inproc-final,head,9,reg,reg|fast-balanced-panel|panel,1,400,50,bootstrap,0
s7-inproc-final,head,9,reg,reg|fast-balanced-panel|panel,1,400,50,aggregation,0
s7-inproc-final,head,9,reg,reg|fast-balanced-panel|panel,1,400,50,unprofiled,.5090000000000006
s7-inproc-final,head,9,reg,reg|fast-balanced-panel|panel,1,400,50,total,1.078000000000001
s7-inproc-final,head,9,ipw,ipw|fast-balanced-panel|panel,2,400,50,setup,.1260000000000001
s7-inproc-final,head,9,ipw,ipw|fast-balanced-panel|panel,2,400,50,cell_extract,0
s7-inproc-final,head,9,ipw,ipw|fast-balanced-panel|panel,2,400,50,model_fit,.9870000000000008
s7-inproc-final,head,9,ipw,ipw|fast-balanced-panel|panel,2,400,50,if_assembly,.056
s7-inproc-final,head,9,ipw,ipw|fast-balanced-panel|panel,2,400,50,cache_post,.003
s7-inproc-final,head,9,ipw,ipw|fast-balanced-panel|panel,2,400,50,cluster,0
s7-inproc-final,head,9,ipw,ipw|fast-balanced-panel|panel,2,400,50,bootstrap,0
s7-inproc-final,head,9,ipw,ipw|fast-balanced-panel|panel,2,400,50,aggregation,0
s7-inproc-final,head,9,ipw,ipw|fast-balanced-panel|panel,2,400,50,unprofiled,.514
s7-inproc-final,head,9,ipw,ipw|fast-balanced-panel|panel,2,400,50,total,1.686000000000001
s7-inproc-final,head,9,dr,dr|fast-balanced-panel|panel,3,400,50,setup,.1240000000000001
s7-inproc-final,head,9,dr,dr|fast-balanced-panel|panel,3,400,50,cell_extract,0
s7-inproc-final,head,9,dr,dr|fast-balanced-panel|panel,3,400,50,model_fit,1.393
s7-inproc-final,head,9,dr,dr|fast-balanced-panel|panel,3,400,50,if_assembly,.059
s7-inproc-final,head,9,dr,dr|fast-balanced-panel|panel,3,400,50,cache_post,.001
s7-inproc-final,head,9,dr,dr|fast-balanced-panel|panel,3,400,50,cluster,0
s7-inproc-final,head,9,dr,dr|fast-balanced-panel|panel,3,400,50,bootstrap,0
s7-inproc-final,head,9,dr,dr|fast-balanced-panel|panel,3,400,50,aggregation,0
s7-inproc-final,head,9,dr,dr|fast-balanced-panel|panel,3,400,50,unprofiled,.504
s7-inproc-final,head,9,dr,dr|fast-balanced-panel|panel,3,400,50,total,2.081
s7-inproc-final,head,9,dr_rc,dr|fast-repeated-cross-section|repeated-cross-section,4,400,50,setup,.2430000000000001
s7-inproc-final,head,9,dr_rc,dr|fast-repeated-cross-section|repeated-cross-section,4,400,50,cell_extract,.038
s7-inproc-final,head,9,dr_rc,dr|fast-repeated-cross-section|repeated-cross-section,4,400,50,model_fit,2.920000000000001
s7-inproc-final,head,9,dr_rc,dr|fast-repeated-cross-section|repeated-cross-section,4,400,50,if_assembly,.2150000000000001
s7-inproc-final,head,9,dr_rc,dr|fast-repeated-cross-section|repeated-cross-section,4,400,50,cache_post,.004
s7-inproc-final,head,9,dr_rc,dr|fast-repeated-cross-section|repeated-cross-section,4,400,50,cluster,0
s7-inproc-final,head,9,dr_rc,dr|fast-repeated-cross-section|repeated-cross-section,4,400,50,bootstrap,0
s7-inproc-final,head,9,dr_rc,dr|fast-repeated-cross-section|repeated-cross-section,4,400,50,aggregation,0
s7-inproc-final,head,9,dr_rc,dr|fast-repeated-cross-section|repeated-cross-section,4,400,50,unprofiled,.6709999999999985
s7-inproc-final,head,9,dr_rc,dr|fast-repeated-cross-section|repeated-cross-section,4,400,50,total,4.090999999999999
s7-inproc-final,s6,9,reg,reg|fast-balanced-panel|panel,1,400,50,setup,.1290000000000001
s7-inproc-final,s6,9,reg,reg|fast-balanced-panel|panel,1,400,50,cell_extract,0
s7-inproc-final,s6,9,reg,reg|fast-balanced-panel|panel,1,400,50,model_fit,.3890000000000003
s7-inproc-final,s6,9,reg,reg|fast-balanced-panel|panel,1,400,50,if_assembly,.053
s7-inproc-final,s6,9,reg,reg|fast-balanced-panel|panel,1,400,50,cache_post,.002
s7-inproc-final,s6,9,reg,reg|fast-balanced-panel|panel,1,400,50,cluster,0
s7-inproc-final,s6,9,reg,reg|fast-balanced-panel|panel,1,400,50,bootstrap,0
s7-inproc-final,s6,9,reg,reg|fast-balanced-panel|panel,1,400,50,aggregation,0
s7-inproc-final,s6,9,reg,reg|fast-balanced-panel|panel,1,400,50,unprofiled,.4959999999999996
s7-inproc-final,s6,9,reg,reg|fast-balanced-panel|panel,1,400,50,total,1.069
s7-inproc-final,s6,9,ipw,ipw|fast-balanced-panel|panel,2,400,50,setup,.1250000000000001
s7-inproc-final,s6,9,ipw,ipw|fast-balanced-panel|panel,2,400,50,cell_extract,0
s7-inproc-final,s6,9,ipw,ipw|fast-balanced-panel|panel,2,400,50,model_fit,1.006000000000001
s7-inproc-final,s6,9,ipw,ipw|fast-balanced-panel|panel,2,400,50,if_assembly,.048
s7-inproc-final,s6,9,ipw,ipw|fast-balanced-panel|panel,2,400,50,cache_post,0
s7-inproc-final,s6,9,ipw,ipw|fast-balanced-panel|panel,2,400,50,cluster,0
s7-inproc-final,s6,9,ipw,ipw|fast-balanced-panel|panel,2,400,50,bootstrap,0
s7-inproc-final,s6,9,ipw,ipw|fast-balanced-panel|panel,2,400,50,aggregation,0
s7-inproc-final,s6,9,ipw,ipw|fast-balanced-panel|panel,2,400,50,unprofiled,.506999999999999
s7-inproc-final,s6,9,ipw,ipw|fast-balanced-panel|panel,2,400,50,total,1.686
s7-inproc-final,s6,9,dr,dr|fast-balanced-panel|panel,3,400,50,setup,.1280000000000001
s7-inproc-final,s6,9,dr,dr|fast-balanced-panel|panel,3,400,50,cell_extract,0
s7-inproc-final,s6,9,dr,dr|fast-balanced-panel|panel,3,400,50,model_fit,1.357000000000001
s7-inproc-final,s6,9,dr,dr|fast-balanced-panel|panel,3,400,50,if_assembly,.057
s7-inproc-final,s6,9,dr,dr|fast-balanced-panel|panel,3,400,50,cache_post,.006
s7-inproc-final,s6,9,dr,dr|fast-balanced-panel|panel,3,400,50,cluster,0
s7-inproc-final,s6,9,dr,dr|fast-balanced-panel|panel,3,400,50,bootstrap,0
s7-inproc-final,s6,9,dr,dr|fast-balanced-panel|panel,3,400,50,aggregation,0
s7-inproc-final,s6,9,dr,dr|fast-balanced-panel|panel,3,400,50,unprofiled,.5279999999999991
s7-inproc-final,s6,9,dr,dr|fast-balanced-panel|panel,3,400,50,total,2.076
s7-inproc-final,s6,9,dr_rc,dr|fast-repeated-cross-section|repeated-cross-section,4,400,50,setup,.2490000000000002
s7-inproc-final,s6,9,dr_rc,dr|fast-repeated-cross-section|repeated-cross-section,4,400,50,cell_extract,.041
s7-inproc-final,s6,9,dr_rc,dr|fast-repeated-cross-section|repeated-cross-section,4,400,50,model_fit,2.900000000000001
s7-inproc-final,s6,9,dr_rc,dr|fast-repeated-cross-section|repeated-cross-section,4,400,50,if_assembly,.2110000000000001
s7-inproc-final,s6,9,dr_rc,dr|fast-repeated-cross-section|repeated-cross-section,4,400,50,cache_post,.007
s7-inproc-final,s6,9,dr_rc,dr|fast-repeated-cross-section|repeated-cross-section,4,400,50,cluster,0
s7-inproc-final,s6,9,dr_rc,dr|fast-repeated-cross-section|repeated-cross-section,4,400,50,bootstrap,0
s7-inproc-final,s6,9,dr_rc,dr|fast-repeated-cross-section|repeated-cross-section,4,400,50,aggregation,0
s7-inproc-final,s6,9,dr_rc,dr|fast-repeated-cross-section|repeated-cross-section,4,400,50,unprofiled,.691999999999998
s7-inproc-final,s6,9,dr_rc,dr|fast-repeated-cross-section|repeated-cross-section,4,400,50,total,4.099999999999999
s7-inproc-final,base,10,reg,reg|fast-balanced-panel|panel,1,400,50,setup,.1260000000000001
s7-inproc-final,base,10,reg,reg|fast-balanced-panel|panel,1,400,50,cell_extract,0
s7-inproc-final,base,10,reg,reg|fast-balanced-panel|panel,1,400,50,model_fit,.3650000000000003
s7-inproc-final,base,10,reg,reg|fast-balanced-panel|panel,1,400,50,if_assembly,.055
s7-inproc-final,base,10,reg,reg|fast-balanced-panel|panel,1,400,50,cache_post,.003
s7-inproc-final,base,10,reg,reg|fast-balanced-panel|panel,1,400,50,cluster,0
s7-inproc-final,base,10,reg,reg|fast-balanced-panel|panel,1,400,50,bootstrap,0
s7-inproc-final,base,10,reg,reg|fast-balanced-panel|panel,1,400,50,aggregation,0
s7-inproc-final,base,10,reg,reg|fast-balanced-panel|panel,1,400,50,unprofiled,.5239999999999996
s7-inproc-final,base,10,reg,reg|fast-balanced-panel|panel,1,400,50,total,1.073
s7-inproc-final,base,10,dr_rc,dr|fast-repeated-cross-section|repeated-cross-section,2,400,50,setup,.2450000000000001
s7-inproc-final,base,10,dr_rc,dr|fast-repeated-cross-section|repeated-cross-section,2,400,50,cell_extract,.1000000000000001
s7-inproc-final,base,10,dr_rc,dr|fast-repeated-cross-section|repeated-cross-section,2,400,50,model_fit,2.906000000000001
s7-inproc-final,base,10,dr_rc,dr|fast-repeated-cross-section|repeated-cross-section,2,400,50,if_assembly,.2200000000000001
s7-inproc-final,base,10,dr_rc,dr|fast-repeated-cross-section|repeated-cross-section,2,400,50,cache_post,.004
s7-inproc-final,base,10,dr_rc,dr|fast-repeated-cross-section|repeated-cross-section,2,400,50,cluster,0
s7-inproc-final,base,10,dr_rc,dr|fast-repeated-cross-section|repeated-cross-section,2,400,50,bootstrap,0
s7-inproc-final,base,10,dr_rc,dr|fast-repeated-cross-section|repeated-cross-section,2,400,50,aggregation,0
s7-inproc-final,base,10,dr_rc,dr|fast-repeated-cross-section|repeated-cross-section,2,400,50,unprofiled,.6709999999999998
s7-inproc-final,base,10,dr_rc,dr|fast-repeated-cross-section|repeated-cross-section,2,400,50,total,4.146000000000001
s7-inproc-final,base,10,dr,dr|fast-balanced-panel|panel,3,400,50,setup,.1240000000000001
s7-inproc-final,base,10,dr,dr|fast-balanced-panel|panel,3,400,50,cell_extract,0
s7-inproc-final,base,10,dr,dr|fast-balanced-panel|panel,3,400,50,model_fit,1.386
s7-inproc-final,base,10,dr,dr|fast-balanced-panel|panel,3,400,50,if_assembly,.048
s7-inproc-final,base,10,dr,dr|fast-balanced-panel|panel,3,400,50,cache_post,.001
s7-inproc-final,base,10,dr,dr|fast-balanced-panel|panel,3,400,50,cluster,0
s7-inproc-final,base,10,dr,dr|fast-balanced-panel|panel,3,400,50,bootstrap,0
s7-inproc-final,base,10,dr,dr|fast-balanced-panel|panel,3,400,50,aggregation,0
s7-inproc-final,base,10,dr,dr|fast-balanced-panel|panel,3,400,50,unprofiled,.5520000000000003
s7-inproc-final,base,10,dr,dr|fast-balanced-panel|panel,3,400,50,total,2.111
s7-inproc-final,base,10,ipw,ipw|fast-balanced-panel|panel,4,400,50,setup,.1250000000000001
s7-inproc-final,base,10,ipw,ipw|fast-balanced-panel|panel,4,400,50,cell_extract,0
s7-inproc-final,base,10,ipw,ipw|fast-balanced-panel|panel,4,400,50,model_fit,1.005000000000001
s7-inproc-final,base,10,ipw,ipw|fast-balanced-panel|panel,4,400,50,if_assembly,.057
s7-inproc-final,base,10,ipw,ipw|fast-balanced-panel|panel,4,400,50,cache_post,.002
s7-inproc-final,base,10,ipw,ipw|fast-balanced-panel|panel,4,400,50,cluster,0
s7-inproc-final,base,10,ipw,ipw|fast-balanced-panel|panel,4,400,50,bootstrap,0
s7-inproc-final,base,10,ipw,ipw|fast-balanced-panel|panel,4,400,50,aggregation,0
s7-inproc-final,base,10,ipw,ipw|fast-balanced-panel|panel,4,400,50,unprofiled,.5439999999999992
s7-inproc-final,base,10,ipw,ipw|fast-balanced-panel|panel,4,400,50,total,1.733
s7-inproc-final,s6,10,reg,reg|fast-balanced-panel|panel,1,400,50,setup,.1230000000000001
s7-inproc-final,s6,10,reg,reg|fast-balanced-panel|panel,1,400,50,cell_extract,0
s7-inproc-final,s6,10,reg,reg|fast-balanced-panel|panel,1,400,50,model_fit,.3790000000000003
s7-inproc-final,s6,10,reg,reg|fast-balanced-panel|panel,1,400,50,if_assembly,.048
s7-inproc-final,s6,10,reg,reg|fast-balanced-panel|panel,1,400,50,cache_post,.001
s7-inproc-final,s6,10,reg,reg|fast-balanced-panel|panel,1,400,50,cluster,0
s7-inproc-final,s6,10,reg,reg|fast-balanced-panel|panel,1,400,50,bootstrap,0
s7-inproc-final,s6,10,reg,reg|fast-balanced-panel|panel,1,400,50,aggregation,0
s7-inproc-final,s6,10,reg,reg|fast-balanced-panel|panel,1,400,50,unprofiled,.5130000000000006
s7-inproc-final,s6,10,reg,reg|fast-balanced-panel|panel,1,400,50,total,1.064000000000001
s7-inproc-final,s6,10,dr_rc,dr|fast-repeated-cross-section|repeated-cross-section,2,400,50,setup,.2450000000000001
s7-inproc-final,s6,10,dr_rc,dr|fast-repeated-cross-section|repeated-cross-section,2,400,50,cell_extract,.04
s7-inproc-final,s6,10,dr_rc,dr|fast-repeated-cross-section|repeated-cross-section,2,400,50,model_fit,2.901000000000002
s7-inproc-final,s6,10,dr_rc,dr|fast-repeated-cross-section|repeated-cross-section,2,400,50,if_assembly,.2160000000000001
s7-inproc-final,s6,10,dr_rc,dr|fast-repeated-cross-section|repeated-cross-section,2,400,50,cache_post,.005
s7-inproc-final,s6,10,dr_rc,dr|fast-repeated-cross-section|repeated-cross-section,2,400,50,cluster,0
s7-inproc-final,s6,10,dr_rc,dr|fast-repeated-cross-section|repeated-cross-section,2,400,50,bootstrap,0
s7-inproc-final,s6,10,dr_rc,dr|fast-repeated-cross-section|repeated-cross-section,2,400,50,aggregation,0
s7-inproc-final,s6,10,dr_rc,dr|fast-repeated-cross-section|repeated-cross-section,2,400,50,unprofiled,.6659999999999968
s7-inproc-final,s6,10,dr_rc,dr|fast-repeated-cross-section|repeated-cross-section,2,400,50,total,4.072999999999999
s7-inproc-final,s6,10,dr,dr|fast-balanced-panel|panel,3,400,50,setup,.1280000000000001
s7-inproc-final,s6,10,dr,dr|fast-balanced-panel|panel,3,400,50,cell_extract,0
s7-inproc-final,s6,10,dr,dr|fast-balanced-panel|panel,3,400,50,model_fit,1.377
s7-inproc-final,s6,10,dr,dr|fast-balanced-panel|panel,3,400,50,if_assembly,.059
s7-inproc-final,s6,10,dr,dr|fast-balanced-panel|panel,3,400,50,cache_post,.002
s7-inproc-final,s6,10,dr,dr|fast-balanced-panel|panel,3,400,50,cluster,0
s7-inproc-final,s6,10,dr,dr|fast-balanced-panel|panel,3,400,50,bootstrap,0
s7-inproc-final,s6,10,dr,dr|fast-balanced-panel|panel,3,400,50,aggregation,0
s7-inproc-final,s6,10,dr,dr|fast-balanced-panel|panel,3,400,50,unprofiled,.5530000000000002
s7-inproc-final,s6,10,dr,dr|fast-balanced-panel|panel,3,400,50,total,2.119
s7-inproc-final,s6,10,ipw,ipw|fast-balanced-panel|panel,4,400,50,setup,.1240000000000001
s7-inproc-final,s6,10,ipw,ipw|fast-balanced-panel|panel,4,400,50,cell_extract,0
s7-inproc-final,s6,10,ipw,ipw|fast-balanced-panel|panel,4,400,50,model_fit,1.003000000000001
s7-inproc-final,s6,10,ipw,ipw|fast-balanced-panel|panel,4,400,50,if_assembly,.063
s7-inproc-final,s6,10,ipw,ipw|fast-balanced-panel|panel,4,400,50,cache_post,0
s7-inproc-final,s6,10,ipw,ipw|fast-balanced-panel|panel,4,400,50,cluster,0
s7-inproc-final,s6,10,ipw,ipw|fast-balanced-panel|panel,4,400,50,bootstrap,0
s7-inproc-final,s6,10,ipw,ipw|fast-balanced-panel|panel,4,400,50,aggregation,0
s7-inproc-final,s6,10,ipw,ipw|fast-balanced-panel|panel,4,400,50,unprofiled,.544999999999999
s7-inproc-final,s6,10,ipw,ipw|fast-balanced-panel|panel,4,400,50,total,1.735
s7-inproc-final,head,10,reg,reg|fast-balanced-panel|panel,1,400,50,setup,.1260000000000001
s7-inproc-final,head,10,reg,reg|fast-balanced-panel|panel,1,400,50,cell_extract,0
s7-inproc-final,head,10,reg,reg|fast-balanced-panel|panel,1,400,50,model_fit,.3790000000000003
s7-inproc-final,head,10,reg,reg|fast-balanced-panel|panel,1,400,50,if_assembly,.055
s7-inproc-final,head,10,reg,reg|fast-balanced-panel|panel,1,400,50,cache_post,.004
s7-inproc-final,head,10,reg,reg|fast-balanced-panel|panel,1,400,50,cluster,0
s7-inproc-final,head,10,reg,reg|fast-balanced-panel|panel,1,400,50,bootstrap,0
s7-inproc-final,head,10,reg,reg|fast-balanced-panel|panel,1,400,50,aggregation,0
s7-inproc-final,head,10,reg,reg|fast-balanced-panel|panel,1,400,50,unprofiled,.4979999999999997
s7-inproc-final,head,10,reg,reg|fast-balanced-panel|panel,1,400,50,total,1.062
s7-inproc-final,head,10,dr_rc,dr|fast-repeated-cross-section|repeated-cross-section,2,400,50,setup,.2430000000000001
s7-inproc-final,head,10,dr_rc,dr|fast-repeated-cross-section|repeated-cross-section,2,400,50,cell_extract,.046
s7-inproc-final,head,10,dr_rc,dr|fast-repeated-cross-section|repeated-cross-section,2,400,50,model_fit,2.896
s7-inproc-final,head,10,dr_rc,dr|fast-repeated-cross-section|repeated-cross-section,2,400,50,if_assembly,.2230000000000001
s7-inproc-final,head,10,dr_rc,dr|fast-repeated-cross-section|repeated-cross-section,2,400,50,cache_post,.003
s7-inproc-final,head,10,dr_rc,dr|fast-repeated-cross-section|repeated-cross-section,2,400,50,cluster,0
s7-inproc-final,head,10,dr_rc,dr|fast-repeated-cross-section|repeated-cross-section,2,400,50,bootstrap,0
s7-inproc-final,head,10,dr_rc,dr|fast-repeated-cross-section|repeated-cross-section,2,400,50,aggregation,0
s7-inproc-final,head,10,dr_rc,dr|fast-repeated-cross-section|repeated-cross-section,2,400,50,unprofiled,.6719999999999993
s7-inproc-final,head,10,dr_rc,dr|fast-repeated-cross-section|repeated-cross-section,2,400,50,total,4.082999999999999
s7-inproc-final,head,10,dr,dr|fast-balanced-panel|panel,3,400,50,setup,.1330000000000001
s7-inproc-final,head,10,dr,dr|fast-balanced-panel|panel,3,400,50,cell_extract,0
s7-inproc-final,head,10,dr,dr|fast-balanced-panel|panel,3,400,50,model_fit,1.380000000000001
s7-inproc-final,head,10,dr,dr|fast-balanced-panel|panel,3,400,50,if_assembly,.06
s7-inproc-final,head,10,dr,dr|fast-balanced-panel|panel,3,400,50,cache_post,.003
s7-inproc-final,head,10,dr,dr|fast-balanced-panel|panel,3,400,50,cluster,0
s7-inproc-final,head,10,dr,dr|fast-balanced-panel|panel,3,400,50,bootstrap,0
s7-inproc-final,head,10,dr,dr|fast-balanced-panel|panel,3,400,50,aggregation,0
s7-inproc-final,head,10,dr,dr|fast-balanced-panel|panel,3,400,50,unprofiled,.5479999999999992
s7-inproc-final,head,10,dr,dr|fast-balanced-panel|panel,3,400,50,total,2.124
s7-inproc-final,head,10,ipw,ipw|fast-balanced-panel|panel,4,400,50,setup,.1370000000000001
s7-inproc-final,head,10,ipw,ipw|fast-balanced-panel|panel,4,400,50,cell_extract,0
s7-inproc-final,head,10,ipw,ipw|fast-balanced-panel|panel,4,400,50,model_fit,.9980000000000008
s7-inproc-final,head,10,ipw,ipw|fast-balanced-panel|panel,4,400,50,if_assembly,.052
s7-inproc-final,head,10,ipw,ipw|fast-balanced-panel|panel,4,400,50,cache_post,.006
s7-inproc-final,head,10,ipw,ipw|fast-balanced-panel|panel,4,400,50,cluster,0
s7-inproc-final,head,10,ipw,ipw|fast-balanced-panel|panel,4,400,50,bootstrap,0
s7-inproc-final,head,10,ipw,ipw|fast-balanced-panel|panel,4,400,50,aggregation,0
s7-inproc-final,head,10,ipw,ipw|fast-balanced-panel|panel,4,400,50,unprofiled,.5439999999999992
s7-inproc-final,head,10,ipw,ipw|fast-balanced-panel|panel,4,400,50,total,1.737
s7-inproc-final,head,11,dr,dr|fast-balanced-panel|panel,1,400,50,setup,.1320000000000001
s7-inproc-final,head,11,dr,dr|fast-balanced-panel|panel,1,400,50,cell_extract,0
s7-inproc-final,head,11,dr,dr|fast-balanced-panel|panel,1,400,50,model_fit,1.378
s7-inproc-final,head,11,dr,dr|fast-balanced-panel|panel,1,400,50,if_assembly,.059
s7-inproc-final,head,11,dr,dr|fast-balanced-panel|panel,1,400,50,cache_post,.004
s7-inproc-final,head,11,dr,dr|fast-balanced-panel|panel,1,400,50,cluster,0
s7-inproc-final,head,11,dr,dr|fast-balanced-panel|panel,1,400,50,bootstrap,0
s7-inproc-final,head,11,dr,dr|fast-balanced-panel|panel,1,400,50,aggregation,0
s7-inproc-final,head,11,dr,dr|fast-balanced-panel|panel,1,400,50,unprofiled,.5020000000000002
s7-inproc-final,head,11,dr,dr|fast-balanced-panel|panel,1,400,50,total,2.075
s7-inproc-final,head,11,dr_rc,dr|fast-repeated-cross-section|repeated-cross-section,2,400,50,setup,.2410000000000001
s7-inproc-final,head,11,dr_rc,dr|fast-repeated-cross-section|repeated-cross-section,2,400,50,cell_extract,.038
s7-inproc-final,head,11,dr_rc,dr|fast-repeated-cross-section|repeated-cross-section,2,400,50,model_fit,2.901000000000001
s7-inproc-final,head,11,dr_rc,dr|fast-repeated-cross-section|repeated-cross-section,2,400,50,if_assembly,.2050000000000001
s7-inproc-final,head,11,dr_rc,dr|fast-repeated-cross-section|repeated-cross-section,2,400,50,cache_post,.001
s7-inproc-final,head,11,dr_rc,dr|fast-repeated-cross-section|repeated-cross-section,2,400,50,cluster,0
s7-inproc-final,head,11,dr_rc,dr|fast-repeated-cross-section|repeated-cross-section,2,400,50,bootstrap,0
s7-inproc-final,head,11,dr_rc,dr|fast-repeated-cross-section|repeated-cross-section,2,400,50,aggregation,0
s7-inproc-final,head,11,dr_rc,dr|fast-repeated-cross-section|repeated-cross-section,2,400,50,unprofiled,.6789999999999976
s7-inproc-final,head,11,dr_rc,dr|fast-repeated-cross-section|repeated-cross-section,2,400,50,total,4.064999999999999
s7-inproc-final,head,11,reg,reg|fast-balanced-panel|panel,3,400,50,setup,.1290000000000001
s7-inproc-final,head,11,reg,reg|fast-balanced-panel|panel,3,400,50,cell_extract,0
s7-inproc-final,head,11,reg,reg|fast-balanced-panel|panel,3,400,50,model_fit,.3810000000000002
s7-inproc-final,head,11,reg,reg|fast-balanced-panel|panel,3,400,50,if_assembly,.061
s7-inproc-final,head,11,reg,reg|fast-balanced-panel|panel,3,400,50,cache_post,.002
s7-inproc-final,head,11,reg,reg|fast-balanced-panel|panel,3,400,50,cluster,0
s7-inproc-final,head,11,reg,reg|fast-balanced-panel|panel,3,400,50,bootstrap,0
s7-inproc-final,head,11,reg,reg|fast-balanced-panel|panel,3,400,50,aggregation,0
s7-inproc-final,head,11,reg,reg|fast-balanced-panel|panel,3,400,50,unprofiled,.5409999999999997
s7-inproc-final,head,11,reg,reg|fast-balanced-panel|panel,3,400,50,total,1.114
s7-inproc-final,head,11,ipw,ipw|fast-balanced-panel|panel,4,400,50,setup,.1330000000000001
s7-inproc-final,head,11,ipw,ipw|fast-balanced-panel|panel,4,400,50,cell_extract,0
s7-inproc-final,head,11,ipw,ipw|fast-balanced-panel|panel,4,400,50,model_fit,1.008000000000001
s7-inproc-final,head,11,ipw,ipw|fast-balanced-panel|panel,4,400,50,if_assembly,.054
s7-inproc-final,head,11,ipw,ipw|fast-balanced-panel|panel,4,400,50,cache_post,.003
s7-inproc-final,head,11,ipw,ipw|fast-balanced-panel|panel,4,400,50,cluster,0
s7-inproc-final,head,11,ipw,ipw|fast-balanced-panel|panel,4,400,50,bootstrap,0
s7-inproc-final,head,11,ipw,ipw|fast-balanced-panel|panel,4,400,50,aggregation,0
s7-inproc-final,head,11,ipw,ipw|fast-balanced-panel|panel,4,400,50,unprofiled,.5259999999999989
s7-inproc-final,head,11,ipw,ipw|fast-balanced-panel|panel,4,400,50,total,1.724
s7-inproc-final,base,11,dr,dr|fast-balanced-panel|panel,1,400,50,setup,.1240000000000001
s7-inproc-final,base,11,dr,dr|fast-balanced-panel|panel,1,400,50,cell_extract,0
s7-inproc-final,base,11,dr,dr|fast-balanced-panel|panel,1,400,50,model_fit,1.38
s7-inproc-final,base,11,dr,dr|fast-balanced-panel|panel,1,400,50,if_assembly,.054
s7-inproc-final,base,11,dr,dr|fast-balanced-panel|panel,1,400,50,cache_post,.001
s7-inproc-final,base,11,dr,dr|fast-balanced-panel|panel,1,400,50,cluster,0
s7-inproc-final,base,11,dr,dr|fast-balanced-panel|panel,1,400,50,bootstrap,0
s7-inproc-final,base,11,dr,dr|fast-balanced-panel|panel,1,400,50,aggregation,0
s7-inproc-final,base,11,dr,dr|fast-balanced-panel|panel,1,400,50,unprofiled,.5160000000000002
s7-inproc-final,base,11,dr,dr|fast-balanced-panel|panel,1,400,50,total,2.075
s7-inproc-final,base,11,dr_rc,dr|fast-repeated-cross-section|repeated-cross-section,2,400,50,setup,.2400000000000001
s7-inproc-final,base,11,dr_rc,dr|fast-repeated-cross-section|repeated-cross-section,2,400,50,cell_extract,.1000000000000001
s7-inproc-final,base,11,dr_rc,dr|fast-repeated-cross-section|repeated-cross-section,2,400,50,model_fit,2.904000000000001
s7-inproc-final,base,11,dr_rc,dr|fast-repeated-cross-section|repeated-cross-section,2,400,50,if_assembly,.2200000000000001
s7-inproc-final,base,11,dr_rc,dr|fast-repeated-cross-section|repeated-cross-section,2,400,50,cache_post,.005
s7-inproc-final,base,11,dr_rc,dr|fast-repeated-cross-section|repeated-cross-section,2,400,50,cluster,0
s7-inproc-final,base,11,dr_rc,dr|fast-repeated-cross-section|repeated-cross-section,2,400,50,bootstrap,0
s7-inproc-final,base,11,dr_rc,dr|fast-repeated-cross-section|repeated-cross-section,2,400,50,aggregation,0
s7-inproc-final,base,11,dr_rc,dr|fast-repeated-cross-section|repeated-cross-section,2,400,50,unprofiled,.6829999999999989
s7-inproc-final,base,11,dr_rc,dr|fast-repeated-cross-section|repeated-cross-section,2,400,50,total,4.152
s7-inproc-final,base,11,reg,reg|fast-balanced-panel|panel,3,400,50,setup,.1270000000000001
s7-inproc-final,base,11,reg,reg|fast-balanced-panel|panel,3,400,50,cell_extract,0
s7-inproc-final,base,11,reg,reg|fast-balanced-panel|panel,3,400,50,model_fit,.3820000000000003
s7-inproc-final,base,11,reg,reg|fast-balanced-panel|panel,3,400,50,if_assembly,.057
s7-inproc-final,base,11,reg,reg|fast-balanced-panel|panel,3,400,50,cache_post,.004
s7-inproc-final,base,11,reg,reg|fast-balanced-panel|panel,3,400,50,cluster,0
s7-inproc-final,base,11,reg,reg|fast-balanced-panel|panel,3,400,50,bootstrap,0
s7-inproc-final,base,11,reg,reg|fast-balanced-panel|panel,3,400,50,aggregation,0
s7-inproc-final,base,11,reg,reg|fast-balanced-panel|panel,3,400,50,unprofiled,.5400000000000006
s7-inproc-final,base,11,reg,reg|fast-balanced-panel|panel,3,400,50,total,1.110000000000001
s7-inproc-final,base,11,ipw,ipw|fast-balanced-panel|panel,4,400,50,setup,.1330000000000001
s7-inproc-final,base,11,ipw,ipw|fast-balanced-panel|panel,4,400,50,cell_extract,0
s7-inproc-final,base,11,ipw,ipw|fast-balanced-panel|panel,4,400,50,model_fit,1.003000000000001
s7-inproc-final,base,11,ipw,ipw|fast-balanced-panel|panel,4,400,50,if_assembly,.058
s7-inproc-final,base,11,ipw,ipw|fast-balanced-panel|panel,4,400,50,cache_post,.003
s7-inproc-final,base,11,ipw,ipw|fast-balanced-panel|panel,4,400,50,cluster,0
s7-inproc-final,base,11,ipw,ipw|fast-balanced-panel|panel,4,400,50,bootstrap,0
s7-inproc-final,base,11,ipw,ipw|fast-balanced-panel|panel,4,400,50,aggregation,0
s7-inproc-final,base,11,ipw,ipw|fast-balanced-panel|panel,4,400,50,unprofiled,.532999999999999
s7-inproc-final,base,11,ipw,ipw|fast-balanced-panel|panel,4,400,50,total,1.73
s7-inproc-final,s6,11,dr,dr|fast-balanced-panel|panel,1,400,50,setup,.1260000000000001
s7-inproc-final,s6,11,dr,dr|fast-balanced-panel|panel,1,400,50,cell_extract,0
s7-inproc-final,s6,11,dr,dr|fast-balanced-panel|panel,1,400,50,model_fit,1.493
s7-inproc-final,s6,11,dr,dr|fast-balanced-panel|panel,1,400,50,if_assembly,.043
s7-inproc-final,s6,11,dr,dr|fast-balanced-panel|panel,1,400,50,cache_post,.003
s7-inproc-final,s6,11,dr,dr|fast-balanced-panel|panel,1,400,50,cluster,0
s7-inproc-final,s6,11,dr,dr|fast-balanced-panel|panel,1,400,50,bootstrap,0
s7-inproc-final,s6,11,dr,dr|fast-balanced-panel|panel,1,400,50,aggregation,0
s7-inproc-final,s6,11,dr,dr|fast-balanced-panel|panel,1,400,50,unprofiled,.5569999999999991
s7-inproc-final,s6,11,dr,dr|fast-balanced-panel|panel,1,400,50,total,2.221999999999999
s7-inproc-final,s6,11,dr_rc,dr|fast-repeated-cross-section|repeated-cross-section,2,400,50,setup,.2470000000000001
s7-inproc-final,s6,11,dr_rc,dr|fast-repeated-cross-section|repeated-cross-section,2,400,50,cell_extract,.038
s7-inproc-final,s6,11,dr_rc,dr|fast-repeated-cross-section|repeated-cross-section,2,400,50,model_fit,2.903000000000001
s7-inproc-final,s6,11,dr_rc,dr|fast-repeated-cross-section|repeated-cross-section,2,400,50,if_assembly,.2050000000000001
s7-inproc-final,s6,11,dr_rc,dr|fast-repeated-cross-section|repeated-cross-section,2,400,50,cache_post,.001
s7-inproc-final,s6,11,dr_rc,dr|fast-repeated-cross-section|repeated-cross-section,2,400,50,cluster,0
s7-inproc-final,s6,11,dr_rc,dr|fast-repeated-cross-section|repeated-cross-section,2,400,50,bootstrap,0
s7-inproc-final,s6,11,dr_rc,dr|fast-repeated-cross-section|repeated-cross-section,2,400,50,aggregation,0
s7-inproc-final,s6,11,dr_rc,dr|fast-repeated-cross-section|repeated-cross-section,2,400,50,unprofiled,.6759999999999984
s7-inproc-final,s6,11,dr_rc,dr|fast-repeated-cross-section|repeated-cross-section,2,400,50,total,4.069999999999999
s7-inproc-final,s6,11,reg,reg|fast-balanced-panel|panel,3,400,50,setup,.1310000000000001
s7-inproc-final,s6,11,reg,reg|fast-balanced-panel|panel,3,400,50,cell_extract,0
s7-inproc-final,s6,11,reg,reg|fast-balanced-panel|panel,3,400,50,model_fit,.3900000000000003
s7-inproc-final,s6,11,reg,reg|fast-balanced-panel|panel,3,400,50,if_assembly,.056
s7-inproc-final,s6,11,reg,reg|fast-balanced-panel|panel,3,400,50,cache_post,.002
s7-inproc-final,s6,11,reg,reg|fast-balanced-panel|panel,3,400,50,cluster,0
s7-inproc-final,s6,11,reg,reg|fast-balanced-panel|panel,3,400,50,bootstrap,0
s7-inproc-final,s6,11,reg,reg|fast-balanced-panel|panel,3,400,50,aggregation,0
s7-inproc-final,s6,11,reg,reg|fast-balanced-panel|panel,3,400,50,unprofiled,.5330000000000006
s7-inproc-final,s6,11,reg,reg|fast-balanced-panel|panel,3,400,50,total,1.112000000000001
s7-inproc-final,s6,11,ipw,ipw|fast-balanced-panel|panel,4,400,50,setup,.1260000000000001
s7-inproc-final,s6,11,ipw,ipw|fast-balanced-panel|panel,4,400,50,cell_extract,0
s7-inproc-final,s6,11,ipw,ipw|fast-balanced-panel|panel,4,400,50,model_fit,.9890000000000008
s7-inproc-final,s6,11,ipw,ipw|fast-balanced-panel|panel,4,400,50,if_assembly,.073
s7-inproc-final,s6,11,ipw,ipw|fast-balanced-panel|panel,4,400,50,cache_post,.001
s7-inproc-final,s6,11,ipw,ipw|fast-balanced-panel|panel,4,400,50,cluster,0
s7-inproc-final,s6,11,ipw,ipw|fast-balanced-panel|panel,4,400,50,bootstrap,0
s7-inproc-final,s6,11,ipw,ipw|fast-balanced-panel|panel,4,400,50,aggregation,0
s7-inproc-final,s6,11,ipw,ipw|fast-balanced-panel|panel,4,400,50,unprofiled,.5419999999999991
s7-inproc-final,s6,11,ipw,ipw|fast-balanced-panel|panel,4,400,50,total,1.731
s7-inproc-final,s6,12,dr,dr|fast-balanced-panel|panel,1,400,50,setup,.1230000000000001
s7-inproc-final,s6,12,dr,dr|fast-balanced-panel|panel,1,400,50,cell_extract,0
s7-inproc-final,s6,12,dr,dr|fast-balanced-panel|panel,1,400,50,model_fit,1.371
s7-inproc-final,s6,12,dr,dr|fast-balanced-panel|panel,1,400,50,if_assembly,.051
s7-inproc-final,s6,12,dr,dr|fast-balanced-panel|panel,1,400,50,cache_post,.001
s7-inproc-final,s6,12,dr,dr|fast-balanced-panel|panel,1,400,50,cluster,0
s7-inproc-final,s6,12,dr,dr|fast-balanced-panel|panel,1,400,50,bootstrap,0
s7-inproc-final,s6,12,dr,dr|fast-balanced-panel|panel,1,400,50,aggregation,0
s7-inproc-final,s6,12,dr,dr|fast-balanced-panel|panel,1,400,50,unprofiled,.5249999999999988
s7-inproc-final,s6,12,dr,dr|fast-balanced-panel|panel,1,400,50,total,2.070999999999999
s7-inproc-final,s6,12,ipw,ipw|fast-balanced-panel|panel,2,400,50,setup,.1250000000000001
s7-inproc-final,s6,12,ipw,ipw|fast-balanced-panel|panel,2,400,50,cell_extract,0
s7-inproc-final,s6,12,ipw,ipw|fast-balanced-panel|panel,2,400,50,model_fit,1.011000000000001
s7-inproc-final,s6,12,ipw,ipw|fast-balanced-panel|panel,2,400,50,if_assembly,.048
s7-inproc-final,s6,12,ipw,ipw|fast-balanced-panel|panel,2,400,50,cache_post,.001
s7-inproc-final,s6,12,ipw,ipw|fast-balanced-panel|panel,2,400,50,cluster,0
s7-inproc-final,s6,12,ipw,ipw|fast-balanced-panel|panel,2,400,50,bootstrap,0
s7-inproc-final,s6,12,ipw,ipw|fast-balanced-panel|panel,2,400,50,aggregation,0
s7-inproc-final,s6,12,ipw,ipw|fast-balanced-panel|panel,2,400,50,unprofiled,.494999999999999
s7-inproc-final,s6,12,ipw,ipw|fast-balanced-panel|panel,2,400,50,total,1.68
s7-inproc-final,s6,12,reg,reg|fast-balanced-panel|panel,3,400,50,setup,.1280000000000001
s7-inproc-final,s6,12,reg,reg|fast-balanced-panel|panel,3,400,50,cell_extract,0
s7-inproc-final,s6,12,reg,reg|fast-balanced-panel|panel,3,400,50,model_fit,.3770000000000003
s7-inproc-final,s6,12,reg,reg|fast-balanced-panel|panel,3,400,50,if_assembly,.075
s7-inproc-final,s6,12,reg,reg|fast-balanced-panel|panel,3,400,50,cache_post,.003
s7-inproc-final,s6,12,reg,reg|fast-balanced-panel|panel,3,400,50,cluster,0
s7-inproc-final,s6,12,reg,reg|fast-balanced-panel|panel,3,400,50,bootstrap,0
s7-inproc-final,s6,12,reg,reg|fast-balanced-panel|panel,3,400,50,aggregation,0
s7-inproc-final,s6,12,reg,reg|fast-balanced-panel|panel,3,400,50,unprofiled,.4809999999999998
s7-inproc-final,s6,12,reg,reg|fast-balanced-panel|panel,3,400,50,total,1.064
s7-inproc-final,s6,12,dr_rc,dr|fast-repeated-cross-section|repeated-cross-section,4,400,50,setup,.2420000000000002
s7-inproc-final,s6,12,dr_rc,dr|fast-repeated-cross-section|repeated-cross-section,4,400,50,cell_extract,.039
s7-inproc-final,s6,12,dr_rc,dr|fast-repeated-cross-section|repeated-cross-section,4,400,50,model_fit,2.925
s7-inproc-final,s6,12,dr_rc,dr|fast-repeated-cross-section|repeated-cross-section,4,400,50,if_assembly,.2030000000000001
s7-inproc-final,s6,12,dr_rc,dr|fast-repeated-cross-section|repeated-cross-section,4,400,50,cache_post,.001
s7-inproc-final,s6,12,dr_rc,dr|fast-repeated-cross-section|repeated-cross-section,4,400,50,cluster,0
s7-inproc-final,s6,12,dr_rc,dr|fast-repeated-cross-section|repeated-cross-section,4,400,50,bootstrap,0
s7-inproc-final,s6,12,dr_rc,dr|fast-repeated-cross-section|repeated-cross-section,4,400,50,aggregation,0
s7-inproc-final,s6,12,dr_rc,dr|fast-repeated-cross-section|repeated-cross-section,4,400,50,unprofiled,.6709999999999985
s7-inproc-final,s6,12,dr_rc,dr|fast-repeated-cross-section|repeated-cross-section,4,400,50,total,4.080999999999999
s7-inproc-final,head,12,dr,dr|fast-balanced-panel|panel,1,400,50,setup,.1300000000000001
s7-inproc-final,head,12,dr,dr|fast-balanced-panel|panel,1,400,50,cell_extract,0
s7-inproc-final,head,12,dr,dr|fast-balanced-panel|panel,1,400,50,model_fit,1.372000000000001
s7-inproc-final,head,12,dr,dr|fast-balanced-panel|panel,1,400,50,if_assembly,.056
s7-inproc-final,head,12,dr,dr|fast-balanced-panel|panel,1,400,50,cache_post,.002
s7-inproc-final,head,12,dr,dr|fast-balanced-panel|panel,1,400,50,cluster,0
s7-inproc-final,head,12,dr,dr|fast-balanced-panel|panel,1,400,50,bootstrap,0
s7-inproc-final,head,12,dr,dr|fast-balanced-panel|panel,1,400,50,aggregation,0
s7-inproc-final,head,12,dr,dr|fast-balanced-panel|panel,1,400,50,unprofiled,.5009999999999981
s7-inproc-final,head,12,dr,dr|fast-balanced-panel|panel,1,400,50,total,2.060999999999999
s7-inproc-final,head,12,ipw,ipw|fast-balanced-panel|panel,2,400,50,setup,.1280000000000001
s7-inproc-final,head,12,ipw,ipw|fast-balanced-panel|panel,2,400,50,cell_extract,0
s7-inproc-final,head,12,ipw,ipw|fast-balanced-panel|panel,2,400,50,model_fit,.9850000000000008
s7-inproc-final,head,12,ipw,ipw|fast-balanced-panel|panel,2,400,50,if_assembly,.055
s7-inproc-final,head,12,ipw,ipw|fast-balanced-panel|panel,2,400,50,cache_post,.002
s7-inproc-final,head,12,ipw,ipw|fast-balanced-panel|panel,2,400,50,cluster,0
s7-inproc-final,head,12,ipw,ipw|fast-balanced-panel|panel,2,400,50,bootstrap,0
s7-inproc-final,head,12,ipw,ipw|fast-balanced-panel|panel,2,400,50,aggregation,0
s7-inproc-final,head,12,ipw,ipw|fast-balanced-panel|panel,2,400,50,unprofiled,.516999999999999
s7-inproc-final,head,12,ipw,ipw|fast-balanced-panel|panel,2,400,50,total,1.687
s7-inproc-final,head,12,reg,reg|fast-balanced-panel|panel,3,400,50,setup,.1300000000000001
s7-inproc-final,head,12,reg,reg|fast-balanced-panel|panel,3,400,50,cell_extract,0
s7-inproc-final,head,12,reg,reg|fast-balanced-panel|panel,3,400,50,model_fit,.3830000000000003
s7-inproc-final,head,12,reg,reg|fast-balanced-panel|panel,3,400,50,if_assembly,.053
s7-inproc-final,head,12,reg,reg|fast-balanced-panel|panel,3,400,50,cache_post,.003
s7-inproc-final,head,12,reg,reg|fast-balanced-panel|panel,3,400,50,cluster,0
s7-inproc-final,head,12,reg,reg|fast-balanced-panel|panel,3,400,50,bootstrap,0
s7-inproc-final,head,12,reg,reg|fast-balanced-panel|panel,3,400,50,aggregation,0
s7-inproc-final,head,12,reg,reg|fast-balanced-panel|panel,3,400,50,unprofiled,.4939999999999996
s7-inproc-final,head,12,reg,reg|fast-balanced-panel|panel,3,400,50,total,1.063
s7-inproc-final,head,12,dr_rc,dr|fast-repeated-cross-section|repeated-cross-section,4,400,50,setup,.2440000000000001
s7-inproc-final,head,12,dr_rc,dr|fast-repeated-cross-section|repeated-cross-section,4,400,50,cell_extract,.038
s7-inproc-final,head,12,dr_rc,dr|fast-repeated-cross-section|repeated-cross-section,4,400,50,model_fit,2.887
s7-inproc-final,head,12,dr_rc,dr|fast-repeated-cross-section|repeated-cross-section,4,400,50,if_assembly,.2100000000000001
s7-inproc-final,head,12,dr_rc,dr|fast-repeated-cross-section|repeated-cross-section,4,400,50,cache_post,.004
s7-inproc-final,head,12,dr_rc,dr|fast-repeated-cross-section|repeated-cross-section,4,400,50,cluster,0
s7-inproc-final,head,12,dr_rc,dr|fast-repeated-cross-section|repeated-cross-section,4,400,50,bootstrap,0
s7-inproc-final,head,12,dr_rc,dr|fast-repeated-cross-section|repeated-cross-section,4,400,50,aggregation,0
s7-inproc-final,head,12,dr_rc,dr|fast-repeated-cross-section|repeated-cross-section,4,400,50,unprofiled,.6749999999999989
s7-inproc-final,head,12,dr_rc,dr|fast-repeated-cross-section|repeated-cross-section,4,400,50,total,4.057999999999999
s7-inproc-final,base,12,dr,dr|fast-balanced-panel|panel,1,400,50,setup,.1280000000000001
s7-inproc-final,base,12,dr,dr|fast-balanced-panel|panel,1,400,50,cell_extract,0
s7-inproc-final,base,12,dr,dr|fast-balanced-panel|panel,1,400,50,model_fit,1.365
s7-inproc-final,base,12,dr,dr|fast-balanced-panel|panel,1,400,50,if_assembly,.058
s7-inproc-final,base,12,dr,dr|fast-balanced-panel|panel,1,400,50,cache_post,.002
s7-inproc-final,base,12,dr,dr|fast-balanced-panel|panel,1,400,50,cluster,0
s7-inproc-final,base,12,dr,dr|fast-balanced-panel|panel,1,400,50,bootstrap,0
s7-inproc-final,base,12,dr,dr|fast-balanced-panel|panel,1,400,50,aggregation,0
s7-inproc-final,base,12,dr,dr|fast-balanced-panel|panel,1,400,50,unprofiled,.5089999999999999
s7-inproc-final,base,12,dr,dr|fast-balanced-panel|panel,1,400,50,total,2.062
s7-inproc-final,base,12,ipw,ipw|fast-balanced-panel|panel,2,400,50,setup,.1250000000000001
s7-inproc-final,base,12,ipw,ipw|fast-balanced-panel|panel,2,400,50,cell_extract,0
s7-inproc-final,base,12,ipw,ipw|fast-balanced-panel|panel,2,400,50,model_fit,.9940000000000008
s7-inproc-final,base,12,ipw,ipw|fast-balanced-panel|panel,2,400,50,if_assembly,.054
s7-inproc-final,base,12,ipw,ipw|fast-balanced-panel|panel,2,400,50,cache_post,.001
s7-inproc-final,base,12,ipw,ipw|fast-balanced-panel|panel,2,400,50,cluster,0
s7-inproc-final,base,12,ipw,ipw|fast-balanced-panel|panel,2,400,50,bootstrap,0
s7-inproc-final,base,12,ipw,ipw|fast-balanced-panel|panel,2,400,50,aggregation,0
s7-inproc-final,base,12,ipw,ipw|fast-balanced-panel|panel,2,400,50,unprofiled,.5209999999999999
s7-inproc-final,base,12,ipw,ipw|fast-balanced-panel|panel,2,400,50,total,1.695000000000001
s7-inproc-final,base,12,reg,reg|fast-balanced-panel|panel,3,400,50,setup,.1260000000000001
s7-inproc-final,base,12,reg,reg|fast-balanced-panel|panel,3,400,50,cell_extract,0
s7-inproc-final,base,12,reg,reg|fast-balanced-panel|panel,3,400,50,model_fit,.4160000000000003
s7-inproc-final,base,12,reg,reg|fast-balanced-panel|panel,3,400,50,if_assembly,.038
s7-inproc-final,base,12,reg,reg|fast-balanced-panel|panel,3,400,50,cache_post,.003
s7-inproc-final,base,12,reg,reg|fast-balanced-panel|panel,3,400,50,cluster,0
s7-inproc-final,base,12,reg,reg|fast-balanced-panel|panel,3,400,50,bootstrap,0
s7-inproc-final,base,12,reg,reg|fast-balanced-panel|panel,3,400,50,aggregation,0
s7-inproc-final,base,12,reg,reg|fast-balanced-panel|panel,3,400,50,unprofiled,.4990000000000004
s7-inproc-final,base,12,reg,reg|fast-balanced-panel|panel,3,400,50,total,1.082000000000001
s7-inproc-final,base,12,dr_rc,dr|fast-repeated-cross-section|repeated-cross-section,4,400,50,setup,.2430000000000001
s7-inproc-final,base,12,dr_rc,dr|fast-repeated-cross-section|repeated-cross-section,4,400,50,cell_extract,.0970000000000001
s7-inproc-final,base,12,dr_rc,dr|fast-repeated-cross-section|repeated-cross-section,4,400,50,model_fit,2.919
s7-inproc-final,base,12,dr_rc,dr|fast-repeated-cross-section|repeated-cross-section,4,400,50,if_assembly,.2150000000000001
s7-inproc-final,base,12,dr_rc,dr|fast-repeated-cross-section|repeated-cross-section,4,400,50,cache_post,.002
s7-inproc-final,base,12,dr_rc,dr|fast-repeated-cross-section|repeated-cross-section,4,400,50,cluster,0
s7-inproc-final,base,12,dr_rc,dr|fast-repeated-cross-section|repeated-cross-section,4,400,50,bootstrap,0
s7-inproc-final,base,12,dr_rc,dr|fast-repeated-cross-section|repeated-cross-section,4,400,50,aggregation,0
s7-inproc-final,base,12,dr_rc,dr|fast-repeated-cross-section|repeated-cross-section,4,400,50,unprofiled,.6699999999999999
s7-inproc-final,base,12,dr_rc,dr|fast-repeated-cross-section|repeated-cross-section,4,400,50,total,4.146
